year,source,channel,recipient_isocode,recipient_country,prelim_est,dah_23,swap_hss_hrh_dah_23,swap_hss_me_dah_23,swap_hss_other_dah_23,swap_hss_pp_dah_23,rmh_fp_dah_23,rmh_mh_dah_23,rmh_other_dah_23,rmh_hss_other_dah_23,rmh_hss_hrh_dah_23,rmh_hss_me_dah_23,nch_cnn_dah_23,nch_cnv_dah_23,nch_other_dah_23,nch_hss_other_dah_23,nch_hss_hrh_dah_23,nch_hss_me_dah_23,hiv_treat_dah_23,hiv_prev_dah_23,hiv_pmtct_dah_23,hiv_ovc_dah_23,hiv_care_dah_23,hiv_ct_dah_23,hiv_amr_dah_23,hiv_other_dah_23,hiv_hss_other_dah_23,hiv_hss_hrh_dah_23,hiv_hss_me_dah_23,mal_diag_dah_23,mal_con_nets_dah_23,mal_con_irs_dah_23,mal_con_oth_dah_23,mal_treat_dah_23,mal_comm_con_dah_23,mal_amr_dah_23,mal_other_dah_23,mal_hss_other_dah_23,mal_hss_hrh_dah_23,mal_hss_me_dah_23,tb_treat_dah_23,tb_diag_dah_23,tb_amr_dah_23,tb_other_dah_23,tb_hss_other_dah_23,tb_hss_hrh_dah_23,tb_hss_me_dah_23,oid_ebz_dah_23,oid_zika_dah_23,oid_amr_dah_23,oid_other_dah_23,oid_hss_other_dah_23,oid_hss_hrh_dah_23,oid_hss_me_dah_23,ncd_tobac_dah_23,ncd_mental_dah_23,ncd_other_dah_23,ncd_hss_other_dah_23,ncd_hss_hrh_dah_23,ncd_hss_me_dah_23,oid_covid_dah_23,other_dah_23,unalloc_dah_23,rmh_dah_23,nch_dah_23,ncd_dah_23,hiv_dah_23,mal_dah_23,tb_dah_23,oid_dah_23,swap_hss_total_dah_23
1990,Australia,BIL_AUS,TLS,Timor-Leste,0,31,0,0,2,0,0,9,0,0,0,0,0,0,0,0,0,0,0,12,0,0,0,0,0,2,0,0,0,0,0,0,0,0,0,0,0,0,0,0,0,0,0,0,0,0,0,0,0,0,0,0,0,0,0,0,0,0,0,0,0,6,0,9,0,0,14,0,0,0,2
1990,Switzerland,BIL_CHE,TLS,Timor-Leste,0,19,0,0,0,0,0,0,0,0,0,0,19,0,0,0,0,0,0,0,0,0,0,0,0,0,0,0,0,0,0,0,0,0,0,0,0,0,0,0,0,0,0,0,0,0,0,0,0,0,0,0,0,0,0,0,0,0,0,0,0,0,0,0,19,0,0,0,0,0,0
1990,United_States,BIL_USA,TLS,Timor-Leste,0,15,0,0,0,0,0,0,0,0,0,0,0,0,0,0,0,0,0,0,0,0,0,0,0,0,0,0,0,0,0,0,0,0,0,0,0,0,0,0,0,0,0,0,0,0,0,0,0,0,0,0,0,0,0,0,0,0,0,0,0,15,0,0,0,0,0,0,0,0,0
1990,Australia,INTLNGO,TLS,Timor-Leste,0,7,0,0,0,0,0,2,0,0,0,0,0,0,0,0,0,0,0,3,0,0,0,0,0,1,0,0,0,0,0,0,0,0,0,0,0,0,0,0,0,0,0,0,0,0,0,0,0,0,0,0,0,0,0,0,0,0,0,0,0,1,0,2,0,0,3,0,0,0,0
1990,Switzerland,INTLNGO,TLS,Timor-Leste,0,10,0,0,0,0,0,0,0,0,0,0,10,0,0,0,0,0,0,0,0,0,0,0,0,0,0,0,0,0,0,0,0,0,0,0,0,0,0,0,0,0,0,0,0,0,0,0,0,0,0,0,0,0,0,0,0,0,0,0,0,0,0,0,10,0,0,0,0,0,0
1990,United_States,INTLNGO,TLS,Timor-Leste,0,2,0,0,0,0,0,0,0,0,0,0,0,0,0,0,0,0,0,0,0,0,0,0,0,0,0,0,0,0,0,0,0,0,0,0,0,0,0,0,0,0,0,0,0,0,0,0,0,0,0,0,0,0,0,0,0,0,0,0,0,2,0,0,0,0,0,0,0,0,0
1990,Corporate_donations,NGO,TLS,Timor-Leste,0,12,0,0,0,0,0,0,0,0,0,0,1,0,2,1,3,0,0,0,0,0,0,0,0,0,0,0,0,0,0,0,0,0,0,0,0,0,0,0,0,0,0,0,0,0,0,0,0,0,0,0,0,0,0,0,0,0,1,0,0,2,0,1,7,1,0,0,0,1,0
1990,Private_other,NGO,TLS,Timor-Leste,0,105,1,0,1,0,4,3,0,3,3,0,9,0,11,9,11,0,1,0,0,0,0,1,0,0,0,0,0,1,0,6,0,1,6,0,0,0,12,12,0,0,0,0,0,0,0,0,0,0,0,1,1,0,0,1,0,0,1,0,0,3,0,13,40,3,3,39,1,2,1
1990,United_States,NGO,TLS,Timor-Leste,0,9,0,0,0,0,0,0,0,0,0,0,0,0,0,0,0,0,0,0,0,0,0,0,0,0,0,0,0,0,0,0,0,0,0,0,0,0,0,0,0,0,0,0,0,0,0,0,0,0,0,0,0,0,0,0,0,0,0,0,0,9,0,0,0,0,0,0,0,0,0
1990,Private_other,US_FOUND,TLS,Timor-Leste,0,43,4,0,0,0,5,0,10,0,5,0,0,0,0,0,3,0,0,1,0,0,0,0,0,9,0,3,0,0,0,0,0,0,0,0,0,0,0,0,0,0,0,0,0,0,0,0,0,0,0,0,0,0,0,0,0,0,0,0,0,1,0,20,4,0,14,0,0,0,4
1991,Australia,BIL_AUS,TLS,Timor-Leste,0,14,0,0,0,0,10,0,0,0,0,0,0,0,0,0,0,0,0,4,0,0,0,0,0,0,0,0,0,0,0,0,0,0,0,0,0,0,0,0,0,0,0,0,0,0,0,0,0,0,0,0,0,0,0,0,0,0,0,0,0,0,0,10,0,0,4,0,0,0,0
1991,Finland,BIL_FIN,TLS,Timor-Leste,0,2,0,0,0,0,0,0,0,0,0,0,0,0,0,0,0,0,0,0,0,0,0,0,0,0,0,0,0,0,0,0,0,0,0,0,0,0,0,0,0,0,0,0,0,0,0,0,0,0,0,0,0,0,0,0,0,0,0,0,0,2,0,0,0,0,0,0,0,0,0
1991,United_States,BIL_USA,TLS,Timor-Leste,0,57,0,0,0,0,0,0,0,0,0,0,0,0,0,0,0,0,0,0,0,0,0,0,0,0,0,0,0,0,0,0,0,0,0,0,0,0,0,0,0,0,0,0,0,0,0,0,0,0,0,0,0,0,0,0,0,0,0,0,0,57,0,0,0,0,0,0,0,0,0
1991,Australia,INTLNGO,TLS,Timor-Leste,0,3,0,0,0,0,2,0,0,0,0,0,0,0,0,0,0,0,0,1,0,0,0,0,0,0,0,0,0,0,0,0,0,0,0,0,0,0,0,0,0,0,0,0,0,0,0,0,0,0,0,0,0,0,0,0,0,0,0,0,0,0,0,2,0,0,1,0,0,0,0
1991,Finland,INTLNGO,TLS,Timor-Leste,0,2,0,0,0,0,0,0,0,0,0,0,0,0,0,0,0,0,0,0,0,0,0,0,0,0,0,0,0,0,0,0,0,0,0,0,0,0,0,0,0,0,0,0,0,0,0,0,0,0,0,0,0,0,0,0,0,0,0,0,0,2,0,0,0,0,0,0,0,0,0
1991,United_States,INTLNGO,TLS,Timor-Leste,0,7,0,0,0,0,0,0,0,0,0,0,0,0,0,0,0,0,0,0,0,0,0,0,0,0,0,0,0,0,0,0,0,0,0,0,0,0,0,0,0,0,0,0,0,0,0,0,0,0,0,0,0,0,0,0,0,0,0,0,0,7,0,0,0,0,0,0,0,0,0
1991,Corporate_donations,NGO,TLS,Timor-Leste,0,11,1,0,0,0,0,0,0,0,0,0,1,0,1,1,2,0,0,0,0,0,0,0,0,0,0,0,0,0,0,0,0,0,0,0,0,0,0,0,0,0,0,0,0,0,0,0,0,0,0,0,0,0,0,0,0,0,1,0,0,2,0,1,5,1,0,0,0,0,1
1991,Private_other,NGO,TLS,Timor-Leste,0,118,3,0,2,0,6,6,0,2,5,0,8,0,15,8,12,0,1,0,0,0,0,1,0,0,0,0,0,1,0,6,0,1,7,0,0,0,13,12,0,0,0,0,0,0,0,0,0,0,0,1,0,0,0,1,0,1,2,0,0,3,0,19,44,3,3,40,1,1,5
1991,United_States,NGO,TLS,Timor-Leste,0,31,0,0,0,0,0,0,0,0,0,0,0,0,0,0,0,0,0,0,0,0,0,0,0,0,0,0,0,0,0,0,0,0,0,0,0,0,0,0,0,0,0,0,0,0,0,0,0,0,0,0,0,0,0,0,0,0,0,0,0,31,0,0,0,0,0,0,0,0,0
1991,Private_other,US_FOUND,TLS,Timor-Leste,0,45,4,0,0,0,6,0,10,0,5,0,0,0,0,0,3,0,0,1,0,0,0,0,0,10,0,3,0,0,0,0,0,0,0,0,0,0,0,0,0,0,0,0,0,0,0,0,0,0,0,0,0,0,0,0,0,0,0,0,0,2,0,21,4,0,14,0,0,0,4
1992,Australia,BIL_AUS,TLS,Timor-Leste,0,37,0,0,0,0,5,6,0,0,0,0,0,0,0,0,0,0,0,17,0,0,0,0,0,0,0,0,0,0,0,0,0,0,0,0,0,0,0,0,0,0,0,0,0,0,0,0,0,0,0,0,0,0,0,0,0,0,0,0,0,7,0,12,0,0,17,0,0,0,0
1992,Canada,BIL_CAN,TLS,Timor-Leste,0,7,0,0,0,0,0,3,0,0,0,0,0,0,0,0,0,0,0,0,0,0,0,0,0,0,0,0,0,0,0,0,0,0,0,0,0,0,0,0,0,0,0,0,0,0,0,0,0,0,0,0,0,0,0,0,0,0,0,0,0,4,0,3,0,0,0,0,0,0,0
1992,Finland,BIL_FIN,TLS,Timor-Leste,0,9,0,0,0,0,0,0,0,0,0,0,0,0,0,0,0,0,0,0,0,0,0,0,0,0,0,0,0,0,0,0,0,0,0,0,0,0,0,0,0,0,0,0,0,0,0,0,0,0,0,0,0,0,0,0,0,0,0,0,0,9,0,0,0,0,0,0,0,0,0
1992,Italy,BIL_ITA,TLS,Timor-Leste,0,117,0,0,117,0,0,0,0,0,0,0,0,0,0,0,0,0,0,0,0,0,0,0,0,0,0,0,0,0,0,0,0,0,0,0,0,0,0,0,0,0,0,0,0,0,0,0,0,0,0,0,0,0,0,0,0,0,0,0,0,0,0,0,0,0,0,0,0,0,117
1992,Japan,BIL_JPN,TLS,Timor-Leste,0,1541,0,0,0,0,0,0,0,0,0,0,0,0,0,0,0,0,0,0,0,0,0,0,0,0,0,0,0,0,0,0,0,0,0,0,0,0,0,0,0,0,0,0,0,0,0,0,0,0,1541,0,0,0,0,0,0,0,0,0,0,0,0,0,0,0,0,0,0,1541,0
1992,Netherlands,BIL_NLD,TLS,Timor-Leste,0,111,0,0,0,0,85,0,0,0,0,0,0,0,0,0,0,0,0,0,0,0,0,0,0,0,0,0,0,0,0,0,0,0,0,0,0,0,0,0,0,0,0,0,0,0,0,0,0,0,0,0,0,0,0,26,0,0,0,0,0,0,0,85,0,26,0,0,0,0,0
1992,United_States,BIL_USA,TLS,Timor-Leste,0,198,0,0,0,0,66,0,0,0,0,0,0,0,0,0,0,0,0,0,0,0,0,0,0,0,0,0,0,0,0,0,0,0,0,0,0,0,0,0,0,0,0,0,0,0,0,0,0,0,0,0,0,0,0,0,0,0,0,0,0,133,0,66,0,0,0,0,0,0,0
1992,Australia,INTLNGO,TLS,Timor-Leste,0,8,0,0,0,0,1,1,0,0,0,0,0,0,0,0,0,0,0,4,0,0,0,0,0,0,0,0,0,0,0,0,0,0,0,0,0,0,0,0,0,0,0,0,0,0,0,0,0,0,0,0,0,0,0,0,0,0,0,0,0,2,0,3,0,0,4,0,0,0,0
1992,Canada,INTLNGO,TLS,Timor-Leste,0,4,0,0,0,0,0,2,0,0,0,0,0,0,0,0,0,0,0,0,0,0,0,0,0,0,0,0,0,0,0,0,0,0,0,0,0,0,0,0,0,0,0,0,0,0,0,0,0,0,0,0,0,0,0,0,0,0,0,0,0,2,0,2,0,0,0,0,0,0,0
1992,Finland,INTLNGO,TLS,Timor-Leste,0,9,0,0,0,0,0,0,0,0,0,0,0,0,0,0,0,0,0,0,0,0,0,0,0,0,0,0,0,0,0,0,0,0,0,0,0,0,0,0,0,0,0,0,0,0,0,0,0,0,0,0,0,0,0,0,0,0,0,0,0,9,0,0,0,0,0,0,0,0,0
1992,Italy,INTLNGO,TLS,Timor-Leste,0,99,0,0,99,0,0,0,0,0,0,0,0,0,0,0,0,0,0,0,0,0,0,0,0,0,0,0,0,0,0,0,0,0,0,0,0,0,0,0,0,0,0,0,0,0,0,0,0,0,0,0,0,0,0,0,0,0,0,0,0,0,0,0,0,0,0,0,0,0,99
1992,Japan,INTLNGO,TLS,Timor-Leste,0,116,0,0,0,0,0,0,0,0,0,0,0,0,0,0,0,0,0,0,0,0,0,0,0,0,0,0,0,0,0,0,0,0,0,0,0,0,0,0,0,0,0,0,0,0,0,0,0,0,116,0,0,0,0,0,0,0,0,0,0,0,0,0,0,0,0,0,0,116,0
1992,Netherlands,INTLNGO,TLS,Timor-Leste,0,60,0,0,0,0,46,0,0,0,0,0,0,0,0,0,0,0,0,0,0,0,0,0,0,0,0,0,0,0,0,0,0,0,0,0,0,0,0,0,0,0,0,0,0,0,0,0,0,0,0,0,0,0,0,14,0,0,0,0,0,0,0,46,0,14,0,0,0,0,0
1992,United_States,INTLNGO,TLS,Timor-Leste,0,25,0,0,0,0,8,0,0,0,0,0,0,0,0,0,0,0,0,0,0,0,0,0,0,0,0,0,0,0,0,0,0,0,0,0,0,0,0,0,0,0,0,0,0,0,0,0,0,0,0,0,0,0,0,0,0,0,0,0,0,17,0,8,0,0,0,0,0,0,0
1992,Corporate_donations,NGO,TLS,Timor-Leste,0,19,1,0,0,0,0,0,0,1,1,0,1,1,0,3,3,0,0,0,0,0,0,0,0,0,0,0,0,0,0,0,0,0,0,0,0,0,0,0,0,0,0,0,0,0,0,0,0,0,0,1,0,0,0,0,0,0,1,0,0,2,0,3,8,2,0,0,0,2,2
1992,Private_other,NGO,TLS,Timor-Leste,0,191,17,0,2,0,11,6,0,5,7,1,13,0,10,13,19,0,1,1,0,0,0,1,0,0,1,1,0,1,0,10,0,1,11,0,0,1,21,21,1,0,0,0,0,0,0,0,0,0,0,1,1,0,0,2,0,1,4,0,0,3,0,29,55,7,6,67,2,2,19
1992,United_States,NGO,TLS,Timor-Leste,0,106,0,0,0,0,35,0,0,0,0,0,0,0,0,0,0,0,0,0,0,0,0,0,0,0,0,0,0,0,0,0,0,0,0,0,0,0,0,0,0,0,0,0,0,0,0,0,0,0,0,0,0,0,0,0,0,0,0,0,0,71,0,35,0,0,0,0,0,0,0
1992,Australia,UNFPA,TLS,Timor-Leste,0,1,0,0,0,0,1,0,0,0,0,0,0,0,0,0,0,0,0,0,0,0,0,0,0,0,0,0,0,0,0,0,0,0,0,0,0,0,0,0,0,0,0,0,0,0,0,0,0,0,0,0,0,0,0,0,0,0,0,0,0,0,0,1,0,0,0,0,0,0,0
1992,Canada,UNFPA,TLS,Timor-Leste,0,7,0,0,0,0,4,2,1,0,0,0,0,0,0,0,0,0,0,0,0,0,0,0,0,0,0,0,0,0,0,0,0,0,0,0,0,0,0,0,0,0,0,0,0,0,0,0,0,0,0,0,0,0,0,0,0,0,0,0,0,0,0,7,0,0,0,0,0,0,0
1992,Denmark,UNFPA,TLS,Timor-Leste,0,14,0,0,0,0,8,4,2,0,0,0,0,0,0,0,0,0,0,0,0,0,0,0,0,0,0,0,0,0,0,0,0,0,0,0,0,0,0,0,0,0,0,0,0,0,0,0,0,0,0,0,0,0,0,0,0,0,0,0,0,0,0,14,0,0,0,0,0,0,0
1992,Finland,UNFPA,TLS,Timor-Leste,0,8,0,0,0,0,4,2,1,0,0,0,0,0,0,0,0,0,0,0,0,0,0,0,0,0,0,0,0,0,0,0,0,0,0,0,0,0,0,0,0,0,0,0,0,0,0,0,0,0,0,0,0,0,0,0,0,0,0,0,0,0,0,8,0,0,0,0,0,0,0
1992,Germany,UNFPA,TLS,Timor-Leste,0,20,0,0,0,0,11,6,3,0,0,0,0,0,0,0,0,0,0,0,0,0,0,0,0,0,0,0,0,0,0,0,0,0,0,0,0,0,0,0,0,0,0,0,0,0,0,0,0,0,0,0,0,0,0,0,0,0,0,0,0,0,0,20,0,0,0,0,0,0,0
1992,Italy,UNFPA,TLS,Timor-Leste,0,2,0,0,0,0,1,1,0,0,0,0,0,0,0,0,0,0,0,0,0,0,0,0,0,0,0,0,0,0,0,0,0,0,0,0,0,0,0,0,0,0,0,0,0,0,0,0,0,0,0,0,0,0,0,0,0,0,0,0,0,0,0,2,0,0,0,0,0,0,0
1992,Japan,UNFPA,TLS,Timor-Leste,0,31,0,0,0,0,17,10,5,0,0,0,0,0,0,0,0,0,0,0,0,0,0,0,0,0,0,0,0,0,0,0,0,0,0,0,0,0,0,0,0,0,0,0,0,0,0,0,0,0,0,0,0,0,0,0,0,0,0,0,0,0,0,31,0,0,0,0,0,0,0
1992,Netherlands,UNFPA,TLS,Timor-Leste,0,21,0,0,0,0,11,6,3,0,0,0,0,0,0,0,0,0,0,0,0,0,0,0,0,0,0,0,0,0,0,0,0,0,0,0,0,0,0,0,0,0,0,0,0,0,0,0,0,0,0,0,0,0,0,0,0,0,0,0,0,0,0,21,0,0,0,0,0,0,0
1992,Norway,UNFPA,TLS,Timor-Leste,0,18,0,0,0,0,10,6,3,0,0,0,0,0,0,0,0,0,0,0,0,0,0,0,0,0,0,0,0,0,0,0,0,0,0,0,0,0,0,0,0,0,0,0,0,0,0,0,0,0,0,0,0,0,0,0,0,0,0,0,0,0,0,18,0,0,0,0,0,0,0
1992,Other,UNFPA,TLS,Timor-Leste,0,3,0,0,0,0,2,1,0,0,0,0,0,0,0,0,0,0,0,0,0,0,0,0,0,0,0,0,0,0,0,0,0,0,0,0,0,0,0,0,0,0,0,0,0,0,0,0,0,0,0,0,0,0,0,0,0,0,0,0,0,0,0,3,0,0,0,0,0,0,0
1992,Sweden,UNFPA,TLS,Timor-Leste,0,16,0,0,0,0,9,5,2,0,0,0,0,0,0,0,0,0,0,0,0,0,0,0,0,0,0,0,0,0,0,0,0,0,0,0,0,0,0,0,0,0,0,0,0,0,0,0,0,0,0,0,0,0,0,0,0,0,0,0,0,0,0,16,0,0,0,0,0,0,0
1992,Switzerland,UNFPA,TLS,Timor-Leste,0,4,0,0,0,0,2,1,1,0,0,0,0,0,0,0,0,0,0,0,0,0,0,0,0,0,0,0,0,0,0,0,0,0,0,0,0,0,0,0,0,0,0,0,0,0,0,0,0,0,0,0,0,0,0,0,0,0,0,0,0,0,0,4,0,0,0,0,0,0,0
1992,United_Kingdom,UNFPA,TLS,Timor-Leste,0,9,0,0,0,0,5,3,1,0,0,0,0,0,0,0,0,0,0,0,0,0,0,0,0,0,0,0,0,0,0,0,0,0,0,0,0,0,0,0,0,0,0,0,0,0,0,0,0,0,0,0,0,0,0,0,0,0,0,0,0,0,0,9,0,0,0,0,0,0,0
1992,United_States,UNFPA,TLS,Timor-Leste,0,5,0,0,0,0,3,2,1,0,0,0,0,0,0,0,0,0,0,0,0,0,0,0,0,0,0,0,0,0,0,0,0,0,0,0,0,0,0,0,0,0,0,0,0,0,0,0,0,0,0,0,0,0,0,0,0,0,0,0,0,0,0,5,0,0,0,0,0,0,0
1992,Australia,UNICEF,TLS,Timor-Leste,0,1,0,0,0,0,0,0,0,0,0,0,0,0,0,0,0,0,0,0,0,0,0,0,0,0,0,0,0,0,0,0,0,0,0,0,0,0,0,0,0,0,0,0,0,0,0,0,0,0,0,0,0,0,0,0,0,0,0,0,0,0,0,0,1,0,0,0,0,0,0
1992,Canada,UNICEF,TLS,Timor-Leste,0,5,0,0,0,0,0,0,0,0,0,0,1,1,2,0,0,0,0,0,0,0,0,0,0,0,0,0,0,0,0,0,0,0,0,0,0,0,0,0,0,0,0,0,0,0,0,0,0,0,0,0,0,0,0,0,0,0,0,0,0,0,0,0,5,0,0,0,0,0,0
1992,Denmark,UNICEF,TLS,Timor-Leste,0,4,0,0,0,0,0,0,0,0,0,0,1,1,1,0,0,0,0,0,0,0,0,0,0,0,0,0,0,0,0,0,0,0,0,0,0,0,0,0,0,0,0,0,0,0,0,0,0,0,0,0,0,0,0,0,0,0,0,0,0,0,0,0,4,0,0,0,0,0,0
1992,Finland,UNICEF,TLS,Timor-Leste,0,2,0,0,0,0,0,0,0,0,0,0,0,0,1,0,0,0,0,0,0,0,0,0,0,0,0,0,0,0,0,0,0,0,0,0,0,0,0,0,0,0,0,0,0,0,0,0,0,0,0,0,0,0,0,0,0,0,0,0,0,0,0,0,1,0,0,0,0,0,0
1992,Germany,UNICEF,TLS,Timor-Leste,0,1,0,0,0,0,0,0,0,0,0,0,0,0,0,0,0,0,0,0,0,0,0,0,0,0,0,0,0,0,0,0,0,0,0,0,0,0,0,0,0,0,0,0,0,0,0,0,0,0,0,0,0,0,0,0,0,0,0,0,0,0,0,0,1,0,0,0,0,0,0
1992,Italy,UNICEF,TLS,Timor-Leste,0,5,0,0,0,0,0,0,0,0,0,0,1,1,2,0,0,0,0,0,0,0,0,0,0,0,0,0,0,0,0,0,0,0,0,0,0,0,0,0,0,0,0,0,0,0,0,0,0,0,0,0,0,0,0,0,0,0,0,0,0,0,0,0,4,0,0,0,0,0,0
1992,Japan,UNICEF,TLS,Timor-Leste,0,3,0,0,0,0,0,0,0,0,0,0,1,1,1,0,0,0,0,0,0,0,0,0,0,0,0,0,0,0,0,0,0,0,0,0,0,0,0,0,0,0,0,0,0,0,0,0,0,0,0,0,0,0,0,0,0,0,0,0,0,0,0,0,3,0,0,0,0,0,0
1992,Netherlands,UNICEF,TLS,Timor-Leste,0,5,0,0,0,0,0,0,0,0,0,0,1,1,2,0,0,0,0,0,0,0,0,0,0,0,0,0,0,0,0,0,0,0,0,0,0,0,0,0,0,0,0,0,0,0,0,0,0,0,0,0,0,0,0,0,0,0,0,0,0,0,0,0,4,0,0,0,0,0,0
1992,Norway,UNICEF,TLS,Timor-Leste,0,5,0,0,0,0,0,0,0,0,0,0,1,1,2,0,0,0,0,0,0,0,0,0,0,0,0,0,0,0,0,0,0,0,0,0,0,0,0,0,0,0,0,0,0,0,0,0,0,0,0,0,0,0,0,0,0,0,0,0,0,0,0,0,4,0,0,0,0,0,0
1992,Other,UNICEF,TLS,Timor-Leste,0,7,0,0,0,0,0,0,0,0,0,0,2,1,2,1,0,0,0,0,0,0,0,0,0,0,0,0,0,0,0,0,0,0,0,0,0,0,0,0,0,0,0,0,0,0,0,0,0,0,0,0,0,0,0,0,0,0,0,0,0,0,0,0,6,0,0,0,0,0,0
1992,Private_other,UNICEF,TLS,Timor-Leste,0,31,0,0,0,0,0,0,1,0,0,0,9,7,10,2,0,0,0,0,0,0,0,0,0,1,0,0,0,0,0,0,0,0,0,0,0,0,0,0,0,0,0,0,0,0,0,0,0,0,0,0,0,0,0,0,0,0,0,0,0,0,0,1,29,0,2,0,0,0,0
1992,Sweden,UNICEF,TLS,Timor-Leste,0,16,0,0,0,0,0,0,1,0,0,0,5,3,5,1,0,0,0,0,0,0,0,0,0,0,0,0,0,0,0,0,0,0,0,0,0,0,0,0,0,0,0,0,0,0,0,0,0,0,0,0,0,0,0,0,0,0,0,0,0,0,0,1,15,0,1,0,0,0,0
1992,Switzerland,UNICEF,TLS,Timor-Leste,0,2,0,0,0,0,0,0,0,0,0,0,1,0,1,0,0,0,0,0,0,0,0,0,0,0,0,0,0,0,0,0,0,0,0,0,0,0,0,0,0,0,0,0,0,0,0,0,0,0,0,0,0,0,0,0,0,0,0,0,0,0,0,0,2,0,0,0,0,0,0
1992,United_Kingdom,UNICEF,TLS,Timor-Leste,0,2,0,0,0,0,0,0,0,0,0,0,0,0,1,0,0,0,0,0,0,0,0,0,0,0,0,0,0,0,0,0,0,0,0,0,0,0,0,0,0,0,0,0,0,0,0,0,0,0,0,0,0,0,0,0,0,0,0,0,0,0,0,0,1,0,0,0,0,0,0
1992,United_States,UNICEF,TLS,Timor-Leste,0,12,0,0,0,0,0,0,0,0,0,0,4,3,4,1,0,0,0,0,0,0,0,0,0,0,0,0,0,0,0,0,0,0,0,0,0,0,0,0,0,0,0,0,0,0,0,0,0,0,0,0,0,0,0,0,0,0,0,0,0,0,0,0,11,0,1,0,0,0,0
1992,Private_other,US_FOUND,TLS,Timor-Leste,0,26,0,0,0,0,0,0,12,0,0,0,0,0,0,0,0,0,0,0,0,0,0,0,0,14,0,0,0,0,0,0,0,0,0,0,0,0,0,0,0,0,0,0,0,0,0,0,0,0,0,0,0,0,0,0,0,0,0,0,0,0,0,12,0,0,14,0,0,0,0
1992,Debt_repayments,WB_IBRD,TLS,Timor-Leste,0,1527,0,0,0,0,0,0,0,0,0,0,0,0,0,0,0,0,0,0,0,0,0,0,0,0,0,0,0,0,0,0,0,0,0,0,0,0,0,0,0,0,0,0,0,0,0,0,0,0,0,0,0,0,0,0,0,0,0,0,0,1527,0,0,0,0,0,0,0,0,0
1992,Australia,WHO,TLS,Timor-Leste,0,2,0,0,0,0,0,0,0,0,0,0,0,0,0,0,0,0,0,0,0,0,0,0,0,0,0,0,0,0,0,0,0,0,0,0,0,0,0,0,0,0,0,0,0,0,0,0,0,0,0,0,0,0,0,0,0,0,0,0,0,1,0,0,0,0,0,0,0,0,1
1992,Belgium,WHO,TLS,Timor-Leste,0,1,0,0,0,0,0,0,0,0,0,0,0,0,0,0,0,0,0,0,0,0,0,0,0,0,0,0,0,0,0,0,0,0,0,0,0,0,0,0,0,0,0,0,0,0,0,0,0,0,0,0,0,0,0,0,0,0,0,0,0,0,0,0,0,0,0,0,0,0,0
1992,Canada,WHO,TLS,Timor-Leste,0,4,0,0,1,0,0,0,0,0,0,0,0,1,0,0,0,0,0,0,0,0,0,0,0,0,0,0,0,0,0,0,0,0,0,0,0,0,0,0,0,0,0,0,0,0,0,0,0,0,0,0,0,0,0,0,0,0,0,0,0,1,0,0,1,0,0,0,0,0,1
1992,Corporate_donations,WHO,TLS,Timor-Leste,0,2,0,0,0,0,0,0,0,0,0,0,0,0,0,0,0,0,0,0,0,0,0,0,0,0,0,0,0,0,0,0,0,0,0,0,0,0,0,0,0,0,0,0,0,0,0,0,0,0,0,0,0,0,0,0,0,0,0,0,0,1,0,0,0,0,0,0,0,0,1
1992,Denmark,WHO,TLS,Timor-Leste,0,3,0,0,1,0,0,0,0,0,0,0,0,0,0,0,0,0,0,0,0,0,0,0,0,0,0,0,0,0,0,0,0,0,0,0,0,0,0,0,0,0,0,0,0,0,0,0,0,0,0,0,0,0,0,0,0,0,0,0,0,1,0,0,0,0,0,0,0,0,1
1992,France,WHO,TLS,Timor-Leste,0,5,0,0,1,0,0,0,0,0,0,0,0,1,0,0,0,0,0,0,0,0,0,0,0,1,0,0,0,0,0,0,0,0,0,0,0,0,0,0,0,0,0,0,0,0,0,0,0,0,0,0,0,0,0,0,0,0,0,0,0,1,0,0,1,0,1,0,0,0,1
1992,Germany,WHO,TLS,Timor-Leste,0,7,0,0,2,0,0,0,0,0,0,0,0,1,0,0,0,0,0,0,0,0,0,0,0,1,0,0,0,0,0,0,0,0,0,0,0,0,0,0,0,0,0,0,0,0,0,0,0,0,0,0,0,0,0,0,0,0,0,0,0,2,0,0,1,0,1,0,0,0,2
1992,Italy,WHO,TLS,Timor-Leste,0,5,0,0,1,0,0,0,0,0,0,0,0,1,0,0,0,0,0,0,0,0,0,0,0,0,0,0,0,0,0,0,0,0,0,0,0,0,0,0,0,0,0,0,0,0,0,0,0,0,0,0,0,0,0,0,0,0,0,0,0,1,0,0,1,0,0,0,0,0,1
1992,Japan,WHO,TLS,Timor-Leste,0,11,0,0,3,0,0,0,1,0,0,0,0,2,0,0,0,0,0,0,0,0,0,0,0,1,0,0,0,0,0,0,0,0,0,0,0,0,0,0,0,0,0,0,0,0,0,0,0,0,0,0,0,0,0,0,0,0,0,0,0,3,0,1,2,0,1,0,0,0,3
1992,Netherlands,WHO,TLS,Timor-Leste,0,5,0,0,1,0,0,0,0,0,0,0,0,1,0,0,0,0,0,0,0,0,0,0,0,1,0,0,0,0,0,0,0,0,0,0,0,0,0,0,0,0,0,0,0,0,0,0,0,0,0,0,0,0,0,0,0,0,0,0,0,2,0,0,1,0,1,0,0,0,2
1992,Non_OECD_non_DAC_countries,WHO,TLS,Timor-Leste,0,11,0,0,3,0,0,0,1,0,0,0,0,2,0,0,0,0,0,0,0,0,0,0,0,1,0,0,0,0,0,0,0,0,0,0,0,0,0,0,0,0,0,0,0,0,0,0,0,0,0,0,0,0,0,0,0,0,0,0,0,3,0,1,2,0,1,0,0,0,3
1992,Norway,WHO,TLS,Timor-Leste,0,3,0,0,1,0,0,0,0,0,0,0,0,1,0,0,0,0,0,0,0,0,0,0,0,0,0,0,0,0,0,0,0,0,0,0,0,0,0,0,0,0,0,0,0,0,0,0,0,0,0,0,0,0,0,0,0,0,0,0,0,1,0,0,1,0,0,0,0,0,1
1992,Other,WHO,TLS,Timor-Leste,0,36,0,0,10,1,0,0,2,0,0,0,0,6,0,0,0,0,0,0,0,0,0,0,0,4,0,0,0,0,0,0,0,0,0,0,0,0,0,0,0,0,0,0,0,0,0,0,0,0,0,0,0,0,0,0,1,0,0,0,0,11,0,2,6,1,4,0,0,0,11
1992,Private_other,WHO,TLS,Timor-Leste,0,2,0,0,1,0,0,0,0,0,0,0,0,0,0,0,0,0,0,0,0,0,0,0,0,0,0,0,0,0,0,0,0,0,0,0,0,0,0,0,0,0,0,0,0,0,0,0,0,0,0,0,0,0,0,0,0,0,0,0,0,1,0,0,0,0,0,0,0,0,1
1992,Sweden,WHO,TLS,Timor-Leste,0,6,0,0,2,0,0,0,0,0,0,0,0,1,0,0,0,0,0,0,0,0,0,0,0,1,0,0,0,0,0,0,0,0,0,0,0,0,0,0,0,0,0,0,0,0,0,0,0,0,0,0,0,0,0,0,0,0,0,0,0,2,0,0,1,0,1,0,0,0,2
1992,Switzerland,WHO,TLS,Timor-Leste,0,3,0,0,1,0,0,0,0,0,0,0,0,0,0,0,0,0,0,0,0,0,0,0,0,0,0,0,0,0,0,0,0,0,0,0,0,0,0,0,0,0,0,0,0,0,0,0,0,0,0,0,0,0,0,0,0,0,0,0,0,1,0,0,0,0,0,0,0,0,1
1992,United_Kingdom,WHO,TLS,Timor-Leste,0,8,0,0,2,0,0,0,0,0,0,0,0,1,0,0,0,0,0,0,0,0,0,0,0,1,0,0,0,0,0,0,0,0,0,0,0,0,0,0,0,0,0,0,0,0,0,0,0,0,0,0,0,0,0,0,0,0,0,0,0,2,0,0,1,0,1,0,0,0,2
1992,United_States,WHO,TLS,Timor-Leste,0,28,0,0,8,1,0,0,2,0,0,0,0,5,0,0,0,0,0,0,0,0,0,0,0,3,0,0,0,0,0,0,0,0,0,0,0,0,0,0,0,0,0,0,0,0,0,0,0,0,0,0,0,0,0,0,1,0,0,0,0,9,0,2,5,1,3,0,0,0,9
1993,Australia,BIL_AUS,TLS,Timor-Leste,0,549,0,0,1,0,128,1,54,0,7,0,0,18,0,0,0,0,0,241,0,0,0,0,0,0,1,0,0,0,0,0,0,0,0,0,0,0,0,0,0,0,0,0,0,0,0,0,0,0,99,0,0,0,0,0,0,0,0,0,0,0,0,190,18,0,242,0,0,99,1
1993,Canada,BIL_CAN,TLS,Timor-Leste,0,24,0,0,0,0,0,24,0,0,0,0,0,0,0,0,0,0,0,0,0,0,0,0,0,0,0,0,0,0,0,0,0,0,0,0,0,0,0,0,0,0,0,0,0,0,0,0,0,0,0,0,0,0,0,0,0,0,0,0,0,0,0,24,0,0,0,0,0,0,0
1993,Germany,BIL_DEU,TLS,Timor-Leste,0,2006,0,0,0,0,0,0,0,0,0,0,0,0,0,0,0,0,0,0,0,0,0,0,0,0,0,0,0,0,0,0,0,0,0,0,0,0,0,0,0,0,0,0,0,0,0,0,0,0,0,0,0,0,0,0,0,0,0,0,0,2006,0,0,0,0,0,0,0,0,0
1993,Denmark,BIL_DNK,TLS,Timor-Leste,0,21,0,0,0,0,0,0,0,0,0,0,0,0,0,0,0,0,0,0,0,0,0,0,0,0,0,0,0,0,0,0,0,0,0,0,0,0,0,0,0,0,0,0,0,0,0,0,0,0,0,0,0,0,0,0,0,0,0,0,0,21,0,0,0,0,0,0,0,0,0
1993,Finland,BIL_FIN,TLS,Timor-Leste,0,6,0,0,0,0,0,0,0,0,0,0,0,0,0,0,0,0,0,0,0,0,0,0,0,0,0,0,0,0,0,0,0,0,0,0,0,0,0,0,0,0,0,0,0,0,0,0,0,0,0,0,0,0,0,0,0,0,0,0,0,6,0,0,0,0,0,0,0,0,0
1993,France,BIL_FRA,TLS,Timor-Leste,0,845,0,0,0,0,0,0,0,0,0,0,0,0,0,0,0,0,0,0,0,0,0,0,0,0,0,0,0,0,0,0,0,0,0,0,0,0,0,0,0,0,0,0,0,0,0,0,0,0,0,0,0,0,0,0,423,0,0,0,0,423,0,0,0,423,0,0,0,0,0
1993,Italy,BIL_ITA,TLS,Timor-Leste,0,40,0,0,40,0,0,0,0,0,0,0,0,0,0,0,0,0,0,0,0,0,0,0,0,0,0,0,0,0,0,0,0,0,0,0,0,0,0,0,0,0,0,0,0,0,0,0,0,0,0,0,0,0,0,0,0,0,0,0,0,0,0,0,0,0,0,0,0,0,40
1993,Japan,BIL_JPN,TLS,Timor-Leste,0,2894,112,0,2346,0,436,0,0,0,0,0,0,0,0,0,0,0,0,0,0,0,0,0,0,0,0,0,0,0,0,0,0,0,0,0,0,0,0,0,0,0,0,0,0,0,0,0,0,0,0,0,0,0,0,0,0,0,0,0,0,0,0,436,0,0,0,0,0,0,2458
1993,Sweden,BIL_SWE,TLS,Timor-Leste,0,7,7,0,0,0,0,0,0,0,0,0,0,0,0,0,0,0,0,0,0,0,0,0,0,0,0,0,0,0,0,0,0,0,0,0,0,0,0,0,0,0,0,0,0,0,0,0,0,0,0,0,0,0,0,0,0,0,0,0,0,0,0,0,0,0,0,0,0,0,7
1993,United_States,BIL_USA,TLS,Timor-Leste,0,238,0,0,0,0,146,0,0,0,0,0,0,0,0,0,0,0,0,0,0,0,0,0,0,0,0,0,0,0,0,0,0,0,0,0,0,0,0,0,0,0,0,0,0,0,0,0,0,0,0,0,0,0,0,0,0,0,0,0,0,92,0,146,0,0,0,0,0,0,0
1993,Australia,INTLNGO,TLS,Timor-Leste,0,125,0,0,0,0,29,0,12,0,2,0,0,4,0,0,0,0,0,55,0,0,0,0,0,0,0,0,0,0,0,0,0,0,0,0,0,0,0,0,0,0,0,0,0,0,0,0,0,0,23,0,0,0,0,0,0,0,0,0,0,0,0,43,4,0,55,0,0,23,0
1993,Canada,INTLNGO,TLS,Timor-Leste,0,12,0,0,0,0,0,12,0,0,0,0,0,0,0,0,0,0,0,0,0,0,0,0,0,0,0,0,0,0,0,0,0,0,0,0,0,0,0,0,0,0,0,0,0,0,0,0,0,0,0,0,0,0,0,0,0,0,0,0,0,0,0,12,0,0,0,0,0,0,0
1993,Denmark,INTLNGO,TLS,Timor-Leste,0,7,0,0,0,0,0,0,0,0,0,0,0,0,0,0,0,0,0,0,0,0,0,0,0,0,0,0,0,0,0,0,0,0,0,0,0,0,0,0,0,0,0,0,0,0,0,0,0,0,0,0,0,0,0,0,0,0,0,0,0,7,0,0,0,0,0,0,0,0,0
1993,Finland,INTLNGO,TLS,Timor-Leste,0,6,0,0,0,0,0,0,0,0,0,0,0,0,0,0,0,0,0,0,0,0,0,0,0,0,0,0,0,0,0,0,0,0,0,0,0,0,0,0,0,0,0,0,0,0,0,0,0,0,0,0,0,0,0,0,0,0,0,0,0,6,0,0,0,0,0,0,0,0,0
1993,France,INTLNGO,TLS,Timor-Leste,0,64,0,0,0,0,0,0,0,0,0,0,0,0,0,0,0,0,0,0,0,0,0,0,0,0,0,0,0,0,0,0,0,0,0,0,0,0,0,0,0,0,0,0,0,0,0,0,0,0,0,0,0,0,0,0,32,0,0,0,0,32,0,0,0,32,0,0,0,0,0
1993,Germany,INTLNGO,TLS,Timor-Leste,0,215,0,0,0,0,0,0,0,0,0,0,0,0,0,0,0,0,0,0,0,0,0,0,0,0,0,0,0,0,0,0,0,0,0,0,0,0,0,0,0,0,0,0,0,0,0,0,0,0,0,0,0,0,0,0,0,0,0,0,0,215,0,0,0,0,0,0,0,0,0
1993,Italy,INTLNGO,TLS,Timor-Leste,0,34,0,0,34,0,0,0,0,0,0,0,0,0,0,0,0,0,0,0,0,0,0,0,0,0,0,0,0,0,0,0,0,0,0,0,0,0,0,0,0,0,0,0,0,0,0,0,0,0,0,0,0,0,0,0,0,0,0,0,0,0,0,0,0,0,0,0,0,0,34
1993,Japan,INTLNGO,TLS,Timor-Leste,0,217,8,0,176,0,33,0,0,0,0,0,0,0,0,0,0,0,0,0,0,0,0,0,0,0,0,0,0,0,0,0,0,0,0,0,0,0,0,0,0,0,0,0,0,0,0,0,0,0,0,0,0,0,0,0,0,0,0,0,0,0,0,33,0,0,0,0,0,0,185
1993,Sweden,INTLNGO,TLS,Timor-Leste,0,5,5,0,0,0,0,0,0,0,0,0,0,0,0,0,0,0,0,0,0,0,0,0,0,0,0,0,0,0,0,0,0,0,0,0,0,0,0,0,0,0,0,0,0,0,0,0,0,0,0,0,0,0,0,0,0,0,0,0,0,0,0,0,0,0,0,0,0,0,5
1993,United_States,INTLNGO,TLS,Timor-Leste,0,30,0,0,0,0,19,0,0,0,0,0,0,0,0,0,0,0,0,0,0,0,0,0,0,0,0,0,0,0,0,0,0,0,0,0,0,0,0,0,0,0,0,0,0,0,0,0,0,0,0,0,0,0,0,0,0,0,0,0,0,12,0,19,0,0,0,0,0,0,0
1993,Corporate_donations,NGO,TLS,Timor-Leste,0,31,2,0,1,0,0,0,0,2,1,0,1,1,4,4,4,0,0,0,0,0,0,0,0,0,0,0,0,0,0,0,0,0,0,0,0,0,0,0,0,0,0,0,0,0,0,0,0,0,0,2,1,0,0,0,0,1,2,0,0,5,0,3,13,3,1,0,0,2,3
1993,Private_other,NGO,TLS,Timor-Leste,0,296,57,0,3,0,16,6,0,5,7,1,12,0,61,14,22,0,1,1,0,1,0,1,0,0,1,1,0,1,0,9,0,1,9,0,0,1,18,18,1,0,0,0,0,0,0,0,0,0,0,2,1,0,0,2,0,1,3,0,0,17,0,34,108,7,7,59,2,3,59
1993,United_States,NGO,TLS,Timor-Leste,0,127,0,0,0,0,78,0,0,0,0,0,0,0,0,0,0,0,0,0,0,0,0,0,0,0,0,0,0,0,0,0,0,0,0,0,0,0,0,0,0,0,0,0,0,0,0,0,0,0,0,0,0,0,0,0,0,0,0,0,0,49,0,78,0,0,0,0,0,0,0
1993,Canada,UNFPA,TLS,Timor-Leste,0,4,0,0,0,0,2,1,1,0,0,0,0,0,0,0,0,0,0,0,0,0,0,0,0,0,0,0,0,0,0,0,0,0,0,0,0,0,0,0,0,0,0,0,0,0,0,0,0,0,0,0,0,0,0,0,0,0,0,0,0,0,0,4,0,0,0,0,0,0,0
1993,Denmark,UNFPA,TLS,Timor-Leste,0,8,0,0,0,0,4,2,1,0,0,0,0,0,0,0,0,0,0,0,0,0,0,0,0,0,0,0,0,0,0,0,0,0,0,0,0,0,0,0,0,0,0,0,0,0,0,0,0,0,0,0,0,0,0,0,0,0,0,0,0,0,0,8,0,0,0,0,0,0,0
1993,Finland,UNFPA,TLS,Timor-Leste,0,4,0,0,0,0,2,1,1,0,0,0,0,0,0,0,0,0,0,0,0,0,0,0,0,0,0,0,0,0,0,0,0,0,0,0,0,0,0,0,0,0,0,0,0,0,0,0,0,0,0,0,0,0,0,0,0,0,0,0,0,0,0,4,0,0,0,0,0,0,0
1993,Germany,UNFPA,TLS,Timor-Leste,0,11,0,0,0,0,6,3,2,0,0,0,0,0,0,0,0,0,0,0,0,0,0,0,0,0,0,0,0,0,0,0,0,0,0,0,0,0,0,0,0,0,0,0,0,0,0,0,0,0,0,0,0,0,0,0,0,0,0,0,0,0,0,11,0,0,0,0,0,0,0
1993,Japan,UNFPA,TLS,Timor-Leste,0,17,0,0,0,0,9,5,3,0,0,0,0,0,0,0,0,0,0,0,0,0,0,0,0,0,0,0,0,0,0,0,0,0,0,0,0,0,0,0,0,0,0,0,0,0,0,0,0,0,0,0,0,0,0,0,0,0,0,0,0,0,0,17,0,0,0,0,0,0,0
1993,Netherlands,UNFPA,TLS,Timor-Leste,0,12,0,0,0,0,6,4,2,0,0,0,0,0,0,0,0,0,0,0,0,0,0,0,0,0,0,0,0,0,0,0,0,0,0,0,0,0,0,0,0,0,0,0,0,0,0,0,0,0,0,0,0,0,0,0,0,0,0,0,0,0,0,12,0,0,0,0,0,0,0
1993,Norway,UNFPA,TLS,Timor-Leste,0,10,0,0,0,0,5,3,2,0,0,0,0,0,0,0,0,0,0,0,0,0,0,0,0,0,0,0,0,0,0,0,0,0,0,0,0,0,0,0,0,0,0,0,0,0,0,0,0,0,0,0,0,0,0,0,0,0,0,0,0,0,0,10,0,0,0,0,0,0,0
1993,Other,UNFPA,TLS,Timor-Leste,0,2,0,0,0,0,1,1,0,0,0,0,0,0,0,0,0,0,0,0,0,0,0,0,0,0,0,0,0,0,0,0,0,0,0,0,0,0,0,0,0,0,0,0,0,0,0,0,0,0,0,0,0,0,0,0,0,0,0,0,0,0,0,2,0,0,0,0,0,0,0
1993,Sweden,UNFPA,TLS,Timor-Leste,0,9,0,0,0,0,5,3,1,0,0,0,0,0,0,0,0,0,0,0,0,0,0,0,0,0,0,0,0,0,0,0,0,0,0,0,0,0,0,0,0,0,0,0,0,0,0,0,0,0,0,0,0,0,0,0,0,0,0,0,0,0,0,9,0,0,0,0,0,0,0
1993,Switzerland,UNFPA,TLS,Timor-Leste,0,2,0,0,0,0,1,1,0,0,0,0,0,0,0,0,0,0,0,0,0,0,0,0,0,0,0,0,0,0,0,0,0,0,0,0,0,0,0,0,0,0,0,0,0,0,0,0,0,0,0,0,0,0,0,0,0,0,0,0,0,0,0,2,0,0,0,0,0,0,0
1993,United_Kingdom,UNFPA,TLS,Timor-Leste,0,5,0,0,0,0,3,2,1,0,0,0,0,0,0,0,0,0,0,0,0,0,0,0,0,0,0,0,0,0,0,0,0,0,0,0,0,0,0,0,0,0,0,0,0,0,0,0,0,0,0,0,0,0,0,0,0,0,0,0,0,0,0,5,0,0,0,0,0,0,0
1993,United_States,UNFPA,TLS,Timor-Leste,0,3,0,0,0,0,2,1,0,0,0,0,0,0,0,0,0,0,0,0,0,0,0,0,0,0,0,0,0,0,0,0,0,0,0,0,0,0,0,0,0,0,0,0,0,0,0,0,0,0,0,0,0,0,0,0,0,0,0,0,0,0,0,3,0,0,0,0,0,0,0
1993,Australia,UNICEF,TLS,Timor-Leste,0,1,0,0,0,0,0,0,0,0,0,0,0,0,0,0,0,0,0,0,0,0,0,0,0,0,0,0,0,0,0,0,0,0,0,0,0,0,0,0,0,0,0,0,0,0,0,0,0,0,0,0,0,0,0,0,0,0,0,0,0,0,0,0,1,0,0,0,0,0,0
1993,Canada,UNICEF,TLS,Timor-Leste,0,5,0,0,0,0,0,0,0,0,0,0,1,1,2,0,0,0,0,0,0,0,0,0,0,0,0,0,0,0,0,0,0,0,0,0,0,0,0,0,0,0,0,0,0,0,0,0,0,0,0,0,0,0,0,0,0,0,0,0,0,0,0,0,4,0,0,0,0,0,0
1993,Denmark,UNICEF,TLS,Timor-Leste,0,4,0,0,0,0,0,0,0,0,0,0,1,1,1,0,0,0,0,0,0,0,0,0,0,0,0,0,0,0,0,0,0,0,0,0,0,0,0,0,0,0,0,0,0,0,0,0,0,0,0,0,0,0,0,0,0,0,0,0,0,0,0,0,4,0,0,0,0,0,0
1993,Finland,UNICEF,TLS,Timor-Leste,0,2,0,0,0,0,0,0,0,0,0,0,0,0,1,0,0,0,0,0,0,0,0,0,0,0,0,0,0,0,0,0,0,0,0,0,0,0,0,0,0,0,0,0,0,0,0,0,0,0,0,0,0,0,0,0,0,0,0,0,0,0,0,0,1,0,0,0,0,0,0
1993,Germany,UNICEF,TLS,Timor-Leste,0,1,0,0,0,0,0,0,0,0,0,0,0,0,0,0,0,0,0,0,0,0,0,0,0,0,0,0,0,0,0,0,0,0,0,0,0,0,0,0,0,0,0,0,0,0,0,0,0,0,0,0,0,0,0,0,0,0,0,0,0,0,0,0,1,0,0,0,0,0,0
1993,Italy,UNICEF,TLS,Timor-Leste,0,5,0,0,0,0,0,0,0,0,0,0,1,1,2,0,0,0,0,0,0,0,0,0,0,0,0,0,0,0,0,0,0,0,0,0,0,0,0,0,0,0,0,0,0,0,0,0,0,0,0,0,0,0,0,0,0,0,0,0,0,0,0,0,4,0,0,0,0,0,0
1993,Japan,UNICEF,TLS,Timor-Leste,0,3,0,0,0,0,0,0,0,0,0,0,1,1,1,0,0,0,0,0,0,0,0,0,0,0,0,0,0,0,0,0,0,0,0,0,0,0,0,0,0,0,0,0,0,0,0,0,0,0,0,0,0,0,0,0,0,0,0,0,0,0,0,0,2,0,0,0,0,0,0
1993,Netherlands,UNICEF,TLS,Timor-Leste,0,5,0,0,0,0,0,0,0,0,0,0,1,1,2,0,0,0,0,0,0,0,0,0,0,0,0,0,0,0,0,0,0,0,0,0,0,0,0,0,0,0,0,0,0,0,0,0,0,0,0,0,0,0,0,0,0,0,0,0,0,0,0,0,4,0,0,0,0,0,0
1993,Norway,UNICEF,TLS,Timor-Leste,0,5,0,0,0,0,0,0,0,0,0,0,1,1,1,0,0,0,0,0,0,0,0,0,0,0,0,0,0,0,0,0,0,0,0,0,0,0,0,0,0,0,0,0,0,0,0,0,0,0,0,0,0,0,0,0,0,0,0,0,0,0,0,0,4,0,0,0,0,0,0
1993,Other,UNICEF,TLS,Timor-Leste,0,7,0,0,0,0,0,0,0,0,0,0,2,1,2,1,0,0,0,0,0,0,0,0,0,0,0,0,0,0,0,0,0,0,0,0,0,0,0,0,0,0,0,0,0,0,0,0,0,0,0,0,0,0,0,0,0,0,0,0,0,0,0,0,6,0,0,0,0,0,0
1993,Private_other,UNICEF,TLS,Timor-Leste,0,31,0,0,0,0,0,0,1,0,0,0,9,7,10,2,0,0,0,0,0,0,0,0,0,1,0,0,0,0,0,0,0,0,0,0,0,0,0,0,0,0,0,0,0,0,0,0,0,0,0,0,0,0,0,0,0,0,0,0,0,0,0,1,28,0,2,0,0,0,0
1993,Sweden,UNICEF,TLS,Timor-Leste,0,16,0,0,0,0,0,0,0,0,0,0,4,3,5,1,0,0,0,0,0,0,0,0,0,0,0,0,0,0,0,0,0,0,0,0,0,0,0,0,0,0,0,0,0,0,0,0,0,0,0,0,0,0,0,0,0,0,0,0,0,0,0,0,14,0,1,0,0,0,0
1993,Switzerland,UNICEF,TLS,Timor-Leste,0,2,0,0,0,0,0,0,0,0,0,0,1,0,1,0,0,0,0,0,0,0,0,0,0,0,0,0,0,0,0,0,0,0,0,0,0,0,0,0,0,0,0,0,0,0,0,0,0,0,0,0,0,0,0,0,0,0,0,0,0,0,0,0,2,0,0,0,0,0,0
1993,United_Kingdom,UNICEF,TLS,Timor-Leste,0,2,0,0,0,0,0,0,0,0,0,0,0,0,1,0,0,0,0,0,0,0,0,0,0,0,0,0,0,0,0,0,0,0,0,0,0,0,0,0,0,0,0,0,0,0,0,0,0,0,0,0,0,0,0,0,0,0,0,0,0,0,0,0,1,0,0,0,0,0,0
1993,United_States,UNICEF,TLS,Timor-Leste,0,12,0,0,0,0,0,0,0,0,0,0,4,3,4,1,0,0,0,0,0,0,0,0,0,0,0,0,0,0,0,0,0,0,0,0,0,0,0,0,0,0,0,0,0,0,0,0,0,0,0,0,0,0,0,0,0,0,0,0,0,0,0,0,11,0,1,0,0,0,0
1993,Private_other,US_FOUND,TLS,Timor-Leste,0,48,14,0,0,0,1,0,13,0,0,0,0,0,0,0,16,0,0,0,0,0,0,0,0,0,0,0,0,0,0,0,0,0,0,0,0,0,0,0,0,0,0,0,0,0,0,0,0,0,0,0,0,0,0,0,0,0,0,0,0,4,0,14,16,0,0,0,0,0,14
1993,Debt_repayments,WB_IBRD,TLS,Timor-Leste,0,2610,0,0,0,0,0,0,73,0,0,0,37,0,73,0,0,0,0,0,0,0,0,0,0,0,0,0,0,0,0,0,0,0,0,0,0,0,0,0,0,0,0,0,0,0,0,0,0,0,0,0,0,0,0,0,0,0,0,0,0,2426,0,73,110,0,0,0,0,0,0
1993,Australia,WHO,TLS,Timor-Leste,0,2,0,0,0,0,0,0,0,0,0,0,0,0,0,0,0,0,0,0,0,0,0,0,0,0,0,0,0,0,0,0,0,0,0,0,0,0,0,0,0,0,0,0,0,0,0,0,0,0,0,0,0,0,0,0,0,0,0,0,0,0,0,0,0,0,0,0,0,0,0
1993,Belgium,WHO,TLS,Timor-Leste,0,1,0,0,0,0,0,0,0,0,0,0,0,0,0,0,0,0,0,0,0,0,0,0,0,0,0,0,0,0,0,0,0,0,0,0,0,0,0,0,0,0,0,0,0,0,0,0,0,0,0,0,0,0,0,0,0,0,0,0,0,0,0,0,0,0,0,0,0,0,0
1993,Canada,WHO,TLS,Timor-Leste,0,3,0,0,1,0,0,0,0,0,0,0,0,1,0,0,0,0,0,0,0,0,0,0,0,0,0,0,0,0,0,0,0,0,0,0,0,0,0,0,0,0,0,0,0,0,0,0,0,0,0,0,0,0,0,0,0,0,0,0,0,1,0,0,1,0,0,0,0,0,1
1993,Corporate_donations,WHO,TLS,Timor-Leste,0,2,0,0,0,0,0,0,0,0,0,0,0,0,0,0,0,0,0,0,0,0,0,0,0,0,0,0,0,0,0,0,0,0,0,0,0,0,0,0,0,0,0,0,0,0,0,0,0,0,0,0,0,0,0,0,0,0,0,0,0,1,0,0,0,0,0,0,0,0,1
1993,Denmark,WHO,TLS,Timor-Leste,0,2,0,0,1,0,0,0,0,0,0,0,0,0,0,0,0,0,0,0,0,0,0,0,0,0,0,0,0,0,0,0,0,0,0,0,0,0,0,0,0,0,0,0,0,0,0,0,0,0,0,0,0,0,0,0,0,0,0,0,0,1,0,0,0,0,0,0,0,0,1
1993,France,WHO,TLS,Timor-Leste,0,4,0,0,1,0,0,0,0,0,0,0,0,1,0,0,0,0,0,0,0,0,0,0,0,0,0,0,0,0,0,0,0,0,0,0,0,0,0,0,0,0,0,0,0,0,0,0,0,0,0,0,0,0,0,0,0,0,0,0,0,1,0,0,1,0,0,0,0,0,1
1993,Germany,WHO,TLS,Timor-Leste,0,7,0,0,2,0,0,0,0,0,0,0,0,1,0,0,0,0,0,0,0,0,0,0,0,1,0,0,0,0,0,0,0,0,0,0,0,0,0,0,0,0,0,0,0,0,0,0,0,0,0,0,0,0,0,0,0,0,0,0,0,2,0,0,1,0,1,0,0,0,2
1993,Italy,WHO,TLS,Timor-Leste,0,4,0,0,1,0,0,0,0,0,0,0,0,1,0,0,0,0,0,0,0,0,0,0,0,0,0,0,0,0,0,0,0,0,0,0,0,0,0,0,0,0,0,0,0,0,0,0,0,0,0,0,0,0,0,0,0,0,0,0,0,1,0,0,1,0,0,0,0,0,1
1993,Japan,WHO,TLS,Timor-Leste,0,10,0,0,3,0,0,0,1,0,0,0,0,2,0,0,0,0,0,0,0,0,0,0,0,1,0,0,0,0,0,0,0,0,0,0,0,0,0,0,0,0,0,0,0,0,0,0,0,0,0,0,0,0,0,0,0,0,0,0,0,3,0,1,2,0,1,0,0,0,3
1993,Netherlands,WHO,TLS,Timor-Leste,0,5,0,0,1,0,0,0,0,0,0,0,0,1,0,0,0,0,0,0,0,0,0,0,0,1,0,0,0,0,0,0,0,0,0,0,0,0,0,0,0,0,0,0,0,0,0,0,0,0,0,0,0,0,0,0,0,0,0,0,0,2,0,0,1,0,1,0,0,0,2
1993,Non_OECD_non_DAC_countries,WHO,TLS,Timor-Leste,0,10,0,0,3,0,0,0,1,0,0,0,0,2,0,0,0,0,0,0,0,0,0,0,0,1,0,0,0,0,0,0,0,0,0,0,0,0,0,0,0,0,0,0,0,0,0,0,0,0,0,0,0,0,0,0,0,0,0,0,0,3,0,1,2,0,1,0,0,0,3
1993,Norway,WHO,TLS,Timor-Leste,0,3,0,0,1,0,0,0,0,0,0,0,0,0,0,0,0,0,0,0,0,0,0,0,0,0,0,0,0,0,0,0,0,0,0,0,0,0,0,0,0,0,0,0,0,0,0,0,0,0,0,0,0,0,0,0,0,0,0,0,0,1,0,0,0,0,0,0,0,0,1
1993,Other,WHO,TLS,Timor-Leste,0,33,0,0,9,1,0,0,2,0,0,0,0,5,0,0,0,0,0,0,0,0,0,0,0,4,0,0,0,0,0,0,0,0,0,0,0,0,0,0,0,0,0,0,0,0,0,0,0,0,0,0,0,0,0,0,1,0,0,0,0,10,0,2,5,1,4,0,0,0,10
1993,Private_other,WHO,TLS,Timor-Leste,0,2,0,0,1,0,0,0,0,0,0,0,0,0,0,0,0,0,0,0,0,0,0,0,0,0,0,0,0,0,0,0,0,0,0,0,0,0,0,0,0,0,0,0,0,0,0,0,0,0,0,0,0,0,0,0,0,0,0,0,0,1,0,0,0,0,0,0,0,0,1
1993,Sweden,WHO,TLS,Timor-Leste,0,5,0,0,1,0,0,0,0,0,0,0,0,1,0,0,0,0,0,0,0,0,0,0,0,1,0,0,0,0,0,0,0,0,0,0,0,0,0,0,0,0,0,0,0,0,0,0,0,0,0,0,0,0,0,0,0,0,0,0,0,2,0,0,1,0,1,0,0,0,2
1993,Switzerland,WHO,TLS,Timor-Leste,0,2,0,0,1,0,0,0,0,0,0,0,0,0,0,0,0,0,0,0,0,0,0,0,0,0,0,0,0,0,0,0,0,0,0,0,0,0,0,0,0,0,0,0,0,0,0,0,0,0,0,0,0,0,0,0,0,0,0,0,0,1,0,0,0,0,0,0,0,0,1
1993,United_Kingdom,WHO,TLS,Timor-Leste,0,7,0,0,2,0,0,0,0,0,0,0,0,1,0,0,0,0,0,0,0,0,0,0,0,1,0,0,0,0,0,0,0,0,0,0,0,0,0,0,0,0,0,0,0,0,0,0,0,0,0,0,0,0,0,0,0,0,0,0,0,2,0,0,1,0,1,0,0,0,2
1993,United_States,WHO,TLS,Timor-Leste,0,26,0,0,7,1,0,0,2,0,0,0,0,4,0,0,0,0,0,0,0,0,0,0,0,3,0,0,0,0,0,0,0,0,0,0,0,0,0,0,0,0,0,0,0,0,0,0,0,0,0,0,0,0,0,0,1,0,0,0,0,8,0,2,4,1,3,0,0,0,8
1994,Australia,BIL_AUS,TLS,Timor-Leste,0,1317,0,0,0,0,324,195,107,21,0,0,50,30,13,0,0,0,0,435,0,0,0,4,0,7,0,0,0,0,0,0,0,0,0,0,29,0,0,0,0,0,0,0,0,17,0,0,0,0,15,0,0,0,0,0,0,5,0,0,0,64,0,648,92,5,446,29,17,15,0
1994,Belgium,BIL_BEL,TLS,Timor-Leste,0,24,0,0,0,0,0,0,0,0,0,0,0,0,0,0,0,0,0,0,0,0,0,0,0,0,0,0,0,0,0,0,0,0,0,0,0,0,0,0,5,0,0,0,0,5,0,0,0,0,0,0,1,0,0,0,7,0,0,0,0,6,0,0,0,7,0,0,11,1,0
1994,Canada,BIL_CAN,TLS,Timor-Leste,0,3,0,0,0,0,0,0,0,0,0,0,0,0,0,0,0,0,0,0,0,0,0,0,0,0,0,0,0,0,0,0,0,0,0,0,0,0,0,0,0,0,0,0,0,0,0,0,0,0,0,0,0,0,0,0,0,0,0,0,0,3,0,0,0,0,0,0,0,0,0
1994,Switzerland,BIL_CHE,TLS,Timor-Leste,0,20,0,0,20,0,0,0,0,0,0,0,0,0,0,0,0,0,0,0,0,0,0,0,0,0,0,0,0,0,0,0,0,0,0,0,0,0,0,0,0,0,0,0,0,0,0,0,0,0,0,0,0,0,0,0,0,0,0,0,0,0,0,0,0,0,0,0,0,0,20
1994,Germany,BIL_DEU,TLS,Timor-Leste,0,151,0,0,0,0,0,0,0,0,0,0,0,0,0,0,0,0,0,0,0,0,0,0,0,0,0,0,0,0,0,0,0,0,0,0,0,0,0,0,0,0,0,0,0,0,0,0,0,0,0,0,0,0,0,0,0,0,0,0,0,151,0,0,0,0,0,0,0,0,0
1994,Finland,BIL_FIN,TLS,Timor-Leste,0,5,0,0,0,0,0,0,0,0,0,0,0,0,0,0,0,0,0,0,0,0,0,0,0,0,0,0,0,0,0,0,0,0,0,0,0,0,0,0,0,0,0,0,0,0,0,0,0,0,0,0,0,0,0,0,0,0,0,0,0,5,0,0,0,0,0,0,0,0,0
1994,France,BIL_FRA,TLS,Timor-Leste,0,451,0,0,0,0,0,0,0,0,0,0,0,0,0,0,0,0,0,0,0,0,0,0,0,0,0,0,0,0,0,0,0,0,0,0,0,0,0,0,0,0,0,0,0,0,0,0,0,0,0,0,0,0,0,0,0,0,0,0,0,451,0,0,0,0,0,0,0,0,0
1994,Italy,BIL_ITA,TLS,Timor-Leste,0,22,0,0,22,0,0,0,0,0,0,0,0,0,0,0,0,0,0,0,0,0,0,0,0,0,0,0,0,0,0,0,0,0,0,0,0,0,0,0,0,0,0,0,0,0,0,0,0,0,0,0,0,0,0,0,0,0,0,0,0,0,0,0,0,0,0,0,0,0,22
1994,Japan,BIL_JPN,TLS,Timor-Leste,0,1303,547,0,756,0,0,0,0,0,0,0,0,0,0,0,0,0,0,0,0,0,0,0,0,0,0,0,0,0,0,0,0,0,0,0,0,0,0,0,0,0,0,0,0,0,0,0,0,0,0,0,0,0,0,0,0,0,0,0,0,0,0,0,0,0,0,0,0,0,1303
1994,Netherlands,BIL_NLD,TLS,Timor-Leste,0,2,0,0,0,0,0,0,0,0,0,0,0,0,0,0,0,0,0,0,0,0,0,0,0,0,0,0,0,0,0,0,0,0,0,0,0,0,0,0,0,0,0,0,0,0,0,0,0,0,0,0,0,0,0,0,0,0,0,0,0,2,0,0,0,0,0,0,0,0,0
1994,Sweden,BIL_SWE,TLS,Timor-Leste,0,6,4,0,0,0,0,2,0,0,0,0,0,0,0,0,0,0,0,0,0,0,0,0,0,0,0,0,0,0,0,0,0,0,0,0,0,0,0,0,0,0,0,0,0,0,0,0,0,0,0,0,0,0,0,0,0,0,0,0,0,0,0,2,0,0,0,0,0,0,4
1994,United_States,BIL_USA,TLS,Timor-Leste,0,205,0,0,0,0,105,0,0,10,8,0,52,4,26,0,0,0,0,0,0,0,0,0,0,0,0,0,0,0,0,0,0,0,0,0,0,0,0,0,0,0,0,0,0,0,0,0,0,0,0,0,0,0,0,0,0,0,0,0,0,0,0,123,81,0,0,0,0,0,0
1994,Australia,INTLNGO,TLS,Timor-Leste,0,299,0,0,0,0,74,44,24,5,0,0,11,7,3,0,0,0,0,99,0,0,0,1,0,2,0,0,0,0,0,0,0,0,0,0,7,0,0,0,0,0,0,0,0,4,0,0,0,0,3,0,0,0,0,0,0,1,0,0,0,15,0,147,21,1,101,7,4,3,0
1994,Belgium,INTLNGO,TLS,Timor-Leste,0,8,0,0,0,0,0,0,0,0,0,0,0,0,0,0,0,0,0,0,0,0,0,0,0,0,0,0,0,0,0,0,0,0,0,0,0,0,0,0,2,0,0,0,0,2,0,0,0,0,0,0,0,0,0,0,2,0,0,0,0,2,0,0,0,2,0,0,4,0,0
1994,Canada,INTLNGO,TLS,Timor-Leste,0,2,0,0,0,0,0,0,0,0,0,0,0,0,0,0,0,0,0,0,0,0,0,0,0,0,0,0,0,0,0,0,0,0,0,0,0,0,0,0,0,0,0,0,0,0,0,0,0,0,0,0,0,0,0,0,0,0,0,0,0,2,0,0,0,0,0,0,0,0,0
1994,Finland,INTLNGO,TLS,Timor-Leste,0,5,0,0,0,0,0,0,0,0,0,0,0,0,0,0,0,0,0,0,0,0,0,0,0,0,0,0,0,0,0,0,0,0,0,0,0,0,0,0,0,0,0,0,0,0,0,0,0,0,0,0,0,0,0,0,0,0,0,0,0,5,0,0,0,0,0,0,0,0,0
1994,France,INTLNGO,TLS,Timor-Leste,0,34,0,0,0,0,0,0,0,0,0,0,0,0,0,0,0,0,0,0,0,0,0,0,0,0,0,0,0,0,0,0,0,0,0,0,0,0,0,0,0,0,0,0,0,0,0,0,0,0,0,0,0,0,0,0,0,0,0,0,0,34,0,0,0,0,0,0,0,0,0
1994,Germany,INTLNGO,TLS,Timor-Leste,0,16,0,0,0,0,0,0,0,0,0,0,0,0,0,0,0,0,0,0,0,0,0,0,0,0,0,0,0,0,0,0,0,0,0,0,0,0,0,0,0,0,0,0,0,0,0,0,0,0,0,0,0,0,0,0,0,0,0,0,0,16,0,0,0,0,0,0,0,0,0
1994,Italy,INTLNGO,TLS,Timor-Leste,0,18,0,0,18,0,0,0,0,0,0,0,0,0,0,0,0,0,0,0,0,0,0,0,0,0,0,0,0,0,0,0,0,0,0,0,0,0,0,0,0,0,0,0,0,0,0,0,0,0,0,0,0,0,0,0,0,0,0,0,0,0,0,0,0,0,0,0,0,0,18
1994,Japan,INTLNGO,TLS,Timor-Leste,0,98,41,0,57,0,0,0,0,0,0,0,0,0,0,0,0,0,0,0,0,0,0,0,0,0,0,0,0,0,0,0,0,0,0,0,0,0,0,0,0,0,0,0,0,0,0,0,0,0,0,0,0,0,0,0,0,0,0,0,0,0,0,0,0,0,0,0,0,0,98
1994,Sweden,INTLNGO,TLS,Timor-Leste,0,4,3,0,0,0,0,1,0,0,0,0,0,0,0,0,0,0,0,0,0,0,0,0,0,0,0,0,0,0,0,0,0,0,0,0,0,0,0,0,0,0,0,0,0,0,0,0,0,0,0,0,0,0,0,0,0,0,0,0,0,0,0,1,0,0,0,0,0,0,3
1994,Switzerland,INTLNGO,TLS,Timor-Leste,0,11,0,0,11,0,0,0,0,0,0,0,0,0,0,0,0,0,0,0,0,0,0,0,0,0,0,0,0,0,0,0,0,0,0,0,0,0,0,0,0,0,0,0,0,0,0,0,0,0,0,0,0,0,0,0,0,0,0,0,0,0,0,0,0,0,0,0,0,0,11
1994,United_States,INTLNGO,TLS,Timor-Leste,0,25,0,0,0,0,13,0,0,1,1,0,6,0,3,0,0,0,0,0,0,0,0,0,0,0,0,0,0,0,0,0,0,0,0,0,0,0,0,0,0,0,0,0,0,0,0,0,0,0,0,0,0,0,0,0,0,0,0,0,0,0,0,15,10,0,0,0,0,0,0
1994,Corporate_donations,NGO,TLS,Timor-Leste,0,37,2,0,0,0,0,0,0,1,2,0,3,2,4,3,5,0,0,0,0,0,0,0,0,0,0,0,0,0,0,0,0,0,0,0,0,0,0,0,0,0,0,0,0,0,0,0,0,0,0,1,0,0,0,1,0,1,3,0,0,6,0,4,16,5,1,0,0,2,2
1994,Private_other,NGO,TLS,Timor-Leste,0,261,19,0,2,0,19,6,0,5,8,1,14,1,53,15,24,0,1,1,0,0,0,1,0,0,1,1,0,1,0,8,0,1,9,0,0,1,17,17,1,0,0,0,0,0,0,0,0,0,0,2,2,0,0,1,0,1,4,1,0,20,0,38,106,8,6,55,2,4,22
1994,United_States,NGO,TLS,Timor-Leste,0,103,0,0,0,0,53,0,0,5,4,0,26,2,13,0,0,0,0,0,0,0,0,0,0,0,0,0,0,0,0,0,0,0,0,0,0,0,0,0,0,0,0,0,0,0,0,0,0,0,0,0,0,0,0,0,0,0,0,0,0,0,0,62,41,0,0,0,0,0,0
1994,Australia,UNFPA,TLS,Timor-Leste,0,2,0,0,0,0,1,1,0,0,0,0,0,0,0,0,0,0,0,0,0,0,0,0,0,0,0,0,0,0,0,0,0,0,0,0,0,0,0,0,0,0,0,0,0,0,0,0,0,0,0,0,0,0,0,0,0,0,0,0,0,0,0,2,0,0,0,0,0,0,0
1994,Belgium,UNFPA,TLS,Timor-Leste,0,2,0,0,0,0,1,1,0,0,0,0,0,0,0,0,0,0,0,0,0,0,0,0,0,0,0,0,0,0,0,0,0,0,0,0,0,0,0,0,0,0,0,0,0,0,0,0,0,0,0,0,0,0,0,0,0,0,0,0,0,0,0,2,0,0,0,0,0,0,0
1994,Canada,UNFPA,TLS,Timor-Leste,0,8,0,0,0,0,4,2,1,0,0,0,0,0,0,0,0,0,0,0,0,0,0,0,0,0,0,0,0,0,0,0,0,0,0,0,0,0,0,0,0,0,0,0,0,0,0,0,0,0,0,0,0,0,0,0,0,0,0,0,0,0,0,8,0,0,0,0,0,0,0
1994,Denmark,UNFPA,TLS,Timor-Leste,0,26,0,0,0,0,14,8,4,0,0,0,0,0,0,0,0,0,0,0,0,0,0,0,0,0,0,0,0,0,0,0,0,0,0,0,0,0,0,0,0,0,0,0,0,0,0,0,0,0,0,0,0,0,0,0,0,0,0,0,0,0,0,26,0,0,0,0,0,0,0
1994,Finland,UNFPA,TLS,Timor-Leste,0,9,0,0,0,0,5,3,1,0,0,0,0,0,0,0,0,0,0,0,0,0,0,0,0,0,0,0,0,0,0,0,0,0,0,0,0,0,0,0,0,0,0,0,0,0,0,0,0,0,0,0,0,0,0,0,0,0,0,0,0,0,0,9,0,0,0,0,0,0,0
1994,France,UNFPA,TLS,Timor-Leste,0,1,0,0,0,0,1,0,0,0,0,0,0,0,0,0,0,0,0,0,0,0,0,0,0,0,0,0,0,0,0,0,0,0,0,0,0,0,0,0,0,0,0,0,0,0,0,0,0,0,0,0,0,0,0,0,0,0,0,0,0,0,0,1,0,0,0,0,0,0,0
1994,Germany,UNFPA,TLS,Timor-Leste,0,29,0,0,0,0,16,9,4,0,0,0,0,0,0,0,0,0,0,0,0,0,0,0,0,0,0,0,0,0,0,0,0,0,0,0,0,0,0,0,0,0,0,0,0,0,0,0,0,0,0,0,0,0,0,0,0,0,0,0,0,0,0,29,0,0,0,0,0,0,0
1994,Italy,UNFPA,TLS,Timor-Leste,0,1,0,0,0,0,1,0,0,0,0,0,0,0,0,0,0,0,0,0,0,0,0,0,0,0,0,0,0,0,0,0,0,0,0,0,0,0,0,0,0,0,0,0,0,0,0,0,0,0,0,0,0,0,0,0,0,0,0,0,0,0,0,1,0,0,0,0,0,0,0
1994,Japan,UNFPA,TLS,Timor-Leste,0,44,0,0,0,0,24,13,7,0,0,0,0,0,0,0,0,0,0,0,0,0,0,0,0,0,0,0,0,0,0,0,0,0,0,0,0,0,0,0,0,0,0,0,0,0,0,0,0,0,0,0,0,0,0,0,0,0,0,0,0,0,0,44,0,0,0,0,0,0,0
1994,Netherlands,UNFPA,TLS,Timor-Leste,0,31,0,0,0,0,17,10,5,0,0,0,0,0,0,0,0,0,0,0,0,0,0,0,0,0,0,0,0,0,0,0,0,0,0,0,0,0,0,0,0,0,0,0,0,0,0,0,0,0,0,0,0,0,0,0,0,0,0,0,0,0,0,31,0,0,0,0,0,0,0
1994,Norway,UNFPA,TLS,Timor-Leste,0,24,0,0,0,0,13,7,4,0,0,0,0,0,0,0,0,0,0,0,0,0,0,0,0,0,0,0,0,0,0,0,0,0,0,0,0,0,0,0,0,0,0,0,0,0,0,0,0,0,0,0,0,0,0,0,0,0,0,0,0,0,0,24,0,0,0,0,0,0,0
1994,Other,UNFPA,TLS,Timor-Leste,0,3,0,0,0,0,2,1,1,0,0,0,0,0,0,0,0,0,0,0,0,0,0,0,0,0,0,0,0,0,0,0,0,0,0,0,0,0,0,0,0,0,0,0,0,0,0,0,0,0,0,0,0,0,0,0,0,0,0,0,0,0,0,3,0,0,0,0,0,0,0
1994,Sweden,UNFPA,TLS,Timor-Leste,0,15,0,0,0,0,8,5,2,0,0,0,0,0,0,0,0,0,0,0,0,0,0,0,0,0,0,0,0,0,0,0,0,0,0,0,0,0,0,0,0,0,0,0,0,0,0,0,0,0,0,0,0,0,0,0,0,0,0,0,0,0,0,15,0,0,0,0,0,0,0
1994,Switzerland,UNFPA,TLS,Timor-Leste,0,6,0,0,0,0,3,2,1,0,0,0,0,0,0,0,0,0,0,0,0,0,0,0,0,0,0,0,0,0,0,0,0,0,0,0,0,0,0,0,0,0,0,0,0,0,0,0,0,0,0,0,0,0,0,0,0,0,0,0,0,0,0,6,0,0,0,0,0,0,0
1994,United_Kingdom,UNFPA,TLS,Timor-Leste,0,14,0,0,0,0,8,4,2,0,0,0,0,0,0,0,0,0,0,0,0,0,0,0,0,0,0,0,0,0,0,0,0,0,0,0,0,0,0,0,0,0,0,0,0,0,0,0,0,0,0,0,0,0,0,0,0,0,0,0,0,0,0,14,0,0,0,0,0,0,0
1994,Australia,UNICEF,TLS,Timor-Leste,0,2,0,0,0,0,0,0,0,0,0,0,0,0,1,0,0,0,0,0,0,0,0,0,0,0,0,0,0,0,0,0,0,0,0,0,0,0,0,0,0,0,0,0,0,0,0,0,0,0,0,0,0,0,0,0,0,0,0,0,0,0,0,0,1,0,0,0,0,0,0
1994,Canada,UNICEF,TLS,Timor-Leste,0,5,0,0,0,0,0,0,0,0,0,0,1,1,1,0,0,0,0,0,0,0,0,0,0,0,0,0,0,0,0,0,0,0,0,0,0,0,0,0,0,0,0,0,0,0,0,0,0,0,0,0,0,0,0,0,0,0,0,0,0,0,0,0,4,0,0,0,0,0,0
1994,Denmark,UNICEF,TLS,Timor-Leste,0,3,0,0,0,0,0,0,0,0,0,0,1,1,1,0,0,0,0,0,0,0,0,0,0,0,0,0,0,0,0,0,0,0,0,0,0,0,0,0,0,0,0,0,0,0,0,0,0,0,0,0,0,0,0,0,0,0,0,0,0,0,0,0,3,0,0,0,0,0,0
1994,Italy,UNICEF,TLS,Timor-Leste,0,3,0,0,0,0,0,0,0,0,0,0,1,1,1,0,0,0,0,0,0,0,0,0,0,0,0,0,0,0,0,0,0,0,0,0,0,0,0,0,0,0,0,0,0,0,0,0,0,0,0,0,0,0,0,0,0,0,0,0,0,0,0,0,3,0,0,0,0,0,0
1994,Japan,UNICEF,TLS,Timor-Leste,0,3,0,0,0,0,0,0,0,0,0,0,1,1,1,0,0,0,0,0,0,0,0,0,0,0,0,0,0,0,0,0,0,0,0,0,0,0,0,0,0,0,0,0,0,0,0,0,0,0,0,0,0,0,0,0,0,0,0,0,0,0,0,0,2,0,0,0,0,0,0
1994,Netherlands,UNICEF,TLS,Timor-Leste,0,7,0,0,0,0,0,0,0,0,0,0,2,1,2,1,0,0,0,0,0,0,0,0,0,0,0,0,0,0,0,0,0,0,0,0,0,0,0,0,0,0,0,0,0,0,0,0,0,0,0,0,0,0,0,0,0,0,0,0,0,0,0,0,6,0,0,0,0,0,0
1994,Norway,UNICEF,TLS,Timor-Leste,0,4,0,0,0,0,0,0,0,0,0,0,1,1,1,0,0,0,0,0,0,0,0,0,0,0,0,0,0,0,0,0,0,0,0,0,0,0,0,0,0,0,0,0,0,0,0,0,0,0,0,0,0,0,0,0,0,0,0,0,0,0,0,0,3,0,0,0,0,0,0
1994,Other,UNICEF,TLS,Timor-Leste,0,5,0,0,0,0,0,0,0,0,0,0,1,1,2,0,0,0,0,0,0,0,0,0,0,0,0,0,0,0,0,0,0,0,0,0,0,0,0,0,0,0,0,0,0,0,0,0,0,0,0,0,0,0,0,0,0,0,0,0,0,0,0,0,4,0,0,0,0,0,0
1994,Private_other,UNICEF,TLS,Timor-Leste,0,24,0,0,0,0,0,0,1,0,0,0,7,5,8,2,0,0,0,0,0,0,0,0,0,1,0,0,0,0,0,0,0,0,0,0,0,0,0,0,0,0,0,0,0,0,0,0,0,0,0,0,0,0,0,0,0,0,0,0,0,0,0,1,22,0,1,0,0,0,0
1994,Sweden,UNICEF,TLS,Timor-Leste,0,10,0,0,0,0,0,0,0,0,0,0,3,2,3,1,0,0,0,0,0,0,0,0,0,0,0,0,0,0,0,0,0,0,0,0,0,0,0,0,0,0,0,0,0,0,0,0,0,0,0,0,0,0,0,0,0,0,0,0,0,0,0,0,10,0,1,0,0,0,0
1994,Switzerland,UNICEF,TLS,Timor-Leste,0,1,0,0,0,0,0,0,0,0,0,0,0,0,0,0,0,0,0,0,0,0,0,0,0,0,0,0,0,0,0,0,0,0,0,0,0,0,0,0,0,0,0,0,0,0,0,0,0,0,0,0,0,0,0,0,0,0,0,0,0,0,0,0,1,0,0,0,0,0,0
1994,United_Kingdom,UNICEF,TLS,Timor-Leste,0,3,0,0,0,0,0,0,0,0,0,0,1,1,1,0,0,0,0,0,0,0,0,0,0,0,0,0,0,0,0,0,0,0,0,0,0,0,0,0,0,0,0,0,0,0,0,0,0,0,0,0,0,0,0,0,0,0,0,0,0,0,0,0,3,0,0,0,0,0,0
1994,United_States,UNICEF,TLS,Timor-Leste,0,10,0,0,0,0,0,0,0,0,0,0,3,2,3,1,0,0,0,0,0,0,0,0,0,0,0,0,0,0,0,0,0,0,0,0,0,0,0,0,0,0,0,0,0,0,0,0,0,0,0,0,0,0,0,0,0,0,0,0,0,0,0,0,9,0,1,0,0,0,0
1994,Private_other,US_FOUND,TLS,Timor-Leste,0,43,10,0,0,0,4,0,10,0,9,0,0,0,0,0,0,0,0,2,0,0,0,0,0,7,0,0,0,0,0,0,0,0,0,0,0,0,0,0,0,0,0,0,0,0,0,0,0,0,0,0,0,0,0,0,0,0,0,0,0,0,0,23,0,0,9,0,0,0,10
1994,Debt_repayments,WB_IBRD,TLS,Timor-Leste,0,2482,0,0,0,0,0,0,97,0,0,0,49,0,108,0,0,0,0,0,0,0,0,0,0,0,0,0,0,0,0,0,0,0,0,0,0,0,0,0,0,0,0,0,0,0,0,0,0,0,0,0,0,0,0,0,0,0,0,0,0,2229,0,97,157,0,0,0,0,0,0
1994,Australia,WHO,TLS,Timor-Leste,0,2,0,0,1,0,0,0,0,0,0,0,0,0,0,0,0,0,0,0,0,0,0,0,0,0,0,0,0,0,0,0,0,0,0,0,0,0,0,0,0,0,0,0,0,0,0,0,0,0,0,0,0,0,0,0,0,0,0,0,0,1,0,0,0,0,0,0,0,0,1
1994,Belgium,WHO,TLS,Timor-Leste,0,1,0,0,0,0,0,0,0,0,0,0,0,0,0,0,0,0,0,0,0,0,0,0,0,0,0,0,0,0,0,0,0,0,0,0,0,0,0,0,0,0,0,0,0,0,0,0,0,0,0,0,0,0,0,0,0,0,0,0,0,0,0,0,0,0,0,0,0,0,0
1994,Canada,WHO,TLS,Timor-Leste,0,4,0,0,1,0,0,0,0,0,0,0,0,1,0,0,0,0,0,0,0,0,0,0,0,0,0,0,0,0,0,0,0,0,0,0,0,0,0,0,0,0,0,0,0,0,0,0,0,0,0,0,0,0,0,0,0,0,0,0,0,1,0,0,1,0,0,0,0,0,1
1994,Denmark,WHO,TLS,Timor-Leste,0,2,0,0,1,0,0,0,0,0,0,0,0,0,0,0,0,0,0,0,0,0,0,0,0,0,0,0,0,0,0,0,0,0,0,0,0,0,0,0,0,0,0,0,0,0,0,0,0,0,0,0,0,0,0,0,0,0,0,0,0,1,0,0,0,0,0,0,0,0,1
1994,France,WHO,TLS,Timor-Leste,0,6,0,0,2,0,0,0,0,0,0,0,0,1,0,0,0,0,0,0,0,0,0,0,0,1,0,0,0,0,0,0,0,0,0,0,0,0,0,0,0,0,0,0,0,0,0,0,0,0,0,0,0,0,0,0,0,0,0,0,0,2,0,0,1,0,1,0,0,0,2
1994,Germany,WHO,TLS,Timor-Leste,0,8,0,0,2,0,0,0,0,0,0,0,0,1,0,0,0,0,0,0,0,0,0,0,0,1,0,0,0,0,0,0,0,0,0,0,0,0,0,0,0,0,0,0,0,0,0,0,0,0,0,0,0,0,0,0,0,0,0,0,0,3,0,0,1,0,1,0,0,0,3
1994,Italy,WHO,TLS,Timor-Leste,0,6,0,0,2,0,0,0,0,0,0,0,0,1,0,0,0,0,0,0,0,0,0,0,0,1,0,0,0,0,0,0,0,0,0,0,0,0,0,0,0,0,0,0,0,0,0,0,0,0,0,0,0,0,0,0,0,0,0,0,0,2,0,0,1,0,1,0,0,0,2
1994,Japan,WHO,TLS,Timor-Leste,0,15,0,0,4,1,0,0,1,0,0,0,0,3,0,0,0,0,0,0,0,0,0,0,0,1,0,0,0,0,0,0,0,0,0,0,0,0,0,0,0,0,0,0,0,0,0,0,0,0,0,0,0,0,0,0,0,0,0,0,0,5,0,1,3,0,1,0,0,0,5
1994,Netherlands,WHO,TLS,Timor-Leste,0,6,0,0,2,0,0,0,0,0,0,0,0,1,0,0,0,0,0,0,0,0,0,0,0,0,0,0,0,0,0,0,0,0,0,0,0,0,0,0,0,0,0,0,0,0,0,0,0,0,0,0,0,0,0,0,0,0,0,0,0,2,0,0,1,0,0,0,0,0,2
1994,Non_OECD_DAC_countries,WHO,TLS,Timor-Leste,0,1,0,0,0,0,0,0,0,0,0,0,0,0,0,0,0,0,0,0,0,0,0,0,0,0,0,0,0,0,0,0,0,0,0,0,0,0,0,0,0,0,0,0,0,0,0,0,0,0,0,0,0,0,0,0,0,0,0,0,0,0,0,0,0,0,0,0,0,0,0
1994,Non_OECD_non_DAC_countries,WHO,TLS,Timor-Leste,0,8,0,0,2,0,0,0,0,0,0,0,0,1,0,0,0,0,0,0,0,0,0,0,0,1,0,0,0,0,0,0,0,0,0,0,0,0,0,0,0,0,0,0,0,0,0,0,0,0,0,0,0,0,0,0,0,0,0,0,0,3,0,0,1,0,1,0,0,0,3
1994,Norway,WHO,TLS,Timor-Leste,0,3,0,0,1,0,0,0,0,0,0,0,0,0,0,0,0,0,0,0,0,0,0,0,0,0,0,0,0,0,0,0,0,0,0,0,0,0,0,0,0,0,0,0,0,0,0,0,0,0,0,0,0,0,0,0,0,0,0,0,0,1,0,0,0,0,0,0,0,0,1
1994,Other,WHO,TLS,Timor-Leste,0,33,0,0,9,1,0,0,2,0,0,0,0,6,0,0,0,0,0,0,0,0,0,0,0,3,0,0,0,0,0,0,0,0,0,0,1,0,0,0,0,0,0,0,0,0,0,0,0,0,0,0,0,0,0,0,1,0,0,0,0,11,0,2,6,1,3,1,0,0,11
1994,Private_other,WHO,TLS,Timor-Leste,0,3,0,0,1,0,0,0,0,0,0,0,0,1,0,0,0,0,0,0,0,0,0,0,0,0,0,0,0,0,0,0,0,0,0,0,0,0,0,0,0,0,0,0,0,0,0,0,0,0,0,0,0,0,0,0,0,0,0,0,0,1,0,0,1,0,0,0,0,0,1
1994,Spain,WHO,TLS,Timor-Leste,0,2,0,0,1,0,0,0,0,0,0,0,0,0,0,0,0,0,0,0,0,0,0,0,0,0,0,0,0,0,0,0,0,0,0,0,0,0,0,0,0,0,0,0,0,0,0,0,0,0,0,0,0,0,0,0,0,0,0,0,0,1,0,0,0,0,0,0,0,0,1
1994,Sweden,WHO,TLS,Timor-Leste,0,3,0,0,1,0,0,0,0,0,0,0,0,1,0,0,0,0,0,0,0,0,0,0,0,0,0,0,0,0,0,0,0,0,0,0,0,0,0,0,0,0,0,0,0,0,0,0,0,0,0,0,0,0,0,0,0,0,0,0,0,1,0,0,1,0,0,0,0,0,1
1994,Switzerland,WHO,TLS,Timor-Leste,0,3,0,0,1,0,0,0,0,0,0,0,0,0,0,0,0,0,0,0,0,0,0,0,0,0,0,0,0,0,0,0,0,0,0,0,0,0,0,0,0,0,0,0,0,0,0,0,0,0,0,0,0,0,0,0,0,0,0,0,0,1,0,0,0,0,0,0,0,0,1
1994,United_Kingdom,WHO,TLS,Timor-Leste,0,9,0,0,3,0,0,0,1,0,0,0,0,2,0,0,0,0,0,0,0,0,0,0,0,1,0,0,0,0,0,0,0,0,0,0,0,0,0,0,0,0,0,0,0,0,0,0,0,0,0,0,0,0,0,0,0,0,0,0,0,3,0,1,2,0,1,0,0,0,3
1994,United_States,WHO,TLS,Timor-Leste,0,20,0,0,5,1,0,0,1,0,0,0,0,3,0,0,0,0,0,0,0,0,0,0,0,2,0,0,0,0,0,0,0,0,0,0,0,0,0,0,0,0,0,0,0,0,0,0,0,0,0,0,0,0,0,0,0,0,0,0,0,6,0,1,3,0,2,0,0,0,6
1995,Australia,BIL_AUS,TLS,Timor-Leste,0,30,0,0,0,0,0,0,0,0,0,0,0,0,0,0,0,0,0,0,0,0,0,0,0,0,0,0,0,0,0,0,0,0,0,0,0,0,0,0,0,0,0,0,0,0,0,0,0,0,0,0,0,0,0,0,0,0,0,0,0,30,0,0,0,0,0,0,0,0,0
1995,United_States,BIL_USA,TLS,Timor-Leste,0,116,0,0,0,0,0,0,0,0,0,0,0,0,0,0,0,0,0,0,0,0,0,0,0,0,0,0,0,0,0,0,0,0,0,0,0,0,0,0,0,0,0,0,0,0,0,0,0,0,0,0,0,0,0,0,0,0,0,0,0,116,0,0,0,0,0,0,0,0,0
1995,Austria,EC,TLS,Timor-Leste,0,3,0,0,0,0,0,0,0,0,0,0,0,0,0,0,0,0,0,0,0,0,0,0,0,0,0,0,0,0,0,0,0,0,0,0,3,0,0,0,0,0,0,0,0,0,0,0,0,0,0,0,0,0,0,0,0,0,0,0,0,0,0,0,0,0,0,3,0,0,0
1995,Belgium,EC,TLS,Timor-Leste,0,7,0,0,0,0,0,0,0,0,0,0,0,0,0,0,0,0,0,0,0,0,0,0,0,0,0,0,0,0,0,0,0,0,0,0,7,0,0,0,0,0,0,0,0,0,0,0,0,0,0,0,0,0,0,0,0,0,0,0,0,0,0,0,0,0,0,7,0,0,0
1995,Denmark,EC,TLS,Timor-Leste,0,4,0,0,0,0,0,0,0,0,0,0,0,0,0,0,0,0,0,0,0,0,0,0,0,0,0,0,0,0,0,0,0,0,0,0,4,0,0,0,0,0,0,0,0,0,0,0,0,0,0,0,0,0,0,0,0,0,0,0,0,0,0,0,0,0,0,4,0,0,0
1995,Finland,EC,TLS,Timor-Leste,0,1,0,0,0,0,0,0,0,0,0,0,0,0,0,0,0,0,0,0,0,0,0,0,0,0,0,0,0,0,0,0,0,0,0,0,1,0,0,0,0,0,0,0,0,0,0,0,0,0,0,0,0,0,0,0,0,0,0,0,0,0,0,0,0,0,0,1,0,0,0
1995,France,EC,TLS,Timor-Leste,0,33,0,0,0,0,0,0,0,0,0,0,0,0,0,0,0,0,0,0,0,0,0,0,0,0,0,0,0,0,0,0,0,0,0,0,33,0,0,0,0,0,0,0,0,0,0,0,0,0,0,0,0,0,0,0,0,0,0,0,0,0,0,0,0,0,0,33,0,0,0
1995,Germany,EC,TLS,Timor-Leste,0,53,0,0,0,0,0,0,0,0,0,0,0,0,0,0,0,0,0,0,0,0,0,0,0,0,0,0,0,0,0,0,0,0,0,0,53,0,0,0,0,0,0,0,0,0,0,0,0,0,0,0,0,0,0,0,0,0,0,0,0,0,0,0,0,0,0,53,0,0,0
1995,Ireland,EC,TLS,Timor-Leste,0,1,0,0,0,0,0,0,0,0,0,0,0,0,0,0,0,0,0,0,0,0,0,0,0,0,0,0,0,0,0,0,0,0,0,0,1,0,0,0,0,0,0,0,0,0,0,0,0,0,0,0,0,0,0,0,0,0,0,0,0,0,0,0,0,0,0,1,0,0,0
1995,Italy,EC,TLS,Timor-Leste,0,21,0,0,0,0,0,0,0,0,0,0,0,0,0,0,0,0,0,0,0,0,0,0,0,0,0,0,0,0,0,0,0,0,0,0,21,0,0,0,0,0,0,0,0,0,0,0,0,0,0,0,0,0,0,0,0,0,0,0,0,0,0,0,0,0,0,21,0,0,0
1995,Netherlands,EC,TLS,Timor-Leste,0,5,0,0,0,0,0,0,0,0,0,0,0,0,0,0,0,0,0,0,0,0,0,0,0,0,0,0,0,0,0,0,0,0,0,0,5,0,0,0,0,0,0,0,0,0,0,0,0,0,0,0,0,0,0,0,0,0,0,0,0,0,0,0,0,0,0,5,0,0,0
1995,Portugal,EC,TLS,Timor-Leste,0,2,0,0,0,0,0,0,0,0,0,0,0,0,0,0,0,0,0,0,0,0,0,0,0,0,0,0,0,0,0,0,0,0,0,0,2,0,0,0,0,0,0,0,0,0,0,0,0,0,0,0,0,0,0,0,0,0,0,0,0,0,0,0,0,0,0,2,0,0,0
1995,Spain,EC,TLS,Timor-Leste,0,11,0,0,0,0,0,0,0,0,0,0,0,0,0,0,0,0,0,0,0,0,0,0,0,0,0,0,0,0,0,0,0,0,0,0,11,0,0,0,0,0,0,0,0,0,0,0,0,0,0,0,0,0,0,0,0,0,0,0,0,0,0,0,0,0,0,11,0,0,0
1995,Sweden,EC,TLS,Timor-Leste,0,3,0,0,0,0,0,0,0,0,0,0,0,0,0,0,0,0,0,0,0,0,0,0,0,0,0,0,0,0,0,0,0,0,0,0,3,0,0,0,0,0,0,0,0,0,0,0,0,0,0,0,0,0,0,0,0,0,0,0,0,0,0,0,0,0,0,3,0,0,0
1995,United_Kingdom,EC,TLS,Timor-Leste,0,28,0,0,0,0,0,0,0,0,0,0,0,0,0,0,0,0,0,0,0,0,0,0,0,0,0,0,0,0,0,0,0,0,0,0,28,0,0,0,0,0,0,0,0,0,0,0,0,0,0,0,0,0,0,0,0,0,0,0,0,0,0,0,0,0,0,28,0,0,0
1995,Australia,INTLNGO,TLS,Timor-Leste,0,7,0,0,0,0,0,0,0,0,0,0,0,0,0,0,0,0,0,0,0,0,0,0,0,0,0,0,0,0,0,0,0,0,0,0,0,0,0,0,0,0,0,0,0,0,0,0,0,0,0,0,0,0,0,0,0,0,0,0,0,7,0,0,0,0,0,0,0,0,0
1995,United_States,INTLNGO,TLS,Timor-Leste,0,15,0,0,0,0,0,0,0,0,0,0,0,0,0,0,0,0,0,0,0,0,0,0,0,0,0,0,0,0,0,0,0,0,0,0,0,0,0,0,0,0,0,0,0,0,0,0,0,0,0,0,0,0,0,0,0,0,0,0,0,15,0,0,0,0,0,0,0,0,0
1995,Corporate_donations,NGO,TLS,Timor-Leste,0,29,1,0,0,0,2,0,0,1,1,0,2,1,2,2,3,0,0,0,0,0,0,0,0,0,0,0,0,0,0,0,0,0,0,0,0,0,0,0,0,0,0,0,0,0,0,0,0,0,0,1,0,0,0,1,0,1,2,0,0,8,0,4,9,5,1,0,0,1,1
1995,Private_other,NGO,TLS,Timor-Leste,0,170,12,0,1,0,12,5,0,4,5,1,11,0,23,11,18,0,1,1,0,0,0,1,0,0,1,1,0,1,0,5,0,1,6,0,0,0,11,11,0,0,0,0,0,0,0,0,0,0,0,1,1,0,0,1,0,1,4,0,0,12,0,27,63,7,5,36,1,3,14
1995,United_States,NGO,TLS,Timor-Leste,0,61,0,0,0,0,0,0,0,0,0,0,0,0,0,0,0,0,0,0,0,0,0,0,0,0,0,0,0,0,0,0,0,0,0,0,0,0,0,0,0,0,0,0,0,0,0,0,0,0,0,0,0,0,0,0,0,0,0,0,0,61,0,0,0,0,0,0,0,0,0
1995,Private_other,US_FOUND,TLS,Timor-Leste,0,3,0,0,0,0,1,0,0,0,1,0,0,0,0,0,0,0,0,0,0,0,0,0,0,0,0,0,0,0,0,0,0,0,0,0,0,0,0,0,0,0,0,0,0,0,0,0,0,0,0,0,0,0,0,0,0,0,0,0,0,0,0,2,0,0,0,0,0,0,0
1996,United_Kingdom,BIL_GBR,TLS,Timor-Leste,0,6,3,0,0,0,0,0,0,0,0,0,0,0,0,0,0,0,0,1,0,0,0,0,0,0,0,0,0,0,0,0,0,0,0,0,0,0,0,0,0,0,0,0,0,0,0,0,0,0,0,0,0,0,0,0,0,0,0,0,0,2,0,0,0,0,1,0,0,0,3
1996,Sweden,BIL_SWE,TLS,Timor-Leste,0,2,1,0,0,0,0,1,0,0,0,0,0,0,0,0,0,0,0,0,0,0,0,0,0,0,0,0,0,0,0,0,0,0,0,0,0,0,0,0,0,0,0,0,0,0,0,0,0,0,0,0,0,0,0,0,0,0,0,0,0,0,0,1,0,0,0,0,0,0,1
1996,Sweden,INTLNGO,TLS,Timor-Leste,0,1,0,0,0,0,0,1,0,0,0,0,0,0,0,0,0,0,0,0,0,0,0,0,0,0,0,0,0,0,0,0,0,0,0,0,0,0,0,0,0,0,0,0,0,0,0,0,0,0,0,0,0,0,0,0,0,0,0,0,0,0,0,1,0,0,0,0,0,0,0
1996,United_Kingdom,INTLNGO,TLS,Timor-Leste,0,2,1,0,0,0,0,0,0,0,0,0,0,0,0,0,0,0,0,0,0,0,0,0,0,0,0,0,0,0,0,0,0,0,0,0,0,0,0,0,0,0,0,0,0,0,0,0,0,0,0,0,0,0,0,0,0,0,0,0,0,1,0,0,0,0,0,0,0,0,1
1996,Corporate_donations,NGO,TLS,Timor-Leste,0,32,0,0,0,0,0,0,0,1,1,0,3,1,2,2,4,0,0,0,0,0,0,0,0,0,0,0,0,0,0,0,0,0,0,0,0,0,0,0,0,0,0,0,0,0,0,0,0,0,0,1,0,0,0,1,0,1,2,0,0,9,0,4,12,4,1,0,0,2,0
1996,Private_other,NGO,TLS,Timor-Leste,0,170,12,0,1,0,22,6,0,4,6,1,10,0,25,9,18,0,1,1,0,0,0,1,0,0,1,1,0,1,0,4,0,1,4,0,0,0,8,8,0,0,0,0,0,0,0,0,0,0,0,2,1,0,0,1,0,2,4,0,0,12,0,39,63,8,5,26,1,3,13
1996,Denmark,UNAIDS,TLS,Timor-Leste,0,3,0,0,0,0,0,0,0,0,0,0,0,0,0,0,0,0,0,0,0,0,0,0,0,0,2,0,0,0,0,0,0,0,0,0,0,0,0,0,0,0,0,0,0,0,0,0,0,0,0,0,0,0,0,0,0,0,0,0,0,0,0,0,0,0,3,0,0,0,0
1996,France,UNAIDS,TLS,Timor-Leste,0,1,0,0,0,0,0,0,0,0,0,0,0,0,0,0,0,0,0,0,0,0,0,0,0,0,1,0,0,0,0,0,0,0,0,0,0,0,0,0,0,0,0,0,0,0,0,0,0,0,0,0,0,0,0,0,0,0,0,0,0,0,0,0,0,0,1,0,0,0,0
1996,Japan,UNAIDS,TLS,Timor-Leste,0,1,0,0,0,0,0,0,0,0,0,0,0,0,0,0,0,0,0,0,0,0,0,0,0,0,1,0,0,0,0,0,0,0,0,0,0,0,0,0,0,0,0,0,0,0,0,0,0,0,0,0,0,0,0,0,0,0,0,0,0,0,0,0,0,0,1,0,0,0,0
1996,Netherlands,UNAIDS,TLS,Timor-Leste,0,2,0,0,0,0,0,0,0,0,0,0,0,0,0,0,0,0,0,0,0,0,0,0,0,0,1,0,0,0,0,0,0,0,0,0,0,0,0,0,0,0,0,0,0,0,0,0,0,0,0,0,0,0,0,0,0,0,0,0,0,0,0,0,0,0,2,0,0,0,0
1996,Norway,UNAIDS,TLS,Timor-Leste,0,2,0,0,0,0,0,0,0,0,0,0,0,0,0,0,0,0,0,0,0,0,0,0,0,0,1,0,0,0,0,0,0,0,0,0,0,0,0,0,0,0,0,0,0,0,0,0,0,0,0,0,0,0,0,0,0,0,0,0,0,0,0,0,0,0,2,0,0,0,0
1996,Other,UNAIDS,TLS,Timor-Leste,0,1,0,0,0,0,0,0,0,0,0,0,0,0,0,0,0,0,0,0,0,0,0,0,0,0,1,0,0,0,0,0,0,0,0,0,0,0,0,0,0,0,0,0,0,0,0,0,0,0,0,0,0,0,0,0,0,0,0,0,0,0,0,0,0,0,1,0,0,0,0
1996,Sweden,UNAIDS,TLS,Timor-Leste,0,2,0,0,0,0,0,0,0,0,0,0,0,0,0,0,0,0,0,0,0,0,0,0,0,0,1,0,0,0,0,0,0,0,0,0,0,0,0,0,0,0,0,0,0,0,0,0,0,0,0,0,0,0,0,0,0,0,0,0,0,0,0,0,0,0,2,0,0,0,0
1996,United_Kingdom,UNAIDS,TLS,Timor-Leste,0,2,0,0,0,0,0,0,0,0,0,0,0,0,0,0,0,0,0,0,0,0,0,0,0,0,1,0,0,0,0,0,0,0,0,0,0,0,0,0,0,0,0,0,0,0,0,0,0,0,0,0,0,0,0,0,0,0,0,0,0,0,0,0,0,0,2,0,0,0,0
1996,United_States,UNAIDS,TLS,Timor-Leste,0,4,0,0,0,0,0,0,0,0,0,0,0,0,0,0,0,0,0,0,0,0,0,0,0,0,2,0,0,0,0,0,0,0,0,0,0,0,0,0,0,0,0,0,0,0,0,0,0,0,0,0,0,0,0,0,0,0,0,0,0,0,0,0,0,0,4,0,0,0,0
1996,Private_other,US_FOUND,TLS,Timor-Leste,0,6,0,0,0,0,1,0,0,0,0,0,0,0,0,0,0,0,0,0,0,0,0,0,0,0,0,0,0,0,0,0,0,0,0,0,0,0,0,0,0,0,0,0,0,0,0,0,0,0,0,0,0,0,0,0,0,0,0,0,0,4,0,2,0,0,0,0,0,0,0
1997,Australia,BIL_AUS,TLS,Timor-Leste,0,16,0,0,0,0,0,0,0,0,0,0,0,0,0,0,0,0,0,0,0,0,0,0,0,4,0,0,0,0,0,0,0,0,0,0,12,0,0,0,0,0,0,0,0,0,0,0,0,0,0,0,0,0,0,0,0,0,0,0,0,0,0,0,0,0,4,12,0,0,0
1997,Finland,BIL_FIN,TLS,Timor-Leste,0,2,0,0,0,0,0,0,0,0,0,0,0,0,0,0,0,0,0,0,0,0,0,0,0,0,0,0,0,0,0,0,0,0,0,0,0,0,0,0,0,0,0,0,0,0,0,0,0,0,0,0,0,0,0,0,0,0,0,0,0,2,0,0,0,0,0,0,0,0,0
1997,United_Kingdom,BIL_GBR,TLS,Timor-Leste,0,2,2,0,0,0,0,0,0,0,0,0,0,0,0,0,0,0,0,0,0,0,0,0,0,0,0,0,0,0,0,0,0,0,0,0,0,0,0,0,0,0,0,0,0,0,0,0,0,0,0,0,0,0,0,0,0,0,0,0,0,0,0,0,0,0,0,0,0,0,2
1997,Netherlands,BIL_NLD,TLS,Timor-Leste,0,5,0,0,0,0,0,0,0,0,0,0,0,0,0,0,0,0,0,5,0,0,0,0,0,0,0,0,0,0,0,0,0,0,0,0,0,0,0,0,0,0,0,0,0,0,0,0,0,0,0,0,0,0,0,0,0,0,0,0,0,0,0,0,0,0,5,0,0,0,0
1997,United_States,BIL_USA,TLS,Timor-Leste,0,261,0,0,0,0,0,6,0,0,0,0,0,0,2,0,0,0,0,0,0,0,0,0,0,8,0,0,0,0,0,0,0,0,0,0,0,0,0,0,0,0,0,0,0,0,0,0,0,0,0,0,0,0,0,0,0,0,0,0,0,245,0,6,2,0,8,0,0,0,0
1997,Australia,INTLNGO,TLS,Timor-Leste,0,4,0,0,0,0,0,0,0,0,0,0,0,0,0,0,0,0,0,0,0,0,0,0,0,1,0,0,0,0,0,0,0,0,0,0,3,0,0,0,0,0,0,0,0,0,0,0,0,0,0,0,0,0,0,0,0,0,0,0,0,0,0,0,0,0,1,3,0,0,0
1997,Finland,INTLNGO,TLS,Timor-Leste,0,2,0,0,0,0,0,0,0,0,0,0,0,0,0,0,0,0,0,0,0,0,0,0,0,0,0,0,0,0,0,0,0,0,0,0,0,0,0,0,0,0,0,0,0,0,0,0,0,0,0,0,0,0,0,0,0,0,0,0,0,2,0,0,0,0,0,0,0,0,0
1997,Netherlands,INTLNGO,TLS,Timor-Leste,0,3,0,0,0,0,0,0,0,0,0,0,0,0,0,0,0,0,0,3,0,0,0,0,0,0,0,0,0,0,0,0,0,0,0,0,0,0,0,0,0,0,0,0,0,0,0,0,0,0,0,0,0,0,0,0,0,0,0,0,0,0,0,0,0,0,3,0,0,0,0
1997,United_States,INTLNGO,TLS,Timor-Leste,0,33,0,0,0,0,0,1,0,0,0,0,0,0,0,0,0,0,0,0,0,0,0,0,0,1,0,0,0,0,0,0,0,0,0,0,0,0,0,0,0,0,0,0,0,0,0,0,0,0,0,0,0,0,0,0,0,0,0,0,0,31,0,1,0,0,1,0,0,0,0
1997,Corporate_donations,NGO,TLS,Timor-Leste,0,40,0,0,0,0,1,0,0,1,1,0,3,1,3,2,4,0,0,0,0,0,0,0,0,0,0,0,0,0,0,0,0,0,0,0,0,0,0,0,0,0,0,0,0,0,0,0,0,0,0,1,0,0,1,1,0,2,2,0,0,14,0,4,13,5,1,1,0,2,0
1997,Private_other,NGO,TLS,Timor-Leste,0,189,12,0,0,1,26,7,0,4,6,1,13,0,27,12,19,0,1,1,0,0,0,1,0,0,1,1,0,1,0,4,0,1,5,0,0,0,9,9,0,0,0,0,0,0,0,0,0,0,0,1,2,1,1,2,0,2,5,0,0,11,0,44,71,10,5,29,1,4,13
1997,United_States,NGO,TLS,Timor-Leste,0,136,0,0,0,0,0,3,0,0,0,0,0,0,1,0,0,0,0,0,0,0,0,0,0,4,0,0,0,0,0,0,0,0,0,0,0,0,0,0,0,0,0,0,0,0,0,0,0,0,0,0,0,0,0,0,0,0,0,0,0,127,0,3,1,0,4,0,0,0,0
1997,Denmark,UNAIDS,TLS,Timor-Leste,0,3,0,0,0,0,0,0,0,0,0,0,0,0,0,0,0,0,0,0,0,0,0,0,0,0,2,0,0,0,0,0,0,0,0,0,0,0,0,0,0,0,0,0,0,0,0,0,0,0,0,0,0,0,0,0,0,0,0,0,0,0,0,0,0,0,3,0,0,0,0
1997,France,UNAIDS,TLS,Timor-Leste,0,1,0,0,0,0,0,0,0,0,0,0,0,0,0,0,0,0,0,0,0,0,0,0,0,0,1,0,0,0,0,0,0,0,0,0,0,0,0,0,0,0,0,0,0,0,0,0,0,0,0,0,0,0,0,0,0,0,0,0,0,0,0,0,0,0,1,0,0,0,0
1997,Japan,UNAIDS,TLS,Timor-Leste,0,1,0,0,0,0,0,0,0,0,0,0,0,0,0,0,0,0,0,0,0,0,0,0,0,0,1,0,0,0,0,0,0,0,0,0,0,0,0,0,0,0,0,0,0,0,0,0,0,0,0,0,0,0,0,0,0,0,0,0,0,0,0,0,0,0,1,0,0,0,0
1997,Netherlands,UNAIDS,TLS,Timor-Leste,0,2,0,0,0,0,0,0,0,0,0,0,0,0,0,0,0,0,0,0,0,0,0,0,0,0,1,0,0,0,0,0,0,0,0,0,0,0,0,0,0,0,0,0,0,0,0,0,0,0,0,0,0,0,0,0,0,0,0,0,0,0,0,0,0,0,2,0,0,0,0
1997,Norway,UNAIDS,TLS,Timor-Leste,0,2,0,0,0,0,0,0,0,0,0,0,0,0,0,0,0,0,0,0,0,0,0,0,0,0,1,0,0,0,0,0,0,0,0,0,0,0,0,0,0,0,0,0,0,0,0,0,0,0,0,0,0,0,0,0,0,0,0,0,0,0,0,0,0,0,2,0,0,0,0
1997,Other,UNAIDS,TLS,Timor-Leste,0,1,0,0,0,0,0,0,0,0,0,0,0,0,0,0,0,0,0,0,0,0,0,0,0,0,1,0,0,0,0,0,0,0,0,0,0,0,0,0,0,0,0,0,0,0,0,0,0,0,0,0,0,0,0,0,0,0,0,0,0,0,0,0,0,0,1,0,0,0,0
1997,Sweden,UNAIDS,TLS,Timor-Leste,0,2,0,0,0,0,0,0,0,0,0,0,0,0,0,0,0,0,0,0,0,0,0,0,0,0,1,0,0,0,0,0,0,0,0,0,0,0,0,0,0,0,0,0,0,0,0,0,0,0,0,0,0,0,0,0,0,0,0,0,0,0,0,0,0,0,2,0,0,0,0
1997,United_Kingdom,UNAIDS,TLS,Timor-Leste,0,2,0,0,0,0,0,0,0,0,0,0,0,0,0,0,0,0,0,0,0,0,0,0,0,0,1,0,0,0,0,0,0,0,0,0,0,0,0,0,0,0,0,0,0,0,0,0,0,0,0,0,0,0,0,0,0,0,0,0,0,0,0,0,0,0,2,0,0,0,0
1997,United_States,UNAIDS,TLS,Timor-Leste,0,4,0,0,0,0,0,0,0,0,0,0,0,0,0,0,0,0,0,0,0,0,0,0,0,0,2,0,0,0,0,0,0,0,0,0,0,0,0,0,0,0,0,0,0,0,0,0,0,0,0,0,0,0,0,0,0,0,0,0,0,0,0,0,0,0,4,0,0,0,0
1997,Private_other,US_FOUND,TLS,Timor-Leste,0,15,0,0,0,0,3,0,0,0,0,0,0,0,8,0,0,0,0,1,0,0,0,0,0,1,0,0,0,0,0,0,0,0,0,0,0,0,0,0,0,0,0,0,0,0,0,0,0,0,0,0,0,0,0,0,3,0,0,0,0,0,0,3,8,3,2,0,0,0,0
1998,Australia,BIL_AUS,TLS,Timor-Leste,0,6,0,0,0,0,0,0,0,0,0,0,0,0,0,0,0,0,0,3,0,0,0,0,0,0,0,2,0,0,0,0,0,0,0,0,0,0,0,0,0,0,0,0,0,0,0,0,0,0,0,0,0,0,0,0,0,0,0,0,0,1,0,0,0,0,5,0,0,0,0
1998,France,BIL_FRA,TLS,Timor-Leste,0,7,0,0,0,0,0,0,0,0,0,0,0,0,0,0,0,0,0,0,0,0,0,0,0,0,0,0,0,0,0,0,0,0,0,0,0,0,0,0,0,0,0,0,0,0,0,0,0,0,0,0,0,0,0,0,0,0,0,0,0,7,0,0,0,0,0,0,0,0,0
1998,United_Kingdom,BIL_GBR,TLS,Timor-Leste,0,14,3,0,0,0,0,0,0,0,0,0,0,0,0,0,0,0,0,1,0,0,0,0,0,0,0,0,0,0,0,0,0,0,0,0,0,0,0,0,0,0,0,0,0,0,0,0,0,0,0,0,0,0,0,0,0,0,0,0,0,9,0,0,0,0,1,0,0,0,3
1998,Netherlands,BIL_NLD,TLS,Timor-Leste,0,4,4,0,0,0,0,0,0,0,0,0,0,0,0,0,0,0,0,0,0,0,0,0,0,0,0,0,0,0,0,0,0,0,0,0,0,0,0,0,0,0,0,0,0,0,0,0,0,0,0,0,0,0,0,0,0,0,0,0,0,0,0,0,0,0,0,0,0,0,4
1998,Sweden,BIL_SWE,TLS,Timor-Leste,0,3,1,0,0,0,0,0,0,0,0,0,0,0,0,0,0,0,0,0,0,0,0,0,0,0,0,0,0,0,0,0,0,0,0,0,0,0,0,0,0,0,0,0,0,0,0,0,0,0,2,0,0,0,0,0,0,0,0,0,0,0,0,0,0,0,0,0,0,2,1
1998,United_States,BIL_USA,TLS,Timor-Leste,0,14,0,0,0,0,0,0,0,0,0,0,0,0,0,0,0,0,0,0,0,0,0,0,0,14,0,0,0,0,0,0,0,0,0,0,0,0,0,0,0,0,0,0,0,0,0,0,0,0,0,0,0,0,0,0,0,0,0,0,0,0,0,0,0,0,14,0,0,0,0
1998,Belgium,EC,TLS,Timor-Leste,0,1,0,0,0,0,0,0,0,0,0,0,0,0,0,0,0,0,0,0,0,0,0,0,0,0,0,0,0,0,0,0,0,0,0,0,0,0,0,0,0,0,0,0,0,0,0,0,0,0,0,0,0,0,0,0,0,0,0,0,0,1,0,0,0,0,0,0,0,0,0
1998,France,EC,TLS,Timor-Leste,0,6,0,0,0,0,0,0,0,0,0,0,0,0,0,0,0,0,0,0,0,0,0,0,0,0,0,0,0,0,0,0,0,0,0,0,0,0,0,0,0,0,0,0,0,0,0,0,0,0,0,0,0,0,0,0,0,0,0,0,0,6,0,0,0,0,0,0,0,0,0
1998,Germany,EC,TLS,Timor-Leste,0,9,0,0,0,0,0,0,0,0,0,0,0,0,0,0,0,0,0,0,0,0,0,0,0,0,0,0,0,0,0,0,0,0,0,0,0,0,0,0,0,0,0,0,0,0,0,0,0,0,0,0,0,0,0,0,0,0,0,0,0,9,0,0,0,0,0,0,0,0,0
1998,Italy,EC,TLS,Timor-Leste,0,5,0,0,0,0,0,0,0,0,0,0,0,0,0,0,0,0,0,0,0,0,0,0,0,0,0,0,0,0,0,0,0,0,0,0,0,0,0,0,0,0,0,0,0,0,0,0,0,0,0,0,0,0,0,0,0,0,0,0,0,5,0,0,0,0,0,0,0,0,0
1998,Netherlands,EC,TLS,Timor-Leste,0,2,0,0,0,0,0,0,0,0,0,0,0,0,0,0,0,0,0,0,0,0,0,0,0,0,0,0,0,0,0,0,0,0,0,0,0,0,0,0,0,0,0,0,0,0,0,0,0,0,0,0,0,0,0,0,0,0,0,0,0,2,0,0,0,0,0,0,0,0,0
1998,Spain,EC,TLS,Timor-Leste,0,3,0,0,0,0,0,0,0,0,0,0,0,0,0,0,0,0,0,0,0,0,0,0,0,0,0,0,0,0,0,0,0,0,0,0,0,0,0,0,0,0,0,0,0,0,0,0,0,0,0,0,0,0,0,0,0,0,0,0,0,3,0,0,0,0,0,0,0,0,0
1998,United_Kingdom,EC,TLS,Timor-Leste,0,6,0,0,0,0,0,0,0,0,0,0,0,0,0,0,0,0,0,0,0,0,0,0,0,0,0,0,0,0,0,0,0,0,0,0,0,0,0,0,0,0,0,0,0,0,0,0,0,0,0,0,0,0,0,0,0,0,0,0,0,6,0,0,0,0,0,0,0,0,0
1998,Australia,INTLNGO,TLS,Timor-Leste,0,1,0,0,0,0,0,0,0,0,0,0,0,0,0,0,0,0,0,1,0,0,0,0,0,0,0,0,0,0,0,0,0,0,0,0,0,0,0,0,0,0,0,0,0,0,0,0,0,0,0,0,0,0,0,0,0,0,0,0,0,0,0,0,0,0,1,0,0,0,0
1998,Netherlands,INTLNGO,TLS,Timor-Leste,0,2,2,0,0,0,0,0,0,0,0,0,0,0,0,0,0,0,0,0,0,0,0,0,0,0,0,0,0,0,0,0,0,0,0,0,0,0,0,0,0,0,0,0,0,0,0,0,0,0,0,0,0,0,0,0,0,0,0,0,0,0,0,0,0,0,0,0,0,0,2
1998,Sweden,INTLNGO,TLS,Timor-Leste,0,2,0,0,0,0,0,0,0,0,0,0,0,0,0,0,0,0,0,0,0,0,0,0,0,0,0,0,0,0,0,0,0,0,0,0,0,0,0,0,0,0,0,0,0,0,0,0,0,0,2,0,0,0,0,0,0,0,0,0,0,0,0,0,0,0,0,0,0,2,0
1998,United_Kingdom,INTLNGO,TLS,Timor-Leste,0,5,1,0,0,0,0,0,0,0,0,0,0,0,0,0,0,0,0,1,0,0,0,0,0,0,0,0,0,0,0,0,0,0,0,0,0,0,0,0,0,0,0,0,0,0,0,0,0,0,0,0,0,0,0,0,0,0,0,0,0,3,0,0,0,0,1,0,0,0,1
1998,United_States,INTLNGO,TLS,Timor-Leste,0,2,0,0,0,0,0,0,0,0,0,0,0,0,0,0,0,0,0,0,0,0,0,0,0,2,0,0,0,0,0,0,0,0,0,0,0,0,0,0,0,0,0,0,0,0,0,0,0,0,0,0,0,0,0,0,0,0,0,0,0,0,0,0,0,0,2,0,0,0,0
1998,Corporate_donations,NGO,TLS,Timor-Leste,0,42,0,0,0,0,0,0,0,1,1,0,4,1,4,2,5,0,0,0,0,0,0,0,0,0,0,0,0,0,0,0,0,0,0,0,0,0,0,0,0,0,0,0,0,0,0,0,0,0,0,1,0,0,0,0,0,1,2,0,0,18,0,3,15,3,1,1,0,1,0
1998,Private_other,NGO,TLS,Timor-Leste,0,254,13,0,0,0,43,10,0,6,9,1,15,0,29,14,24,0,2,1,0,0,0,1,0,0,1,1,0,1,0,8,0,2,8,0,0,1,16,16,1,1,0,0,0,0,0,0,0,0,0,2,2,1,1,1,0,2,5,1,0,13,0,68,82,11,7,53,2,6,13
1998,United_States,NGO,TLS,Timor-Leste,0,7,0,0,0,0,0,0,0,0,0,0,0,0,0,0,0,0,0,0,0,0,0,0,0,7,0,0,0,0,0,0,0,0,0,0,0,0,0,0,0,0,0,0,0,0,0,0,0,0,0,0,0,0,0,0,0,0,0,0,0,0,0,0,0,0,7,0,0,0,0
1998,Denmark,UNAIDS,TLS,Timor-Leste,0,1,0,0,0,0,0,0,0,0,0,0,0,0,0,0,0,0,0,0,0,0,0,0,0,0,1,0,0,0,0,0,0,0,0,0,0,0,0,0,0,0,0,0,0,0,0,0,0,0,0,0,0,0,0,0,0,0,0,0,0,0,0,0,0,0,1,0,0,0,0
1998,Japan,UNAIDS,TLS,Timor-Leste,0,3,0,0,0,0,0,0,0,0,0,0,0,0,0,0,0,0,0,0,0,0,0,0,0,0,2,0,0,0,0,0,0,0,0,0,0,0,0,0,0,0,0,0,0,0,0,0,0,0,0,0,0,0,0,0,0,0,0,0,0,0,0,0,0,0,3,0,0,0,0
1998,Netherlands,UNAIDS,TLS,Timor-Leste,0,2,0,0,0,0,0,0,0,0,0,0,0,0,0,0,0,0,0,0,0,0,0,0,0,0,2,0,0,0,0,0,0,0,0,0,0,0,0,0,0,0,0,0,0,0,0,0,0,0,0,0,0,0,0,0,0,0,0,0,0,0,0,0,0,0,2,0,0,0,0
1998,Norway,UNAIDS,TLS,Timor-Leste,0,2,0,0,0,0,0,0,0,0,0,0,0,0,0,0,0,0,0,0,0,0,0,0,0,0,2,0,0,0,0,0,0,0,0,0,0,0,0,0,0,0,0,0,0,0,0,0,0,0,0,0,0,0,0,0,0,0,0,0,0,0,0,0,0,0,2,0,0,0,0
1998,Other,UNAIDS,TLS,Timor-Leste,0,1,0,0,0,0,0,0,0,0,0,0,0,0,0,0,0,0,0,0,0,0,0,0,0,0,1,0,0,0,0,0,0,0,0,0,0,0,0,0,0,0,0,0,0,0,0,0,0,0,0,0,0,0,0,0,0,0,0,0,0,0,0,0,0,0,1,0,0,0,0
1998,Sweden,UNAIDS,TLS,Timor-Leste,0,2,0,0,0,0,0,0,0,0,0,0,0,0,0,0,0,0,0,0,0,0,0,0,0,0,1,0,0,0,0,0,0,0,0,0,0,0,0,0,0,0,0,0,0,0,0,0,0,0,0,0,0,0,0,0,0,0,0,0,0,0,0,0,0,0,2,0,0,0,0
1998,United_Kingdom,UNAIDS,TLS,Timor-Leste,0,2,0,0,0,0,0,0,0,0,0,0,0,0,0,0,0,0,0,0,0,0,0,0,0,0,1,0,0,0,0,0,0,0,0,0,0,0,0,0,0,0,0,0,0,0,0,0,0,0,0,0,0,0,0,0,0,0,0,0,0,0,0,0,0,0,2,0,0,0,0
1998,United_States,UNAIDS,TLS,Timor-Leste,0,6,0,0,0,0,0,0,0,0,0,0,0,0,0,0,0,0,0,1,0,0,0,0,0,1,4,0,0,0,0,0,0,0,0,0,0,0,0,0,0,0,0,0,0,0,0,0,0,0,0,0,0,0,0,0,0,0,0,0,0,0,0,0,0,0,6,0,0,0,0
1998,Australia,UNICEF,TLS,Timor-Leste,0,1,0,0,0,0,0,0,0,0,0,0,0,0,0,0,0,0,0,0,0,0,0,0,0,0,0,0,0,0,0,0,0,0,0,0,0,0,0,0,0,0,0,0,0,0,0,0,0,0,0,0,0,0,0,0,0,0,0,0,0,0,0,0,1,0,0,0,0,0,0
1998,Canada,UNICEF,TLS,Timor-Leste,0,2,0,0,0,0,0,0,0,0,0,0,1,0,1,0,0,0,0,0,0,0,0,0,0,0,0,0,0,0,0,0,0,0,0,0,0,0,0,0,0,0,0,0,0,0,0,0,0,0,0,0,0,0,0,0,0,0,0,0,0,0,0,0,2,0,0,0,0,0,0
1998,Denmark,UNICEF,TLS,Timor-Leste,0,2,0,0,0,0,0,0,0,0,0,0,0,0,1,0,0,0,0,0,0,0,0,0,0,0,0,0,0,0,0,0,0,0,0,0,0,0,0,0,0,0,0,0,0,0,0,0,0,0,0,0,0,0,0,0,0,0,0,0,0,0,0,0,1,0,0,0,0,0,0
1998,Japan,UNICEF,TLS,Timor-Leste,0,3,0,0,0,0,0,0,0,0,0,0,1,1,1,0,0,0,0,0,0,0,0,0,0,0,0,0,0,0,0,0,0,0,0,0,0,0,0,0,0,0,0,0,0,0,0,0,0,0,0,0,0,0,0,0,0,0,0,0,0,0,0,0,3,0,0,0,0,0,0
1998,Netherlands,UNICEF,TLS,Timor-Leste,0,3,0,0,0,0,0,0,0,0,0,0,1,1,1,0,0,0,0,0,0,0,0,0,0,0,0,0,0,0,0,0,0,0,0,0,0,0,0,0,0,0,0,0,0,0,0,0,0,0,0,0,0,0,0,0,0,0,0,0,0,0,0,0,3,0,0,0,0,0,0
1998,Norway,UNICEF,TLS,Timor-Leste,0,4,0,0,0,0,0,0,0,0,0,0,1,1,1,0,0,0,0,0,0,0,0,0,0,0,0,0,0,0,0,0,0,0,0,0,0,0,0,0,0,0,0,0,0,0,0,0,0,0,0,0,0,0,0,0,0,0,0,0,0,0,0,0,3,0,0,0,0,0,0
1998,Other,UNICEF,TLS,Timor-Leste,0,1,0,0,0,0,0,0,0,0,0,0,0,0,0,0,0,0,0,0,0,0,0,0,0,0,0,0,0,0,0,0,0,0,0,0,0,0,0,0,0,0,0,0,0,0,0,0,0,0,0,0,0,0,0,0,0,0,0,0,0,0,0,0,1,0,0,0,0,0,0
1998,Private_other,UNICEF,TLS,Timor-Leste,0,16,0,0,0,0,0,0,0,0,0,0,5,3,5,1,0,0,0,0,0,0,0,0,0,0,0,0,0,0,0,0,0,0,0,0,0,0,0,0,0,0,0,0,0,0,0,0,0,0,0,0,0,0,0,0,0,0,0,0,0,0,0,0,14,0,1,0,0,0,0
1998,Sweden,UNICEF,TLS,Timor-Leste,0,5,0,0,0,0,0,0,0,0,0,0,1,1,2,0,0,0,0,0,0,0,0,0,0,0,0,0,0,0,0,0,0,0,0,0,0,0,0,0,0,0,0,0,0,0,0,0,0,0,0,0,0,0,0,0,0,0,0,0,0,0,0,0,4,0,0,0,0,0,0
1998,United_Kingdom,UNICEF,TLS,Timor-Leste,0,3,0,0,0,0,0,0,0,0,0,0,1,1,1,0,0,0,0,0,0,0,0,0,0,0,0,0,0,0,0,0,0,0,0,0,0,0,0,0,0,0,0,0,0,0,0,0,0,0,0,0,0,0,0,0,0,0,0,0,0,0,0,0,3,0,0,0,0,0,0
1998,United_States,UNICEF,TLS,Timor-Leste,0,11,0,0,0,0,0,0,0,0,0,0,3,2,3,1,0,0,0,0,0,0,0,0,0,0,0,0,0,0,0,0,0,0,0,0,0,0,0,0,0,0,0,0,0,0,0,0,0,0,0,0,0,0,0,0,0,0,0,0,0,0,0,0,10,0,1,0,0,0,0
1998,Private_other,US_FOUND,TLS,Timor-Leste,0,4,0,0,0,0,1,0,0,0,0,0,1,0,0,0,0,0,0,0,0,0,0,0,0,0,0,0,0,0,0,0,0,0,0,0,0,0,0,0,0,0,0,0,0,0,0,0,0,0,0,0,0,0,0,0,0,0,0,0,0,2,0,1,1,0,0,0,0,0,0
1998,Australia,WHO,TLS,Timor-Leste,0,8,0,0,2,0,0,0,0,0,0,0,0,0,0,0,0,0,0,0,0,0,0,0,0,0,0,0,0,0,0,0,0,0,0,0,0,0,0,0,0,0,0,0,0,0,0,0,0,0,2,0,0,0,0,0,0,0,0,0,0,2,0,0,1,0,0,0,0,2,2
1998,Austria,WHO,TLS,Timor-Leste,0,3,0,0,1,0,0,0,0,0,0,0,0,0,0,0,0,0,0,0,0,0,0,0,0,0,0,0,0,0,0,0,0,0,0,0,0,0,0,0,0,0,0,0,0,0,0,0,0,0,1,0,0,0,0,0,0,0,0,0,0,1,0,0,0,0,0,0,0,1,1
1998,Belgium,WHO,TLS,Timor-Leste,0,6,0,0,1,0,0,0,0,0,0,0,0,0,0,0,0,0,0,0,0,0,0,0,0,0,0,0,0,0,0,0,0,0,0,0,0,0,0,0,0,0,0,0,0,0,0,0,0,0,2,0,0,0,0,0,0,0,0,0,0,2,0,0,0,0,0,0,0,2,2
1998,Canada,WHO,TLS,Timor-Leste,0,17,0,0,4,1,0,0,0,0,0,0,0,1,0,0,0,0,0,0,0,0,0,0,0,1,0,0,0,0,0,0,0,0,0,0,0,0,0,0,0,0,0,0,0,0,0,0,0,0,4,0,0,0,0,0,0,0,0,0,0,4,0,1,1,1,1,0,0,4,4
1998,China,WHO,TLS,Timor-Leste,0,5,0,0,1,0,0,0,0,0,0,0,0,0,0,0,0,0,0,0,0,0,0,0,0,0,0,0,0,0,0,0,0,0,0,0,0,0,0,0,0,0,0,0,0,0,0,0,0,0,1,0,0,0,0,0,0,0,0,0,0,1,0,0,0,0,0,0,0,1,1
1998,Denmark,WHO,TLS,Timor-Leste,0,6,0,0,1,0,0,0,0,0,0,0,0,0,0,0,0,0,0,0,0,0,0,0,0,0,0,0,0,0,0,0,0,0,0,0,0,0,0,0,0,0,0,0,0,0,0,0,0,0,1,0,0,0,0,0,0,0,0,0,0,1,0,0,0,0,0,0,0,1,1
1998,Finland,WHO,TLS,Timor-Leste,0,3,0,0,1,0,0,0,0,0,0,0,0,0,0,0,0,0,0,0,0,0,0,0,0,0,0,0,0,0,0,0,0,0,0,0,0,0,0,0,0,0,0,0,0,0,0,0,0,0,1,0,0,0,0,0,0,0,0,0,0,1,0,0,0,0,0,0,0,1,1
1998,France,WHO,TLS,Timor-Leste,0,39,0,0,8,1,0,1,1,0,0,0,0,2,0,0,0,0,0,0,0,0,0,0,0,2,0,0,0,0,0,0,0,0,0,0,1,0,0,0,0,0,0,1,0,0,0,0,0,0,10,0,0,0,0,1,0,0,0,0,0,10,0,2,2,1,2,1,1,10,10
1998,Germany,WHO,TLS,Timor-Leste,0,55,0,0,12,2,0,2,1,0,0,0,0,3,0,0,0,0,0,0,0,0,0,0,0,2,0,0,0,0,0,0,0,0,0,0,2,0,0,0,0,0,0,1,0,0,0,0,0,0,14,0,0,0,0,1,1,0,0,0,0,15,0,3,3,2,2,2,1,14,14
1998,Greece,WHO,TLS,Timor-Leste,0,2,0,0,0,0,0,0,0,0,0,0,0,0,0,0,0,0,0,0,0,0,0,0,0,0,0,0,0,0,0,0,0,0,0,0,0,0,0,0,0,0,0,0,0,0,0,0,0,0,1,0,0,0,0,0,0,0,0,0,0,1,0,0,0,0,0,0,0,1,1
1998,Ireland,WHO,TLS,Timor-Leste,0,1,0,0,0,0,0,0,0,0,0,0,0,0,0,0,0,0,0,0,0,0,0,0,0,0,0,0,0,0,0,0,0,0,0,0,0,0,0,0,0,0,0,0,0,0,0,0,0,0,0,0,0,0,0,0,0,0,0,0,0,0,0,0,0,0,0,0,0,0,0
1998,Italy,WHO,TLS,Timor-Leste,0,32,0,0,7,1,0,1,1,0,0,0,0,2,0,0,0,0,0,0,0,0,0,0,0,1,0,0,0,0,0,0,0,0,0,0,1,0,0,0,0,0,0,1,0,0,0,0,0,0,8,0,0,0,0,1,0,0,0,0,0,8,0,2,2,1,1,1,1,8,8
1998,Japan,WHO,TLS,Timor-Leste,0,105,0,0,23,3,0,3,3,0,0,0,1,5,0,0,0,0,0,0,0,0,0,0,0,4,0,0,0,0,0,0,0,0,0,0,3,0,0,0,0,0,0,2,0,0,0,0,0,0,26,0,0,0,1,2,1,0,0,0,0,28,0,6,6,4,4,3,2,26,26
1998,Korea,WHO,TLS,Timor-Leste,0,5,0,0,1,0,0,0,0,0,0,0,0,0,0,0,0,0,0,0,0,0,0,0,0,0,0,0,0,0,0,0,0,0,0,0,0,0,0,0,0,0,0,0,0,0,0,0,0,0,1,0,0,0,0,0,0,0,0,0,0,1,0,0,0,0,0,0,0,1,1
1998,Netherlands,WHO,TLS,Timor-Leste,0,12,0,0,3,0,0,0,0,0,0,0,0,1,0,0,0,0,0,0,0,0,0,0,0,0,0,0,0,0,0,0,0,0,0,0,0,0,0,0,0,0,0,0,0,0,0,0,0,0,3,0,0,0,0,0,0,0,0,0,0,3,0,1,1,0,0,0,0,3,3
1998,New_Zealand,WHO,TLS,Timor-Leste,0,1,0,0,0,0,0,0,0,0,0,0,0,0,0,0,0,0,0,0,0,0,0,0,0,0,0,0,0,0,0,0,0,0,0,0,0,0,0,0,0,0,0,0,0,0,0,0,0,0,0,0,0,0,0,0,0,0,0,0,0,0,0,0,0,0,0,0,0,0,0
1998,Non_OECD_DAC_countries,WHO,TLS,Timor-Leste,0,8,0,0,2,0,0,0,0,0,0,0,0,0,0,0,0,0,0,0,0,0,0,0,0,0,0,0,0,0,0,0,0,0,0,0,0,0,0,0,0,0,0,0,0,0,0,0,0,0,2,0,0,0,0,0,0,0,0,0,0,2,0,0,0,0,0,0,0,2,2
1998,Non_OECD_non_DAC_countries,WHO,TLS,Timor-Leste,0,315,0,0,69,10,0,9,8,0,0,0,3,15,1,0,0,0,0,0,0,0,0,0,0,12,0,0,0,0,0,0,0,0,0,0,9,0,0,0,0,0,0,6,0,0,0,0,0,0,78,0,0,0,2,6,4,0,0,0,0,82,0,17,19,11,12,9,6,78,79
1998,Norway,WHO,TLS,Timor-Leste,0,5,0,0,1,0,0,0,0,0,0,0,0,0,0,0,0,0,0,0,0,0,0,0,0,0,0,0,0,0,0,0,0,0,0,0,0,0,0,0,0,0,0,0,0,0,0,0,0,0,1,0,0,0,0,0,0,0,0,0,0,1,0,0,0,0,0,0,0,1,1
1998,Other,WHO,TLS,Timor-Leste,0,200,0,0,44,6,0,6,5,0,0,0,2,9,1,0,0,0,0,0,0,0,0,0,0,8,0,0,0,0,0,0,0,0,0,0,6,0,0,0,0,0,0,4,0,0,0,0,0,0,50,0,0,0,1,4,2,0,0,0,0,52,0,11,12,7,8,6,4,50,50
1998,Other_OECD_DAC_countries,WHO,TLS,Timor-Leste,0,3,0,0,1,0,0,0,0,0,0,0,0,0,0,0,0,0,0,0,0,0,0,0,0,0,0,0,0,0,0,0,0,0,0,0,0,0,0,0,0,0,0,0,0,0,0,0,0,0,1,0,0,0,0,0,0,0,0,0,0,1,0,0,0,0,0,0,0,1,1
1998,Portugal,WHO,TLS,Timor-Leste,0,2,0,0,0,0,0,0,0,0,0,0,0,0,0,0,0,0,0,0,0,0,0,0,0,0,0,0,0,0,0,0,0,0,0,0,0,0,0,0,0,0,0,0,0,0,0,0,0,0,0,0,0,0,0,0,0,0,0,0,0,1,0,0,0,0,0,0,0,0,1
1998,Private_other,WHO,TLS,Timor-Leste,0,160,0,0,35,5,0,5,4,0,0,0,1,8,1,0,0,0,0,0,0,0,0,0,0,6,0,0,0,0,0,0,0,0,0,0,5,0,0,0,0,0,0,3,0,0,0,0,0,0,40,0,0,0,1,3,2,0,0,0,0,42,0,8,10,6,6,5,3,40,40
1998,Spain,WHO,TLS,Timor-Leste,0,14,0,0,3,0,0,0,0,0,0,0,0,1,0,0,0,0,0,0,0,0,0,0,0,1,0,0,0,0,0,0,0,0,0,0,0,0,0,0,0,0,0,0,0,0,0,0,0,0,4,0,0,0,0,0,0,0,0,0,0,4,0,1,1,1,1,0,0,4,4
1998,Sweden,WHO,TLS,Timor-Leste,0,7,0,0,1,0,0,0,0,0,0,0,0,0,0,0,0,0,0,0,0,0,0,0,0,0,0,0,0,0,0,0,0,0,0,0,0,0,0,0,0,0,0,0,0,0,0,0,0,0,2,0,0,0,0,0,0,0,0,0,0,2,0,0,0,0,0,0,0,2,2
1998,Switzerland,WHO,TLS,Timor-Leste,0,7,0,0,2,0,0,0,0,0,0,0,0,0,0,0,0,0,0,0,0,0,0,0,0,0,0,0,0,0,0,0,0,0,0,0,0,0,0,0,0,0,0,0,0,0,0,0,0,0,2,0,0,0,0,0,0,0,0,0,0,2,0,0,0,0,0,0,0,2,2
1998,Unallocable,WHO,TLS,Timor-Leste,0,32,0,0,7,1,0,1,1,0,0,0,0,1,0,0,0,0,0,0,0,0,0,0,0,1,0,0,0,0,0,0,0,0,0,0,1,0,0,0,0,0,0,1,0,0,0,0,0,0,8,0,0,0,0,1,0,0,0,0,0,8,0,2,2,1,1,1,1,8,8
1998,United_Kingdom,WHO,TLS,Timor-Leste,0,31,0,0,7,1,0,1,1,0,0,0,0,1,0,0,0,0,0,0,0,0,0,0,0,1,0,0,0,0,0,0,0,0,0,0,1,0,0,0,0,0,0,1,0,0,0,0,0,0,8,0,0,0,0,1,0,0,0,0,0,8,0,2,2,1,1,1,1,8,8
1998,United_States,WHO,TLS,Timor-Leste,0,156,0,0,34,5,0,5,4,0,0,0,1,7,1,0,0,0,0,0,0,0,0,0,0,6,0,0,0,0,0,0,0,0,0,0,5,0,0,0,0,0,0,3,0,0,0,0,0,0,39,0,0,0,1,3,2,0,0,0,0,41,0,8,9,6,6,5,3,39,39
1999,Australia,BIL_AUS,TLS,Timor-Leste,0,1044,105,0,0,0,0,0,0,0,0,0,0,0,0,0,0,0,0,1,0,0,0,0,0,1,0,0,0,0,0,0,0,0,0,0,743,0,0,0,0,0,0,0,0,0,0,0,0,0,0,0,0,0,0,0,0,0,0,0,0,192,0,0,0,0,3,743,0,0,105
1999,Canada,BIL_CAN,TLS,Timor-Leste,0,2,2,0,0,0,0,0,0,0,0,0,0,0,0,0,0,0,0,0,0,0,0,0,0,0,0,0,0,0,0,0,0,0,0,0,0,0,0,0,0,0,0,0,0,0,0,0,0,0,0,0,0,0,0,0,0,0,0,0,0,0,0,0,0,0,0,0,0,0,2
1999,Germany,BIL_DEU,TLS,Timor-Leste,0,11,8,0,0,0,0,0,0,0,0,0,0,0,0,0,0,0,0,0,0,0,0,0,0,0,0,0,0,0,0,0,0,0,0,0,0,0,0,0,0,0,0,0,0,0,0,0,0,0,0,0,0,0,0,0,0,0,0,0,0,4,0,0,0,0,0,0,0,0,8
1999,Finland,BIL_FIN,TLS,Timor-Leste,0,1,0,0,0,0,0,0,0,0,0,0,0,0,0,0,0,0,0,0,0,0,0,0,0,0,0,0,0,0,0,0,0,0,0,0,0,0,0,0,0,0,0,0,0,0,0,0,0,0,0,0,0,0,0,0,0,0,0,0,0,1,0,0,0,0,0,0,0,0,0
1999,United_Kingdom,BIL_GBR,TLS,Timor-Leste,0,7,2,0,0,0,0,0,0,0,0,0,0,0,0,0,0,0,0,0,0,0,0,0,0,0,0,0,0,0,0,0,0,0,0,0,0,0,0,0,0,0,0,0,0,0,0,0,0,0,0,0,0,0,0,0,0,0,0,0,0,5,0,0,0,0,0,0,0,0,2
1999,Netherlands,BIL_NLD,TLS,Timor-Leste,0,2,0,0,0,0,0,0,0,0,0,0,0,0,0,0,0,0,0,0,0,0,0,0,0,0,0,0,0,0,0,0,0,0,0,0,0,0,0,0,0,0,0,0,0,0,0,0,0,0,0,0,0,0,0,0,0,0,0,0,0,2,0,0,0,0,0,0,0,0,0
1999,Sweden,BIL_SWE,TLS,Timor-Leste,0,3,0,0,0,0,0,1,0,0,0,0,0,0,0,0,0,0,0,0,0,0,0,0,0,0,0,0,0,0,0,0,0,0,0,0,0,0,0,0,0,0,0,0,0,0,0,0,0,0,2,0,0,0,0,0,0,0,0,0,0,0,0,1,0,0,0,0,0,2,0
1999,United_States,BIL_USA,TLS,Timor-Leste,0,87,0,0,0,0,3,40,0,0,0,0,0,1,21,0,0,0,0,0,0,0,0,0,0,10,0,0,0,0,0,0,0,0,0,0,0,0,0,0,0,0,0,0,0,0,0,0,0,0,1,0,0,0,0,0,0,0,0,0,0,12,0,42,21,0,10,0,0,1,0
1999,Gates Foundation,GATES,TLS,Timor-Leste,0,47,0,0,0,0,1,14,2,0,0,0,1,3,10,0,0,0,0,0,0,0,0,0,0,0,0,0,0,0,0,0,0,0,0,0,0,0,0,0,0,0,0,0,0,0,0,0,0,0,2,0,0,0,0,0,1,0,0,0,0,13,0,17,14,1,0,0,0,2,0
1999,Australia,INTLNGO,TLS,Timor-Leste,0,236,24,0,0,0,0,0,0,0,0,0,0,0,0,0,0,0,0,0,0,0,0,0,0,0,0,0,0,0,0,0,0,0,0,0,169,0,0,0,0,0,0,0,0,0,0,0,0,0,0,0,0,0,0,0,0,0,0,0,0,44,0,0,0,0,0,169,0,0,24
1999,Canada,INTLNGO,TLS,Timor-Leste,0,1,1,0,0,0,0,0,0,0,0,0,0,0,0,0,0,0,0,0,0,0,0,0,0,0,0,0,0,0,0,0,0,0,0,0,0,0,0,0,0,0,0,0,0,0,0,0,0,0,0,0,0,0,0,0,0,0,0,0,0,0,0,0,0,0,0,0,0,0,1
1999,Finland,INTLNGO,TLS,Timor-Leste,0,1,0,0,0,0,0,0,0,0,0,0,0,0,0,0,0,0,0,0,0,0,0,0,0,0,0,0,0,0,0,0,0,0,0,0,0,0,0,0,0,0,0,0,0,0,0,0,0,0,0,0,0,0,0,0,0,0,0,0,0,1,0,0,0,0,0,0,0,0,0
1999,Germany,INTLNGO,TLS,Timor-Leste,0,1,1,0,0,0,0,0,0,0,0,0,0,0,0,0,0,0,0,0,0,0,0,0,0,0,0,0,0,0,0,0,0,0,0,0,0,0,0,0,0,0,0,0,0,0,0,0,0,0,0,0,0,0,0,0,0,0,0,0,0,0,0,0,0,0,0,0,0,0,1
1999,Netherlands,INTLNGO,TLS,Timor-Leste,0,1,0,0,0,0,0,0,0,0,0,0,0,0,0,0,0,0,0,0,0,0,0,0,0,0,0,0,0,0,0,0,0,0,0,0,0,0,0,0,0,0,0,0,0,0,0,0,0,0,0,0,0,0,0,0,0,0,0,0,0,1,0,0,0,0,0,0,0,0,0
1999,Sweden,INTLNGO,TLS,Timor-Leste,0,2,0,0,0,0,0,0,0,0,0,0,0,0,0,0,0,0,0,0,0,0,0,0,0,0,0,0,0,0,0,0,0,0,0,0,0,0,0,0,0,0,0,0,0,0,0,0,0,0,1,0,0,0,0,0,0,0,0,0,0,0,0,0,0,0,0,0,0,1,0
1999,United_Kingdom,INTLNGO,TLS,Timor-Leste,0,2,1,0,0,0,0,0,0,0,0,0,0,0,0,0,0,0,0,0,0,0,0,0,0,0,0,0,0,0,0,0,0,0,0,0,0,0,0,0,0,0,0,0,0,0,0,0,0,0,0,0,0,0,0,0,0,0,0,0,0,2,0,0,0,0,0,0,0,0,1
1999,United_States,INTLNGO,TLS,Timor-Leste,0,11,0,0,0,0,0,5,0,0,0,0,0,0,3,0,0,0,0,0,0,0,0,0,0,1,0,0,0,0,0,0,0,0,0,0,0,0,0,0,0,0,0,0,0,0,0,0,0,0,0,0,0,0,0,0,0,0,0,0,0,2,0,5,3,0,1,0,0,0,0
1999,Corporate_donations,NGO,TLS,Timor-Leste,0,36,0,0,0,0,0,0,0,1,1,0,2,1,3,2,5,0,0,0,0,0,0,0,0,0,0,0,0,0,0,0,0,0,0,0,0,0,0,0,0,0,0,0,0,0,0,0,0,0,0,1,0,0,0,1,0,1,9,0,0,6,0,2,14,11,1,0,0,1,0
1999,Private_other,NGO,TLS,Timor-Leste,0,311,13,0,1,1,45,13,0,8,11,1,21,0,33,20,32,0,3,2,0,1,0,2,0,0,1,2,1,3,0,9,1,3,10,0,0,1,19,19,1,1,0,0,1,1,0,0,0,0,0,2,2,1,1,2,0,3,9,1,0,9,0,78,106,16,12,66,4,5,15
1999,United_States,NGO,TLS,Timor-Leste,0,45,0,0,0,0,1,21,0,0,0,0,0,0,11,0,0,0,0,0,0,0,0,0,0,5,0,0,0,0,0,0,0,0,0,0,0,0,0,0,0,0,0,0,0,0,0,0,0,0,0,0,0,0,0,0,0,0,0,0,0,7,0,22,11,0,5,0,0,0,0
1999,Denmark,UNAIDS,TLS,Timor-Leste,0,1,0,0,0,0,0,0,0,0,0,0,0,0,0,0,0,0,0,0,0,0,0,0,0,0,1,0,0,0,0,0,0,0,0,0,0,0,0,0,0,0,0,0,0,0,0,0,0,0,0,0,0,0,0,0,0,0,0,0,0,0,0,0,0,0,1,0,0,0,0
1999,Japan,UNAIDS,TLS,Timor-Leste,0,3,0,0,0,0,0,0,0,0,0,0,0,0,0,0,0,0,0,0,0,0,0,0,0,0,2,0,0,0,0,0,0,0,0,0,0,0,0,0,0,0,0,0,0,0,0,0,0,0,0,0,0,0,0,0,0,0,0,0,0,0,0,0,0,0,3,0,0,0,0
1999,Netherlands,UNAIDS,TLS,Timor-Leste,0,2,0,0,0,0,0,0,0,0,0,0,0,0,0,0,0,0,0,0,0,0,0,0,0,0,1,0,0,0,0,0,0,0,0,0,0,0,0,0,0,0,0,0,0,0,0,0,0,0,0,0,0,0,0,0,0,0,0,0,0,0,0,0,0,0,2,0,0,0,0
1999,Norway,UNAIDS,TLS,Timor-Leste,0,2,0,0,0,0,0,0,0,0,0,0,0,0,0,0,0,0,0,0,0,0,0,0,0,0,2,0,0,0,0,0,0,0,0,0,0,0,0,0,0,0,0,0,0,0,0,0,0,0,0,0,0,0,0,0,0,0,0,0,0,0,0,0,0,0,2,0,0,0,0
1999,Other,UNAIDS,TLS,Timor-Leste,0,1,0,0,0,0,0,0,0,0,0,0,0,0,0,0,0,0,0,0,0,0,0,0,0,0,1,0,0,0,0,0,0,0,0,0,0,0,0,0,0,0,0,0,0,0,0,0,0,0,0,0,0,0,0,0,0,0,0,0,0,0,0,0,0,0,1,0,0,0,0
1999,Sweden,UNAIDS,TLS,Timor-Leste,0,2,0,0,0,0,0,0,0,0,0,0,0,0,0,0,0,0,0,0,0,0,0,0,0,0,1,0,0,0,0,0,0,0,0,0,0,0,0,0,0,0,0,0,0,0,0,0,0,0,0,0,0,0,0,0,0,0,0,0,0,0,0,0,0,0,2,0,0,0,0
1999,United_Kingdom,UNAIDS,TLS,Timor-Leste,0,2,0,0,0,0,0,0,0,0,0,0,0,0,0,0,0,0,0,0,0,0,0,0,0,0,1,0,0,0,0,0,0,0,0,0,0,0,0,0,0,0,0,0,0,0,0,0,0,0,0,0,0,0,0,0,0,0,0,0,0,0,0,0,0,0,2,0,0,0,0
1999,United_States,UNAIDS,TLS,Timor-Leste,0,6,0,0,0,0,0,0,0,0,0,0,0,0,0,0,0,0,0,1,0,0,0,0,0,1,4,0,0,0,0,0,0,0,0,0,0,0,0,0,0,0,0,0,0,0,0,0,0,0,0,0,0,0,0,0,0,0,0,0,0,0,0,0,0,0,6,0,0,0,0
1999,Denmark,UNFPA,TLS,Timor-Leste,0,4,0,0,0,0,2,1,0,0,0,0,0,0,0,0,0,0,0,0,0,0,0,0,0,0,0,0,0,0,0,0,0,0,0,0,0,0,0,0,0,0,0,0,0,0,0,0,0,0,0,0,0,0,0,0,0,0,0,0,0,0,0,4,0,0,0,0,0,0,0
1999,Finland,UNFPA,TLS,Timor-Leste,0,2,0,0,0,0,1,0,0,0,0,0,0,0,0,0,0,0,0,0,0,0,0,0,0,0,0,0,0,0,0,0,0,0,0,0,0,0,0,0,0,0,0,0,0,0,0,0,0,0,0,0,0,0,0,0,0,0,0,0,0,0,0,2,0,0,0,0,0,0,0
1999,Germany,UNFPA,TLS,Timor-Leste,0,3,0,0,0,0,2,1,0,0,0,0,0,0,0,0,0,0,0,0,0,0,0,0,0,0,0,0,0,0,0,0,0,0,0,0,0,0,0,0,0,0,0,0,0,0,0,0,0,0,0,0,0,0,0,0,0,0,0,0,0,0,0,3,0,0,0,0,0,0,0
1999,Japan,UNFPA,TLS,Timor-Leste,0,7,0,0,0,0,4,2,1,0,0,0,0,0,0,0,0,0,0,0,0,0,0,0,0,0,0,0,0,0,0,0,0,0,0,0,0,0,0,0,0,0,0,0,0,0,0,0,0,0,0,0,0,0,0,0,0,0,0,0,0,0,0,7,0,0,0,0,0,0,0
1999,Netherlands,UNFPA,TLS,Timor-Leste,0,5,0,0,0,0,3,2,0,0,0,0,0,0,0,0,0,0,0,0,0,0,0,0,0,0,0,0,0,0,0,0,0,0,0,0,0,0,0,0,0,0,0,0,0,0,0,0,0,0,0,0,0,0,0,0,0,0,0,0,0,0,0,5,0,0,0,0,0,0,0
1999,Norway,UNFPA,TLS,Timor-Leste,0,3,0,0,0,0,2,1,0,0,0,0,0,0,0,0,0,0,0,0,0,0,0,0,0,0,0,0,0,0,0,0,0,0,0,0,0,0,0,0,0,0,0,0,0,0,0,0,0,0,0,0,0,0,0,0,0,0,0,0,0,0,0,3,0,0,0,0,0,0,0
1999,Other,UNFPA,TLS,Timor-Leste,0,1,0,0,0,0,1,0,0,0,0,0,0,0,0,0,0,0,0,0,0,0,0,0,0,0,0,0,0,0,0,0,0,0,0,0,0,0,0,0,0,0,0,0,0,0,0,0,0,0,0,0,0,0,0,0,0,0,0,0,0,0,0,1,0,0,0,0,0,0,0
1999,Sweden,UNFPA,TLS,Timor-Leste,0,2,0,0,0,0,1,1,0,0,0,0,0,0,0,0,0,0,0,0,0,0,0,0,0,0,0,0,0,0,0,0,0,0,0,0,0,0,0,0,0,0,0,0,0,0,0,0,0,0,0,0,0,0,0,0,0,0,0,0,0,0,0,2,0,0,0,0,0,0,0
1999,United_Kingdom,UNFPA,TLS,Timor-Leste,0,3,0,0,0,0,2,1,0,0,0,0,0,0,0,0,0,0,0,0,0,0,0,0,0,0,0,0,0,0,0,0,0,0,0,0,0,0,0,0,0,0,0,0,0,0,0,0,0,0,0,0,0,0,0,0,0,0,0,0,0,0,0,3,0,0,0,0,0,0,0
1999,United_States,UNFPA,TLS,Timor-Leste,0,1,0,0,0,0,1,0,0,0,0,0,0,0,0,0,0,0,0,0,0,0,0,0,0,0,0,0,0,0,0,0,0,0,0,0,0,0,0,0,0,0,0,0,0,0,0,0,0,0,0,0,0,0,0,0,0,0,0,0,0,0,0,1,0,0,0,0,0,0,0
1999,Australia,UNICEF,TLS,Timor-Leste,0,1,0,0,0,0,0,0,0,0,0,0,0,0,0,0,0,0,0,0,0,0,0,0,0,0,0,0,0,0,0,0,0,0,0,0,0,0,0,0,0,0,0,0,0,0,0,0,0,0,0,0,0,0,0,0,0,0,0,0,0,0,0,0,1,0,0,0,0,0,0
1999,Canada,UNICEF,TLS,Timor-Leste,0,3,0,0,0,0,0,0,0,0,0,0,1,1,1,0,0,0,0,0,0,0,0,0,0,0,0,0,0,0,0,0,0,0,0,0,0,0,0,0,0,0,0,0,0,0,0,0,0,0,0,0,0,0,0,0,0,0,0,0,0,0,0,0,3,0,0,0,0,0,0
1999,Denmark,UNICEF,TLS,Timor-Leste,0,2,0,0,0,0,0,0,0,0,0,0,1,0,1,0,0,0,0,0,0,0,0,0,0,0,0,0,0,0,0,0,0,0,0,0,0,0,0,0,0,0,0,0,0,0,0,0,0,0,0,0,0,0,0,0,0,0,0,0,0,0,0,0,2,0,0,0,0,0,0
1999,Italy,UNICEF,TLS,Timor-Leste,0,1,0,0,0,0,0,0,0,0,0,0,0,0,0,0,0,0,0,0,0,0,0,0,0,0,0,0,0,0,0,0,0,0,0,0,0,0,0,0,0,0,0,0,0,0,0,0,0,0,0,0,0,0,0,0,0,0,0,0,0,0,0,0,1,0,0,0,0,0,0
1999,Japan,UNICEF,TLS,Timor-Leste,0,4,0,0,0,0,0,0,0,0,0,0,1,1,1,0,0,0,0,0,0,0,0,0,0,0,0,0,0,0,0,0,0,0,0,0,0,0,0,0,0,0,0,0,0,0,0,0,0,0,0,0,0,0,0,0,0,0,0,0,0,0,0,0,4,0,0,0,0,0,0
1999,Netherlands,UNICEF,TLS,Timor-Leste,0,4,0,0,0,0,0,0,0,0,0,0,1,1,1,0,0,0,0,0,0,0,0,0,0,0,0,0,0,0,0,0,0,0,0,0,0,0,0,0,0,0,0,0,0,0,0,0,0,0,0,0,0,0,0,0,0,0,0,0,0,0,0,0,3,0,0,0,0,0,0
1999,Norway,UNICEF,TLS,Timor-Leste,0,5,0,0,0,0,0,0,0,0,0,0,1,1,2,0,0,0,0,0,0,0,0,0,0,0,0,0,0,0,0,0,0,0,0,0,0,0,0,0,0,0,0,0,0,0,0,0,0,0,0,0,0,0,0,0,0,0,0,0,0,0,0,0,4,0,0,0,0,0,0
1999,Other,UNICEF,TLS,Timor-Leste,0,1,0,0,0,0,0,0,0,0,0,0,0,0,0,0,0,0,0,0,0,0,0,0,0,0,0,0,0,0,0,0,0,0,0,0,0,0,0,0,0,0,0,0,0,0,0,0,0,0,0,0,0,0,0,0,0,0,0,0,0,0,0,0,1,0,0,0,0,0,0
1999,Private_other,UNICEF,TLS,Timor-Leste,0,21,0,0,0,0,0,0,1,0,0,0,6,5,7,2,0,0,0,0,0,0,0,0,0,0,0,0,0,0,0,0,0,0,0,0,0,0,0,0,0,0,0,0,0,0,0,0,0,0,0,0,0,0,0,0,0,0,0,0,0,0,0,1,19,0,1,0,0,0,0
1999,Sweden,UNICEF,TLS,Timor-Leste,0,6,0,0,0,0,0,0,0,0,0,0,2,1,2,0,0,0,0,0,0,0,0,0,0,0,0,0,0,0,0,0,0,0,0,0,0,0,0,0,0,0,0,0,0,0,0,0,0,0,0,0,0,0,0,0,0,0,0,0,0,0,0,0,5,0,0,0,0,0,0
1999,United_Kingdom,UNICEF,TLS,Timor-Leste,0,4,0,0,0,0,0,0,0,0,0,0,1,1,1,0,0,0,0,0,0,0,0,0,0,0,0,0,0,0,0,0,0,0,0,0,0,0,0,0,0,0,0,0,0,0,0,0,0,0,0,0,0,0,0,0,0,0,0,0,0,0,0,0,3,0,0,0,0,0,0
1999,United_States,UNICEF,TLS,Timor-Leste,0,14,0,0,0,0,0,0,0,0,0,0,4,3,4,1,0,0,0,0,0,0,0,0,0,0,0,0,0,0,0,0,0,0,0,0,0,0,0,0,0,0,0,0,0,0,0,0,0,0,0,0,0,0,0,0,0,0,0,0,0,0,0,0,12,0,1,0,0,0,0
1999,Private_other,US_FOUND,TLS,Timor-Leste,0,25,1,0,0,0,17,0,3,0,1,0,0,0,0,0,0,0,0,2,0,0,0,0,0,1,0,0,0,0,0,0,0,0,0,0,0,0,0,0,0,0,0,0,0,0,0,0,0,0,0,0,0,0,1,0,0,0,0,0,0,0,0,20,0,1,3,0,0,0,1
1999,Australia,WHO,TLS,Timor-Leste,0,9,0,0,2,0,0,0,0,0,0,0,0,0,0,0,0,0,0,0,0,0,0,0,0,0,0,0,0,0,0,0,0,0,0,0,0,0,0,0,0,0,0,0,0,0,0,0,0,0,2,0,0,0,0,0,0,0,0,0,0,2,0,0,1,0,0,0,0,2,2
1999,Austria,WHO,TLS,Timor-Leste,0,3,0,0,1,0,0,0,0,0,0,0,0,0,0,0,0,0,0,0,0,0,0,0,0,0,0,0,0,0,0,0,0,0,0,0,0,0,0,0,0,0,0,0,0,0,0,0,0,0,1,0,0,0,0,0,0,0,0,0,0,1,0,0,0,0,0,0,0,1,1
1999,Belgium,WHO,TLS,Timor-Leste,0,7,0,0,1,0,0,0,0,0,0,0,0,0,0,0,0,0,0,0,0,0,0,0,0,0,0,0,0,0,0,0,0,0,0,0,0,0,0,0,0,0,0,0,0,0,0,0,0,0,2,0,0,0,0,0,0,0,0,0,0,2,0,0,0,0,0,0,0,2,2
1999,Canada,WHO,TLS,Timor-Leste,0,18,0,0,4,1,0,1,0,0,0,0,0,1,0,0,0,0,0,0,0,0,0,0,0,1,0,0,0,0,0,0,0,0,0,0,1,0,0,0,0,0,0,0,0,0,0,0,0,0,4,0,0,0,0,0,0,0,0,0,0,5,0,1,1,1,1,1,0,4,5
1999,China,WHO,TLS,Timor-Leste,0,5,0,0,1,0,0,0,0,0,0,0,0,0,0,0,0,0,0,0,0,0,0,0,0,0,0,0,0,0,0,0,0,0,0,0,0,0,0,0,0,0,0,0,0,0,0,0,0,0,1,0,0,0,0,0,0,0,0,0,0,1,0,0,0,0,0,0,0,1,1
1999,Denmark,WHO,TLS,Timor-Leste,0,6,0,0,1,0,0,0,0,0,0,0,0,0,0,0,0,0,0,0,0,0,0,0,0,0,0,0,0,0,0,0,0,0,0,0,0,0,0,0,0,0,0,0,0,0,0,0,0,0,2,0,0,0,0,0,0,0,0,0,0,2,0,0,0,0,0,0,0,2,2
1999,Finland,WHO,TLS,Timor-Leste,0,4,0,0,1,0,0,0,0,0,0,0,0,0,0,0,0,0,0,0,0,0,0,0,0,0,0,0,0,0,0,0,0,0,0,0,0,0,0,0,0,0,0,0,0,0,0,0,0,0,1,0,0,0,0,0,0,0,0,0,0,1,0,0,0,0,0,0,0,1,1
1999,France,WHO,TLS,Timor-Leste,0,42,0,0,9,1,0,1,1,0,0,0,0,2,0,0,0,0,0,0,0,0,0,0,0,2,0,0,0,0,0,0,0,0,0,0,1,0,0,0,0,0,0,1,0,0,0,0,0,0,10,0,0,0,0,1,0,0,0,0,0,11,0,2,2,1,2,1,1,10,10
1999,Germany,WHO,TLS,Timor-Leste,0,60,0,0,13,2,0,2,1,0,0,0,1,3,0,0,0,0,0,0,0,0,0,0,0,2,0,0,0,0,0,0,0,0,0,0,2,0,0,0,0,0,0,1,0,0,0,0,0,0,15,0,0,0,0,1,1,0,0,0,0,16,0,3,4,2,2,2,1,15,15
1999,Greece,WHO,TLS,Timor-Leste,0,2,0,0,0,0,0,0,0,0,0,0,0,0,0,0,0,0,0,0,0,0,0,0,0,0,0,0,0,0,0,0,0,0,0,0,0,0,0,0,0,0,0,0,0,0,0,0,0,0,1,0,0,0,0,0,0,0,0,0,0,1,0,0,0,0,0,0,0,1,1
1999,Ireland,WHO,TLS,Timor-Leste,0,1,0,0,0,0,0,0,0,0,0,0,0,0,0,0,0,0,0,0,0,0,0,0,0,0,0,0,0,0,0,0,0,0,0,0,0,0,0,0,0,0,0,0,0,0,0,0,0,0,0,0,0,0,0,0,0,0,0,0,0,0,0,0,0,0,0,0,0,0,0
1999,Italy,WHO,TLS,Timor-Leste,0,35,0,0,8,1,0,1,1,0,0,0,0,2,0,0,0,0,0,0,0,0,0,0,0,1,0,0,0,0,0,0,0,0,0,0,1,0,0,0,0,0,0,1,0,0,0,0,0,0,9,0,0,0,0,1,0,0,0,0,0,9,0,2,2,1,1,1,1,9,9
1999,Japan,WHO,TLS,Timor-Leste,0,113,0,0,25,4,0,3,3,0,0,0,1,5,0,0,0,0,0,0,0,0,0,0,0,4,0,0,0,0,0,0,0,0,0,0,3,0,0,0,0,0,0,2,0,0,0,0,0,0,28,0,0,0,1,2,1,0,0,0,0,30,0,6,7,4,4,3,2,28,29
1999,Korea,WHO,TLS,Timor-Leste,0,6,0,0,1,0,0,0,0,0,0,0,0,0,0,0,0,0,0,0,0,0,0,0,0,0,0,0,0,0,0,0,0,0,0,0,0,0,0,0,0,0,0,0,0,0,0,0,0,0,1,0,0,0,0,0,0,0,0,0,0,1,0,0,0,0,0,0,0,1,1
1999,Netherlands,WHO,TLS,Timor-Leste,0,12,0,0,3,0,0,0,0,0,0,0,0,1,0,0,0,0,0,0,0,0,0,0,0,0,0,0,0,0,0,0,0,0,0,0,0,0,0,0,0,0,0,0,0,0,0,0,0,0,3,0,0,0,0,0,0,0,0,0,0,3,0,1,1,0,0,0,0,3,3
1999,New_Zealand,WHO,TLS,Timor-Leste,0,1,0,0,0,0,0,0,0,0,0,0,0,0,0,0,0,0,0,0,0,0,0,0,0,0,0,0,0,0,0,0,0,0,0,0,0,0,0,0,0,0,0,0,0,0,0,0,0,0,0,0,0,0,0,0,0,0,0,0,0,0,0,0,0,0,0,0,0,0,0
1999,Non_OECD_DAC_countries,WHO,TLS,Timor-Leste,0,8,0,0,2,0,0,0,0,0,0,0,0,0,0,0,0,0,0,0,0,0,0,0,0,0,0,0,0,0,0,0,0,0,0,0,0,0,0,0,0,0,0,0,0,0,0,0,0,0,2,0,0,0,0,0,0,0,0,0,0,2,0,0,0,0,0,0,0,2,2
1999,Non_OECD_non_DAC_countries,WHO,TLS,Timor-Leste,0,340,0,0,75,11,0,10,8,0,0,0,3,16,1,0,0,0,0,0,0,0,0,0,0,13,0,0,0,0,0,0,0,0,0,0,10,0,0,0,0,0,0,7,0,0,0,0,0,0,85,0,0,0,2,6,4,0,0,0,0,89,0,18,20,12,13,10,7,85,86
1999,Norway,WHO,TLS,Timor-Leste,0,5,0,0,1,0,0,0,0,0,0,0,0,0,0,0,0,0,0,0,0,0,0,0,0,0,0,0,0,0,0,0,0,0,0,0,0,0,0,0,0,0,0,0,0,0,0,0,0,0,1,0,0,0,0,0,0,0,0,0,0,1,0,0,0,0,0,0,0,1,1
1999,Other,WHO,TLS,Timor-Leste,0,216,0,0,48,7,0,6,5,0,0,0,2,10,1,0,0,0,0,0,0,0,0,0,0,8,0,0,0,0,0,0,0,0,0,0,6,0,0,0,0,0,0,4,0,0,0,0,0,0,54,0,0,0,1,4,3,0,0,0,0,57,0,11,13,8,8,6,4,54,54
1999,Other_OECD_DAC_countries,WHO,TLS,Timor-Leste,0,3,0,0,1,0,0,0,0,0,0,0,0,0,0,0,0,0,0,0,0,0,0,0,0,0,0,0,0,0,0,0,0,0,0,0,0,0,0,0,0,0,0,0,0,0,0,0,0,0,1,0,0,0,0,0,0,0,0,0,0,1,0,0,0,0,0,0,0,1,1
1999,Portugal,WHO,TLS,Timor-Leste,0,2,0,0,0,0,0,0,0,0,0,0,0,0,0,0,0,0,0,0,0,0,0,0,0,0,0,0,0,0,0,0,0,0,0,0,0,0,0,0,0,0,0,0,0,0,0,0,0,0,1,0,0,0,0,0,0,0,0,0,0,1,0,0,0,0,0,0,0,1,1
1999,Private_other,WHO,TLS,Timor-Leste,0,172,0,0,38,5,0,5,4,0,0,0,2,8,1,0,0,0,0,0,0,0,0,0,0,7,0,0,0,0,0,0,0,0,0,0,5,0,0,0,0,0,0,3,0,0,0,0,0,0,43,0,0,0,1,3,2,0,0,0,0,45,0,9,10,6,7,5,3,43,43
1999,Spain,WHO,TLS,Timor-Leste,0,15,0,0,3,0,0,0,0,0,0,0,0,1,0,0,0,0,0,0,0,0,0,0,0,1,0,0,0,0,0,0,0,0,0,0,0,0,0,0,0,0,0,0,0,0,0,0,0,0,4,0,0,0,0,0,0,0,0,0,0,4,0,1,1,1,1,0,0,4,4
1999,Sweden,WHO,TLS,Timor-Leste,0,7,0,0,2,0,0,0,0,0,0,0,0,0,0,0,0,0,0,0,0,0,0,0,0,0,0,0,0,0,0,0,0,0,0,0,0,0,0,0,0,0,0,0,0,0,0,0,0,0,2,0,0,0,0,0,0,0,0,0,0,2,0,0,0,0,0,0,0,2,2
1999,Switzerland,WHO,TLS,Timor-Leste,0,7,0,0,2,0,0,0,0,0,0,0,0,0,0,0,0,0,0,0,0,0,0,0,0,0,0,0,0,0,0,0,0,0,0,0,0,0,0,0,0,0,0,0,0,0,0,0,0,0,2,0,0,0,0,0,0,0,0,0,0,2,0,0,0,0,0,0,0,2,2
1999,Unallocable,WHO,TLS,Timor-Leste,0,34,0,0,8,1,0,1,1,0,0,0,0,2,0,0,0,0,0,0,0,0,0,0,0,1,0,0,0,0,0,0,0,0,0,0,1,0,0,0,0,0,0,1,0,0,0,0,0,0,9,0,0,0,0,1,0,0,0,0,0,9,0,2,2,1,1,1,1,9,9
1999,United_Kingdom,WHO,TLS,Timor-Leste,0,33,0,0,7,1,0,1,1,0,0,0,0,2,0,0,0,0,0,0,0,0,0,0,0,1,0,0,0,0,0,0,0,0,0,0,1,0,0,0,0,0,0,1,0,0,0,0,0,0,8,0,0,0,0,1,0,0,0,0,0,9,0,2,2,1,1,1,1,8,8
1999,United_States,WHO,TLS,Timor-Leste,0,168,0,0,37,5,0,5,4,0,0,0,2,8,1,0,0,0,0,0,0,0,0,0,0,7,0,0,0,0,0,0,0,0,0,0,5,0,0,0,0,0,0,3,0,0,0,0,0,0,42,0,0,0,1,3,2,0,0,0,0,44,0,9,10,6,7,5,3,42,42
2000,Australia,BIL_AUS,TLS,Timor-Leste,0,2838,0,0,0,0,69,345,0,0,172,0,0,509,1,0,352,509,0,1,0,0,1,0,0,0,2,4,0,0,0,0,0,0,0,0,0,0,0,0,0,0,0,131,0,0,0,0,0,0,0,0,0,0,0,231,92,1,324,0,0,93,0,586,1371,648,9,0,131,0,0
2000,Canada,BIL_CAN,TLS,Timor-Leste,0,4,4,0,0,0,0,0,0,0,0,0,0,0,0,0,0,0,0,0,0,0,0,0,0,0,0,0,0,0,0,0,0,0,0,0,0,0,0,0,0,0,0,0,0,0,0,0,0,0,0,0,0,0,0,0,0,0,0,0,0,0,0,0,0,0,0,0,0,0,4
2000,Finland,BIL_FIN,TLS,Timor-Leste,0,3,0,0,0,0,0,0,0,0,0,0,0,0,0,0,0,0,0,0,0,0,0,0,0,0,0,0,0,0,0,0,0,0,0,0,0,0,0,0,0,0,0,0,0,0,0,0,0,0,0,0,0,0,0,0,0,0,0,0,0,3,0,0,0,0,0,0,0,0,0
2000,France,BIL_FRA,TLS,Timor-Leste,0,3,0,0,0,0,0,0,0,0,0,0,0,0,0,0,0,0,0,0,0,0,0,0,0,0,0,0,0,0,0,0,0,0,0,0,0,0,0,0,0,0,0,0,0,0,0,0,0,0,0,0,0,0,0,0,0,0,0,0,0,3,0,0,0,0,0,0,0,0,0
2000,United_Kingdom,BIL_GBR,TLS,Timor-Leste,0,13,0,0,0,0,0,0,0,0,0,0,0,0,0,0,0,0,0,8,0,0,0,0,0,0,0,0,0,0,0,0,0,0,0,0,0,0,0,0,0,0,0,0,0,0,0,0,0,0,0,0,0,0,0,0,0,0,0,0,0,4,0,0,0,0,8,0,0,0,0
2000,Netherlands,BIL_NLD,TLS,Timor-Leste,0,19,19,0,0,0,0,0,0,0,0,0,0,0,0,0,0,0,0,0,0,0,0,0,0,0,0,0,0,0,0,0,0,0,0,0,0,0,0,0,0,0,0,0,0,0,0,0,0,0,0,0,0,0,0,0,0,0,0,0,0,0,0,0,0,0,0,0,0,0,19
2000,Norway,BIL_NOR,TLS,Timor-Leste,0,1,0,0,0,0,0,0,0,0,0,0,0,0,0,0,0,0,0,0,0,0,0,0,0,0,0,0,0,0,0,0,0,0,0,0,0,0,0,0,0,0,0,0,0,0,0,0,0,0,0,0,0,0,0,0,0,0,0,0,0,1,0,0,0,0,0,0,0,0,0
2000,Portugal,BIL_PRT,TLS,Timor-Leste,0,49,0,0,6,0,0,0,0,0,0,0,0,0,0,0,0,0,0,0,0,0,0,0,0,0,0,0,0,0,0,0,0,0,0,0,0,0,0,0,0,0,0,0,0,0,0,0,0,0,0,0,0,0,0,0,0,0,0,0,0,43,0,0,0,0,0,0,0,0,6
2000,Sweden,BIL_SWE,TLS,Timor-Leste,0,2,0,0,0,0,0,2,0,0,0,0,0,0,0,0,0,0,0,0,0,0,0,0,0,0,0,0,0,0,0,0,0,0,0,0,0,0,0,0,0,0,0,0,0,0,0,0,0,0,0,0,0,0,0,0,0,0,0,0,0,0,0,2,0,0,0,0,0,0,0
2000,United_States,BIL_USA,TLS,Timor-Leste,0,40,0,0,0,0,5,14,0,0,0,0,0,5,6,0,0,0,0,0,0,0,0,0,0,0,0,0,0,0,0,0,0,0,0,0,0,0,0,0,0,0,0,0,0,0,0,0,0,0,9,0,0,0,0,0,0,0,0,0,0,0,0,19,11,0,0,0,0,9,0
2000,Belgium,EC,TLS,Timor-Leste,0,2,0,0,0,0,0,2,0,0,0,0,0,0,0,0,0,0,0,0,0,0,0,0,0,0,0,0,0,0,0,0,0,0,0,0,0,0,0,0,0,0,0,0,0,0,0,0,0,0,0,0,0,0,0,0,0,0,0,0,0,0,0,2,0,0,0,0,0,0,0
2000,France,EC,TLS,Timor-Leste,0,8,0,0,0,0,0,8,0,0,0,0,0,0,0,0,0,0,0,0,0,0,0,0,0,0,0,0,0,0,0,0,0,0,0,0,0,0,0,0,0,0,0,0,0,0,0,0,0,0,0,0,0,0,0,0,0,0,0,0,0,0,0,8,0,0,0,0,0,0,0
2000,Germany,EC,TLS,Timor-Leste,0,12,0,0,0,0,0,12,0,0,0,0,0,0,0,0,0,0,0,0,0,0,0,0,0,0,0,0,0,0,0,0,0,0,0,0,0,0,0,0,0,0,0,0,0,0,0,0,0,0,0,0,0,0,0,0,0,0,0,0,0,0,0,12,0,0,0,0,0,0,0
2000,Italy,EC,TLS,Timor-Leste,0,6,0,0,0,0,0,6,0,0,0,0,0,0,0,0,0,0,0,0,0,0,0,0,0,0,0,0,0,0,0,0,0,0,0,0,0,0,0,0,0,0,0,0,0,0,0,0,0,0,0,0,0,0,0,0,0,0,0,0,0,0,0,6,0,0,0,0,0,0,0
2000,Netherlands,EC,TLS,Timor-Leste,0,2,0,0,0,0,0,2,0,0,0,0,0,0,0,0,0,0,0,0,0,0,0,0,0,0,0,0,0,0,0,0,0,0,0,0,0,0,0,0,0,0,0,0,0,0,0,0,0,0,0,0,0,0,0,0,0,0,0,0,0,0,0,2,0,0,0,0,0,0,0
2000,Spain,EC,TLS,Timor-Leste,0,3,0,0,0,0,0,3,0,0,0,0,0,0,0,0,0,0,0,0,0,0,0,0,0,0,0,0,0,0,0,0,0,0,0,0,0,0,0,0,0,0,0,0,0,0,0,0,0,0,0,0,0,0,0,0,0,0,0,0,0,0,0,3,0,0,0,0,0,0,0
2000,United_Kingdom,EC,TLS,Timor-Leste,0,9,0,0,0,0,0,9,0,0,0,0,0,0,0,0,0,0,0,0,0,0,0,0,0,0,0,0,0,0,0,0,0,0,0,0,0,0,0,0,0,0,0,0,0,0,0,0,0,0,0,0,0,0,0,0,0,0,0,0,0,0,0,9,0,0,0,0,0,0,0
2000,Gates Foundation,GATES,TLS,Timor-Leste,0,206,0,0,0,0,10,23,9,0,4,0,63,18,12,0,2,0,0,0,0,0,0,0,0,0,0,0,0,0,0,0,0,40,0,0,0,0,0,0,0,0,0,0,0,0,0,0,0,0,11,0,0,0,0,0,1,0,0,0,0,13,0,45,96,1,0,40,0,11,0
2000,Australia,INTLNGO,TLS,Timor-Leste,0,649,0,0,0,0,16,79,0,0,39,0,0,116,0,0,80,116,0,0,0,0,0,0,0,0,0,1,0,0,0,0,0,0,0,0,0,0,0,0,0,0,0,30,0,0,0,0,0,0,0,0,0,0,0,53,21,0,74,0,0,21,0,134,313,148,2,0,30,0,0
2000,Canada,INTLNGO,TLS,Timor-Leste,0,2,2,0,0,0,0,0,0,0,0,0,0,0,0,0,0,0,0,0,0,0,0,0,0,0,0,0,0,0,0,0,0,0,0,0,0,0,0,0,0,0,0,0,0,0,0,0,0,0,0,0,0,0,0,0,0,0,0,0,0,0,0,0,0,0,0,0,0,0,2
2000,Finland,INTLNGO,TLS,Timor-Leste,0,3,0,0,0,0,0,0,0,0,0,0,0,0,0,0,0,0,0,0,0,0,0,0,0,0,0,0,0,0,0,0,0,0,0,0,0,0,0,0,0,0,0,0,0,0,0,0,0,0,0,0,0,0,0,0,0,0,0,0,0,3,0,0,0,0,0,0,0,0,0
2000,Netherlands,INTLNGO,TLS,Timor-Leste,0,8,8,0,0,0,0,0,0,0,0,0,0,0,0,0,0,0,0,0,0,0,0,0,0,0,0,0,0,0,0,0,0,0,0,0,0,0,0,0,0,0,0,0,0,0,0,0,0,0,0,0,0,0,0,0,0,0,0,0,0,0,0,0,0,0,0,0,0,0,8
2000,Portugal,INTLNGO,TLS,Timor-Leste,0,11,0,0,1,0,0,0,0,0,0,0,0,0,0,0,0,0,0,0,0,0,0,0,0,0,0,0,0,0,0,0,0,0,0,0,0,0,0,0,0,0,0,0,0,0,0,0,0,0,0,0,0,0,0,0,0,0,0,0,0,10,0,0,0,0,0,0,0,0,1
2000,Sweden,INTLNGO,TLS,Timor-Leste,0,1,0,0,0,0,0,1,0,0,0,0,0,0,0,0,0,0,0,0,0,0,0,0,0,0,0,0,0,0,0,0,0,0,0,0,0,0,0,0,0,0,0,0,0,0,0,0,0,0,0,0,0,0,0,0,0,0,0,0,0,0,0,1,0,0,0,0,0,0,0
2000,United_Kingdom,INTLNGO,TLS,Timor-Leste,0,5,0,0,0,0,0,0,0,0,0,0,0,0,0,0,0,0,0,3,0,0,0,0,0,0,0,0,0,0,0,0,0,0,0,0,0,0,0,0,0,0,0,0,0,0,0,0,0,0,0,0,0,0,0,0,0,0,0,0,0,2,0,0,0,0,3,0,0,0,0
2000,United_States,INTLNGO,TLS,Timor-Leste,0,5,0,0,0,0,1,2,0,0,0,0,0,1,1,0,0,0,0,0,0,0,0,0,0,0,0,0,0,0,0,0,0,0,0,0,0,0,0,0,0,0,0,0,0,0,0,0,0,0,1,0,0,0,0,0,0,0,0,0,0,0,0,2,1,0,0,0,0,1,0
2000,Corporate_donations,NGO,TLS,Timor-Leste,0,29,1,0,0,0,0,0,0,1,1,0,4,1,5,2,3,0,0,0,0,0,0,0,0,0,0,0,0,0,0,0,0,0,0,0,0,0,0,0,0,0,0,0,0,0,0,0,0,0,0,1,0,0,0,0,0,0,4,0,0,4,0,2,14,5,0,1,0,2,1
2000,Private_other,NGO,TLS,Timor-Leste,0,319,14,0,1,0,57,13,0,13,11,1,17,9,36,20,27,0,3,2,0,1,0,3,0,0,2,2,1,3,1,4,3,4,9,0,0,3,9,9,1,1,0,0,1,1,0,0,0,0,0,4,2,1,1,2,0,3,10,1,0,12,0,95,109,17,14,45,4,7,15
2000,United_States,NGO,TLS,Timor-Leste,0,21,0,0,0,0,3,7,0,0,0,0,0,3,3,0,0,0,0,0,0,0,0,0,0,0,0,0,0,0,0,0,0,0,0,0,0,0,0,0,0,0,0,0,0,0,0,0,0,0,5,0,0,0,0,0,0,0,0,0,0,0,0,10,6,0,0,0,0,5,0
2000,Belgium,UNAIDS,TLS,Timor-Leste,0,2,0,0,0,0,0,0,0,0,0,0,0,0,0,0,0,0,0,0,0,0,0,0,0,0,1,0,0,0,0,0,0,0,0,0,0,0,0,0,0,0,0,0,0,0,0,0,0,0,0,0,0,0,0,0,0,0,0,0,0,0,0,0,0,0,2,0,0,0,0
2000,Denmark,UNAIDS,TLS,Timor-Leste,0,1,0,0,0,0,0,0,0,0,0,0,0,0,0,0,0,0,0,0,0,0,0,0,0,0,1,0,0,0,0,0,0,0,0,0,0,0,0,0,0,0,0,0,0,0,0,0,0,0,0,0,0,0,0,0,0,0,0,0,0,0,0,0,0,0,1,0,0,0,0
2000,Finland,UNAIDS,TLS,Timor-Leste,0,1,0,0,0,0,0,0,0,0,0,0,0,0,0,0,0,0,0,0,0,0,0,0,0,0,1,0,0,0,0,0,0,0,0,0,0,0,0,0,0,0,0,0,0,0,0,0,0,0,0,0,0,0,0,0,0,0,0,0,0,0,0,0,0,0,1,0,0,0,0
2000,Japan,UNAIDS,TLS,Timor-Leste,0,1,0,0,0,0,0,0,0,0,0,0,0,0,0,0,0,0,0,0,0,0,0,0,0,0,1,0,0,0,0,0,0,0,0,0,0,0,0,0,0,0,0,0,0,0,0,0,0,0,0,0,0,0,0,0,0,0,0,0,0,0,0,0,0,0,1,0,0,0,0
2000,Netherlands,UNAIDS,TLS,Timor-Leste,0,6,0,0,0,0,0,0,0,0,0,0,0,0,0,0,0,0,0,0,0,0,0,0,0,1,4,0,0,0,0,0,0,0,0,0,0,0,0,0,0,0,0,0,0,0,0,0,0,0,0,0,0,0,0,0,0,0,0,0,0,0,0,0,0,0,6,0,0,0,0
2000,Norway,UNAIDS,TLS,Timor-Leste,0,3,0,0,0,0,0,0,0,0,0,0,0,0,0,0,0,0,0,0,0,0,0,0,0,1,2,0,0,0,0,0,0,0,0,0,0,0,0,0,0,0,0,0,0,0,0,0,0,0,0,0,0,0,0,0,0,0,0,0,0,0,0,0,0,0,3,0,0,0,0
2000,Other,UNAIDS,TLS,Timor-Leste,0,2,0,0,0,0,0,0,0,0,0,0,0,0,0,0,0,0,0,0,0,0,0,0,0,0,1,0,0,0,0,0,0,0,0,0,0,0,0,0,0,0,0,0,0,0,0,0,0,0,0,0,0,0,0,0,0,0,0,0,0,0,0,0,0,0,2,0,0,0,0
2000,Sweden,UNAIDS,TLS,Timor-Leste,0,2,0,0,0,0,0,0,0,0,0,0,0,0,0,0,0,0,0,0,0,0,0,0,0,0,1,0,0,0,0,0,0,0,0,0,0,0,0,0,0,0,0,0,0,0,0,0,0,0,0,0,0,0,0,0,0,0,0,0,0,0,0,0,0,0,2,0,0,0,0
2000,United_Kingdom,UNAIDS,TLS,Timor-Leste,0,2,0,0,0,0,0,0,0,0,0,0,0,0,0,0,0,0,0,0,0,0,0,0,0,0,1,0,0,0,0,0,0,0,0,0,0,0,0,0,0,0,0,0,0,0,0,0,0,0,0,0,0,0,0,0,0,0,0,0,0,0,0,0,0,0,2,0,0,0,0
2000,United_States,UNAIDS,TLS,Timor-Leste,0,6,0,0,0,0,0,0,0,0,0,0,0,0,0,0,0,0,0,0,0,0,0,0,0,1,4,0,0,0,0,0,0,0,0,0,0,0,0,0,0,0,0,0,0,0,0,0,0,0,0,0,0,0,0,0,0,0,0,0,0,0,0,0,0,0,6,0,0,0,0
2000,Australia,UNFPA,TLS,Timor-Leste,0,2,0,0,0,0,1,1,0,0,0,0,0,0,0,0,0,0,0,0,0,0,0,0,0,0,0,0,0,0,0,0,0,0,0,0,0,0,0,0,0,0,0,0,0,0,0,0,0,0,0,0,0,0,0,0,0,0,0,0,0,0,0,2,0,0,0,0,0,0,0
2000,Belgium,UNFPA,TLS,Timor-Leste,0,4,0,0,0,0,2,1,1,0,0,0,0,0,0,0,0,0,0,0,0,0,0,0,0,0,0,0,0,0,0,0,0,0,0,0,0,0,0,0,0,0,0,0,0,0,0,0,0,0,0,0,0,0,0,0,0,0,0,0,0,0,0,4,0,0,0,0,0,0,0
2000,Canada,UNFPA,TLS,Timor-Leste,0,10,0,0,0,0,5,3,1,0,0,0,0,0,0,0,0,0,0,0,0,0,0,0,0,0,0,0,0,0,0,0,0,0,0,0,0,0,0,0,0,0,0,0,0,0,0,0,0,0,0,0,0,0,0,0,0,0,0,0,0,0,0,10,0,0,0,0,0,0,0
2000,China,UNFPA,TLS,Timor-Leste,0,1,0,0,0,0,1,0,0,0,0,0,0,0,0,0,0,0,0,0,0,0,0,0,0,0,0,0,0,0,0,0,0,0,0,0,0,0,0,0,0,0,0,0,0,0,0,0,0,0,0,0,0,0,0,0,0,0,0,0,0,0,0,1,0,0,0,0,0,0,0
2000,Denmark,UNFPA,TLS,Timor-Leste,0,31,0,0,0,0,17,10,4,0,0,0,0,0,0,0,0,0,0,0,0,0,0,0,0,0,0,0,0,0,0,0,0,0,0,0,0,0,0,0,0,0,0,0,0,0,0,0,0,0,0,0,0,0,0,0,0,0,0,0,0,0,0,31,0,0,0,0,0,0,0
2000,Finland,UNFPA,TLS,Timor-Leste,0,15,0,0,0,0,8,5,2,0,0,0,0,0,0,0,0,0,0,0,0,0,0,0,0,0,0,0,0,0,0,0,0,0,0,0,0,0,0,0,0,0,0,0,0,0,0,0,0,0,0,0,0,0,0,0,0,0,0,0,0,0,0,15,0,0,0,0,0,0,0
2000,France,UNFPA,TLS,Timor-Leste,0,2,0,0,0,0,1,1,0,0,0,0,0,0,0,0,0,0,0,0,0,0,0,0,0,0,0,0,0,0,0,0,0,0,0,0,0,0,0,0,0,0,0,0,0,0,0,0,0,0,0,0,0,0,0,0,0,0,0,0,0,0,0,2,0,0,0,0,0,0,0
2000,Germany,UNFPA,TLS,Timor-Leste,0,16,0,0,0,0,9,5,2,0,0,0,0,0,0,0,0,0,0,0,0,0,0,0,0,0,0,0,0,0,0,0,0,0,0,0,0,0,0,0,0,0,0,0,0,0,0,0,0,0,0,0,0,0,0,0,0,0,0,0,0,0,0,16,0,0,0,0,0,0,0
2000,Ireland,UNFPA,TLS,Timor-Leste,0,1,0,0,0,0,1,0,0,0,0,0,0,0,0,0,0,0,0,0,0,0,0,0,0,0,0,0,0,0,0,0,0,0,0,0,0,0,0,0,0,0,0,0,0,0,0,0,0,0,0,0,0,0,0,0,0,0,0,0,0,0,0,1,0,0,0,0,0,0,0
2000,Italy,UNFPA,TLS,Timor-Leste,0,5,0,0,0,0,3,1,1,0,0,0,0,0,0,0,0,0,0,0,0,0,0,0,0,0,0,0,0,0,0,0,0,0,0,0,0,0,0,0,0,0,0,0,0,0,0,0,0,0,0,0,0,0,0,0,0,0,0,0,0,0,0,5,0,0,0,0,0,0,0
2000,Japan,UNFPA,TLS,Timor-Leste,0,60,0,0,0,0,33,19,7,0,0,0,0,0,0,0,0,0,0,0,0,0,0,0,0,0,0,0,0,0,0,0,0,0,0,0,0,0,0,0,0,0,0,0,0,0,0,0,0,0,0,0,0,0,0,0,0,0,0,0,0,0,0,60,0,0,0,0,0,0,0
2000,Luxembourg,UNFPA,TLS,Timor-Leste,0,3,0,0,0,0,2,1,0,0,0,0,0,0,0,0,0,0,0,0,0,0,0,0,0,0,0,0,0,0,0,0,0,0,0,0,0,0,0,0,0,0,0,0,0,0,0,0,0,0,0,0,0,0,0,0,0,0,0,0,0,0,0,3,0,0,0,0,0,0,0
2000,Netherlands,UNFPA,TLS,Timor-Leste,0,93,0,0,0,0,52,29,12,0,0,0,0,0,0,0,0,0,0,0,0,0,0,0,0,0,0,0,0,0,0,0,0,0,0,0,0,0,0,0,0,0,0,0,0,0,0,0,0,0,0,0,0,0,0,0,0,0,0,0,0,0,0,93,0,0,0,0,0,0,0
2000,Norway,UNFPA,TLS,Timor-Leste,0,31,0,0,0,0,17,10,4,0,0,0,0,0,0,0,0,0,0,0,0,0,0,0,0,0,0,0,0,0,0,0,0,0,0,0,0,0,0,0,0,0,0,0,0,0,0,0,0,0,0,0,0,0,0,0,0,0,0,0,0,0,0,31,0,0,0,0,0,0,0
2000,Other,UNFPA,TLS,Timor-Leste,0,34,0,0,0,0,19,11,4,0,0,0,0,0,0,0,0,0,0,0,0,0,0,0,0,0,0,0,0,0,0,0,0,0,0,0,0,0,0,0,0,0,0,0,0,0,0,0,0,0,0,0,0,0,0,0,0,0,0,0,0,0,0,34,0,0,0,0,0,0,0
2000,Private_other,UNFPA,TLS,Timor-Leste,0,4,0,0,0,0,2,1,0,0,0,0,0,0,0,0,0,0,0,0,0,0,0,0,0,0,0,0,0,0,0,0,0,0,0,0,0,0,0,0,0,0,0,0,0,0,0,0,0,0,0,0,0,0,0,0,0,0,0,0,0,0,0,4,0,0,0,0,0,0,0
2000,Sweden,UNFPA,TLS,Timor-Leste,0,22,0,0,0,0,12,7,3,0,0,0,0,0,0,0,0,0,0,0,0,0,0,0,0,0,0,0,0,0,0,0,0,0,0,0,0,0,0,0,0,0,0,0,0,0,0,0,0,0,0,0,0,0,0,0,0,0,0,0,0,0,0,22,0,0,0,0,0,0,0
2000,Switzerland,UNFPA,TLS,Timor-Leste,0,9,0,0,0,0,5,3,1,0,0,0,0,0,0,0,0,0,0,0,0,0,0,0,0,0,0,0,0,0,0,0,0,0,0,0,0,0,0,0,0,0,0,0,0,0,0,0,0,0,0,0,0,0,0,0,0,0,0,0,0,0,0,9,0,0,0,0,0,0,0
2000,United_Kingdom,UNFPA,TLS,Timor-Leste,0,44,0,0,0,0,25,14,6,0,0,0,0,0,0,0,0,0,0,0,0,0,0,0,0,0,0,0,0,0,0,0,0,0,0,0,0,0,0,0,0,0,0,0,0,0,0,0,0,0,0,0,0,0,0,0,0,0,0,0,0,0,0,44,0,0,0,0,0,0,0
2000,United_States,UNFPA,TLS,Timor-Leste,0,27,0,0,0,0,15,8,3,0,0,0,0,0,0,0,0,0,0,0,0,0,0,0,0,0,0,0,0,0,0,0,0,0,0,0,0,0,0,0,0,0,0,0,0,0,0,0,0,0,0,0,0,0,0,0,0,0,0,0,0,0,0,27,0,0,0,0,0,0,0
2000,Australia,UNICEF,TLS,Timor-Leste,0,26,0,0,0,0,0,0,1,0,0,0,7,6,8,2,0,0,0,0,0,0,0,0,0,1,0,0,0,0,0,0,0,0,0,0,0,0,0,0,0,0,0,0,0,0,0,0,0,0,0,0,0,0,0,0,0,0,0,0,0,0,0,1,23,0,1,0,0,0,0
2000,Austria,UNICEF,TLS,Timor-Leste,0,1,0,0,0,0,0,0,0,0,0,0,0,0,0,0,0,0,0,0,0,0,0,0,0,0,0,0,0,0,0,0,0,0,0,0,0,0,0,0,0,0,0,0,0,0,0,0,0,0,0,0,0,0,0,0,0,0,0,0,0,0,0,0,1,0,0,0,0,0,0
2000,Belgium,UNICEF,TLS,Timor-Leste,0,14,0,0,0,0,0,0,0,0,0,0,4,3,5,1,0,0,0,0,0,0,0,0,0,0,0,0,0,0,0,0,0,0,0,0,0,0,0,0,0,0,0,0,0,0,0,0,0,0,0,0,0,0,0,0,0,0,0,0,0,0,0,0,13,0,1,0,0,0,0
2000,Canada,UNICEF,TLS,Timor-Leste,0,46,0,0,0,0,0,0,1,0,0,0,13,10,15,4,0,0,0,0,0,0,0,0,0,1,0,0,0,0,0,0,0,0,0,0,0,0,0,0,0,0,0,0,0,0,0,0,0,0,0,0,0,0,0,0,0,0,0,0,0,0,0,1,42,0,2,0,0,0,0
2000,China,UNICEF,TLS,Timor-Leste,0,1,0,0,0,0,0,0,0,0,0,0,0,0,0,0,0,0,0,0,0,0,0,0,0,0,0,0,0,0,0,0,0,0,0,0,0,0,0,0,0,0,0,0,0,0,0,0,0,0,0,0,0,0,0,0,0,0,0,0,0,0,0,0,1,0,0,0,0,0,0
2000,Denmark,UNICEF,TLS,Timor-Leste,0,34,0,0,0,0,0,0,1,0,0,0,10,7,11,3,0,0,0,0,0,0,0,0,0,1,0,0,0,0,0,0,0,0,0,0,0,0,0,0,0,0,0,0,0,0,0,0,0,0,0,0,0,0,0,0,0,0,0,0,0,0,0,1,31,0,2,0,0,0,0
2000,Finland,UNICEF,TLS,Timor-Leste,0,15,0,0,0,0,0,0,0,0,0,0,4,3,5,1,0,0,0,0,0,0,0,0,0,0,0,0,0,0,0,0,0,0,0,0,0,0,0,0,0,0,0,0,0,0,0,0,0,0,0,0,0,0,0,0,0,0,0,0,0,0,0,0,13,0,1,0,0,0,0
2000,France,UNICEF,TLS,Timor-Leste,0,13,0,0,0,0,0,0,0,0,0,0,4,3,4,1,0,0,0,0,0,0,0,0,0,0,0,0,0,0,0,0,0,0,0,0,0,0,0,0,0,0,0,0,0,0,0,0,0,0,0,0,0,0,0,0,0,0,0,0,0,0,0,0,12,0,1,0,0,0,0
2000,Germany,UNICEF,TLS,Timor-Leste,0,12,0,0,0,0,0,0,0,0,0,0,4,3,4,1,0,0,0,0,0,0,0,0,0,0,0,0,0,0,0,0,0,0,0,0,0,0,0,0,0,0,0,0,0,0,0,0,0,0,0,0,0,0,0,0,0,0,0,0,0,0,0,0,11,0,1,0,0,0,0
2000,Ireland,UNICEF,TLS,Timor-Leste,0,9,0,0,0,0,0,0,0,0,0,0,3,2,3,1,0,0,0,0,0,0,0,0,0,0,0,0,0,0,0,0,0,0,0,0,0,0,0,0,0,0,0,0,0,0,0,0,0,0,0,0,0,0,0,0,0,0,0,0,0,0,0,0,8,0,0,0,0,0,0
2000,Italy,UNICEF,TLS,Timor-Leste,0,44,0,0,0,0,0,0,1,0,0,0,13,10,14,3,0,0,0,0,0,0,0,0,0,1,0,0,0,0,0,0,0,0,0,0,0,0,0,0,0,0,0,0,0,0,0,0,0,0,0,0,0,0,0,0,0,0,0,0,0,0,0,1,40,0,2,0,0,0,0
2000,Japan,UNICEF,TLS,Timor-Leste,0,135,0,0,0,0,0,0,4,0,0,0,39,29,45,11,0,0,0,1,1,1,0,0,0,3,0,0,0,0,0,0,0,0,0,0,0,0,0,0,0,0,0,0,0,0,0,0,0,0,0,0,0,0,0,0,0,0,0,0,0,0,0,4,123,0,7,0,0,0,0
2000,Korea,UNICEF,TLS,Timor-Leste,0,1,0,0,0,0,0,0,0,0,0,0,0,0,0,0,0,0,0,0,0,0,0,0,0,0,0,0,0,0,0,0,0,0,0,0,0,0,0,0,0,0,0,0,0,0,0,0,0,0,0,0,0,0,0,0,0,0,0,0,0,0,0,0,1,0,0,0,0,0,0
2000,Netherlands,UNICEF,TLS,Timor-Leste,0,89,0,0,0,0,0,0,3,0,0,0,26,19,29,7,0,0,0,1,1,1,0,0,0,2,0,0,0,0,0,0,0,0,0,0,0,0,0,0,0,0,0,0,0,0,0,0,0,0,0,0,0,0,0,0,0,0,0,0,0,0,0,3,81,0,5,0,0,0,0
2000,New_Zealand,UNICEF,TLS,Timor-Leste,0,3,0,0,0,0,0,0,0,0,0,0,1,1,1,0,0,0,0,0,0,0,0,0,0,0,0,0,0,0,0,0,0,0,0,0,0,0,0,0,0,0,0,0,0,0,0,0,0,0,0,0,0,0,0,0,0,0,0,0,0,0,0,0,3,0,0,0,0,0,0
2000,Non_OECD_non_DAC_countries,UNICEF,TLS,Timor-Leste,0,3,0,0,0,0,0,0,0,0,0,0,1,1,1,0,0,0,0,0,0,0,0,0,0,0,0,0,0,0,0,0,0,0,0,0,0,0,0,0,0,0,0,0,0,0,0,0,0,0,0,0,0,0,0,0,0,0,0,0,0,0,0,0,2,0,0,0,0,0,0
2000,Norway,UNICEF,TLS,Timor-Leste,0,78,0,0,0,0,0,0,2,0,0,0,23,17,26,6,0,0,0,1,1,1,0,0,0,2,0,0,0,0,0,0,0,0,0,0,0,0,0,0,0,0,0,0,0,0,0,0,0,0,0,0,0,0,0,0,0,0,0,0,0,0,0,2,72,0,4,0,0,0,0
2000,Other,UNICEF,TLS,Timor-Leste,0,35,0,0,0,0,0,0,1,0,0,0,10,8,11,3,0,0,0,0,0,0,0,0,0,1,0,0,0,0,0,0,0,0,0,0,0,0,0,0,0,0,0,0,0,0,0,0,0,0,0,0,0,0,0,0,0,0,0,0,0,0,0,1,32,0,2,0,0,0,0
2000,Private_other,UNICEF,TLS,Timor-Leste,0,535,0,0,0,0,0,0,17,0,0,0,154,116,177,42,0,0,1,5,5,4,2,0,0,12,0,0,0,0,0,0,0,0,0,0,0,0,0,0,0,0,0,0,0,0,0,0,0,0,0,0,0,0,0,0,0,0,0,0,0,0,0,17,489,0,29,0,0,0,0
2000,Spain,UNICEF,TLS,Timor-Leste,0,4,0,0,0,0,0,0,0,0,0,0,1,1,1,0,0,0,0,0,0,0,0,0,0,0,0,0,0,0,0,0,0,0,0,0,0,0,0,0,0,0,0,0,0,0,0,0,0,0,0,0,0,0,0,0,0,0,0,0,0,0,0,0,3,0,0,0,0,0,0
2000,Sweden,UNICEF,TLS,Timor-Leste,0,79,0,0,0,0,0,0,3,0,0,0,23,17,26,6,0,0,0,1,1,1,0,0,0,2,0,0,0,0,0,0,0,0,0,0,0,0,0,0,0,0,0,0,0,0,0,0,0,0,0,0,0,0,0,0,0,0,0,0,0,0,0,3,73,0,4,0,0,0,0
2000,Switzerland,UNICEF,TLS,Timor-Leste,0,14,0,0,0,0,0,0,0,0,0,0,4,3,5,1,0,0,0,0,0,0,0,0,0,0,0,0,0,0,0,0,0,0,0,0,0,0,0,0,0,0,0,0,0,0,0,0,0,0,0,0,0,0,0,0,0,0,0,0,0,0,0,0,13,0,1,0,0,0,0
2000,Unallocable,UNICEF,TLS,Timor-Leste,0,19,0,0,0,0,0,0,1,0,0,0,5,4,6,1,0,0,0,0,0,0,0,0,0,0,0,0,0,0,0,0,0,0,0,0,0,0,0,0,0,0,0,0,0,0,0,0,0,0,0,0,0,0,0,0,0,0,0,0,0,0,0,1,17,0,1,0,0,0,0
2000,United_Kingdom,UNICEF,TLS,Timor-Leste,0,130,0,0,0,0,0,0,4,0,0,0,37,28,43,10,0,0,0,1,1,1,0,0,0,3,0,0,0,0,0,0,0,0,0,0,0,0,0,0,0,0,0,0,0,0,0,0,0,0,0,0,0,0,0,0,0,0,0,0,0,0,0,4,119,0,7,0,0,0,0
2000,United_States,UNICEF,TLS,Timor-Leste,0,331,0,0,0,0,0,0,11,0,0,0,95,72,109,26,0,0,1,3,3,3,1,0,0,8,0,0,0,0,0,0,0,0,0,0,0,0,0,0,0,0,0,0,0,0,0,0,0,0,0,0,0,0,0,0,0,0,0,0,0,0,0,11,303,0,18,0,0,0,0
2000,Private_other,US_FOUND,TLS,Timor-Leste,0,49,3,3,1,0,9,1,4,0,2,0,0,0,0,0,0,0,0,0,0,0,0,0,0,0,0,0,0,0,0,0,0,0,0,0,0,0,0,0,0,0,0,0,0,0,0,0,0,0,0,0,0,0,18,0,0,0,2,1,0,6,0,16,0,21,0,0,0,0,7
2000,Australia,WHO,TLS,Timor-Leste,0,20,0,0,7,1,1,0,0,0,0,0,0,0,0,0,0,0,0,0,0,0,0,0,0,1,0,0,0,0,0,0,0,0,0,0,0,0,0,0,0,0,0,0,0,0,0,0,0,0,7,0,0,0,0,1,0,0,0,0,0,0,0,1,0,1,1,0,0,7,8
2000,Austria,WHO,TLS,Timor-Leste,0,6,0,0,2,0,0,0,0,0,0,0,0,0,0,0,0,0,0,0,0,0,0,0,0,0,0,0,0,0,0,0,0,0,0,0,0,0,0,0,0,0,0,0,0,0,0,0,0,0,2,0,0,0,0,0,0,0,0,0,0,0,0,0,0,0,0,0,0,2,3
2000,Belgium,WHO,TLS,Timor-Leste,0,11,0,0,4,1,1,0,0,0,0,0,0,0,0,0,0,0,0,0,0,0,0,0,0,0,0,0,0,0,0,0,0,0,0,0,0,0,0,0,0,0,0,0,0,0,0,0,0,0,4,0,0,0,0,0,0,0,0,0,0,0,0,1,0,1,0,0,0,4,5
2000,Canada,WHO,TLS,Timor-Leste,0,35,0,0,13,2,2,0,0,0,0,0,0,0,0,0,0,0,0,0,0,0,0,0,0,1,0,0,0,0,0,0,0,0,0,0,1,0,0,0,0,0,0,1,0,0,0,0,0,0,13,0,0,0,0,1,0,0,0,0,0,0,0,2,0,2,1,1,1,13,15
2000,China,WHO,TLS,Timor-Leste,0,6,0,0,2,0,0,0,0,0,0,0,0,0,0,0,0,0,0,0,0,0,0,0,0,0,0,0,0,0,0,0,0,0,0,0,0,0,0,0,0,0,0,0,0,0,0,0,0,0,2,0,0,0,0,0,0,0,0,0,0,0,0,0,0,0,0,0,0,2,2
2000,Corporate_donations,WHO,TLS,Timor-Leste,0,8,0,0,3,0,1,0,0,0,0,0,0,0,0,0,0,0,0,0,0,0,0,0,0,0,0,0,0,0,0,0,0,0,0,0,0,0,0,0,0,0,0,0,0,0,0,0,0,0,3,0,0,0,0,0,0,0,0,0,0,0,0,1,0,0,0,0,0,3,3
2000,Denmark,WHO,TLS,Timor-Leste,0,18,0,0,7,1,1,0,0,0,0,0,0,0,0,0,0,0,0,0,0,0,0,0,0,1,0,0,0,0,0,0,0,0,0,0,0,0,0,0,0,0,0,0,0,0,0,0,0,0,7,0,0,0,0,1,0,0,0,0,0,0,0,1,0,1,1,0,0,7,8
2000,Finland,WHO,TLS,Timor-Leste,0,5,0,0,2,0,0,0,0,0,0,0,0,0,0,0,0,0,0,0,0,0,0,0,0,0,0,0,0,0,0,0,0,0,0,0,0,0,0,0,0,0,0,0,0,0,0,0,0,0,2,0,0,0,0,0,0,0,0,0,0,0,0,0,0,0,0,0,0,2,2
2000,France,WHO,TLS,Timor-Leste,0,40,0,0,15,2,3,0,0,0,0,0,0,0,0,0,0,0,0,0,0,0,0,0,0,1,0,0,0,0,0,0,0,0,0,0,1,0,0,0,0,0,0,1,0,0,0,0,0,0,15,0,0,0,0,1,1,0,0,0,0,1,0,3,0,2,1,1,1,15,17
2000,Gates Foundation,WHO,TLS,Timor-Leste,0,7,0,0,3,0,0,0,0,0,0,0,0,0,0,0,0,0,0,0,0,0,0,0,0,0,0,0,0,0,0,0,0,0,0,0,0,0,0,0,0,0,0,0,0,0,0,0,0,0,3,0,0,0,0,0,0,0,0,0,0,0,0,0,0,0,0,0,0,3,3
2000,Germany,WHO,TLS,Timor-Leste,0,63,0,0,23,3,4,0,0,0,0,0,0,0,0,0,0,0,0,0,0,0,0,0,0,2,0,0,0,0,0,0,0,0,0,0,2,0,0,0,0,0,0,2,0,0,0,0,0,0,23,0,0,0,0,2,1,0,0,0,0,1,0,4,0,3,2,2,2,23,26
2000,Greece,WHO,TLS,Timor-Leste,0,2,0,0,1,0,0,0,0,0,0,0,0,0,0,0,0,0,0,0,0,0,0,0,0,0,0,0,0,0,0,0,0,0,0,0,0,0,0,0,0,0,0,0,0,0,0,0,0,0,1,0,0,0,0,0,0,0,0,0,0,0,0,0,0,0,0,0,0,1,1
2000,Ireland,WHO,TLS,Timor-Leste,0,3,0,0,1,0,0,0,0,0,0,0,0,0,0,0,0,0,0,0,0,0,0,0,0,0,0,0,0,0,0,0,0,0,0,0,0,0,0,0,0,0,0,0,0,0,0,0,0,0,1,0,0,0,0,0,0,0,0,0,0,0,0,0,0,0,0,0,0,1,1
2000,Italy,WHO,TLS,Timor-Leste,0,53,0,0,20,3,3,0,0,0,0,0,0,0,0,0,0,0,0,0,0,0,0,0,0,2,0,0,0,0,0,0,0,0,0,0,1,0,0,0,0,0,0,1,0,0,0,0,0,0,20,0,0,0,0,2,1,0,0,0,0,1,0,3,0,3,2,1,1,20,22
2000,Japan,WHO,TLS,Timor-Leste,0,131,0,0,48,7,8,0,0,0,0,0,0,0,0,0,0,0,0,0,0,0,0,0,0,4,0,0,0,0,0,0,0,0,0,0,3,0,0,0,0,0,0,3,0,0,0,0,0,0,49,0,0,0,1,4,2,0,0,0,0,2,0,8,0,7,4,3,3,49,55
2000,Korea,WHO,TLS,Timor-Leste,0,6,0,0,2,0,0,0,0,0,0,0,0,0,0,0,0,0,0,0,0,0,0,0,0,0,0,0,0,0,0,0,0,0,0,0,0,0,0,0,0,0,0,0,0,0,0,0,0,0,2,0,0,0,0,0,0,0,0,0,0,0,0,0,0,0,0,0,0,2,3
2000,Luxembourg,WHO,TLS,Timor-Leste,0,6,0,0,2,0,0,0,0,0,0,0,0,0,0,0,0,0,0,0,0,0,0,0,0,0,0,0,0,0,0,0,0,0,0,0,0,0,0,0,0,0,0,0,0,0,0,0,0,0,2,0,0,0,0,0,0,0,0,0,0,0,0,0,0,0,0,0,0,2,2
2000,Netherlands,WHO,TLS,Timor-Leste,0,115,0,0,43,6,7,0,0,0,0,0,0,0,0,0,0,0,0,0,0,0,0,0,0,3,0,0,0,0,0,0,0,0,0,0,3,0,0,0,0,0,0,3,0,0,0,0,0,0,43,0,0,0,1,4,2,0,0,0,0,2,0,7,0,6,3,3,3,43,49
2000,New_Zealand,WHO,TLS,Timor-Leste,0,1,0,0,0,0,0,0,0,0,0,0,0,0,0,0,0,0,0,0,0,0,0,0,0,0,0,0,0,0,0,0,0,0,0,0,0,0,0,0,0,0,0,0,0,0,0,0,0,0,0,0,0,0,0,0,0,0,0,0,0,0,0,0,0,0,0,0,0,0,1
2000,Non_OECD_DAC_countries,WHO,TLS,Timor-Leste,0,7,0,0,3,0,0,0,0,0,0,0,0,0,0,0,0,0,0,0,0,0,0,0,0,0,0,0,0,0,0,0,0,0,0,0,0,0,0,0,0,0,0,0,0,0,0,0,0,0,3,0,0,0,0,0,0,0,0,0,0,0,0,0,0,0,0,0,0,3,3
2000,Non_OECD_non_DAC_countries,WHO,TLS,Timor-Leste,0,49,0,0,18,3,3,0,0,0,0,0,0,0,0,0,0,0,0,0,0,0,0,0,0,1,0,0,0,0,0,0,0,0,0,0,1,0,0,0,0,0,0,1,0,0,0,0,0,0,18,0,0,0,0,2,1,0,0,0,0,1,0,3,0,2,1,1,1,18,21
2000,Norway,WHO,TLS,Timor-Leste,0,33,0,0,12,2,2,0,0,0,0,0,0,0,0,0,0,0,0,0,0,0,0,0,0,1,0,0,0,0,0,0,0,0,0,0,1,0,0,0,0,0,0,1,0,0,0,0,0,0,12,0,0,0,0,1,0,0,0,0,0,0,0,2,0,2,1,1,1,12,14
2000,Other,WHO,TLS,Timor-Leste,0,289,0,0,107,15,18,0,0,0,0,0,0,0,0,0,0,0,0,0,0,0,0,0,0,8,0,0,0,0,0,0,0,0,0,0,7,0,0,0,0,0,0,7,0,0,0,0,0,0,107,0,0,0,2,9,4,0,0,0,0,4,0,18,0,14,8,7,7,107,122
2000,Other_OECD_DAC_countries,WHO,TLS,Timor-Leste,0,2,0,0,1,0,0,0,0,0,0,0,0,0,0,0,0,0,0,0,0,0,0,0,0,0,0,0,0,0,0,0,0,0,0,0,0,0,0,0,0,0,0,0,0,0,0,0,0,0,1,0,0,0,0,0,0,0,0,0,0,0,0,0,0,0,0,0,0,1,1
2000,Portugal,WHO,TLS,Timor-Leste,0,2,0,0,1,0,0,0,0,0,0,0,0,0,0,0,0,0,0,0,0,0,0,0,0,0,0,0,0,0,0,0,0,0,0,0,0,0,0,0,0,0,0,0,0,0,0,0,0,0,1,0,0,0,0,0,0,0,0,0,0,0,0,0,0,0,0,0,0,1,1
2000,Private_other,WHO,TLS,Timor-Leste,0,62,0,0,23,3,4,0,0,0,0,0,0,0,0,0,0,0,0,0,0,0,0,0,0,2,0,0,0,0,0,0,0,0,0,0,2,0,0,0,0,0,0,2,0,0,0,0,0,0,23,0,0,0,0,2,1,0,0,0,0,1,0,4,0,3,2,2,2,23,26
2000,Spain,WHO,TLS,Timor-Leste,0,15,0,0,6,1,1,0,0,0,0,0,0,0,0,0,0,0,0,0,0,0,0,0,0,0,0,0,0,0,0,0,0,0,0,0,0,0,0,0,0,0,0,0,0,0,0,0,0,0,6,0,0,0,0,0,0,0,0,0,0,0,0,1,0,1,0,0,0,6,7
2000,Sweden,WHO,TLS,Timor-Leste,0,18,0,0,7,1,1,0,0,0,0,0,0,0,0,0,0,0,0,0,0,0,0,0,0,1,0,0,0,0,0,0,0,0,0,0,0,0,0,0,0,0,0,0,0,0,0,0,0,0,7,0,0,0,0,1,0,0,0,0,0,0,0,1,0,1,1,0,0,7,8
2000,Switzerland,WHO,TLS,Timor-Leste,0,15,0,0,6,1,1,0,0,0,0,0,0,0,0,0,0,0,0,0,0,0,0,0,0,0,0,0,0,0,0,0,0,0,0,0,0,0,0,0,0,0,0,0,0,0,0,0,0,0,6,0,0,0,0,0,0,0,0,0,0,0,0,1,0,1,0,0,0,6,6
2000,Unallocable,WHO,TLS,Timor-Leste,0,63,0,0,23,3,4,0,0,0,0,0,0,0,0,0,0,0,0,0,0,0,0,0,0,2,0,0,0,0,0,0,0,0,0,0,2,0,0,0,0,0,0,2,0,0,0,0,0,0,24,0,0,0,0,2,1,0,0,0,0,1,0,4,0,3,2,2,2,24,27
2000,United_Kingdom,WHO,TLS,Timor-Leste,0,144,0,0,53,8,9,0,0,0,0,0,0,0,0,0,0,0,0,0,0,0,0,0,0,4,0,0,0,0,0,0,0,0,0,0,4,0,0,0,0,0,0,4,0,0,0,0,0,0,54,0,0,0,1,4,2,0,0,0,0,2,0,9,0,7,4,4,4,54,61
2000,United_States,WHO,TLS,Timor-Leste,0,242,0,0,89,13,15,0,0,0,0,0,0,0,0,0,0,0,0,0,0,0,0,0,0,7,0,0,0,0,0,0,0,0,0,0,6,0,0,0,0,0,0,6,0,0,0,0,0,0,90,0,0,0,1,7,3,0,0,0,0,3,0,15,0,12,7,6,6,90,102
2001,Australia,BIL_AUS,TLS,Timor-Leste,0,980,175,0,0,0,0,0,0,0,0,0,0,0,0,0,0,0,0,4,0,0,43,0,0,3,87,88,0,0,0,0,0,0,0,0,0,0,0,0,0,0,0,51,0,0,0,0,0,0,0,0,0,0,0,145,65,54,229,0,0,35,0,0,0,493,226,0,51,0,175
2001,Canada,BIL_CAN,TLS,Timor-Leste,0,3,2,0,0,0,0,0,0,0,0,0,0,0,0,0,0,0,0,0,0,0,0,0,0,0,0,0,0,0,0,0,0,0,0,0,0,0,0,0,0,0,0,0,0,0,0,0,0,0,0,0,0,0,0,0,0,0,0,0,0,0,0,0,0,0,0,0,0,0,2
2001,Germany,BIL_DEU,TLS,Timor-Leste,0,2,2,0,0,0,0,0,0,0,0,0,0,0,0,0,0,0,0,0,0,0,0,0,0,0,0,0,0,0,0,0,0,0,0,0,0,0,0,0,0,0,0,0,0,0,0,0,0,0,0,0,0,0,0,0,0,0,0,0,0,0,0,0,0,0,0,0,0,0,2
2001,Finland,BIL_FIN,TLS,Timor-Leste,0,1,0,0,0,0,0,0,0,0,0,0,0,0,0,0,0,0,0,0,0,0,0,0,0,0,0,0,0,0,0,0,0,0,0,0,0,0,0,0,0,0,0,0,0,0,0,0,0,0,0,0,0,0,0,0,0,1,0,0,0,0,0,0,0,1,0,0,0,0,0
2001,France,BIL_FRA,TLS,Timor-Leste,0,22,0,0,0,0,0,0,0,0,0,0,0,0,0,0,0,0,0,0,0,0,0,0,0,0,0,0,0,0,0,0,0,0,0,0,0,0,0,0,0,0,0,0,0,0,0,0,0,0,0,0,0,0,0,0,0,0,0,0,0,22,0,0,0,0,0,0,0,0,0
2001,United_Kingdom,BIL_GBR,TLS,Timor-Leste,0,6,0,0,0,0,0,0,0,0,0,0,0,0,0,0,0,0,0,1,0,0,0,0,0,0,0,0,0,0,0,0,0,0,0,0,0,0,0,0,0,0,0,0,0,0,0,0,0,0,0,0,0,0,0,0,0,0,0,0,0,3,0,0,0,0,2,0,0,0,0
2001,Luxembourg,BIL_LUX,TLS,Timor-Leste,0,706,0,0,0,0,0,0,0,0,0,0,0,0,0,0,0,0,0,0,0,0,0,0,0,0,0,0,0,0,0,0,0,0,0,0,0,0,0,0,0,0,0,0,0,0,0,0,0,0,0,0,0,0,0,0,0,0,0,0,0,706,0,0,0,0,0,0,0,0,0
2001,Netherlands,BIL_NLD,TLS,Timor-Leste,0,12,0,0,0,0,0,0,0,0,0,0,0,0,0,0,0,0,0,0,0,0,0,0,0,0,0,0,0,0,0,0,0,0,0,0,0,0,0,0,0,0,0,0,0,0,0,0,0,0,0,0,0,0,0,0,0,0,0,0,0,12,0,0,0,0,0,0,0,0,0
2001,Norway,BIL_NOR,TLS,Timor-Leste,0,468,0,0,0,0,0,0,0,0,0,0,0,0,0,0,0,0,0,0,0,0,0,0,0,0,0,0,0,0,0,0,0,0,0,0,0,0,0,0,0,0,0,0,364,0,0,0,0,0,0,0,0,0,0,0,0,0,0,0,0,104,0,0,0,0,0,0,364,0,0
2001,Portugal,BIL_PRT,TLS,Timor-Leste,0,110,0,0,0,0,0,0,0,0,0,0,0,0,0,0,0,0,0,0,0,0,0,0,0,0,0,0,0,0,0,0,0,0,0,0,0,0,0,0,0,0,0,0,0,0,0,0,0,0,0,0,0,0,0,0,0,0,0,0,0,110,0,0,0,0,0,0,0,0,0
2001,Sweden,BIL_SWE,TLS,Timor-Leste,0,4,0,0,0,0,0,1,0,0,0,0,0,0,0,0,0,0,0,0,0,0,0,0,0,0,0,0,0,0,0,0,0,0,0,0,0,0,0,0,0,0,0,0,0,0,0,0,0,0,0,0,0,0,0,0,0,0,0,0,0,3,0,1,0,0,0,0,0,0,0
2001,United_States,BIL_USA,TLS,Timor-Leste,0,71,1,0,0,0,9,2,3,0,0,0,3,0,0,0,0,0,0,26,0,0,0,0,0,2,0,0,0,0,0,0,0,0,0,0,0,0,0,0,0,0,0,16,0,0,0,0,0,0,0,0,0,0,0,0,0,0,0,0,0,8,0,14,3,0,28,0,16,0,1
2001,Gates Foundation,GATES,TLS,Timor-Leste,0,112,0,0,0,0,2,42,1,0,2,0,2,18,19,0,1,0,0,0,0,0,0,0,0,0,0,13,0,0,0,0,0,0,0,0,0,0,0,0,0,0,0,0,0,0,0,0,0,0,10,0,0,0,0,0,1,0,0,0,0,0,0,46,41,1,13,0,0,10,0
2001,Australia,INTLNGO,TLS,Timor-Leste,0,222,40,0,0,0,0,0,0,0,0,0,0,0,0,0,0,0,0,1,0,0,10,0,0,1,20,20,0,0,0,0,0,0,0,0,0,0,0,0,0,0,0,12,0,0,0,0,0,0,0,0,0,0,0,33,15,12,52,0,0,8,0,0,0,112,51,0,12,0,40
2001,Canada,INTLNGO,TLS,Timor-Leste,0,1,1,0,0,0,0,0,0,0,0,0,0,0,0,0,0,0,0,0,0,0,0,0,0,0,0,0,0,0,0,0,0,0,0,0,0,0,0,0,0,0,0,0,0,0,0,0,0,0,0,0,0,0,0,0,0,0,0,0,0,0,0,0,0,0,0,0,0,0,1
2001,Finland,INTLNGO,TLS,Timor-Leste,0,1,0,0,0,0,0,0,0,0,0,0,0,0,0,0,0,0,0,0,0,0,0,0,0,0,0,0,0,0,0,0,0,0,0,0,0,0,0,0,0,0,0,0,0,0,0,0,0,0,0,0,0,0,0,0,0,1,0,0,0,0,0,0,0,1,0,0,0,0,0
2001,France,INTLNGO,TLS,Timor-Leste,0,2,0,0,0,0,0,0,0,0,0,0,0,0,0,0,0,0,0,0,0,0,0,0,0,0,0,0,0,0,0,0,0,0,0,0,0,0,0,0,0,0,0,0,0,0,0,0,0,0,0,0,0,0,0,0,0,0,0,0,0,2,0,0,0,0,0,0,0,0,0
2001,Luxembourg,INTLNGO,TLS,Timor-Leste,0,174,0,0,0,0,0,0,0,0,0,0,0,0,0,0,0,0,0,0,0,0,0,0,0,0,0,0,0,0,0,0,0,0,0,0,0,0,0,0,0,0,0,0,0,0,0,0,0,0,0,0,0,0,0,0,0,0,0,0,0,174,0,0,0,0,0,0,0,0,0
2001,Netherlands,INTLNGO,TLS,Timor-Leste,0,6,0,0,0,0,0,0,0,0,0,0,0,0,0,0,0,0,0,0,0,0,0,0,0,0,0,0,0,0,0,0,0,0,0,0,0,0,0,0,0,0,0,0,0,0,0,0,0,0,0,0,0,0,0,0,0,0,0,0,0,6,0,0,0,0,0,0,0,0,0
2001,Norway,INTLNGO,TLS,Timor-Leste,0,398,0,0,0,0,0,0,0,0,0,0,0,0,0,0,0,0,0,0,0,0,0,0,0,0,0,0,0,0,0,0,0,0,0,0,0,0,0,0,0,0,0,0,309,0,0,0,0,0,0,0,0,0,0,0,0,0,0,0,0,88,0,0,0,0,0,0,309,0,0
2001,Portugal,INTLNGO,TLS,Timor-Leste,0,26,0,0,0,0,0,0,0,0,0,0,0,0,0,0,0,0,0,0,0,0,0,0,0,0,0,0,0,0,0,0,0,0,0,0,0,0,0,0,0,0,0,0,0,0,0,0,0,0,0,0,0,0,0,0,0,0,0,0,0,26,0,0,0,0,0,0,0,0,0
2001,Sweden,INTLNGO,TLS,Timor-Leste,0,3,0,0,0,0,0,1,0,0,0,0,0,0,0,0,0,0,0,0,0,0,0,0,0,0,0,0,0,0,0,0,0,0,0,0,0,0,0,0,0,0,0,0,0,0,0,0,0,0,0,0,0,0,0,0,0,0,0,0,0,2,0,1,0,0,0,0,0,0,0
2001,United_Kingdom,INTLNGO,TLS,Timor-Leste,0,2,0,0,0,0,0,0,0,0,0,0,0,0,0,0,0,0,0,0,0,0,0,0,0,0,0,0,0,0,0,0,0,0,0,0,0,0,0,0,0,0,0,0,0,0,0,0,0,0,0,0,0,0,0,0,0,0,0,0,0,1,0,0,0,0,1,0,0,0,0
2001,United_States,INTLNGO,TLS,Timor-Leste,0,9,0,0,0,0,1,0,0,0,0,0,0,0,0,0,0,0,0,3,0,0,0,0,0,0,0,0,0,0,0,0,0,0,0,0,0,0,0,0,0,0,0,2,0,0,0,0,0,0,0,0,0,0,0,0,0,0,0,0,0,1,0,2,0,0,3,0,2,0,0
2001,Corporate_donations,NGO,TLS,Timor-Leste,0,41,0,0,0,0,0,0,0,1,1,0,6,1,5,2,6,0,0,1,0,0,0,0,0,0,0,0,0,0,0,1,0,0,0,0,0,0,0,0,0,0,0,0,0,0,0,0,0,0,0,1,1,0,0,1,0,1,9,0,0,3,0,2,20,11,2,1,0,2,0
2001,Private_other,NGO,TLS,Timor-Leste,0,321,14,0,1,1,53,12,0,13,12,2,19,8,36,20,28,0,5,2,0,1,1,6,0,0,2,3,2,6,1,1,3,7,7,0,0,4,5,4,3,2,0,0,1,1,1,0,0,0,0,3,2,1,1,2,0,4,11,1,0,9,0,92,111,19,22,38,8,7,15
2001,United_States,NGO,TLS,Timor-Leste,0,37,1,0,0,0,5,1,1,0,0,0,2,0,0,0,0,0,0,14,0,0,0,0,0,1,0,0,0,0,0,0,0,0,0,0,0,0,0,0,0,0,0,9,0,0,0,0,0,0,0,0,0,0,0,0,0,0,0,0,0,4,0,7,2,0,15,0,9,0,1
2001,Belgium,UNAIDS,TLS,Timor-Leste,0,2,0,0,0,0,0,0,0,0,0,0,0,0,0,0,0,0,0,0,0,0,0,0,0,0,1,0,0,0,0,0,0,0,0,0,0,0,0,0,0,0,0,0,0,0,0,0,0,0,0,0,0,0,0,0,0,0,0,0,0,0,0,0,0,0,2,0,0,0,0
2001,Denmark,UNAIDS,TLS,Timor-Leste,0,1,0,0,0,0,0,0,0,0,0,0,0,0,0,0,0,0,0,0,0,0,0,0,0,0,1,0,0,0,0,0,0,0,0,0,0,0,0,0,0,0,0,0,0,0,0,0,0,0,0,0,0,0,0,0,0,0,0,0,0,0,0,0,0,0,1,0,0,0,0
2001,Finland,UNAIDS,TLS,Timor-Leste,0,1,0,0,0,0,0,0,0,0,0,0,0,0,0,0,0,0,0,0,0,0,0,0,0,0,1,0,0,0,0,0,0,0,0,0,0,0,0,0,0,0,0,0,0,0,0,0,0,0,0,0,0,0,0,0,0,0,0,0,0,0,0,0,0,0,1,0,0,0,0
2001,Netherlands,UNAIDS,TLS,Timor-Leste,0,6,0,0,0,0,0,0,0,0,0,0,0,0,0,0,0,0,0,0,0,0,0,0,0,1,3,0,0,0,0,0,0,0,0,0,0,0,0,0,0,0,0,0,0,0,0,0,0,0,0,0,0,0,0,0,0,0,0,0,0,0,0,0,0,0,6,0,0,0,0
2001,Norway,UNAIDS,TLS,Timor-Leste,0,3,0,0,0,0,0,0,0,0,0,0,0,0,0,0,0,0,0,0,0,0,0,0,0,1,2,0,0,0,0,0,0,0,0,0,0,0,0,0,0,0,0,0,0,0,0,0,0,0,0,0,0,0,0,0,0,0,0,0,0,0,0,0,0,0,3,0,0,0,0
2001,Other,UNAIDS,TLS,Timor-Leste,0,2,0,0,0,0,0,0,0,0,0,0,0,0,0,0,0,0,0,0,0,0,0,0,0,0,1,0,0,0,0,0,0,0,0,0,0,0,0,0,0,0,0,0,0,0,0,0,0,0,0,0,0,0,0,0,0,0,0,0,0,0,0,0,0,0,2,0,0,0,0
2001,Sweden,UNAIDS,TLS,Timor-Leste,0,1,0,0,0,0,0,0,0,0,0,0,0,0,0,0,0,0,0,0,0,0,0,0,0,0,1,0,0,0,0,0,0,0,0,0,0,0,0,0,0,0,0,0,0,0,0,0,0,0,0,0,0,0,0,0,0,0,0,0,0,0,0,0,0,0,1,0,0,0,0
2001,United_Kingdom,UNAIDS,TLS,Timor-Leste,0,2,0,0,0,0,0,0,0,0,0,0,0,0,0,0,0,0,0,0,0,0,0,0,0,0,1,0,0,0,0,0,0,0,0,0,0,0,0,0,0,0,0,0,0,0,0,0,0,0,0,0,0,0,0,0,0,0,0,0,0,0,0,0,0,0,2,0,0,0,0
2001,United_States,UNAIDS,TLS,Timor-Leste,0,6,0,0,0,0,0,0,0,0,0,0,0,0,0,0,0,0,0,0,0,0,0,0,0,1,3,0,0,0,0,0,0,0,0,0,0,0,0,0,0,0,0,0,0,0,0,0,0,0,0,0,0,0,0,0,0,0,0,0,0,0,0,0,0,0,6,0,0,0,0
2001,Australia,UNFPA,TLS,Timor-Leste,0,1,0,0,0,0,1,0,0,0,0,0,0,0,0,0,0,0,0,0,0,0,0,0,0,0,0,0,0,0,0,0,0,0,0,0,0,0,0,0,0,0,0,0,0,0,0,0,0,0,0,0,0,0,0,0,0,0,0,0,0,0,0,1,0,0,0,0,0,0,0
2001,Belgium,UNFPA,TLS,Timor-Leste,0,2,0,0,0,0,1,1,0,0,0,0,0,0,0,0,0,0,0,0,0,0,0,0,0,0,0,0,0,0,0,0,0,0,0,0,0,0,0,0,0,0,0,0,0,0,0,0,0,0,0,0,0,0,0,0,0,0,0,0,0,0,0,2,0,0,0,0,0,0,0
2001,Canada,UNFPA,TLS,Timor-Leste,0,6,0,0,0,0,3,2,1,0,0,0,0,0,0,0,0,0,0,0,0,0,0,0,0,0,0,0,0,0,0,0,0,0,0,0,0,0,0,0,0,0,0,0,0,0,0,0,0,0,0,0,0,0,0,0,0,0,0,0,0,0,0,6,0,0,0,0,0,0,0
2001,Denmark,UNFPA,TLS,Timor-Leste,0,17,0,0,0,0,9,6,2,0,0,0,0,0,0,0,0,0,0,0,0,0,0,0,0,0,0,0,0,0,0,0,0,0,0,0,0,0,0,0,0,0,0,0,0,0,0,0,0,0,0,0,0,0,0,0,0,0,0,0,0,0,0,17,0,0,0,0,0,0,0
2001,Finland,UNFPA,TLS,Timor-Leste,0,8,0,0,0,0,4,3,1,0,0,0,0,0,0,0,0,0,0,0,0,0,0,0,0,0,0,0,0,0,0,0,0,0,0,0,0,0,0,0,0,0,0,0,0,0,0,0,0,0,0,0,0,0,0,0,0,0,0,0,0,0,0,8,0,0,0,0,0,0,0
2001,Germany,UNFPA,TLS,Timor-Leste,0,8,0,0,0,0,4,3,1,0,0,0,0,0,0,0,0,0,0,0,0,0,0,0,0,0,0,0,0,0,0,0,0,0,0,0,0,0,0,0,0,0,0,0,0,0,0,0,0,0,0,0,0,0,0,0,0,0,0,0,0,0,0,8,0,0,0,0,0,0,0
2001,Italy,UNFPA,TLS,Timor-Leste,0,3,0,0,0,0,1,1,0,0,0,0,0,0,0,0,0,0,0,0,0,0,0,0,0,0,0,0,0,0,0,0,0,0,0,0,0,0,0,0,0,0,0,0,0,0,0,0,0,0,0,0,0,0,0,0,0,0,0,0,0,0,0,3,0,0,0,0,0,0,0
2001,Japan,UNFPA,TLS,Timor-Leste,0,34,0,0,0,0,18,12,4,0,0,0,0,0,0,0,0,0,0,0,0,0,0,0,0,0,0,0,0,0,0,0,0,0,0,0,0,0,0,0,0,0,0,0,0,0,0,0,0,0,0,0,0,0,0,0,0,0,0,0,0,0,0,34,0,0,0,0,0,0,0
2001,Luxembourg,UNFPA,TLS,Timor-Leste,0,2,0,0,0,0,1,1,0,0,0,0,0,0,0,0,0,0,0,0,0,0,0,0,0,0,0,0,0,0,0,0,0,0,0,0,0,0,0,0,0,0,0,0,0,0,0,0,0,0,0,0,0,0,0,0,0,0,0,0,0,0,0,2,0,0,0,0,0,0,0
2001,Netherlands,UNFPA,TLS,Timor-Leste,0,52,0,0,0,0,29,18,6,0,0,0,0,0,0,0,0,0,0,0,0,0,0,0,0,0,0,0,0,0,0,0,0,0,0,0,0,0,0,0,0,0,0,0,0,0,0,0,0,0,0,0,0,0,0,0,0,0,0,0,0,0,0,52,0,0,0,0,0,0,0
2001,Norway,UNFPA,TLS,Timor-Leste,0,16,0,0,0,0,9,6,2,0,0,0,0,0,0,0,0,0,0,0,0,0,0,0,0,0,0,0,0,0,0,0,0,0,0,0,0,0,0,0,0,0,0,0,0,0,0,0,0,0,0,0,0,0,0,0,0,0,0,0,0,0,0,16,0,0,0,0,0,0,0
2001,Other,UNFPA,TLS,Timor-Leste,0,19,0,0,0,0,11,7,2,0,0,0,0,0,0,0,0,0,0,0,0,0,0,0,0,0,0,0,0,0,0,0,0,0,0,0,0,0,0,0,0,0,0,0,0,0,0,0,0,0,0,0,0,0,0,0,0,0,0,0,0,0,0,19,0,0,0,0,0,0,0
2001,Private_other,UNFPA,TLS,Timor-Leste,0,2,0,0,0,0,1,1,0,0,0,0,0,0,0,0,0,0,0,0,0,0,0,0,0,0,0,0,0,0,0,0,0,0,0,0,0,0,0,0,0,0,0,0,0,0,0,0,0,0,0,0,0,0,0,0,0,0,0,0,0,0,0,2,0,0,0,0,0,0,0
2001,Sweden,UNFPA,TLS,Timor-Leste,0,12,0,0,0,0,7,4,1,0,0,0,0,0,0,0,0,0,0,0,0,0,0,0,0,0,0,0,0,0,0,0,0,0,0,0,0,0,0,0,0,0,0,0,0,0,0,0,0,0,0,0,0,0,0,0,0,0,0,0,0,0,0,12,0,0,0,0,0,0,0
2001,Switzerland,UNFPA,TLS,Timor-Leste,0,5,0,0,0,0,3,2,1,0,0,0,0,0,0,0,0,0,0,0,0,0,0,0,0,0,0,0,0,0,0,0,0,0,0,0,0,0,0,0,0,0,0,0,0,0,0,0,0,0,0,0,0,0,0,0,0,0,0,0,0,0,0,5,0,0,0,0,0,0,0
2001,United_Kingdom,UNFPA,TLS,Timor-Leste,0,25,0,0,0,0,14,9,3,0,0,0,0,0,0,0,0,0,0,0,0,0,0,0,0,0,0,0,0,0,0,0,0,0,0,0,0,0,0,0,0,0,0,0,0,0,0,0,0,0,0,0,0,0,0,0,0,0,0,0,0,0,0,25,0,0,0,0,0,0,0
2001,United_States,UNFPA,TLS,Timor-Leste,0,15,0,0,0,0,8,5,2,0,0,0,0,0,0,0,0,0,0,0,0,0,0,0,0,0,0,0,0,0,0,0,0,0,0,0,0,0,0,0,0,0,0,0,0,0,0,0,0,0,0,0,0,0,0,0,0,0,0,0,0,0,0,15,0,0,0,0,0,0,0
2001,Australia,UNICEF,TLS,Timor-Leste,0,38,0,0,0,0,0,0,1,0,0,0,11,8,12,3,0,0,0,0,0,0,0,0,0,1,0,0,0,0,0,0,0,0,0,0,0,0,0,0,0,0,0,0,0,0,0,0,0,0,0,0,0,0,0,0,0,0,0,0,0,0,0,1,35,0,2,0,0,0,0
2001,Austria,UNICEF,TLS,Timor-Leste,0,2,0,0,0,0,0,0,0,0,0,0,0,0,1,0,0,0,0,0,0,0,0,0,0,0,0,0,0,0,0,0,0,0,0,0,0,0,0,0,0,0,0,0,0,0,0,0,0,0,0,0,0,0,0,0,0,0,0,0,0,0,0,0,2,0,0,0,0,0,0
2001,Belgium,UNICEF,TLS,Timor-Leste,0,20,0,0,0,0,0,0,1,0,0,0,6,4,7,2,0,0,0,0,0,0,0,0,0,0,0,0,0,0,0,0,0,0,0,0,0,0,0,0,0,0,0,0,0,0,0,0,0,0,0,0,0,0,0,0,0,0,0,0,0,0,0,1,19,0,1,0,0,0,0
2001,Canada,UNICEF,TLS,Timor-Leste,0,68,0,0,0,0,0,0,2,0,0,0,20,15,22,5,0,0,0,1,1,1,0,0,0,2,0,0,0,0,0,0,0,0,0,0,0,0,0,0,0,0,0,0,0,0,0,0,0,0,0,0,0,0,0,0,0,0,0,0,0,0,0,2,62,0,4,0,0,0,0
2001,China,UNICEF,TLS,Timor-Leste,0,1,0,0,0,0,0,0,0,0,0,0,0,0,0,0,0,0,0,0,0,0,0,0,0,0,0,0,0,0,0,0,0,0,0,0,0,0,0,0,0,0,0,0,0,0,0,0,0,0,0,0,0,0,0,0,0,0,0,0,0,0,0,0,1,0,0,0,0,0,0
2001,Denmark,UNICEF,TLS,Timor-Leste,0,46,0,0,0,0,0,0,1,0,0,0,13,10,15,4,0,0,0,0,0,0,0,0,0,1,0,0,0,0,0,0,0,0,0,0,0,0,0,0,0,0,0,0,0,0,0,0,0,0,0,0,0,0,0,0,0,0,0,0,0,0,0,1,42,0,2,0,0,0,0
2001,Finland,UNICEF,TLS,Timor-Leste,0,20,0,0,0,0,0,0,1,0,0,0,6,4,7,2,0,0,0,0,0,0,0,0,0,0,0,0,0,0,0,0,0,0,0,0,0,0,0,0,0,0,0,0,0,0,0,0,0,0,0,0,0,0,0,0,0,0,0,0,0,0,0,1,18,0,1,0,0,0,0
2001,France,UNICEF,TLS,Timor-Leste,0,21,0,0,0,0,0,0,1,0,0,0,6,5,7,2,0,0,0,0,0,0,0,0,0,0,0,0,0,0,0,0,0,0,0,0,0,0,0,0,0,0,0,0,0,0,0,0,0,0,0,0,0,0,0,0,0,0,0,0,0,0,0,1,19,0,1,0,0,0,0
2001,Germany,UNICEF,TLS,Timor-Leste,0,17,0,0,0,0,0,0,1,0,0,0,5,4,6,1,0,0,0,0,0,0,0,0,0,0,0,0,0,0,0,0,0,0,0,0,0,0,0,0,0,0,0,0,0,0,0,0,0,0,0,0,0,0,0,0,0,0,0,0,0,0,0,1,15,0,1,0,0,0,0
2001,Ireland,UNICEF,TLS,Timor-Leste,0,13,0,0,0,0,0,0,0,0,0,0,4,3,4,1,0,0,0,0,0,0,0,0,0,0,0,0,0,0,0,0,0,0,0,0,0,0,0,0,0,0,0,0,0,0,0,0,0,0,0,0,0,0,0,0,0,0,0,0,0,0,0,0,12,0,1,0,0,0,0
2001,Italy,UNICEF,TLS,Timor-Leste,0,64,0,0,0,0,0,0,2,0,0,0,18,14,21,5,0,0,0,1,1,1,0,0,0,1,0,0,0,0,0,0,0,0,0,0,0,0,0,0,0,0,0,0,0,0,0,0,0,0,0,0,0,0,0,0,0,0,0,0,0,0,0,2,58,0,3,0,0,0,0
2001,Japan,UNICEF,TLS,Timor-Leste,0,197,0,0,0,0,0,0,6,0,0,0,57,43,65,16,0,0,0,2,2,2,1,0,0,5,0,0,0,0,0,0,0,0,0,0,0,0,0,0,0,0,0,0,0,0,0,0,0,0,0,0,0,0,0,0,0,0,0,0,0,0,0,6,181,0,11,0,0,0,0
2001,Korea,UNICEF,TLS,Timor-Leste,0,2,0,0,0,0,0,0,0,0,0,0,0,0,1,0,0,0,0,0,0,0,0,0,0,0,0,0,0,0,0,0,0,0,0,0,0,0,0,0,0,0,0,0,0,0,0,0,0,0,0,0,0,0,0,0,0,0,0,0,0,0,0,0,2,0,0,0,0,0,0
2001,Luxembourg,UNICEF,TLS,Timor-Leste,0,1,0,0,0,0,0,0,0,0,0,0,0,0,0,0,0,0,0,0,0,0,0,0,0,0,0,0,0,0,0,0,0,0,0,0,0,0,0,0,0,0,0,0,0,0,0,0,0,0,0,0,0,0,0,0,0,0,0,0,0,0,0,0,1,0,0,0,0,0,0
2001,Netherlands,UNICEF,TLS,Timor-Leste,0,128,0,0,0,0,0,0,4,0,0,0,37,28,42,10,0,0,0,1,1,1,0,0,0,3,0,0,0,0,0,0,0,0,0,0,0,0,0,0,0,0,0,0,0,0,0,0,0,0,0,0,0,0,0,0,0,0,0,0,0,0,0,4,117,0,7,0,0,0,0
2001,New_Zealand,UNICEF,TLS,Timor-Leste,0,4,0,0,0,0,0,0,0,0,0,0,1,1,1,0,0,0,0,0,0,0,0,0,0,0,0,0,0,0,0,0,0,0,0,0,0,0,0,0,0,0,0,0,0,0,0,0,0,0,0,0,0,0,0,0,0,0,0,0,0,0,0,0,4,0,0,0,0,0,0
2001,Non_OECD_DAC_countries,UNICEF,TLS,Timor-Leste,0,1,0,0,0,0,0,0,0,0,0,0,0,0,0,0,0,0,0,0,0,0,0,0,0,0,0,0,0,0,0,0,0,0,0,0,0,0,0,0,0,0,0,0,0,0,0,0,0,0,0,0,0,0,0,0,0,0,0,0,0,0,0,0,1,0,0,0,0,0,0
2001,Non_OECD_non_DAC_countries,UNICEF,TLS,Timor-Leste,0,5,0,0,0,0,0,0,0,0,0,0,2,1,2,0,0,0,0,0,0,0,0,0,0,0,0,0,0,0,0,0,0,0,0,0,0,0,0,0,0,0,0,0,0,0,0,0,0,0,0,0,0,0,0,0,0,0,0,0,0,0,0,0,5,0,0,0,0,0,0
2001,Norway,UNICEF,TLS,Timor-Leste,0,112,0,0,0,0,0,0,4,0,0,0,32,24,37,9,0,0,0,1,1,1,0,0,0,3,0,0,0,0,0,0,0,0,0,0,0,0,0,0,0,0,0,0,0,0,0,0,0,0,0,0,0,0,0,0,0,0,0,0,0,0,0,4,102,0,6,0,0,0,0
2001,Other,UNICEF,TLS,Timor-Leste,0,45,0,0,0,0,0,0,1,0,0,0,13,10,15,4,0,0,0,0,0,0,0,0,0,1,0,0,0,0,0,0,0,0,0,0,0,0,0,0,0,0,0,0,0,0,0,0,0,0,0,0,0,0,0,0,0,0,0,0,0,0,0,1,41,0,2,0,0,0,0
2001,Portugal,UNICEF,TLS,Timor-Leste,0,1,0,0,0,0,0,0,0,0,0,0,0,0,0,0,0,0,0,0,0,0,0,0,0,0,0,0,0,0,0,0,0,0,0,0,0,0,0,0,0,0,0,0,0,0,0,0,0,0,0,0,0,0,0,0,0,0,0,0,0,0,0,0,1,0,0,0,0,0,0
2001,Private_other,UNICEF,TLS,Timor-Leste,0,775,0,0,0,0,0,0,25,0,0,0,223,168,256,61,0,0,2,7,7,6,2,0,0,18,0,0,0,0,0,0,0,0,0,0,0,0,0,0,0,0,0,0,0,0,0,0,0,0,0,0,0,0,0,0,0,0,0,0,0,0,0,25,708,0,42,0,0,0,0
2001,Spain,UNICEF,TLS,Timor-Leste,0,5,0,0,0,0,0,0,0,0,0,0,1,1,2,0,0,0,0,0,0,0,0,0,0,0,0,0,0,0,0,0,0,0,0,0,0,0,0,0,0,0,0,0,0,0,0,0,0,0,0,0,0,0,0,0,0,0,0,0,0,0,0,0,5,0,0,0,0,0,0
2001,Sweden,UNICEF,TLS,Timor-Leste,0,114,0,0,0,0,0,0,4,0,0,0,33,25,38,9,0,0,0,1,1,1,0,0,0,3,0,0,0,0,0,0,0,0,0,0,0,0,0,0,0,0,0,0,0,0,0,0,0,0,0,0,0,0,0,0,0,0,0,0,0,0,0,4,104,0,6,0,0,0,0
2001,Switzerland,UNICEF,TLS,Timor-Leste,0,19,0,0,0,0,0,0,1,0,0,0,5,4,6,1,0,0,0,0,0,0,0,0,0,0,0,0,0,0,0,0,0,0,0,0,0,0,0,0,0,0,0,0,0,0,0,0,0,0,0,0,0,0,0,0,0,0,0,0,0,0,0,1,17,0,1,0,0,0,0
2001,Unallocable,UNICEF,TLS,Timor-Leste,0,24,0,0,0,0,0,0,1,0,0,0,7,5,8,2,0,0,0,0,0,0,0,0,0,1,0,0,0,0,0,0,0,0,0,0,0,0,0,0,0,0,0,0,0,0,0,0,0,0,0,0,0,0,0,0,0,0,0,0,0,0,0,1,22,0,1,0,0,0,0
2001,United_Kingdom,UNICEF,TLS,Timor-Leste,0,189,0,0,0,0,0,0,6,0,0,0,54,41,62,15,0,0,0,2,2,2,1,0,0,4,0,0,0,0,0,0,0,0,0,0,0,0,0,0,0,0,0,0,0,0,0,0,0,0,0,0,0,0,0,0,0,0,0,0,0,0,0,6,172,0,10,0,0,0,0
2001,United_States,UNICEF,TLS,Timor-Leste,0,475,0,0,0,0,0,0,15,0,0,0,137,103,157,38,0,0,1,4,4,4,1,0,0,11,0,0,0,0,0,0,0,0,0,0,0,0,0,0,0,0,0,0,0,0,0,0,0,0,0,0,0,0,0,0,0,0,0,0,0,0,0,15,434,0,25,0,0,0,0
2001,Private_other,US_FOUND,TLS,Timor-Leste,0,48,0,4,0,0,5,0,2,0,5,0,0,0,0,0,0,0,0,0,0,0,0,0,0,2,0,0,0,0,0,0,0,0,0,0,0,0,0,0,0,0,0,0,0,0,0,0,0,0,1,5,0,0,20,0,0,1,0,0,0,1,0,12,0,21,2,0,0,6,4
2001,Australia,WHO,TLS,Timor-Leste,0,19,0,0,7,1,1,0,0,0,0,0,0,0,0,0,0,0,0,0,0,0,0,0,0,1,0,0,0,0,0,0,0,0,0,0,0,0,0,0,0,0,0,0,0,0,0,0,0,0,7,0,0,0,0,1,0,0,0,0,0,0,0,1,0,1,1,0,0,7,8
2001,Austria,WHO,TLS,Timor-Leste,0,6,0,0,2,0,0,0,0,0,0,0,0,0,0,0,0,0,0,0,0,0,0,0,0,0,0,0,0,0,0,0,0,0,0,0,0,0,0,0,0,0,0,0,0,0,0,0,0,0,2,0,0,0,0,0,0,0,0,0,0,0,0,0,0,0,0,0,0,2,2
2001,Belgium,WHO,TLS,Timor-Leste,0,10,0,0,4,1,1,0,0,0,0,0,0,0,0,0,0,0,0,0,0,0,0,0,0,0,0,0,0,0,0,0,0,0,0,0,0,0,0,0,0,0,0,0,0,0,0,0,0,0,4,0,0,0,0,0,0,0,0,0,0,0,0,1,0,1,0,0,0,4,4
2001,Canada,WHO,TLS,Timor-Leste,0,33,0,0,12,2,2,0,0,0,0,0,0,0,0,0,0,0,0,0,0,0,0,0,0,1,0,0,0,0,0,0,0,0,0,0,1,0,0,0,0,0,0,1,0,0,0,0,0,0,12,0,0,0,0,1,0,0,0,0,0,0,0,2,0,2,1,1,1,12,14
2001,China,WHO,TLS,Timor-Leste,0,5,0,0,2,0,0,0,0,0,0,0,0,0,0,0,0,0,0,0,0,0,0,0,0,0,0,0,0,0,0,0,0,0,0,0,0,0,0,0,0,0,0,0,0,0,0,0,0,0,2,0,0,0,0,0,0,0,0,0,0,0,0,0,0,0,0,0,0,2,2
2001,Corporate_donations,WHO,TLS,Timor-Leste,0,7,0,0,3,0,0,0,0,0,0,0,0,0,0,0,0,0,0,0,0,0,0,0,0,0,0,0,0,0,0,0,0,0,0,0,0,0,0,0,0,0,0,0,0,0,0,0,0,0,3,0,0,0,0,0,0,0,0,0,0,0,0,0,0,0,0,0,0,3,3
2001,Denmark,WHO,TLS,Timor-Leste,0,17,0,0,6,1,1,0,0,0,0,0,0,0,0,0,0,0,0,0,0,0,0,0,0,1,0,0,0,0,0,0,0,0,0,0,0,0,0,0,0,0,0,0,0,0,0,0,0,0,6,0,0,0,0,1,0,0,0,0,0,0,0,1,0,1,1,0,0,6,7
2001,Finland,WHO,TLS,Timor-Leste,0,5,0,0,2,0,0,0,0,0,0,0,0,0,0,0,0,0,0,0,0,0,0,0,0,0,0,0,0,0,0,0,0,0,0,0,0,0,0,0,0,0,0,0,0,0,0,0,0,0,2,0,0,0,0,0,0,0,0,0,0,0,0,0,0,0,0,0,0,2,2
2001,France,WHO,TLS,Timor-Leste,0,38,0,0,14,2,2,0,0,0,0,0,0,0,0,0,0,0,0,0,0,0,0,0,0,1,0,0,0,0,0,0,0,0,0,0,1,0,0,0,0,0,0,1,0,0,0,0,0,0,14,0,0,0,0,1,0,0,0,0,0,1,0,2,0,2,1,1,1,14,16
2001,Gates Foundation,WHO,TLS,Timor-Leste,0,7,0,0,3,0,0,0,0,0,0,0,0,0,0,0,0,0,0,0,0,0,0,0,0,0,0,0,0,0,0,0,0,0,0,0,0,0,0,0,0,0,0,0,0,0,0,0,0,0,3,0,0,0,0,0,0,0,0,0,0,0,0,0,0,0,0,0,0,3,3
2001,Germany,WHO,TLS,Timor-Leste,0,59,0,0,22,3,4,0,0,0,0,0,0,0,0,0,0,0,0,0,0,0,0,0,0,2,0,0,0,0,0,0,0,0,0,0,1,0,0,0,0,0,0,1,0,0,0,0,0,0,22,0,0,0,0,2,1,0,0,0,0,1,0,4,0,3,2,1,1,22,25
2001,Greece,WHO,TLS,Timor-Leste,0,2,0,0,1,0,0,0,0,0,0,0,0,0,0,0,0,0,0,0,0,0,0,0,0,0,0,0,0,0,0,0,0,0,0,0,0,0,0,0,0,0,0,0,0,0,0,0,0,0,1,0,0,0,0,0,0,0,0,0,0,0,0,0,0,0,0,0,0,1,1
2001,Ireland,WHO,TLS,Timor-Leste,0,3,0,0,1,0,0,0,0,0,0,0,0,0,0,0,0,0,0,0,0,0,0,0,0,0,0,0,0,0,0,0,0,0,0,0,0,0,0,0,0,0,0,0,0,0,0,0,0,0,1,0,0,0,0,0,0,0,0,0,0,0,0,0,0,0,0,0,0,1,1
2001,Italy,WHO,TLS,Timor-Leste,0,50,0,0,19,3,3,0,0,0,0,0,0,0,0,0,0,0,0,0,0,0,0,0,0,1,0,0,0,0,0,0,0,0,0,0,1,0,0,0,0,0,0,1,0,0,0,0,0,0,19,0,0,0,0,2,1,0,0,0,0,1,0,3,0,3,1,1,1,19,21
2001,Japan,WHO,TLS,Timor-Leste,0,123,0,0,46,7,8,0,0,0,0,0,0,0,0,0,0,0,0,0,0,0,0,0,0,4,0,0,0,0,0,0,0,0,0,0,3,0,0,0,0,0,0,3,0,0,0,0,0,0,46,0,0,0,1,4,2,0,0,0,0,2,0,8,0,6,4,3,3,46,52
2001,Korea,WHO,TLS,Timor-Leste,0,6,0,0,2,0,0,0,0,0,0,0,0,0,0,0,0,0,0,0,0,0,0,0,0,0,0,0,0,0,0,0,0,0,0,0,0,0,0,0,0,0,0,0,0,0,0,0,0,0,2,0,0,0,0,0,0,0,0,0,0,0,0,0,0,0,0,0,0,2,2
2001,Luxembourg,WHO,TLS,Timor-Leste,0,6,0,0,2,0,0,0,0,0,0,0,0,0,0,0,0,0,0,0,0,0,0,0,0,0,0,0,0,0,0,0,0,0,0,0,0,0,0,0,0,0,0,0,0,0,0,0,0,0,2,0,0,0,0,0,0,0,0,0,0,0,0,0,0,0,0,0,0,2,2
2001,Netherlands,WHO,TLS,Timor-Leste,0,109,0,0,40,6,7,0,0,0,0,0,0,0,0,0,0,0,0,0,0,0,0,0,0,3,0,0,0,0,0,0,0,0,0,0,3,0,0,0,0,0,0,3,0,0,0,0,0,0,41,0,0,0,1,3,1,0,0,0,0,2,0,7,0,5,3,3,3,41,46
2001,New_Zealand,WHO,TLS,Timor-Leste,0,1,0,0,0,0,0,0,0,0,0,0,0,0,0,0,0,0,0,0,0,0,0,0,0,0,0,0,0,0,0,0,0,0,0,0,0,0,0,0,0,0,0,0,0,0,0,0,0,0,0,0,0,0,0,0,0,0,0,0,0,0,0,0,0,0,0,0,0,0,1
2001,Non_OECD_DAC_countries,WHO,TLS,Timor-Leste,0,6,0,0,2,0,0,0,0,0,0,0,0,0,0,0,0,0,0,0,0,0,0,0,0,0,0,0,0,0,0,0,0,0,0,0,0,0,0,0,0,0,0,0,0,0,0,0,0,0,2,0,0,0,0,0,0,0,0,0,0,0,0,0,0,0,0,0,0,2,3
2001,Non_OECD_non_DAC_countries,WHO,TLS,Timor-Leste,0,47,0,0,17,2,3,0,0,0,0,0,0,0,0,0,0,0,0,0,0,0,0,0,0,1,0,0,0,0,0,0,0,0,0,0,1,0,0,0,0,0,0,1,0,0,0,0,0,0,17,0,0,0,0,1,1,0,0,0,0,1,0,3,0,2,1,1,1,17,20
2001,Norway,WHO,TLS,Timor-Leste,0,31,0,0,11,2,2,0,0,0,0,0,0,0,0,0,0,0,0,0,0,0,0,0,0,1,0,0,0,0,0,0,0,0,0,0,1,0,0,0,0,0,0,1,0,0,0,0,0,0,12,0,0,0,0,1,0,0,0,0,0,0,0,2,0,2,1,1,1,12,13
2001,Other,WHO,TLS,Timor-Leste,0,274,0,0,101,14,17,0,0,0,0,0,0,0,0,0,0,0,0,0,0,0,0,0,0,8,0,0,0,0,0,0,0,0,0,0,7,0,0,0,0,0,0,7,0,0,0,0,0,0,102,0,0,0,2,8,4,0,0,0,0,4,0,17,0,14,8,7,7,102,116
2001,Other_OECD_DAC_countries,WHO,TLS,Timor-Leste,0,2,0,0,1,0,0,0,0,0,0,0,0,0,0,0,0,0,0,0,0,0,0,0,0,0,0,0,0,0,0,0,0,0,0,0,0,0,0,0,0,0,0,0,0,0,0,0,0,0,1,0,0,0,0,0,0,0,0,0,0,0,0,0,0,0,0,0,0,1,1
2001,Portugal,WHO,TLS,Timor-Leste,0,2,0,0,1,0,0,0,0,0,0,0,0,0,0,0,0,0,0,0,0,0,0,0,0,0,0,0,0,0,0,0,0,0,0,0,0,0,0,0,0,0,0,0,0,0,0,0,0,0,1,0,0,0,0,0,0,0,0,0,0,0,0,0,0,0,0,0,0,1,1
2001,Private_other,WHO,TLS,Timor-Leste,0,59,0,0,22,3,4,0,0,0,0,0,0,0,0,0,0,0,0,0,0,0,0,0,0,2,0,0,0,0,0,0,0,0,0,0,1,0,0,0,0,0,0,1,0,0,0,0,0,0,22,0,0,0,0,2,1,0,0,0,0,1,0,4,0,3,2,1,1,22,25
2001,Spain,WHO,TLS,Timor-Leste,0,15,0,0,5,1,1,0,0,0,0,0,0,0,0,0,0,0,0,0,0,0,0,0,0,0,0,0,0,0,0,0,0,0,0,0,0,0,0,0,0,0,0,0,0,0,0,0,0,0,5,0,0,0,0,0,0,0,0,0,0,0,0,1,0,1,0,0,0,5,6
2001,Sweden,WHO,TLS,Timor-Leste,0,17,0,0,6,1,1,0,0,0,0,0,0,0,0,0,0,0,0,0,0,0,0,0,0,1,0,0,0,0,0,0,0,0,0,0,0,0,0,0,0,0,0,0,0,0,0,0,0,0,6,0,0,0,0,1,0,0,0,0,0,0,0,1,0,1,1,0,0,6,7
2001,Switzerland,WHO,TLS,Timor-Leste,0,14,0,0,5,1,1,0,0,0,0,0,0,0,0,0,0,0,0,0,0,0,0,0,0,0,0,0,0,0,0,0,0,0,0,0,0,0,0,0,0,0,0,0,0,0,0,0,0,0,5,0,0,0,0,0,0,0,0,0,0,0,0,1,0,1,0,0,0,5,6
2001,Unallocable,WHO,TLS,Timor-Leste,0,60,0,0,22,3,4,0,0,0,0,0,0,0,0,0,0,0,0,0,0,0,0,0,0,2,0,0,0,0,0,0,0,0,0,0,2,0,0,0,0,0,0,2,0,0,0,0,0,0,22,0,0,0,0,2,1,0,0,0,0,1,0,4,0,3,2,2,2,22,25
2001,United_Kingdom,WHO,TLS,Timor-Leste,0,137,0,0,51,7,9,0,0,0,0,0,0,0,0,0,0,0,0,0,0,0,0,0,0,4,0,0,0,0,0,0,0,0,0,0,3,0,0,0,0,0,0,3,0,0,0,0,0,0,51,0,0,0,1,4,2,0,0,0,0,2,0,9,0,7,4,3,3,51,58
2001,United_States,WHO,TLS,Timor-Leste,0,230,0,0,85,12,15,0,0,0,0,0,0,0,0,0,0,0,0,0,0,0,0,0,0,7,0,0,0,0,0,0,0,0,0,0,6,0,0,0,0,0,0,6,0,0,0,0,0,0,85,0,0,0,1,7,3,0,0,0,0,3,0,15,0,11,7,6,6,85,97
2002,Australia,BIL_AUS,TLS,Timor-Leste,0,903,143,0,0,0,0,0,0,0,0,0,0,0,0,0,0,0,0,0,0,0,0,0,0,42,5,4,0,0,0,0,0,0,0,0,0,0,0,0,0,0,0,0,0,0,0,0,0,0,0,0,0,0,0,0,0,0,534,0,0,174,0,0,0,534,51,0,0,0,143
2002,Germany,BIL_DEU,TLS,Timor-Leste,0,1,0,0,0,0,0,0,0,0,0,0,0,0,0,0,0,0,0,0,0,0,0,0,0,0,0,0,0,0,0,0,0,0,0,0,0,0,0,0,0,0,0,0,0,0,0,0,0,0,0,0,0,0,0,0,0,0,0,0,0,1,0,0,0,0,0,0,0,0,0
2002,France,BIL_FRA,TLS,Timor-Leste,0,21,0,0,0,0,0,0,0,0,0,0,0,0,0,0,0,0,0,0,0,0,0,0,0,0,0,0,0,0,0,0,0,0,0,0,0,0,0,0,0,0,0,0,0,0,0,0,0,0,0,0,0,0,0,0,0,0,0,0,0,21,0,0,0,0,0,0,0,0,0
2002,United_Kingdom,BIL_GBR,TLS,Timor-Leste,0,14,0,0,0,0,0,0,1,0,0,0,0,1,0,0,0,0,0,9,0,0,0,0,0,1,0,0,0,0,0,0,1,0,0,0,0,0,0,0,0,0,0,0,0,0,0,0,0,0,0,0,0,0,0,0,0,0,0,0,0,2,0,1,1,0,10,1,0,0,0
2002,Ireland,BIL_IRL,TLS,Timor-Leste,0,42,1,0,11,0,0,0,0,0,0,0,0,0,0,0,0,0,0,0,0,0,0,0,0,0,0,0,0,0,0,0,0,0,0,0,0,0,0,0,0,0,0,0,0,0,0,0,0,0,1,0,0,0,0,0,0,0,0,0,0,29,0,0,0,0,0,0,0,1,12
2002,Netherlands,BIL_NLD,TLS,Timor-Leste,0,4,4,0,0,0,0,0,0,0,0,0,0,0,0,0,0,0,0,0,0,0,0,0,0,0,0,0,0,0,0,0,0,0,0,0,0,0,0,0,0,0,0,0,0,0,0,0,0,0,0,0,0,0,0,0,0,0,0,0,0,0,0,0,0,0,0,0,0,0,4
2002,Norway,BIL_NOR,TLS,Timor-Leste,0,2,0,0,0,0,0,0,0,0,0,0,0,0,0,0,0,0,0,1,0,0,0,0,0,0,0,0,0,0,0,0,0,0,0,0,0,0,0,0,0,0,0,0,0,0,0,0,0,0,0,0,0,0,0,0,0,0,0,0,0,0,0,0,0,0,1,0,0,0,0
2002,New_Zealand,BIL_NZL,TLS,Timor-Leste,0,76,0,0,39,0,0,0,9,0,0,0,0,0,0,0,0,0,0,0,0,0,0,0,0,28,0,0,0,0,0,0,0,0,0,0,0,0,0,0,0,0,0,0,0,0,0,0,0,0,0,0,0,0,0,0,0,0,0,0,0,0,0,9,0,0,28,0,0,0,39
2002,Portugal,BIL_PRT,TLS,Timor-Leste,0,77,0,0,0,0,0,0,0,0,0,0,0,0,0,0,0,0,0,0,0,0,0,0,0,0,0,0,0,0,0,0,0,0,0,0,0,0,0,0,0,0,0,0,0,0,0,0,0,0,0,0,0,0,0,0,0,0,0,0,0,77,0,0,0,0,0,0,0,0,0
2002,Sweden,BIL_SWE,TLS,Timor-Leste,0,4,0,0,0,0,0,0,0,0,0,0,0,0,0,0,0,0,0,0,0,0,0,0,0,1,0,0,0,0,0,0,0,0,0,0,0,0,0,0,0,0,0,0,0,0,0,0,0,0,0,0,0,0,0,0,0,0,0,0,0,3,0,0,0,0,1,0,0,0,0
2002,United_States,BIL_USA,TLS,Timor-Leste,0,48,0,0,0,0,0,0,0,0,0,0,0,0,0,0,0,0,0,0,0,0,0,0,0,0,0,0,0,0,0,0,0,0,0,0,0,0,0,0,0,0,0,0,0,0,0,0,0,0,0,0,0,0,0,0,0,0,0,0,0,48,0,0,0,0,0,0,0,0,0
2002,Austria,EC,TLS,Timor-Leste,0,348,0,0,0,0,0,1,0,0,0,0,0,0,0,0,0,0,0,0,0,0,0,0,0,0,0,0,0,0,0,0,0,0,0,0,0,0,0,0,0,0,0,0,0,0,0,0,0,0,0,0,0,0,0,0,0,0,0,0,0,347,0,1,0,0,0,0,0,0,0
2002,Belgium,EC,TLS,Timor-Leste,0,746,0,0,0,0,0,2,0,0,0,0,0,0,0,0,0,0,0,0,0,0,0,0,0,0,0,0,0,0,0,0,0,0,0,0,0,0,0,0,0,0,0,0,0,0,0,0,0,0,0,0,0,0,0,0,0,0,0,0,0,744,0,2,0,0,0,0,0,0,0
2002,Denmark,EC,TLS,Timor-Leste,0,389,0,0,0,0,0,1,0,0,0,0,0,0,0,0,0,0,0,0,0,0,0,0,0,0,0,0,0,0,0,0,0,0,0,0,0,0,0,0,0,0,0,0,0,0,0,0,0,0,0,0,0,0,0,0,0,0,0,0,0,388,0,1,0,0,0,0,0,0,0
2002,Finland,EC,TLS,Timor-Leste,0,225,0,0,0,0,0,0,0,0,0,0,0,0,0,0,0,0,0,0,0,0,0,0,0,0,0,0,0,0,0,0,0,0,0,0,0,0,0,0,0,0,0,0,0,0,0,0,0,0,0,0,0,0,0,0,0,0,0,0,0,225,0,0,0,0,0,0,0,0,0
2002,France,EC,TLS,Timor-Leste,0,4577,0,0,0,0,0,14,0,0,0,0,0,0,0,0,0,0,0,0,0,0,0,0,0,0,0,0,0,0,0,0,0,0,0,0,0,0,0,0,0,0,0,0,0,0,0,0,0,0,0,0,0,0,0,0,0,0,0,0,0,4563,0,14,0,0,0,0,0,0,0
2002,Germany,EC,TLS,Timor-Leste,0,4479,0,0,0,0,0,14,0,0,0,0,0,0,0,0,0,0,0,0,0,0,0,0,0,0,0,0,0,0,0,0,0,0,0,0,0,0,0,0,0,0,0,0,0,0,0,0,0,0,0,0,0,0,0,0,0,0,0,0,0,4465,0,14,0,0,0,0,0,0,0
2002,Greece,EC,TLS,Timor-Leste,0,446,0,0,0,0,0,1,0,0,0,0,0,0,0,0,0,0,0,0,0,0,0,0,0,0,0,0,0,0,0,0,0,0,0,0,0,0,0,0,0,0,0,0,0,0,0,0,0,0,0,0,0,0,0,0,0,0,0,0,0,445,0,1,0,0,0,0,0,0,0
2002,Ireland,EC,TLS,Timor-Leste,0,223,0,0,0,0,0,0,0,0,0,0,0,0,0,0,0,0,0,0,0,0,0,0,0,0,0,0,0,0,0,0,0,0,0,0,0,0,0,0,0,0,0,0,0,0,0,0,0,0,0,0,0,0,0,0,0,0,0,0,0,223,0,0,0,0,0,0,0,0,0
2002,Italy,EC,TLS,Timor-Leste,0,2712,0,0,0,0,0,8,0,0,0,0,0,0,0,0,0,0,0,0,0,0,0,0,0,0,0,0,0,0,0,0,0,0,0,0,0,0,0,0,0,0,0,0,0,0,0,0,0,0,0,0,0,0,0,0,0,0,0,0,0,2703,0,8,0,0,0,0,0,0,0
2002,Luxembourg,EC,TLS,Timor-Leste,0,50,0,0,0,0,0,0,0,0,0,0,0,0,0,0,0,0,0,0,0,0,0,0,0,0,0,0,0,0,0,0,0,0,0,0,0,0,0,0,0,0,0,0,0,0,0,0,0,0,0,0,0,0,0,0,0,0,0,0,0,50,0,0,0,0,0,0,0,0,0
2002,Netherlands,EC,TLS,Timor-Leste,0,746,0,0,0,0,0,2,0,0,0,0,0,0,0,0,0,0,0,0,0,0,0,0,0,0,0,0,0,0,0,0,0,0,0,0,0,0,0,0,0,0,0,0,0,0,0,0,0,0,0,0,0,0,0,0,0,0,0,0,0,744,0,2,0,0,0,0,0,0,0
2002,Portugal,EC,TLS,Timor-Leste,0,260,0,0,0,0,0,0,0,0,0,0,0,0,0,0,0,0,0,0,0,0,0,0,0,0,0,0,0,0,0,0,0,0,0,0,0,0,0,0,0,0,0,0,0,0,0,0,0,0,0,0,0,0,0,0,0,0,0,0,0,260,0,0,0,0,0,0,0,0,0
2002,Spain,EC,TLS,Timor-Leste,0,1479,0,0,0,0,0,5,0,0,0,0,0,0,0,0,0,0,0,0,0,0,0,0,0,0,0,0,0,0,0,0,0,0,0,0,0,0,0,0,0,0,0,0,0,0,0,0,0,0,0,0,0,0,0,0,0,0,0,0,0,1474,0,5,0,0,0,0,0,0,0
2002,Sweden,EC,TLS,Timor-Leste,0,295,0,0,0,0,0,0,0,0,0,0,0,0,0,0,0,0,0,0,0,0,0,0,0,0,0,0,0,0,0,0,0,0,0,0,0,0,0,0,0,0,0,0,0,0,0,0,0,0,0,0,0,0,0,0,0,0,0,0,0,295,0,0,0,0,0,0,0,0,0
2002,United_Kingdom,EC,TLS,Timor-Leste,0,3291,0,0,0,0,0,10,0,0,0,0,0,0,0,0,0,0,0,0,0,0,0,0,0,0,0,0,0,0,0,0,0,0,0,0,0,0,0,0,0,0,0,0,0,0,0,0,0,0,0,0,0,0,0,0,0,0,0,0,0,3281,0,10,0,0,0,0,0,0,0
2002,Gates Foundation,GATES,TLS,Timor-Leste,0,77,0,0,0,0,9,2,0,0,2,0,2,20,3,0,1,0,0,0,0,0,0,0,0,0,0,0,2,0,0,0,0,0,0,0,0,0,0,0,0,0,0,0,0,0,9,0,0,0,14,0,0,0,0,0,1,0,0,0,0,12,0,13,25,1,2,0,9,14,0
2002,Australia,INTLNGO,TLS,Timor-Leste,0,205,33,0,0,0,0,0,0,0,0,0,0,0,0,0,0,0,0,0,0,0,0,0,0,10,1,1,0,0,0,0,0,0,0,0,0,0,0,0,0,0,0,0,0,0,0,0,0,0,0,0,0,0,0,0,0,0,121,0,0,39,0,0,0,121,12,0,0,0,33
2002,France,INTLNGO,TLS,Timor-Leste,0,2,0,0,0,0,0,0,0,0,0,0,0,0,0,0,0,0,0,0,0,0,0,0,0,0,0,0,0,0,0,0,0,0,0,0,0,0,0,0,0,0,0,0,0,0,0,0,0,0,0,0,0,0,0,0,0,0,0,0,0,2,0,0,0,0,0,0,0,0,0
2002,Ireland,INTLNGO,TLS,Timor-Leste,0,14,0,0,4,0,0,0,0,0,0,0,0,0,0,0,0,0,0,0,0,0,0,0,0,0,0,0,0,0,0,0,0,0,0,0,0,0,0,0,0,0,0,0,0,0,0,0,0,0,0,0,0,0,0,0,0,0,0,0,0,10,0,0,0,0,0,0,0,0,4
2002,Netherlands,INTLNGO,TLS,Timor-Leste,0,2,2,0,0,0,0,0,0,0,0,0,0,0,0,0,0,0,0,0,0,0,0,0,0,0,0,0,0,0,0,0,0,0,0,0,0,0,0,0,0,0,0,0,0,0,0,0,0,0,0,0,0,0,0,0,0,0,0,0,0,0,0,0,0,0,0,0,0,0,2
2002,New_Zealand,INTLNGO,TLS,Timor-Leste,0,70,0,0,36,0,0,0,8,0,0,0,0,0,0,0,0,0,0,0,0,0,0,0,0,25,0,0,0,0,0,0,0,0,0,0,0,0,0,0,0,0,0,0,0,0,0,0,0,0,0,0,0,0,0,0,0,0,0,0,0,0,0,8,0,0,25,0,0,0,36
2002,Norway,INTLNGO,TLS,Timor-Leste,0,1,0,0,0,0,0,0,0,0,0,0,0,0,0,0,0,0,0,1,0,0,0,0,0,0,0,0,0,0,0,0,0,0,0,0,0,0,0,0,0,0,0,0,0,0,0,0,0,0,0,0,0,0,0,0,0,0,0,0,0,0,0,0,0,0,1,0,0,0,0
2002,Portugal,INTLNGO,TLS,Timor-Leste,0,18,0,0,0,0,0,0,0,0,0,0,0,0,0,0,0,0,0,0,0,0,0,0,0,0,0,0,0,0,0,0,0,0,0,0,0,0,0,0,0,0,0,0,0,0,0,0,0,0,0,0,0,0,0,0,0,0,0,0,0,18,0,0,0,0,0,0,0,0,0
2002,Sweden,INTLNGO,TLS,Timor-Leste,0,2,0,0,0,0,0,0,0,0,0,0,0,0,0,0,0,0,0,0,0,0,0,0,0,0,0,0,0,0,0,0,0,0,0,0,0,0,0,0,0,0,0,0,0,0,0,0,0,0,0,0,0,0,0,0,0,0,0,0,0,2,0,0,0,0,0,0,0,0,0
2002,United_Kingdom,INTLNGO,TLS,Timor-Leste,0,5,0,0,0,0,0,0,0,0,0,0,0,0,0,0,0,0,0,3,0,0,0,0,0,0,0,0,0,0,0,0,0,0,0,0,0,0,0,0,0,0,0,0,0,0,0,0,0,0,0,0,0,0,0,0,0,0,0,0,0,1,0,1,0,0,3,0,0,0,0
2002,United_States,INTLNGO,TLS,Timor-Leste,0,6,0,0,0,0,0,0,0,0,0,0,0,0,0,0,0,0,0,0,0,0,0,0,0,0,0,0,0,0,0,0,0,0,0,0,0,0,0,0,0,0,0,0,0,0,0,0,0,0,0,0,0,0,0,0,0,0,0,0,0,6,0,0,0,0,0,0,0,0,0
2002,Corporate_donations,NGO,TLS,Timor-Leste,0,54,1,0,0,0,0,0,0,2,1,0,6,1,6,2,6,0,0,0,0,0,0,0,0,0,0,0,0,0,0,1,0,0,0,0,0,0,0,0,0,0,0,0,0,0,0,0,0,0,0,1,1,0,1,1,0,2,9,0,0,9,0,3,22,14,2,1,0,2,1
2002,Private_other,NGO,TLS,Timor-Leste,0,377,38,0,1,1,59,14,0,14,13,2,20,7,35,22,35,1,5,3,0,1,1,5,0,0,3,3,2,6,1,2,3,6,7,0,0,4,5,4,3,2,0,0,1,1,1,0,0,0,0,4,2,1,1,2,1,4,17,2,0,10,0,102,119,27,23,39,8,8,40
2002,United_States,NGO,TLS,Timor-Leste,0,25,0,0,0,0,0,0,0,0,0,0,0,0,0,0,0,0,0,0,0,0,0,0,0,0,0,0,0,0,0,0,0,0,0,0,0,0,0,0,0,0,0,0,0,0,0,0,0,0,0,0,0,0,0,0,0,0,0,0,0,25,0,0,0,0,0,0,0,0,0
2002,Belgium,UNAIDS,TLS,Timor-Leste,0,1,0,0,0,0,0,0,0,0,0,0,0,0,0,0,0,0,0,0,0,0,0,0,0,0,1,0,0,0,0,0,0,0,0,0,0,0,0,0,0,0,0,0,0,0,0,0,0,0,0,0,0,0,0,0,0,0,0,0,0,0,0,0,0,0,1,0,0,0,0
2002,Canada,UNAIDS,TLS,Timor-Leste,0,2,0,0,0,0,0,0,0,0,0,0,0,0,0,0,0,0,0,0,0,0,0,0,0,0,1,0,0,0,0,0,0,0,0,0,0,0,0,0,0,0,0,0,0,0,0,0,0,0,0,0,0,0,0,0,0,0,0,0,0,0,0,0,0,0,2,0,0,0,0
2002,Denmark,UNAIDS,TLS,Timor-Leste,0,2,0,0,0,0,0,0,0,0,0,0,0,0,0,0,0,0,0,0,0,0,0,0,0,0,1,0,0,0,0,0,0,0,0,0,0,0,0,0,0,0,0,0,0,0,0,0,0,0,0,0,0,0,0,0,0,0,0,0,0,0,0,0,0,0,2,0,0,0,0
2002,Finland,UNAIDS,TLS,Timor-Leste,0,1,0,0,0,0,0,0,0,0,0,0,0,0,0,0,0,0,0,0,0,0,0,0,0,0,1,0,0,0,0,0,0,0,0,0,0,0,0,0,0,0,0,0,0,0,0,0,0,0,0,0,0,0,0,0,0,0,0,0,0,0,0,0,0,0,1,0,0,0,0
2002,Germany,UNAIDS,TLS,Timor-Leste,0,1,0,0,0,0,0,0,0,0,0,0,0,0,0,0,0,0,0,0,0,0,0,0,0,0,1,0,0,0,0,0,0,0,0,0,0,0,0,0,0,0,0,0,0,0,0,0,0,0,0,0,0,0,0,0,0,0,0,0,0,0,0,0,0,0,1,0,0,0,0
2002,Ireland,UNAIDS,TLS,Timor-Leste,0,1,0,0,0,0,0,0,0,0,0,0,0,0,0,0,0,0,0,0,0,0,0,0,0,0,1,0,0,0,0,0,0,0,0,0,0,0,0,0,0,0,0,0,0,0,0,0,0,0,0,0,0,0,0,0,0,0,0,0,0,0,0,0,0,0,1,0,0,0,0
2002,Japan,UNAIDS,TLS,Timor-Leste,0,2,0,0,0,0,0,0,0,0,0,0,0,0,0,0,0,0,0,0,0,0,0,0,0,0,2,0,0,0,0,0,0,0,0,0,0,0,0,0,0,0,0,0,0,0,0,0,0,0,0,0,0,0,0,0,0,0,0,0,0,0,0,0,0,0,2,0,0,0,0
2002,Netherlands,UNAIDS,TLS,Timor-Leste,0,10,0,0,0,0,0,0,0,0,0,0,0,0,0,0,0,0,0,0,0,1,0,0,0,1,8,0,0,0,0,0,0,0,0,0,0,0,0,0,0,0,0,0,0,0,0,0,0,0,0,0,0,0,0,0,0,0,0,0,0,0,0,0,0,0,10,0,0,0,0
2002,Norway,UNAIDS,TLS,Timor-Leste,0,5,0,0,0,0,0,0,0,0,0,0,0,0,0,0,0,0,0,0,0,0,0,0,0,1,4,0,0,0,0,0,0,0,0,0,0,0,0,0,0,0,0,0,0,0,0,0,0,0,0,0,0,0,0,0,0,0,0,0,0,0,0,0,0,0,5,0,0,0,0
2002,Other,UNAIDS,TLS,Timor-Leste,0,1,0,0,0,0,0,0,0,0,0,0,0,0,0,0,0,0,0,0,0,0,0,0,0,0,1,0,0,0,0,0,0,0,0,0,0,0,0,0,0,0,0,0,0,0,0,0,0,0,0,0,0,0,0,0,0,0,0,0,0,0,0,0,0,0,1,0,0,0,0
2002,Sweden,UNAIDS,TLS,Timor-Leste,0,3,0,0,0,0,0,0,0,0,0,0,0,0,0,0,0,0,0,0,0,0,0,0,0,0,2,0,0,0,0,0,0,0,0,0,0,0,0,0,0,0,0,0,0,0,0,0,0,0,0,0,0,0,0,0,0,0,0,0,0,0,0,0,0,0,3,0,0,0,0
2002,Switzerland,UNAIDS,TLS,Timor-Leste,0,1,0,0,0,0,0,0,0,0,0,0,0,0,0,0,0,0,0,0,0,0,0,0,0,0,1,0,0,0,0,0,0,0,0,0,0,0,0,0,0,0,0,0,0,0,0,0,0,0,0,0,0,0,0,0,0,0,0,0,0,0,0,0,0,0,1,0,0,0,0
2002,United_Kingdom,UNAIDS,TLS,Timor-Leste,0,2,0,0,0,0,0,0,0,0,0,0,0,0,0,0,0,0,0,0,0,0,0,0,0,0,2,0,0,0,0,0,0,0,0,0,0,0,0,0,0,0,0,0,0,0,0,0,0,0,0,0,0,0,0,0,0,0,0,0,0,0,0,0,0,0,2,0,0,0,0
2002,United_States,UNAIDS,TLS,Timor-Leste,0,7,0,0,0,0,0,0,0,0,0,0,0,0,0,0,0,0,0,0,0,0,0,0,0,1,5,0,0,0,0,0,0,0,0,0,0,0,0,0,0,0,0,0,0,0,0,0,0,0,0,0,0,0,0,0,0,0,0,0,0,0,0,0,0,0,7,0,0,0,0
2002,Australia,UNFPA,TLS,Timor-Leste,0,5,0,0,0,0,2,2,1,0,0,0,0,0,0,0,0,0,0,0,0,0,0,0,0,0,0,0,0,0,0,0,0,0,0,0,0,0,0,0,0,0,0,0,0,0,0,0,0,0,0,0,0,0,0,0,0,0,0,0,0,0,0,5,0,0,0,0,0,0,0
2002,Austria,UNFPA,TLS,Timor-Leste,0,2,0,0,0,0,1,1,0,0,0,0,0,0,0,0,0,0,0,0,0,0,0,0,0,0,0,0,0,0,0,0,0,0,0,0,0,0,0,0,0,0,0,0,0,0,0,0,0,0,0,0,0,0,0,0,0,0,0,0,0,0,0,2,0,0,0,0,0,0,0
2002,Belgium,UNFPA,TLS,Timor-Leste,0,28,0,0,0,0,14,9,5,0,0,0,0,0,0,0,0,0,0,0,0,0,0,0,0,0,0,0,0,0,0,0,0,0,0,0,0,0,0,0,0,0,0,0,0,0,0,0,0,0,0,0,0,0,0,0,0,0,0,0,0,0,0,28,0,0,0,0,0,0,0
2002,Canada,UNFPA,TLS,Timor-Leste,0,46,0,0,0,0,24,15,8,0,0,0,0,0,0,0,0,0,0,0,0,0,0,0,0,0,0,0,0,0,0,0,0,0,0,0,0,0,0,0,0,0,0,0,0,0,0,0,0,0,0,0,0,0,0,0,0,0,0,0,0,0,0,46,0,0,0,0,0,0,0
2002,China,UNFPA,TLS,Timor-Leste,0,3,0,0,0,0,2,1,1,0,0,0,0,0,0,0,0,0,0,0,0,0,0,0,0,0,0,0,0,0,0,0,0,0,0,0,0,0,0,0,0,0,0,0,0,0,0,0,0,0,0,0,0,0,0,0,0,0,0,0,0,0,0,3,0,0,0,0,0,0,0
2002,Denmark,UNFPA,TLS,Timor-Leste,0,92,0,0,0,0,47,29,16,0,0,0,0,0,0,0,0,0,0,0,0,0,0,0,0,0,0,0,0,0,0,0,0,0,0,0,0,0,0,0,0,0,0,0,0,0,0,0,0,0,0,0,0,0,0,0,0,0,0,0,0,0,0,92,0,0,0,0,0,0,0
2002,Finland,UNFPA,TLS,Timor-Leste,0,58,0,0,0,0,30,18,10,0,0,0,0,0,0,0,0,0,0,0,0,0,0,0,0,0,0,0,0,0,0,0,0,0,0,0,0,0,0,0,0,0,0,0,0,0,0,0,0,0,0,0,0,0,0,0,0,0,0,0,0,0,0,58,0,0,0,0,0,0,0
2002,France,UNFPA,TLS,Timor-Leste,0,13,0,0,0,0,7,4,2,0,0,0,0,0,0,0,0,0,0,0,0,0,0,0,0,0,0,0,0,0,0,0,0,0,0,0,0,0,0,0,0,0,0,0,0,0,0,0,0,0,0,0,0,0,0,0,0,0,0,0,0,0,0,13,0,0,0,0,0,0,0
2002,Germany,UNFPA,TLS,Timor-Leste,0,67,0,0,0,0,34,21,11,0,0,0,0,0,0,0,0,0,0,0,0,0,0,0,0,0,0,0,0,0,0,0,0,0,0,0,0,0,0,0,0,0,0,0,0,0,0,0,0,0,0,0,0,0,0,0,0,0,0,0,0,0,0,67,0,0,0,0,0,0,0
2002,Ireland,UNFPA,TLS,Timor-Leste,0,8,0,0,0,0,4,3,1,0,0,0,0,0,0,0,0,0,0,0,0,0,0,0,0,0,0,0,0,0,0,0,0,0,0,0,0,0,0,0,0,0,0,0,0,0,0,0,0,0,0,0,0,0,0,0,0,0,0,0,0,0,0,8,0,0,0,0,0,0,0
2002,Italy,UNFPA,TLS,Timor-Leste,0,15,0,0,0,0,8,5,3,0,0,0,0,0,0,0,0,0,0,0,0,0,0,0,0,0,0,0,0,0,0,0,0,0,0,0,0,0,0,0,0,0,0,0,0,0,0,0,0,0,0,0,0,0,0,0,0,0,0,0,0,0,0,15,0,0,0,0,0,0,0
2002,Japan,UNFPA,TLS,Timor-Leste,0,151,0,0,0,0,77,48,26,0,0,0,0,0,0,0,0,0,0,0,0,0,0,0,0,0,0,0,0,0,0,0,0,0,0,0,0,0,0,0,0,0,0,0,0,0,0,0,0,0,0,0,0,0,0,0,0,0,0,0,0,0,0,151,0,0,0,0,0,0,0
2002,Luxembourg,UNFPA,TLS,Timor-Leste,0,6,0,0,0,0,3,2,1,0,0,0,0,0,0,0,0,0,0,0,0,0,0,0,0,0,0,0,0,0,0,0,0,0,0,0,0,0,0,0,0,0,0,0,0,0,0,0,0,0,0,0,0,0,0,0,0,0,0,0,0,0,0,6,0,0,0,0,0,0,0
2002,Netherlands,UNFPA,TLS,Timor-Leste,0,234,0,0,0,0,120,74,40,0,0,0,0,0,0,0,0,0,0,0,0,0,0,0,0,0,0,0,0,0,0,0,0,0,0,0,0,0,0,0,0,0,0,0,0,0,0,0,0,0,0,0,0,0,0,0,0,0,0,0,0,0,0,234,0,0,0,0,0,0,0
2002,New_Zealand,UNFPA,TLS,Timor-Leste,0,5,0,0,0,0,2,2,1,0,0,0,0,0,0,0,0,0,0,0,0,0,0,0,0,0,0,0,0,0,0,0,0,0,0,0,0,0,0,0,0,0,0,0,0,0,0,0,0,0,0,0,0,0,0,0,0,0,0,0,0,0,0,5,0,0,0,0,0,0,0
2002,Non_OECD_non_DAC_countries,UNFPA,TLS,Timor-Leste,0,12,0,0,0,0,6,4,2,0,0,0,0,0,0,0,0,0,0,0,0,0,0,0,0,0,0,0,0,0,0,0,0,0,0,0,0,0,0,0,0,0,0,0,0,0,0,0,0,0,0,0,0,0,0,0,0,0,0,0,0,0,0,12,0,0,0,0,0,0,0
2002,Norway,UNFPA,TLS,Timor-Leste,0,116,0,0,0,0,60,37,20,0,0,0,0,0,0,0,0,0,0,0,0,0,0,0,0,0,0,0,0,0,0,0,0,0,0,0,0,0,0,0,0,0,0,0,0,0,0,0,0,0,0,0,0,0,0,0,0,0,0,0,0,0,0,116,0,0,0,0,0,0,0
2002,Other,UNFPA,TLS,Timor-Leste,0,68,0,0,0,0,35,22,12,0,0,0,0,0,0,0,0,0,0,0,0,0,0,0,0,0,0,0,0,0,0,0,0,0,0,0,0,0,0,0,0,0,0,0,0,0,0,0,0,0,0,0,0,0,0,0,0,0,0,0,0,0,0,68,0,0,0,0,0,0,0
2002,Private_other,UNFPA,TLS,Timor-Leste,0,29,0,0,0,0,15,9,5,0,0,0,0,0,0,0,0,0,0,0,0,0,0,0,0,0,0,0,0,0,0,0,0,0,0,0,0,0,0,0,0,0,0,0,0,0,0,0,0,0,0,0,0,0,0,0,0,0,0,0,0,0,0,29,0,0,0,0,0,0,0
2002,Spain,UNFPA,TLS,Timor-Leste,0,5,0,0,0,0,2,1,1,0,0,0,0,0,0,0,0,0,0,0,0,0,0,0,0,0,0,0,0,0,0,0,0,0,0,0,0,0,0,0,0,0,0,0,0,0,0,0,0,0,0,0,0,0,0,0,0,0,0,0,0,0,0,5,0,0,0,0,0,0,0
2002,Sweden,UNFPA,TLS,Timor-Leste,0,83,0,0,0,0,43,26,14,0,0,0,0,0,0,0,0,0,0,0,0,0,0,0,0,0,0,0,0,0,0,0,0,0,0,0,0,0,0,0,0,0,0,0,0,0,0,0,0,0,0,0,0,0,0,0,0,0,0,0,0,0,0,83,0,0,0,0,0,0,0
2002,Switzerland,UNFPA,TLS,Timor-Leste,0,34,0,0,0,0,18,11,6,0,0,0,0,0,0,0,0,0,0,0,0,0,0,0,0,0,0,0,0,0,0,0,0,0,0,0,0,0,0,0,0,0,0,0,0,0,0,0,0,0,0,0,0,0,0,0,0,0,0,0,0,0,0,34,0,0,0,0,0,0,0
2002,Unallocable,UNFPA,TLS,Timor-Leste,0,22,0,0,0,0,11,7,4,0,0,0,0,0,0,0,0,0,0,0,0,0,0,0,0,0,0,0,0,0,0,0,0,0,0,0,0,0,0,0,0,0,0,0,0,0,0,0,0,0,0,0,0,0,0,0,0,0,0,0,0,0,0,22,0,0,0,0,0,0,0
2002,United_Kingdom,UNFPA,TLS,Timor-Leste,0,129,0,0,0,0,66,41,22,0,0,0,0,0,0,0,0,0,0,0,0,0,0,0,0,0,0,0,0,0,0,0,0,0,0,0,0,0,0,0,0,0,0,0,0,0,0,0,0,0,0,0,0,0,0,0,0,0,0,0,0,0,0,129,0,0,0,0,0,0,0
2002,Australia,UNICEF,TLS,Timor-Leste,0,19,0,0,0,0,0,0,1,0,0,0,5,4,6,1,0,0,0,0,0,0,0,0,0,0,0,0,0,0,0,0,0,0,0,0,0,0,0,0,0,0,0,0,0,0,0,0,0,0,0,0,0,0,0,0,0,0,0,0,0,0,0,1,17,0,1,0,0,0,0
2002,Belgium,UNICEF,TLS,Timor-Leste,0,8,0,0,0,0,0,0,0,0,0,0,2,2,3,1,0,0,0,0,0,0,0,0,0,0,0,0,0,0,0,0,0,0,0,0,0,0,0,0,0,0,0,0,0,0,0,0,0,0,0,0,0,0,0,0,0,0,0,0,0,0,0,0,8,0,0,0,0,0,0
2002,Canada,UNICEF,TLS,Timor-Leste,0,64,0,0,0,0,0,0,2,0,0,0,18,14,21,5,0,0,0,1,1,1,0,0,0,1,0,0,0,0,0,0,0,0,0,0,0,0,0,0,0,0,0,0,0,0,0,0,0,0,0,0,0,0,0,0,0,0,0,0,0,0,0,2,59,0,3,0,0,0,0
2002,Denmark,UNICEF,TLS,Timor-Leste,0,17,0,0,0,0,0,0,1,0,0,0,5,4,6,1,0,0,0,0,0,0,0,0,0,0,0,0,0,0,0,0,0,0,0,0,0,0,0,0,0,0,0,0,0,0,0,0,0,0,0,0,0,0,0,0,0,0,0,0,0,0,0,1,16,0,1,0,0,0,0
2002,Finland,UNICEF,TLS,Timor-Leste,0,8,0,0,0,0,0,0,0,0,0,0,2,2,3,1,0,0,0,0,0,0,0,0,0,0,0,0,0,0,0,0,0,0,0,0,0,0,0,0,0,0,0,0,0,0,0,0,0,0,0,0,0,0,0,0,0,0,0,0,0,0,0,0,8,0,0,0,0,0,0
2002,France,UNICEF,TLS,Timor-Leste,0,13,0,0,0,0,0,0,0,0,0,0,4,3,4,1,0,0,0,0,0,0,0,0,0,0,0,0,0,0,0,0,0,0,0,0,0,0,0,0,0,0,0,0,0,0,0,0,0,0,0,0,0,0,0,0,0,0,0,0,0,0,0,0,12,0,1,0,0,0,0
2002,Germany,UNICEF,TLS,Timor-Leste,0,12,0,0,0,0,0,0,0,0,0,0,3,3,4,1,0,0,0,0,0,0,0,0,0,0,0,0,0,0,0,0,0,0,0,0,0,0,0,0,0,0,0,0,0,0,0,0,0,0,0,0,0,0,0,0,0,0,0,0,0,0,0,0,11,0,1,0,0,0,0
2002,Ireland,UNICEF,TLS,Timor-Leste,0,9,0,0,0,0,0,0,0,0,0,0,3,2,3,1,0,0,0,0,0,0,0,0,0,0,0,0,0,0,0,0,0,0,0,0,0,0,0,0,0,0,0,0,0,0,0,0,0,0,0,0,0,0,0,0,0,0,0,0,0,0,0,0,8,0,0,0,0,0,0
2002,Italy,UNICEF,TLS,Timor-Leste,0,29,0,0,0,0,0,0,1,0,0,0,8,6,9,2,0,0,0,0,0,0,0,0,0,1,0,0,0,0,0,0,0,0,0,0,0,0,0,0,0,0,0,0,0,0,0,0,0,0,0,0,0,0,0,0,0,0,0,0,0,0,0,1,26,0,2,0,0,0,0
2002,Japan,UNICEF,TLS,Timor-Leste,0,95,0,0,0,0,0,0,3,0,0,0,27,21,31,7,0,0,0,1,1,1,0,0,0,2,0,0,0,0,0,0,0,0,0,0,0,0,0,0,0,0,0,0,0,0,0,0,0,0,0,0,0,0,0,0,0,0,0,0,0,0,0,3,86,0,5,0,0,0,0
2002,Korea,UNICEF,TLS,Timor-Leste,0,3,0,0,0,0,0,0,0,0,0,0,1,1,1,0,0,0,0,0,0,0,0,0,0,0,0,0,0,0,0,0,0,0,0,0,0,0,0,0,0,0,0,0,0,0,0,0,0,0,0,0,0,0,0,0,0,0,0,0,0,0,0,0,3,0,0,0,0,0,0
2002,Luxembourg,UNICEF,TLS,Timor-Leste,0,2,0,0,0,0,0,0,0,0,0,0,1,0,1,0,0,0,0,0,0,0,0,0,0,0,0,0,0,0,0,0,0,0,0,0,0,0,0,0,0,0,0,0,0,0,0,0,0,0,0,0,0,0,0,0,0,0,0,0,0,0,0,0,2,0,0,0,0,0,0
2002,Netherlands,UNICEF,TLS,Timor-Leste,0,63,0,0,0,0,0,0,2,0,0,0,18,14,21,5,0,0,0,1,1,1,0,0,0,1,0,0,0,0,0,0,0,0,0,0,0,0,0,0,0,0,0,0,0,0,0,0,0,0,0,0,0,0,0,0,0,0,0,0,0,0,0,2,58,0,3,0,0,0,0
2002,New_Zealand,UNICEF,TLS,Timor-Leste,0,3,0,0,0,0,0,0,0,0,0,0,1,1,1,0,0,0,0,0,0,0,0,0,0,0,0,0,0,0,0,0,0,0,0,0,0,0,0,0,0,0,0,0,0,0,0,0,0,0,0,0,0,0,0,0,0,0,0,0,0,0,0,0,3,0,0,0,0,0,0
2002,Norway,UNICEF,TLS,Timor-Leste,0,71,0,0,0,0,0,0,2,0,0,0,21,15,24,6,0,0,0,1,1,1,0,0,0,2,0,0,0,0,0,0,0,0,0,0,0,0,0,0,0,0,0,0,0,0,0,0,0,0,0,0,0,0,0,0,0,0,0,0,0,0,0,2,65,0,4,0,0,0,0
2002,Other,UNICEF,TLS,Timor-Leste,0,6,0,0,0,0,0,0,0,0,0,0,2,1,2,1,0,0,0,0,0,0,0,0,0,0,0,0,0,0,0,0,0,0,0,0,0,0,0,0,0,0,0,0,0,0,0,0,0,0,0,0,0,0,0,0,0,0,0,0,0,0,0,0,6,0,0,0,0,0,0
2002,Private_other,UNICEF,TLS,Timor-Leste,0,287,0,0,0,0,0,0,9,0,0,0,83,62,95,23,0,0,1,2,2,2,1,0,0,7,0,0,0,0,0,0,0,0,0,0,0,0,0,0,0,0,0,0,0,0,0,0,0,0,0,0,0,0,0,0,0,0,0,0,0,0,0,9,262,0,15,0,0,0,0
2002,Spain,UNICEF,TLS,Timor-Leste,0,4,0,0,0,0,0,0,0,0,0,0,1,1,1,0,0,0,0,0,0,0,0,0,0,0,0,0,0,0,0,0,0,0,0,0,0,0,0,0,0,0,0,0,0,0,0,0,0,0,0,0,0,0,0,0,0,0,0,0,0,0,0,0,4,0,0,0,0,0,0
2002,Sweden,UNICEF,TLS,Timor-Leste,0,67,0,0,0,0,0,0,2,0,0,0,19,15,22,5,0,0,0,1,1,1,0,0,0,2,0,0,0,0,0,0,0,0,0,0,0,0,0,0,0,0,0,0,0,0,0,0,0,0,0,0,0,0,0,0,0,0,0,0,0,0,0,2,61,0,4,0,0,0,0
2002,Switzerland,UNICEF,TLS,Timor-Leste,0,7,0,0,0,0,0,0,0,0,0,0,2,1,2,1,0,0,0,0,0,0,0,0,0,0,0,0,0,0,0,0,0,0,0,0,0,0,0,0,0,0,0,0,0,0,0,0,0,0,0,0,0,0,0,0,0,0,0,0,0,0,0,0,6,0,0,0,0,0,0
2002,Unallocable,UNICEF,TLS,Timor-Leste,0,7,0,0,0,0,0,0,0,0,0,0,2,1,2,1,0,0,0,0,0,0,0,0,0,0,0,0,0,0,0,0,0,0,0,0,0,0,0,0,0,0,0,0,0,0,0,0,0,0,0,0,0,0,0,0,0,0,0,0,0,0,0,0,6,0,0,0,0,0,0
2002,United_Kingdom,UNICEF,TLS,Timor-Leste,0,89,0,0,0,0,0,0,3,0,0,0,26,19,30,7,0,0,0,1,1,1,0,0,0,2,0,0,0,0,0,0,0,0,0,0,0,0,0,0,0,0,0,0,0,0,0,0,0,0,0,0,0,0,0,0,0,0,0,0,0,0,0,3,82,0,5,0,0,0,0
2002,United_States,UNICEF,TLS,Timor-Leste,0,191,0,0,0,0,0,0,6,0,0,0,55,42,63,15,0,0,0,2,2,2,1,0,0,4,0,0,0,0,0,0,0,0,0,0,0,0,0,0,0,0,0,0,0,0,0,0,0,0,0,0,0,0,0,0,0,0,0,0,0,0,0,6,175,0,10,0,0,0,0
2002,Private_other,US_FOUND,TLS,Timor-Leste,0,34,0,0,0,0,4,1,2,0,1,0,0,0,0,0,0,0,0,0,0,0,0,0,0,0,0,0,0,0,0,0,0,0,0,0,0,0,0,0,0,0,0,0,0,0,0,0,0,0,2,0,0,0,19,0,0,0,2,2,0,0,0,9,0,22,0,0,0,2,0
2002,Australia,WHO,TLS,Timor-Leste,0,17,0,0,6,1,0,0,0,0,0,0,0,3,0,0,0,0,0,0,0,0,0,0,0,0,0,0,0,0,0,0,0,0,0,0,1,0,0,0,0,0,0,1,0,0,0,0,0,0,3,0,0,0,0,0,0,0,0,0,0,1,0,0,4,0,0,1,1,3,7
2002,Austria,WHO,TLS,Timor-Leste,0,6,0,0,2,0,0,0,0,0,0,0,0,1,0,0,0,0,0,0,0,0,0,0,0,0,0,0,0,0,0,0,0,0,0,0,0,0,0,0,0,0,0,0,0,0,0,0,0,0,1,0,0,0,0,0,0,0,0,0,0,0,0,0,1,0,0,0,0,1,2
2002,Belgium,WHO,TLS,Timor-Leste,0,14,0,0,5,1,0,0,0,0,0,0,0,3,0,0,0,0,0,0,0,0,0,0,0,0,0,0,0,0,0,0,0,0,0,0,1,0,0,0,0,0,0,1,0,0,0,0,0,0,2,0,0,0,0,0,0,0,0,0,0,1,0,0,3,0,0,1,1,2,6
2002,Canada,WHO,TLS,Timor-Leste,0,64,1,0,21,3,0,1,0,0,0,0,1,13,0,0,0,0,0,0,0,0,0,0,0,2,0,0,0,0,0,0,0,0,0,0,3,0,0,0,0,0,0,3,0,0,0,0,0,0,10,0,0,0,1,1,1,0,0,0,0,4,0,1,15,2,2,3,3,10,26
2002,China,WHO,TLS,Timor-Leste,0,6,0,0,2,0,0,0,0,0,0,0,0,1,0,0,0,0,0,0,0,0,0,0,0,0,0,0,0,0,0,0,0,0,0,0,0,0,0,0,0,0,0,0,0,0,0,0,0,0,1,0,0,0,0,0,0,0,0,0,0,0,0,0,1,0,0,0,0,1,2
2002,Corporate_donations,WHO,TLS,Timor-Leste,0,50,1,0,17,3,0,1,0,0,0,0,1,10,0,0,0,0,0,0,0,0,0,0,0,1,0,0,0,0,0,0,0,0,0,0,2,0,0,0,0,0,0,2,0,0,0,0,0,0,8,0,0,0,1,0,0,0,0,0,0,3,0,1,12,1,1,2,2,8,21
2002,Denmark,WHO,TLS,Timor-Leste,0,16,0,0,6,1,0,0,0,0,0,0,0,3,0,0,0,0,0,0,0,0,0,0,0,0,0,0,0,0,0,0,0,0,0,0,1,0,0,0,0,0,0,1,0,0,0,0,0,0,3,0,0,0,0,0,0,0,0,0,0,1,0,0,4,0,0,1,1,3,7
2002,Finland,WHO,TLS,Timor-Leste,0,5,0,0,2,0,0,0,0,0,0,0,0,1,0,0,0,0,0,0,0,0,0,0,0,0,0,0,0,0,0,0,0,0,0,0,0,0,0,0,0,0,0,0,0,0,0,0,0,0,1,0,0,0,0,0,0,0,0,0,0,0,0,0,1,0,0,0,0,1,2
2002,France,WHO,TLS,Timor-Leste,0,45,1,0,15,2,0,0,0,0,0,0,1,9,0,0,0,0,0,0,0,0,0,0,0,1,0,0,0,0,0,0,0,0,0,0,2,0,0,0,0,0,0,2,0,0,0,0,0,0,7,0,0,0,1,0,0,0,0,0,0,3,0,0,10,1,1,2,2,7,18
2002,Gates Foundation,WHO,TLS,Timor-Leste,0,27,1,0,9,1,0,0,0,0,0,0,1,5,0,0,0,0,0,0,0,0,0,0,0,1,0,0,0,0,0,0,0,0,0,0,1,0,0,0,0,0,0,1,0,0,0,0,0,0,4,0,0,0,0,0,0,0,0,0,0,2,0,0,6,1,1,1,1,4,11
2002,Germany,WHO,TLS,Timor-Leste,0,68,1,0,23,4,0,1,0,0,0,0,2,14,0,0,0,0,0,0,0,0,0,0,0,2,0,0,0,0,0,0,0,0,0,0,3,0,0,0,0,0,0,3,0,0,0,0,0,0,10,0,0,0,1,1,1,0,0,0,0,4,0,1,16,2,2,3,3,10,28
2002,Greece,WHO,TLS,Timor-Leste,0,2,0,0,1,0,0,0,0,0,0,0,0,0,0,0,0,0,0,0,0,0,0,0,0,0,0,0,0,0,0,0,0,0,0,0,0,0,0,0,0,0,0,0,0,0,0,0,0,0,0,0,0,0,0,0,0,0,0,0,0,0,0,0,1,0,0,0,0,0,1
2002,Ireland,WHO,TLS,Timor-Leste,0,6,0,0,2,0,0,0,0,0,0,0,0,1,0,0,0,0,0,0,0,0,0,0,0,0,0,0,0,0,0,0,0,0,0,0,0,0,0,0,0,0,0,0,0,0,0,0,0,0,1,0,0,0,0,0,0,0,0,0,0,0,0,0,1,0,0,0,0,1,3
2002,Italy,WHO,TLS,Timor-Leste,0,48,1,0,16,3,0,0,0,0,0,0,1,10,0,0,0,0,0,0,0,0,0,0,0,1,0,0,0,0,0,0,0,0,0,0,2,0,0,0,0,0,0,2,0,0,0,0,0,0,7,0,0,0,1,0,0,0,0,0,0,3,0,0,11,1,1,2,2,7,20
2002,Japan,WHO,TLS,Timor-Leste,0,129,3,0,43,7,0,1,0,0,0,0,3,26,1,0,0,0,0,0,0,0,0,0,0,4,0,0,0,0,0,0,0,0,0,0,6,0,0,0,0,0,0,5,0,0,0,0,0,0,20,0,0,0,1,1,1,0,0,0,0,7,0,1,30,4,4,6,5,20,53
2002,Korea,WHO,TLS,Timor-Leste,0,8,0,0,3,0,0,0,0,0,0,0,0,2,0,0,0,0,0,0,0,0,0,0,0,0,0,0,0,0,0,0,0,0,0,0,0,0,0,0,0,0,0,0,0,0,0,0,0,0,1,0,0,0,0,0,0,0,0,0,0,0,0,0,2,0,0,0,0,1,3
2002,Luxembourg,WHO,TLS,Timor-Leste,0,7,0,0,2,0,0,0,0,0,0,0,0,1,0,0,0,0,0,0,0,0,0,0,0,0,0,0,0,0,0,0,0,0,0,0,0,0,0,0,0,0,0,0,0,0,0,0,0,0,1,0,0,0,0,0,0,0,0,0,0,0,0,0,2,0,0,0,0,1,3
2002,Netherlands,WHO,TLS,Timor-Leste,0,65,1,0,22,3,0,1,0,0,0,0,1,13,0,0,0,0,0,0,0,0,0,0,0,2,0,0,0,0,0,0,0,0,0,0,3,0,0,0,0,0,0,3,0,0,0,0,0,0,10,0,0,0,1,1,1,0,0,0,0,4,0,1,15,2,2,3,3,10,27
2002,New_Zealand,WHO,TLS,Timor-Leste,0,2,0,0,1,0,0,0,0,0,0,0,0,0,0,0,0,0,0,0,0,0,0,0,0,0,0,0,0,0,0,0,0,0,0,0,0,0,0,0,0,0,0,0,0,0,0,0,0,0,0,0,0,0,0,0,0,0,0,0,0,0,0,0,0,0,0,0,0,0,1
2002,Non_OECD_DAC_countries,WHO,TLS,Timor-Leste,0,7,0,0,2,0,0,0,0,0,0,0,0,1,0,0,0,0,0,0,0,0,0,0,0,0,0,0,0,0,0,0,0,0,0,0,0,0,0,0,0,0,0,0,0,0,0,0,0,0,1,0,0,0,0,0,0,0,0,0,0,0,0,0,2,0,0,0,0,1,3
2002,Non_OECD_non_DAC_countries,WHO,TLS,Timor-Leste,0,37,1,0,12,2,0,0,0,0,0,0,1,7,0,0,0,0,0,0,0,0,0,0,0,1,0,0,0,0,0,0,0,0,0,0,2,0,0,0,0,0,0,1,0,0,0,0,0,0,6,0,0,0,0,0,0,0,0,0,0,2,0,0,8,1,1,2,1,6,15
2002,Norway,WHO,TLS,Timor-Leste,0,58,1,0,19,3,0,1,0,0,0,0,1,12,0,0,0,0,0,0,0,0,0,0,0,2,0,0,0,0,0,0,0,0,0,0,3,0,0,0,0,0,0,2,0,0,0,0,0,0,9,0,0,0,1,0,0,0,0,0,0,3,0,1,13,2,2,3,2,9,24
2002,Other,WHO,TLS,Timor-Leste,0,243,5,0,82,13,0,2,0,0,0,0,5,49,2,0,0,0,0,0,0,0,0,0,0,7,0,0,0,0,0,0,0,0,0,0,11,0,0,0,0,0,0,10,0,0,0,0,0,0,37,0,0,0,3,2,2,0,0,0,0,14,0,2,56,7,7,11,10,37,99
2002,Other_OECD_DAC_countries,WHO,TLS,Timor-Leste,0,1,0,0,0,0,0,0,0,0,0,0,0,0,0,0,0,0,0,0,0,0,0,0,0,0,0,0,0,0,0,0,0,0,0,0,0,0,0,0,0,0,0,0,0,0,0,0,0,0,0,0,0,0,0,0,0,0,0,0,0,0,0,0,0,0,0,0,0,0,0
2002,Portugal,WHO,TLS,Timor-Leste,0,4,0,0,1,0,0,0,0,0,0,0,0,1,0,0,0,0,0,0,0,0,0,0,0,0,0,0,0,0,0,0,0,0,0,0,0,0,0,0,0,0,0,0,0,0,0,0,0,0,1,0,0,0,0,0,0,0,0,0,0,0,0,0,1,0,0,0,0,1,2
2002,Private_other,WHO,TLS,Timor-Leste,0,57,1,0,19,3,0,1,0,0,0,0,1,12,0,0,0,0,0,0,0,0,0,0,0,2,0,0,0,0,0,0,0,0,0,0,3,0,0,0,0,0,0,2,0,0,0,0,0,0,9,0,0,0,1,0,0,0,0,0,0,3,0,1,13,2,2,3,2,9,23
2002,Spain,WHO,TLS,Timor-Leste,0,18,0,0,6,1,0,0,0,0,0,0,0,4,0,0,0,0,0,0,0,0,0,0,0,1,0,0,0,0,0,0,0,0,0,0,1,0,0,0,0,0,0,1,0,0,0,0,0,0,3,0,0,0,0,0,0,0,0,0,0,1,0,0,4,1,1,1,1,3,7
2002,Sweden,WHO,TLS,Timor-Leste,0,23,0,0,8,1,0,0,0,0,0,0,1,5,0,0,0,0,0,0,0,0,0,0,0,1,0,0,0,0,0,0,0,0,0,0,1,0,0,0,0,0,0,1,0,0,0,0,0,0,3,0,0,0,0,0,0,0,0,0,0,1,0,0,5,1,1,1,1,3,9
2002,Switzerland,WHO,TLS,Timor-Leste,0,14,0,0,5,1,0,0,0,0,0,0,0,3,0,0,0,0,0,0,0,0,0,0,0,0,0,0,0,0,0,0,0,0,0,0,1,0,0,0,0,0,0,1,0,0,0,0,0,0,2,0,0,0,0,0,0,0,0,0,0,1,0,0,3,0,0,1,1,2,6
2002,Unallocable,WHO,TLS,Timor-Leste,0,29,1,0,10,2,0,0,0,0,0,0,1,6,0,0,0,0,0,0,0,0,0,0,0,1,0,0,0,0,0,0,0,0,0,0,1,0,0,0,0,0,0,1,0,0,0,0,0,0,5,0,0,0,0,0,0,0,0,0,0,2,0,0,7,1,1,1,1,5,12
2002,United_Kingdom,WHO,TLS,Timor-Leste,0,157,3,0,53,8,0,2,0,0,0,0,3,32,1,0,0,0,0,0,0,0,0,0,0,4,0,0,0,0,0,0,0,0,0,0,7,0,0,0,0,0,0,6,0,0,0,0,0,0,24,0,0,0,2,1,1,0,0,0,0,9,0,2,36,4,4,7,6,24,64
2002,United_States,WHO,TLS,Timor-Leste,0,254,5,0,86,13,0,3,0,0,0,0,6,51,2,0,0,0,0,0,0,0,0,0,0,7,0,0,0,0,0,0,0,0,0,0,11,0,0,0,0,0,0,10,0,0,0,0,0,0,39,0,0,0,3,2,2,0,0,0,0,14,0,3,59,7,7,11,10,39,104
2003,Australia,BIL_AUS,TLS,Timor-Leste,0,1042,612,0,0,0,0,0,0,0,0,0,0,0,0,0,0,0,0,0,0,0,2,0,0,0,4,4,0,0,0,0,0,0,0,0,0,0,0,0,0,0,0,0,0,0,0,0,0,0,0,0,0,0,0,70,234,2,114,0,0,0,0,0,0,419,10,0,0,0,612
2003,Germany,BIL_DEU,TLS,Timor-Leste,0,6,0,0,0,0,0,0,0,0,0,0,0,0,0,0,0,0,0,0,0,0,0,0,0,0,0,0,0,0,0,0,0,0,0,0,0,0,0,0,0,0,0,0,0,0,0,0,0,0,0,0,0,0,0,0,0,0,0,0,0,5,0,0,0,0,0,0,0,0,0
2003,Spain,BIL_ESP,TLS,Timor-Leste,0,75,0,0,0,0,0,0,0,0,0,0,0,0,0,0,0,0,0,0,0,0,0,0,0,0,0,0,0,0,0,0,0,0,0,0,0,0,0,0,0,0,0,0,0,0,0,0,0,0,0,0,0,0,0,0,0,0,0,0,0,75,0,0,0,0,0,0,0,0,0
2003,France,BIL_FRA,TLS,Timor-Leste,0,32,0,0,0,0,0,0,0,0,0,0,0,0,0,0,0,0,0,0,0,0,0,0,0,0,0,0,0,0,0,0,0,0,0,0,0,0,0,0,0,0,0,0,0,0,0,0,0,0,0,0,0,0,0,0,0,0,0,0,0,32,0,0,0,0,0,0,0,0,0
2003,United_Kingdom,BIL_GBR,TLS,Timor-Leste,0,11,0,0,0,0,0,0,1,0,0,0,0,0,0,0,0,0,0,8,0,0,0,0,0,1,0,0,0,0,0,0,0,0,0,0,0,0,0,0,0,0,0,0,0,0,0,0,0,0,0,0,0,0,0,0,0,0,0,0,0,1,0,1,0,0,9,0,0,0,0
2003,Ireland,BIL_IRL,TLS,Timor-Leste,0,24,0,0,18,0,0,0,0,0,0,0,0,0,0,0,0,0,0,0,0,0,0,0,0,0,0,0,0,0,0,0,0,0,0,0,0,0,0,0,0,0,0,0,0,0,0,0,0,0,0,0,0,0,0,0,0,0,0,0,0,6,0,0,0,0,0,0,0,0,18
2003,Japan,BIL_JPN,TLS,Timor-Leste,0,227,94,0,133,0,0,0,0,0,0,0,0,0,0,0,0,0,0,0,0,0,0,0,0,0,0,0,0,0,0,0,0,0,0,0,0,0,0,0,0,0,0,0,0,0,0,0,0,0,0,0,0,0,0,0,0,0,0,0,0,0,0,0,0,0,0,0,0,0,227
2003,Netherlands,BIL_NLD,TLS,Timor-Leste,0,7,0,0,0,0,0,0,1,0,0,0,0,0,0,0,0,0,0,0,0,0,0,0,0,3,0,0,0,0,0,0,0,0,0,0,0,0,0,0,0,0,0,0,0,0,0,0,0,0,0,0,0,0,0,0,0,0,0,0,0,3,0,1,0,0,3,0,0,0,0
2003,Norway,BIL_NOR,TLS,Timor-Leste,0,226,0,0,0,0,0,0,0,0,0,0,0,0,0,0,0,0,0,1,0,0,0,0,0,0,0,0,0,0,0,0,0,0,0,0,0,0,0,0,0,0,0,0,0,0,0,0,0,0,225,0,0,0,0,0,0,0,0,0,0,0,0,0,0,0,1,0,0,225,0
2003,New_Zealand,BIL_NZL,TLS,Timor-Leste,0,64,0,0,0,0,64,0,0,0,0,0,0,0,0,0,0,0,0,0,0,0,0,0,0,0,0,0,0,0,0,0,0,0,0,0,0,0,0,0,0,0,0,0,0,0,0,0,0,0,0,0,0,0,0,0,0,0,0,0,0,0,0,64,0,0,0,0,0,0,0
2003,Portugal,BIL_PRT,TLS,Timor-Leste,0,190,0,0,0,0,0,0,0,0,0,0,0,0,0,0,0,0,0,0,0,0,0,0,0,0,0,0,0,0,0,0,0,0,0,0,0,0,0,0,0,0,0,0,0,0,0,0,0,0,0,0,0,0,0,0,0,0,0,0,0,190,0,0,0,0,0,0,0,0,0
2003,United_States,BIL_USA,TLS,Timor-Leste,0,2,0,0,0,0,0,0,1,0,0,0,0,0,0,0,0,0,0,0,0,0,0,0,0,1,0,0,0,0,0,0,0,0,0,0,0,0,0,0,0,0,0,0,0,0,0,0,0,0,0,0,0,0,0,0,0,0,0,0,0,0,0,1,0,0,1,0,0,0,0
2003,Gates Foundation,GATES,TLS,Timor-Leste,0,58,0,0,0,0,4,3,1,0,1,2,3,13,2,0,1,2,0,0,0,0,0,0,0,6,0,0,0,0,0,0,0,0,0,0,0,0,0,0,0,0,0,0,0,0,0,0,0,0,19,0,0,0,0,0,1,0,0,0,0,0,0,12,21,1,6,0,0,19,0
2003,Belgium,GFATM,TLS,Timor-Leste,0,6,0,0,0,0,0,0,0,0,0,0,0,0,0,0,0,0,0,1,0,0,0,0,0,0,1,0,0,0,0,0,0,0,0,0,0,0,0,0,0,0,0,1,0,0,0,0,0,0,0,0,0,0,0,0,0,0,0,0,0,0,0,0,0,0,2,2,2,0,0
2003,Canada,GFATM,TLS,Timor-Leste,0,16,0,0,0,0,0,0,0,0,0,0,0,0,0,0,0,0,1,1,0,0,0,0,0,1,2,0,0,0,0,0,0,1,0,0,1,1,0,0,1,0,1,2,0,1,0,0,0,0,0,0,0,0,0,0,0,0,0,0,0,0,0,0,0,0,6,5,6,0,0
2003,China,GFATM,TLS,Timor-Leste,0,1,0,0,0,0,0,0,0,0,0,0,0,0,0,0,0,0,0,0,0,0,0,0,0,0,0,0,0,0,0,0,0,0,0,0,0,0,0,0,0,0,0,0,0,0,0,0,0,0,0,0,0,0,0,0,0,0,0,0,0,0,0,0,0,0,0,0,0,0,0
2003,Denmark,GFATM,TLS,Timor-Leste,0,9,0,0,0,0,0,0,0,0,0,0,0,0,0,0,0,0,1,1,0,0,0,0,0,0,1,0,0,0,0,0,0,1,0,0,1,0,0,0,1,0,1,1,0,0,0,0,0,0,0,0,0,0,0,0,0,0,0,0,0,0,0,0,0,0,3,3,3,0,0
2003,France,GFATM,TLS,Timor-Leste,0,47,0,0,0,0,0,0,0,0,0,0,0,0,0,0,0,0,3,4,0,0,1,1,0,2,5,1,0,0,1,0,0,3,0,0,3,2,1,1,3,1,3,6,1,2,1,0,0,0,0,0,0,0,0,0,0,0,0,0,0,0,0,0,0,0,17,13,17,0,0
2003,Gates Foundation,GFATM,TLS,Timor-Leste,0,32,0,0,0,0,0,0,0,0,0,0,0,0,0,0,0,0,2,3,0,0,0,1,0,1,3,0,0,0,1,0,0,2,0,0,2,2,1,0,2,1,2,4,1,2,0,0,0,0,0,0,0,0,0,0,0,0,0,0,0,0,0,0,0,0,11,9,12,0,0
2003,Germany,GFATM,TLS,Timor-Leste,0,32,0,0,0,0,0,0,0,0,0,0,0,0,0,0,0,0,2,3,0,0,0,1,0,1,3,0,0,0,1,0,0,2,0,0,2,2,1,0,2,1,2,4,1,2,0,0,0,0,0,0,0,0,0,0,0,0,0,0,0,0,0,0,0,0,11,9,11,0,0
2003,Ireland,GFATM,TLS,Timor-Leste,0,7,0,0,0,0,0,0,0,0,0,0,0,0,0,0,0,0,0,1,0,0,0,0,0,0,1,0,0,0,0,0,0,0,0,0,0,0,0,0,0,0,0,1,0,0,0,0,0,0,0,0,0,0,0,0,0,0,0,0,0,0,0,0,0,0,3,2,3,0,0
2003,Italy,GFATM,TLS,Timor-Leste,0,73,0,0,0,0,0,0,0,0,0,0,0,0,0,0,0,0,4,6,0,0,1,2,0,2,8,1,0,1,2,1,1,5,1,0,5,4,2,1,4,1,4,10,2,4,1,0,0,0,0,0,0,0,0,0,0,0,0,0,0,0,0,0,0,0,26,21,26,0,0
2003,Japan,GFATM,TLS,Timor-Leste,0,51,0,0,0,0,0,0,0,0,0,0,0,0,0,0,0,0,3,4,0,0,1,2,0,2,5,1,0,1,2,0,0,3,0,0,3,3,1,1,3,1,3,7,1,3,1,0,0,0,0,0,0,0,0,0,0,0,0,0,0,0,0,0,0,0,18,15,18,0,0
2003,Luxembourg,GFATM,TLS,Timor-Leste,0,1,0,0,0,0,0,0,0,0,0,0,0,0,0,0,0,0,0,0,0,0,0,0,0,0,0,0,0,0,0,0,0,0,0,0,0,0,0,0,0,0,0,0,0,0,0,0,0,0,0,0,0,0,0,0,0,0,0,0,0,0,0,0,0,0,1,0,1,0,0
2003,Netherlands,GFATM,TLS,Timor-Leste,0,30,0,0,0,0,0,0,0,0,0,0,0,0,0,0,0,0,2,3,0,0,0,1,0,1,3,0,0,0,1,0,0,2,0,0,2,1,1,0,2,0,2,4,1,1,0,0,0,0,0,0,0,0,0,0,0,0,0,0,0,0,0,0,0,0,11,8,11,0,0
2003,Non_OECD_DAC_countries,GFATM,TLS,Timor-Leste,0,2,0,0,0,0,0,0,0,0,0,0,0,0,0,0,0,0,0,0,0,0,0,0,0,0,0,0,0,0,0,0,0,0,0,0,0,0,0,0,0,0,0,0,0,0,0,0,0,0,0,0,0,0,0,0,0,0,0,0,0,0,0,0,0,0,1,0,1,0,0
2003,Non_OECD_non_DAC_countries,GFATM,TLS,Timor-Leste,0,4,0,0,0,0,0,0,0,0,0,0,0,0,0,0,0,0,0,0,0,0,0,0,0,0,0,0,0,0,0,0,0,0,0,0,0,0,0,0,0,0,0,1,0,0,0,0,0,0,0,0,0,0,0,0,0,0,0,0,0,0,0,0,0,0,1,1,1,0,0
2003,Norway,GFATM,TLS,Timor-Leste,0,11,0,0,0,0,0,0,0,0,0,0,0,0,0,0,0,0,1,1,0,0,0,0,0,0,1,0,0,0,0,0,0,1,0,0,1,1,0,0,1,0,1,2,0,1,0,0,0,0,0,0,0,0,0,0,0,0,0,0,0,0,0,0,0,0,4,3,4,0,0
2003,Spain,GFATM,TLS,Timor-Leste,0,25,0,0,0,0,0,0,0,0,0,0,0,0,0,0,0,0,2,2,0,0,0,1,0,1,3,0,0,0,1,0,0,2,0,0,2,1,1,0,1,0,1,3,1,1,0,0,0,0,0,0,0,0,0,0,0,0,0,0,0,0,0,0,0,0,9,7,9,0,0
2003,Sweden,GFATM,TLS,Timor-Leste,0,7,0,0,0,0,0,0,0,0,0,0,0,0,0,0,0,0,0,1,0,0,0,0,0,0,1,0,0,0,0,0,0,0,0,0,0,0,0,0,0,0,0,1,0,0,0,0,0,0,0,0,0,0,0,0,0,0,0,0,0,0,0,0,0,0,3,2,3,0,0
2003,Switzerland,GFATM,TLS,Timor-Leste,0,3,0,0,0,0,0,0,0,0,0,0,0,0,0,0,0,0,0,0,0,0,0,0,0,0,0,0,0,0,0,0,0,0,0,0,0,0,0,0,0,0,0,0,0,0,0,0,0,0,0,0,0,0,0,0,0,0,0,0,0,0,0,0,0,0,1,1,1,0,0
2003,United_Kingdom,GFATM,TLS,Timor-Leste,0,31,0,0,0,0,0,0,0,0,0,0,0,0,0,0,0,0,2,3,0,0,0,1,0,1,3,0,0,0,1,0,0,2,0,0,2,2,1,0,2,1,2,4,1,2,0,0,0,0,0,0,0,0,0,0,0,0,0,0,0,0,0,0,0,0,11,9,11,0,0
2003,United_States,GFATM,TLS,Timor-Leste,0,208,0,0,0,0,0,0,0,0,0,0,0,0,0,0,0,0,13,18,1,0,2,6,0,7,22,3,1,2,6,2,2,14,2,0,14,10,5,2,12,3,12,28,5,10,3,0,0,0,0,0,0,0,0,0,0,0,0,0,0,0,0,0,0,0,74,59,74,0,0
2003,Australia,INTLNGO,TLS,Timor-Leste,0,236,139,0,0,0,0,0,0,0,0,0,0,0,0,0,0,0,0,0,0,0,0,0,0,0,1,1,0,0,0,0,0,0,0,0,0,0,0,0,0,0,0,0,0,0,0,0,0,0,0,0,0,0,0,16,53,1,26,0,0,0,0,0,0,95,2,0,0,0,139
2003,France,INTLNGO,TLS,Timor-Leste,0,2,0,0,0,0,0,0,0,0,0,0,0,0,0,0,0,0,0,0,0,0,0,0,0,0,0,0,0,0,0,0,0,0,0,0,0,0,0,0,0,0,0,0,0,0,0,0,0,0,0,0,0,0,0,0,0,0,0,0,0,2,0,0,0,0,0,0,0,0,0
2003,Ireland,INTLNGO,TLS,Timor-Leste,0,8,0,0,6,0,0,0,0,0,0,0,0,0,0,0,0,0,0,0,0,0,0,0,0,0,0,0,0,0,0,0,0,0,0,0,0,0,0,0,0,0,0,0,0,0,0,0,0,0,0,0,0,0,0,0,0,0,0,0,0,2,0,0,0,0,0,0,0,0,6
2003,Japan,INTLNGO,TLS,Timor-Leste,0,17,7,0,10,0,0,0,0,0,0,0,0,0,0,0,0,0,0,0,0,0,0,0,0,0,0,0,0,0,0,0,0,0,0,0,0,0,0,0,0,0,0,0,0,0,0,0,0,0,0,0,0,0,0,0,0,0,0,0,0,0,0,0,0,0,0,0,0,0,17
2003,Netherlands,INTLNGO,TLS,Timor-Leste,0,4,0,0,0,0,0,0,1,0,0,0,0,0,0,0,0,0,0,0,0,0,0,0,0,2,0,0,0,0,0,0,0,0,0,0,0,0,0,0,0,0,0,0,0,0,0,0,0,0,0,0,0,0,0,0,0,0,0,0,0,2,0,1,0,0,2,0,0,0,0
2003,New_Zealand,INTLNGO,TLS,Timor-Leste,0,57,0,0,0,0,57,0,0,0,0,0,0,0,0,0,0,0,0,0,0,0,0,0,0,0,0,0,0,0,0,0,0,0,0,0,0,0,0,0,0,0,0,0,0,0,0,0,0,0,0,0,0,0,0,0,0,0,0,0,0,0,0,57,0,0,0,0,0,0,0
2003,Norway,INTLNGO,TLS,Timor-Leste,0,190,0,0,0,0,0,0,0,0,0,0,0,0,0,0,0,0,0,1,0,0,0,0,0,0,0,0,0,0,0,0,0,0,0,0,0,0,0,0,0,0,0,0,0,0,0,0,0,0,189,0,0,0,0,0,0,0,0,0,0,0,0,0,0,0,1,0,0,189,0
2003,Portugal,INTLNGO,TLS,Timor-Leste,0,44,0,0,0,0,0,0,0,0,0,0,0,0,0,0,0,0,0,0,0,0,0,0,0,0,0,0,0,0,0,0,0,0,0,0,0,0,0,0,0,0,0,0,0,0,0,0,0,0,0,0,0,0,0,0,0,0,0,0,0,44,0,0,0,0,0,0,0,0,0
2003,Spain,INTLNGO,TLS,Timor-Leste,0,88,0,0,0,0,0,0,0,0,0,0,0,0,0,0,0,0,0,0,0,0,0,0,0,0,0,0,0,0,0,0,0,0,0,0,0,0,0,0,0,0,0,0,0,0,0,0,0,0,0,0,0,0,0,0,0,0,0,0,0,88,0,0,0,0,0,0,0,0,0
2003,United_Kingdom,INTLNGO,TLS,Timor-Leste,0,4,0,0,0,0,0,0,0,0,0,0,0,0,0,0,0,0,0,3,0,0,0,0,0,0,0,0,0,0,0,0,0,0,0,0,0,0,0,0,0,0,0,0,0,0,0,0,0,0,0,0,0,0,0,0,0,0,0,0,0,0,0,1,0,0,3,0,0,0,0
2003,Corporate_donations,NGO,TLS,Timor-Leste,0,67,0,0,1,0,0,0,0,2,2,0,8,1,8,2,8,0,0,1,0,0,0,0,0,0,0,0,0,0,0,1,0,0,0,0,0,0,0,0,0,0,0,0,0,0,0,0,0,0,0,1,1,0,0,1,0,2,6,0,0,19,0,3,28,10,2,1,0,2,1
2003,Gates Foundation,NGO,TLS,Timor-Leste,0,22,0,0,0,0,0,0,0,4,2,2,1,0,0,1,0,0,2,2,1,1,1,1,0,0,1,1,1,0,0,0,0,0,0,0,0,0,0,0,0,0,0,0,0,0,0,0,0,0,0,1,0,0,0,0,0,0,0,0,0,0,0,8,3,0,9,0,0,1,0
2003,Private_other,NGO,TLS,Timor-Leste,0,497,21,0,1,1,52,13,0,31,22,12,28,6,35,25,35,2,15,12,3,4,4,10,0,0,9,7,5,7,1,6,3,8,12,0,0,5,15,14,3,3,0,0,1,1,1,0,0,0,0,7,4,3,1,2,2,5,17,2,0,20,0,130,131,28,70,72,10,14,23
2003,United_States,NGO,TLS,Timor-Leste,0,1,0,0,0,0,0,0,0,0,0,0,0,0,0,0,0,0,0,0,0,0,0,0,0,1,0,0,0,0,0,0,0,0,0,0,0,0,0,0,0,0,0,0,0,0,0,0,0,0,0,0,0,0,0,0,0,0,0,0,0,0,0,0,0,0,1,0,0,0,0
2003,Belgium,UNAIDS,TLS,Timor-Leste,0,1,0,0,0,0,0,0,0,0,0,0,0,0,0,0,0,0,0,0,0,0,0,0,0,0,1,0,0,0,0,0,0,0,0,0,0,0,0,0,0,0,0,0,0,0,0,0,0,0,0,0,0,0,0,0,0,0,0,0,0,0,0,0,0,0,1,0,0,0,0
2003,Canada,UNAIDS,TLS,Timor-Leste,0,1,0,0,0,0,0,0,0,0,0,0,0,0,0,0,0,0,0,0,0,0,0,0,0,0,1,0,0,0,0,0,0,0,0,0,0,0,0,0,0,0,0,0,0,0,0,0,0,0,0,0,0,0,0,0,0,0,0,0,0,0,0,0,0,0,1,0,0,0,0
2003,Denmark,UNAIDS,TLS,Timor-Leste,0,1,0,0,0,0,0,0,0,0,0,0,0,0,0,0,0,0,0,0,0,0,0,0,0,0,1,0,0,0,0,0,0,0,0,0,0,0,0,0,0,0,0,0,0,0,0,0,0,0,0,0,0,0,0,0,0,0,0,0,0,0,0,0,0,0,1,0,0,0,0
2003,Finland,UNAIDS,TLS,Timor-Leste,0,1,0,0,0,0,0,0,0,0,0,0,0,0,0,0,0,0,0,0,0,0,0,0,0,0,1,0,0,0,0,0,0,0,0,0,0,0,0,0,0,0,0,0,0,0,0,0,0,0,0,0,0,0,0,0,0,0,0,0,0,0,0,0,0,0,1,0,0,0,0
2003,Ireland,UNAIDS,TLS,Timor-Leste,0,1,0,0,0,0,0,0,0,0,0,0,0,0,0,0,0,0,0,0,0,0,0,0,0,0,1,0,0,0,0,0,0,0,0,0,0,0,0,0,0,0,0,0,0,0,0,0,0,0,0,0,0,0,0,0,0,0,0,0,0,0,0,0,0,0,1,0,0,0,0
2003,Japan,UNAIDS,TLS,Timor-Leste,0,2,0,0,0,0,0,0,0,0,0,0,0,0,0,0,0,0,0,0,0,0,0,0,0,0,2,0,0,0,0,0,0,0,0,0,0,0,0,0,0,0,0,0,0,0,0,0,0,0,0,0,0,0,0,0,0,0,0,0,0,0,0,0,0,0,2,0,0,0,0
2003,Netherlands,UNAIDS,TLS,Timor-Leste,0,10,0,0,0,0,0,0,0,0,0,0,0,0,0,0,0,0,0,0,0,1,0,0,0,1,8,0,0,0,0,0,0,0,0,0,0,0,0,0,0,0,0,0,0,0,0,0,0,0,0,0,0,0,0,0,0,0,0,0,0,0,0,0,0,0,10,0,0,0,0
2003,Norway,UNAIDS,TLS,Timor-Leste,0,5,0,0,0,0,0,0,0,0,0,0,0,0,0,0,0,0,0,0,0,0,0,0,0,1,4,0,0,0,0,0,0,0,0,0,0,0,0,0,0,0,0,0,0,0,0,0,0,0,0,0,0,0,0,0,0,0,0,0,0,0,0,0,0,0,5,0,0,0,0
2003,Other,UNAIDS,TLS,Timor-Leste,0,1,0,0,0,0,0,0,0,0,0,0,0,0,0,0,0,0,0,0,0,0,0,0,0,0,1,0,0,0,0,0,0,0,0,0,0,0,0,0,0,0,0,0,0,0,0,0,0,0,0,0,0,0,0,0,0,0,0,0,0,0,0,0,0,0,1,0,0,0,0
2003,Sweden,UNAIDS,TLS,Timor-Leste,0,2,0,0,0,0,0,0,0,0,0,0,0,0,0,0,0,0,0,0,0,0,0,0,0,0,2,0,0,0,0,0,0,0,0,0,0,0,0,0,0,0,0,0,0,0,0,0,0,0,0,0,0,0,0,0,0,0,0,0,0,0,0,0,0,0,2,0,0,0,0
2003,United_Kingdom,UNAIDS,TLS,Timor-Leste,0,2,0,0,0,0,0,0,0,0,0,0,0,0,0,0,0,0,0,0,0,0,0,0,0,0,2,0,0,0,0,0,0,0,0,0,0,0,0,0,0,0,0,0,0,0,0,0,0,0,0,0,0,0,0,0,0,0,0,0,0,0,0,0,0,0,2,0,0,0,0
2003,United_States,UNAIDS,TLS,Timor-Leste,0,6,0,0,0,0,0,0,0,0,0,0,0,0,0,0,0,0,0,0,0,0,0,0,0,1,5,0,0,0,0,0,0,0,0,0,0,0,0,0,0,0,0,0,0,0,0,0,0,0,0,0,0,0,0,0,0,0,0,0,0,0,0,0,0,0,6,0,0,0,0
2003,Australia,UNFPA,TLS,Timor-Leste,0,4,0,0,0,0,2,1,1,0,0,0,0,0,0,0,0,0,0,0,0,0,0,0,0,0,0,0,0,0,0,0,0,0,0,0,0,0,0,0,0,0,0,0,0,0,0,0,0,0,0,0,0,0,0,0,0,0,0,0,0,0,0,4,0,0,0,0,0,0,0
2003,Austria,UNFPA,TLS,Timor-Leste,0,2,0,0,0,0,1,1,0,0,0,0,0,0,0,0,0,0,0,0,0,0,0,0,0,0,0,0,0,0,0,0,0,0,0,0,0,0,0,0,0,0,0,0,0,0,0,0,0,0,0,0,0,0,0,0,0,0,0,0,0,0,0,2,0,0,0,0,0,0,0
2003,Belgium,UNFPA,TLS,Timor-Leste,0,26,0,0,0,0,13,8,5,0,0,0,0,0,0,0,0,0,0,0,0,0,0,0,0,0,0,0,0,0,0,0,0,0,0,0,0,0,0,0,0,0,0,0,0,0,0,0,0,0,0,0,0,0,0,0,0,0,0,0,0,0,0,26,0,0,0,0,0,0,0
2003,Canada,UNFPA,TLS,Timor-Leste,0,42,0,0,0,0,21,13,8,0,0,0,0,0,0,0,0,0,0,0,0,0,0,0,0,0,0,0,0,0,0,0,0,0,0,0,0,0,0,0,0,0,0,0,0,0,0,0,0,0,0,0,0,0,0,0,0,0,0,0,0,0,0,42,0,0,0,0,0,0,0
2003,China,UNFPA,TLS,Timor-Leste,0,3,0,0,0,0,1,1,1,0,0,0,0,0,0,0,0,0,0,0,0,0,0,0,0,0,0,0,0,0,0,0,0,0,0,0,0,0,0,0,0,0,0,0,0,0,0,0,0,0,0,0,0,0,0,0,0,0,0,0,0,0,0,3,0,0,0,0,0,0,0
2003,Denmark,UNFPA,TLS,Timor-Leste,0,84,0,0,0,0,43,26,16,0,0,0,0,0,0,0,0,0,0,0,0,0,0,0,0,0,0,0,0,0,0,0,0,0,0,0,0,0,0,0,0,0,0,0,0,0,0,0,0,0,0,0,0,0,0,0,0,0,0,0,0,0,0,84,0,0,0,0,0,0,0
2003,Finland,UNFPA,TLS,Timor-Leste,0,53,0,0,0,0,27,16,10,0,0,0,0,0,0,0,0,0,0,0,0,0,0,0,0,0,0,0,0,0,0,0,0,0,0,0,0,0,0,0,0,0,0,0,0,0,0,0,0,0,0,0,0,0,0,0,0,0,0,0,0,0,0,53,0,0,0,0,0,0,0
2003,France,UNFPA,TLS,Timor-Leste,0,11,0,0,0,0,5,3,2,0,0,0,0,0,0,0,0,0,0,0,0,0,0,0,0,0,0,0,0,0,0,0,0,0,0,0,0,0,0,0,0,0,0,0,0,0,0,0,0,0,0,0,0,0,0,0,0,0,0,0,0,0,0,11,0,0,0,0,0,0,0
2003,Germany,UNFPA,TLS,Timor-Leste,0,62,0,0,0,0,31,19,12,0,0,0,0,0,0,0,0,0,0,0,0,0,0,0,0,0,0,0,0,0,0,0,0,0,0,0,0,0,0,0,0,0,0,0,0,0,0,0,0,0,0,0,0,0,0,0,0,0,0,0,0,0,0,62,0,0,0,0,0,0,0
2003,Ireland,UNFPA,TLS,Timor-Leste,0,7,0,0,0,0,4,2,1,0,0,0,0,0,0,0,0,0,0,0,0,0,0,0,0,0,0,0,0,0,0,0,0,0,0,0,0,0,0,0,0,0,0,0,0,0,0,0,0,0,0,0,0,0,0,0,0,0,0,0,0,0,0,7,0,0,0,0,0,0,0
2003,Italy,UNFPA,TLS,Timor-Leste,0,14,0,0,0,0,7,4,3,0,0,0,0,0,0,0,0,0,0,0,0,0,0,0,0,0,0,0,0,0,0,0,0,0,0,0,0,0,0,0,0,0,0,0,0,0,0,0,0,0,0,0,0,0,0,0,0,0,0,0,0,0,0,14,0,0,0,0,0,0,0
2003,Japan,UNFPA,TLS,Timor-Leste,0,139,0,0,0,0,70,43,26,0,0,0,0,0,0,0,0,0,0,0,0,0,0,0,0,0,0,0,0,0,0,0,0,0,0,0,0,0,0,0,0,0,0,0,0,0,0,0,0,0,0,0,0,0,0,0,0,0,0,0,0,0,0,139,0,0,0,0,0,0,0
2003,Luxembourg,UNFPA,TLS,Timor-Leste,0,6,0,0,0,0,3,2,1,0,0,0,0,0,0,0,0,0,0,0,0,0,0,0,0,0,0,0,0,0,0,0,0,0,0,0,0,0,0,0,0,0,0,0,0,0,0,0,0,0,0,0,0,0,0,0,0,0,0,0,0,0,0,6,0,0,0,0,0,0,0
2003,Netherlands,UNFPA,TLS,Timor-Leste,0,216,0,0,0,0,109,67,41,0,0,0,0,0,0,0,0,0,0,0,0,0,0,0,0,0,0,0,0,0,0,0,0,0,0,0,0,0,0,0,0,0,0,0,0,0,0,0,0,0,0,0,0,0,0,0,0,0,0,0,0,0,0,216,0,0,0,0,0,0,0
2003,New_Zealand,UNFPA,TLS,Timor-Leste,0,4,0,0,0,0,2,1,1,0,0,0,0,0,0,0,0,0,0,0,0,0,0,0,0,0,0,0,0,0,0,0,0,0,0,0,0,0,0,0,0,0,0,0,0,0,0,0,0,0,0,0,0,0,0,0,0,0,0,0,0,0,0,4,0,0,0,0,0,0,0
2003,Non_OECD_non_DAC_countries,UNFPA,TLS,Timor-Leste,0,10,0,0,0,0,5,3,2,0,0,0,0,0,0,0,0,0,0,0,0,0,0,0,0,0,0,0,0,0,0,0,0,0,0,0,0,0,0,0,0,0,0,0,0,0,0,0,0,0,0,0,0,0,0,0,0,0,0,0,0,0,0,10,0,0,0,0,0,0,0
2003,Norway,UNFPA,TLS,Timor-Leste,0,107,0,0,0,0,54,33,20,0,0,0,0,0,0,0,0,0,0,0,0,0,0,0,0,0,0,0,0,0,0,0,0,0,0,0,0,0,0,0,0,0,0,0,0,0,0,0,0,0,0,0,0,0,0,0,0,0,0,0,0,0,0,107,0,0,0,0,0,0,0
2003,Other,UNFPA,TLS,Timor-Leste,0,63,0,0,0,0,32,19,12,0,0,0,0,0,0,0,0,0,0,0,0,0,0,0,0,0,0,0,0,0,0,0,0,0,0,0,0,0,0,0,0,0,0,0,0,0,0,0,0,0,0,0,0,0,0,0,0,0,0,0,0,0,0,63,0,0,0,0,0,0,0
2003,Private_other,UNFPA,TLS,Timor-Leste,0,26,0,0,0,0,13,8,5,0,0,0,0,0,0,0,0,0,0,0,0,0,0,0,0,0,0,0,0,0,0,0,0,0,0,0,0,0,0,0,0,0,0,0,0,0,0,0,0,0,0,0,0,0,0,0,0,0,0,0,0,0,0,26,0,0,0,0,0,0,0
2003,Spain,UNFPA,TLS,Timor-Leste,0,4,0,0,0,0,2,1,1,0,0,0,0,0,0,0,0,0,0,0,0,0,0,0,0,0,0,0,0,0,0,0,0,0,0,0,0,0,0,0,0,0,0,0,0,0,0,0,0,0,0,0,0,0,0,0,0,0,0,0,0,0,0,4,0,0,0,0,0,0,0
2003,Sweden,UNFPA,TLS,Timor-Leste,0,77,0,0,0,0,39,24,14,0,0,0,0,0,0,0,0,0,0,0,0,0,0,0,0,0,0,0,0,0,0,0,0,0,0,0,0,0,0,0,0,0,0,0,0,0,0,0,0,0,0,0,0,0,0,0,0,0,0,0,0,0,0,77,0,0,0,0,0,0,0
2003,Switzerland,UNFPA,TLS,Timor-Leste,0,31,0,0,0,0,16,10,6,0,0,0,0,0,0,0,0,0,0,0,0,0,0,0,0,0,0,0,0,0,0,0,0,0,0,0,0,0,0,0,0,0,0,0,0,0,0,0,0,0,0,0,0,0,0,0,0,0,0,0,0,0,0,31,0,0,0,0,0,0,0
2003,Unallocable,UNFPA,TLS,Timor-Leste,0,21,0,0,0,0,10,6,4,0,0,0,0,0,0,0,0,0,0,0,0,0,0,0,0,0,0,0,0,0,0,0,0,0,0,0,0,0,0,0,0,0,0,0,0,0,0,0,0,0,0,0,0,0,0,0,0,0,0,0,0,0,0,21,0,0,0,0,0,0,0
2003,United_Kingdom,UNFPA,TLS,Timor-Leste,0,119,0,0,0,0,60,36,22,0,0,0,0,0,0,0,0,0,0,0,0,0,0,0,0,0,0,0,0,0,0,0,0,0,0,0,0,0,0,0,0,0,0,0,0,0,0,0,0,0,0,0,0,0,0,0,0,0,0,0,0,0,0,119,0,0,0,0,0,0,0
2003,Australia,UNICEF,TLS,Timor-Leste,0,19,0,0,0,0,0,0,1,0,0,0,5,4,6,1,0,0,0,0,0,0,0,0,0,0,0,0,0,0,0,0,0,0,0,0,0,0,0,0,0,0,0,0,0,0,0,0,0,0,0,0,0,0,0,0,0,0,0,0,0,0,0,1,17,0,1,0,0,0,0
2003,Belgium,UNICEF,TLS,Timor-Leste,0,8,0,0,0,0,0,0,0,0,0,0,2,2,3,1,0,0,0,0,0,0,0,0,0,0,0,0,0,0,0,0,0,0,0,0,0,0,0,0,0,0,0,0,0,0,0,0,0,0,0,0,0,0,0,0,0,0,0,0,0,0,0,0,8,0,0,0,0,0,0
2003,Canada,UNICEF,TLS,Timor-Leste,0,63,0,0,0,0,0,0,2,0,0,0,18,14,21,5,0,0,0,1,1,1,0,0,0,1,0,0,0,0,0,0,0,0,0,0,0,0,0,0,0,0,0,0,0,0,0,0,0,0,0,0,0,0,0,0,0,0,0,0,0,0,0,2,58,0,3,0,0,0,0
2003,Denmark,UNICEF,TLS,Timor-Leste,0,17,0,0,0,0,0,0,1,0,0,0,5,4,6,1,0,0,0,0,0,0,0,0,0,0,0,0,0,0,0,0,0,0,0,0,0,0,0,0,0,0,0,0,0,0,0,0,0,0,0,0,0,0,0,0,0,0,0,0,0,0,0,1,16,0,1,0,0,0,0
2003,Finland,UNICEF,TLS,Timor-Leste,0,8,0,0,0,0,0,0,0,0,0,0,2,2,3,1,0,0,0,0,0,0,0,0,0,0,0,0,0,0,0,0,0,0,0,0,0,0,0,0,0,0,0,0,0,0,0,0,0,0,0,0,0,0,0,0,0,0,0,0,0,0,0,0,8,0,0,0,0,0,0
2003,France,UNICEF,TLS,Timor-Leste,0,12,0,0,0,0,0,0,0,0,0,0,3,3,4,1,0,0,0,0,0,0,0,0,0,0,0,0,0,0,0,0,0,0,0,0,0,0,0,0,0,0,0,0,0,0,0,0,0,0,0,0,0,0,0,0,0,0,0,0,0,0,0,0,11,0,1,0,0,0,0
2003,Germany,UNICEF,TLS,Timor-Leste,0,12,0,0,0,0,0,0,0,0,0,0,3,3,4,1,0,0,0,0,0,0,0,0,0,0,0,0,0,0,0,0,0,0,0,0,0,0,0,0,0,0,0,0,0,0,0,0,0,0,0,0,0,0,0,0,0,0,0,0,0,0,0,0,11,0,1,0,0,0,0
2003,Ireland,UNICEF,TLS,Timor-Leste,0,9,0,0,0,0,0,0,0,0,0,0,3,2,3,1,0,0,0,0,0,0,0,0,0,0,0,0,0,0,0,0,0,0,0,0,0,0,0,0,0,0,0,0,0,0,0,0,0,0,0,0,0,0,0,0,0,0,0,0,0,0,0,0,8,0,0,0,0,0,0
2003,Italy,UNICEF,TLS,Timor-Leste,0,28,0,0,0,0,0,0,1,0,0,0,8,6,9,2,0,0,0,0,0,0,0,0,0,1,0,0,0,0,0,0,0,0,0,0,0,0,0,0,0,0,0,0,0,0,0,0,0,0,0,0,0,0,0,0,0,0,0,0,0,0,0,1,26,0,2,0,0,0,0
2003,Japan,UNICEF,TLS,Timor-Leste,0,93,0,0,0,0,0,0,3,0,0,0,27,20,31,7,0,0,0,1,1,1,0,0,0,2,0,0,0,0,0,0,0,0,0,0,0,0,0,0,0,0,0,0,0,0,0,0,0,0,0,0,0,0,0,0,0,0,0,0,0,0,0,3,85,0,5,0,0,0,0
2003,Korea,UNICEF,TLS,Timor-Leste,0,3,0,0,0,0,0,0,0,0,0,0,1,1,1,0,0,0,0,0,0,0,0,0,0,0,0,0,0,0,0,0,0,0,0,0,0,0,0,0,0,0,0,0,0,0,0,0,0,0,0,0,0,0,0,0,0,0,0,0,0,0,0,0,3,0,0,0,0,0,0
2003,Luxembourg,UNICEF,TLS,Timor-Leste,0,2,0,0,0,0,0,0,0,0,0,0,1,0,1,0,0,0,0,0,0,0,0,0,0,0,0,0,0,0,0,0,0,0,0,0,0,0,0,0,0,0,0,0,0,0,0,0,0,0,0,0,0,0,0,0,0,0,0,0,0,0,0,0,2,0,0,0,0,0,0
2003,Netherlands,UNICEF,TLS,Timor-Leste,0,63,0,0,0,0,0,0,2,0,0,0,18,14,21,5,0,0,0,1,1,1,0,0,0,1,0,0,0,0,0,0,0,0,0,0,0,0,0,0,0,0,0,0,0,0,0,0,0,0,0,0,0,0,0,0,0,0,0,0,0,0,0,2,58,0,3,0,0,0,0
2003,New_Zealand,UNICEF,TLS,Timor-Leste,0,3,0,0,0,0,0,0,0,0,0,0,1,1,1,0,0,0,0,0,0,0,0,0,0,0,0,0,0,0,0,0,0,0,0,0,0,0,0,0,0,0,0,0,0,0,0,0,0,0,0,0,0,0,0,0,0,0,0,0,0,0,0,0,3,0,0,0,0,0,0
2003,Norway,UNICEF,TLS,Timor-Leste,0,70,0,0,0,0,0,0,2,0,0,0,20,15,23,6,0,0,0,1,1,1,0,0,0,2,0,0,0,0,0,0,0,0,0,0,0,0,0,0,0,0,0,0,0,0,0,0,0,0,0,0,0,0,0,0,0,0,0,0,0,0,0,2,64,0,4,0,0,0,0
2003,Other,UNICEF,TLS,Timor-Leste,0,7,0,0,0,0,0,0,0,0,0,0,2,1,2,1,0,0,0,0,0,0,0,0,0,0,0,0,0,0,0,0,0,0,0,0,0,0,0,0,0,0,0,0,0,0,0,0,0,0,0,0,0,0,0,0,0,0,0,0,0,0,0,0,6,0,0,0,0,0,0
2003,Private_other,UNICEF,TLS,Timor-Leste,0,285,0,0,0,0,0,0,9,0,0,0,82,62,94,22,0,0,1,2,2,2,1,0,0,7,0,0,0,0,0,0,0,0,0,0,0,0,0,0,0,0,0,0,0,0,0,0,0,0,0,0,0,0,0,0,0,0,0,0,0,0,0,9,260,0,15,0,0,0,0
2003,Spain,UNICEF,TLS,Timor-Leste,0,4,0,0,0,0,0,0,0,0,0,0,1,1,1,0,0,0,0,0,0,0,0,0,0,0,0,0,0,0,0,0,0,0,0,0,0,0,0,0,0,0,0,0,0,0,0,0,0,0,0,0,0,0,0,0,0,0,0,0,0,0,0,0,4,0,0,0,0,0,0
2003,Sweden,UNICEF,TLS,Timor-Leste,0,66,0,0,0,0,0,0,2,0,0,0,19,14,22,5,0,0,0,1,1,1,0,0,0,2,0,0,0,0,0,0,0,0,0,0,0,0,0,0,0,0,0,0,0,0,0,0,0,0,0,0,0,0,0,0,0,0,0,0,0,0,0,2,60,0,4,0,0,0,0
2003,Switzerland,UNICEF,TLS,Timor-Leste,0,7,0,0,0,0,0,0,0,0,0,0,2,1,2,1,0,0,0,0,0,0,0,0,0,0,0,0,0,0,0,0,0,0,0,0,0,0,0,0,0,0,0,0,0,0,0,0,0,0,0,0,0,0,0,0,0,0,0,0,0,0,0,0,6,0,0,0,0,0,0
2003,Unallocable,UNICEF,TLS,Timor-Leste,0,7,0,0,0,0,0,0,0,0,0,0,2,1,2,1,0,0,0,0,0,0,0,0,0,0,0,0,0,0,0,0,0,0,0,0,0,0,0,0,0,0,0,0,0,0,0,0,0,0,0,0,0,0,0,0,0,0,0,0,0,0,0,0,6,0,0,0,0,0,0
2003,United_Kingdom,UNICEF,TLS,Timor-Leste,0,88,0,0,0,0,0,0,3,0,0,0,25,19,29,7,0,0,0,1,1,1,0,0,0,2,0,0,0,0,0,0,0,0,0,0,0,0,0,0,0,0,0,0,0,0,0,0,0,0,0,0,0,0,0,0,0,0,0,0,0,0,0,3,80,0,5,0,0,0,0
2003,United_States,UNICEF,TLS,Timor-Leste,0,189,0,0,0,0,0,0,6,0,0,0,54,41,62,15,0,0,0,2,2,2,1,0,0,4,0,0,0,0,0,0,0,0,0,0,0,0,0,0,0,0,0,0,0,0,0,0,0,0,0,0,0,0,0,0,0,0,0,0,0,0,0,6,173,0,10,0,0,0,0
2003,Private_other,US_FOUND,TLS,Timor-Leste,0,85,2,10,0,0,3,0,7,0,0,0,0,0,1,0,0,0,4,4,12,0,0,0,0,0,0,1,0,0,0,0,0,0,0,0,0,0,0,0,0,0,0,0,0,0,0,0,0,0,1,0,0,1,36,0,0,0,0,0,0,2,0,11,1,36,21,0,0,2,12
2003,Austria,WB_IDA,TLS,Timor-Leste,0,4,0,0,0,0,0,0,0,0,0,0,0,0,0,0,0,0,0,0,0,0,0,0,0,0,0,0,0,0,0,0,0,0,0,0,0,0,0,0,0,0,0,0,0,0,0,0,0,0,0,0,0,0,0,0,0,0,0,0,0,4,0,0,0,0,0,0,0,0,0
2003,Canada,WB_IDA,TLS,Timor-Leste,0,14,0,0,0,0,0,0,0,0,0,0,0,0,0,0,0,0,0,0,0,0,0,0,0,0,0,0,0,0,0,0,0,0,0,0,0,0,0,0,0,0,0,0,0,0,0,0,0,0,0,0,0,0,0,0,0,0,0,0,0,14,0,0,0,0,0,0,0,0,0
2003,Debt_repayments,WB_IDA,TLS,Timor-Leste,0,120,0,0,0,0,0,0,0,0,0,0,0,0,0,0,0,0,0,0,0,0,0,0,0,0,0,0,0,0,0,0,0,0,0,0,0,0,0,0,0,0,0,0,0,0,0,0,0,0,0,0,0,0,0,0,0,0,0,0,0,120,0,0,0,0,0,0,0,0,0
2003,Denmark,WB_IDA,TLS,Timor-Leste,0,5,0,0,0,0,0,0,0,0,0,0,0,0,0,0,0,0,0,0,0,0,0,0,0,0,0,0,0,0,0,0,0,0,0,0,0,0,0,0,0,0,0,0,0,0,0,0,0,0,0,0,0,0,0,0,0,0,0,0,0,5,0,0,0,0,0,0,0,0,0
2003,Finland,WB_IDA,TLS,Timor-Leste,0,3,0,0,0,0,0,0,0,0,0,0,0,0,0,0,0,0,0,0,0,0,0,0,0,0,0,0,0,0,0,0,0,0,0,0,0,0,0,0,0,0,0,0,0,0,0,0,0,0,0,0,0,0,0,0,0,0,0,0,0,3,0,0,0,0,0,0,0,0,0
2003,France,WB_IDA,TLS,Timor-Leste,0,85,0,0,0,0,0,0,0,0,0,0,0,0,0,0,0,0,0,0,0,0,0,0,0,0,0,0,0,0,0,0,0,0,0,0,0,0,0,0,0,0,0,0,0,0,0,0,0,0,0,0,0,0,0,0,0,0,0,0,0,85,0,0,0,0,0,0,0,0,0
2003,Germany,WB_IDA,TLS,Timor-Leste,0,47,0,0,0,0,0,0,0,0,0,0,0,0,0,0,0,0,0,0,0,0,0,0,0,0,0,0,0,0,0,0,0,0,0,0,0,0,0,0,0,0,0,0,0,0,0,0,0,0,0,0,0,0,0,0,0,0,0,0,0,47,0,0,0,0,0,0,0,0,0
2003,Italy,WB_IDA,TLS,Timor-Leste,0,36,0,0,0,0,0,0,0,0,0,0,0,0,0,0,0,0,0,0,0,0,0,0,0,0,0,0,0,0,0,0,0,0,0,0,0,0,0,0,0,0,0,0,0,0,0,0,0,0,0,0,0,0,0,0,0,0,0,0,0,36,0,0,0,0,0,0,0,0,0
2003,Japan,WB_IDA,TLS,Timor-Leste,0,62,0,0,0,0,0,0,0,0,0,0,0,0,0,0,0,0,0,0,0,0,0,0,0,0,0,0,0,0,0,0,0,0,0,0,0,0,0,0,0,0,0,0,0,0,0,0,0,0,0,0,0,0,0,0,0,0,0,0,0,62,0,0,0,0,0,0,0,0,0
2003,Korea,WB_IDA,TLS,Timor-Leste,0,4,0,0,0,0,0,0,0,0,0,0,0,0,0,0,0,0,0,0,0,0,0,0,0,0,0,0,0,0,0,0,0,0,0,0,0,0,0,0,0,0,0,0,0,0,0,0,0,0,0,0,0,0,0,0,0,0,0,0,0,4,0,0,0,0,0,0,0,0,0
2003,Norway,WB_IDA,TLS,Timor-Leste,0,9,0,0,0,0,0,0,0,0,0,0,0,0,0,0,0,0,0,0,0,0,0,0,0,0,0,0,0,0,0,0,0,0,0,0,0,0,0,0,0,0,0,0,0,0,0,0,0,0,0,0,0,0,0,0,0,0,0,0,0,9,0,0,0,0,0,0,0,0,0
2003,Other,WB_IDA,TLS,Timor-Leste,0,26,0,0,0,0,0,0,0,0,0,0,0,0,0,0,0,0,0,0,0,0,0,0,0,0,0,0,0,0,0,0,0,0,0,0,0,0,0,0,0,0,0,0,0,0,0,0,0,0,0,0,0,0,0,0,0,0,0,0,0,26,0,0,0,0,0,0,0,0,0
2003,Spain,WB_IDA,TLS,Timor-Leste,0,5,0,0,0,0,0,0,0,0,0,0,0,0,0,0,0,0,0,0,0,0,0,0,0,0,0,0,0,0,0,0,0,0,0,0,0,0,0,0,0,0,0,0,0,0,0,0,0,0,0,0,0,0,0,0,0,0,0,0,0,5,0,0,0,0,0,0,0,0,0
2003,Switzerland,WB_IDA,TLS,Timor-Leste,0,35,0,0,0,0,0,0,0,0,0,0,0,0,0,0,0,0,0,0,0,0,0,0,0,0,0,0,0,0,0,0,0,0,0,0,0,0,0,0,0,0,0,0,0,0,0,0,0,0,0,0,0,0,0,0,0,0,0,0,0,35,0,0,0,0,0,0,0,0,0
2003,United_Kingdom,WB_IDA,TLS,Timor-Leste,0,65,0,0,0,0,0,0,0,0,0,0,0,0,0,0,0,0,0,0,0,0,0,0,0,0,0,0,0,0,0,0,0,0,0,0,0,0,0,0,0,0,0,0,0,0,0,0,0,0,0,0,0,0,0,0,0,0,0,0,0,65,0,0,0,0,0,0,0,0,0
2003,Australia,WHO,TLS,Timor-Leste,0,17,0,0,6,1,0,0,0,0,0,0,0,3,0,0,0,0,0,0,0,0,0,0,0,0,0,0,0,0,0,0,0,0,0,0,1,0,0,0,0,0,0,1,0,0,0,0,0,0,3,0,0,0,0,0,0,0,0,0,0,1,0,0,4,0,0,1,1,3,7
2003,Austria,WHO,TLS,Timor-Leste,0,6,0,0,2,0,0,0,0,0,0,0,0,1,0,0,0,0,0,0,0,0,0,0,0,0,0,0,0,0,0,0,0,0,0,0,0,0,0,0,0,0,0,0,0,0,0,0,0,0,1,0,0,0,0,0,0,0,0,0,0,0,0,0,1,0,0,0,0,1,2
2003,Belgium,WHO,TLS,Timor-Leste,0,14,0,0,5,1,0,0,0,0,0,0,0,3,0,0,0,0,0,0,0,0,0,0,0,0,0,0,0,0,0,0,0,0,0,0,1,0,0,0,0,0,0,1,0,0,0,0,0,0,2,0,0,0,0,0,0,0,0,0,0,1,0,0,3,0,0,1,1,2,6
2003,Canada,WHO,TLS,Timor-Leste,0,64,1,0,21,3,0,1,0,0,0,0,1,13,0,0,0,0,0,0,0,0,0,0,0,2,0,0,0,0,0,0,0,0,0,0,3,0,0,0,0,0,0,3,0,0,0,0,0,0,10,0,0,0,1,1,1,0,0,0,0,4,0,1,15,2,2,3,3,10,26
2003,China,WHO,TLS,Timor-Leste,0,6,0,0,2,0,0,0,0,0,0,0,0,1,0,0,0,0,0,0,0,0,0,0,0,0,0,0,0,0,0,0,0,0,0,0,0,0,0,0,0,0,0,0,0,0,0,0,0,0,1,0,0,0,0,0,0,0,0,0,0,0,0,0,1,0,0,0,0,1,3
2003,Corporate_donations,WHO,TLS,Timor-Leste,0,50,1,0,17,3,0,1,0,0,0,0,1,10,0,0,0,0,0,0,0,0,0,0,0,1,0,0,0,0,0,0,0,0,0,0,2,0,0,0,0,0,0,2,0,0,0,0,0,0,8,0,0,0,1,0,0,0,0,0,0,3,0,1,12,1,1,2,2,8,21
2003,Denmark,WHO,TLS,Timor-Leste,0,16,0,0,6,1,0,0,0,0,0,0,0,3,0,0,0,0,0,0,0,0,0,0,0,0,0,0,0,0,0,0,0,0,0,0,1,0,0,0,0,0,0,1,0,0,0,0,0,0,3,0,0,0,0,0,0,0,0,0,0,1,0,0,4,0,0,1,1,3,7
2003,Finland,WHO,TLS,Timor-Leste,0,5,0,0,2,0,0,0,0,0,0,0,0,1,0,0,0,0,0,0,0,0,0,0,0,0,0,0,0,0,0,0,0,0,0,0,0,0,0,0,0,0,0,0,0,0,0,0,0,0,1,0,0,0,0,0,0,0,0,0,0,0,0,0,1,0,0,0,0,1,2
2003,France,WHO,TLS,Timor-Leste,0,46,1,0,16,2,0,0,0,0,0,0,1,9,0,0,0,0,0,0,0,0,0,0,0,1,0,0,0,0,0,0,0,0,0,0,2,0,0,0,0,0,0,2,0,0,0,0,0,0,7,0,0,0,1,0,0,0,0,0,0,3,0,0,11,1,1,2,2,7,19
2003,Gates Foundation,WHO,TLS,Timor-Leste,0,27,1,0,9,1,0,0,0,0,0,0,1,5,0,0,0,0,0,0,0,0,0,0,0,1,0,0,0,0,0,0,0,0,0,0,1,0,0,0,0,0,0,1,0,0,0,0,0,0,4,0,0,0,0,0,0,0,0,0,0,2,0,0,6,1,1,1,1,4,11
2003,Germany,WHO,TLS,Timor-Leste,0,68,1,0,23,4,0,1,0,0,0,0,1,14,0,0,0,0,0,0,0,0,0,0,0,2,0,0,0,0,0,0,0,0,0,0,3,0,0,0,0,0,0,3,0,0,0,0,0,0,10,0,0,0,1,1,1,0,0,0,0,4,0,1,16,2,2,3,3,10,28
2003,Greece,WHO,TLS,Timor-Leste,0,2,0,0,1,0,0,0,0,0,0,0,0,0,0,0,0,0,0,0,0,0,0,0,0,0,0,0,0,0,0,0,0,0,0,0,0,0,0,0,0,0,0,0,0,0,0,0,0,0,0,0,0,0,0,0,0,0,0,0,0,0,0,0,1,0,0,0,0,0,1
2003,Ireland,WHO,TLS,Timor-Leste,0,6,0,0,2,0,0,0,0,0,0,0,0,1,0,0,0,0,0,0,0,0,0,0,0,0,0,0,0,0,0,0,0,0,0,0,0,0,0,0,0,0,0,0,0,0,0,0,0,0,1,0,0,0,0,0,0,0,0,0,0,0,0,0,1,0,0,0,0,1,3
2003,Italy,WHO,TLS,Timor-Leste,0,49,1,0,17,3,0,0,0,0,0,0,1,10,0,0,0,0,0,0,0,0,0,0,0,1,0,0,0,0,0,0,0,0,0,0,2,0,0,0,0,0,0,2,0,0,0,0,0,0,8,0,0,0,1,0,0,0,0,0,0,3,0,0,11,1,1,2,2,8,20
2003,Japan,WHO,TLS,Timor-Leste,0,132,3,0,44,7,0,1,0,0,0,0,3,27,1,0,0,0,0,0,0,0,0,0,0,4,0,0,0,0,0,0,0,0,0,0,6,0,0,0,0,0,0,5,0,0,0,0,0,0,20,0,0,0,2,1,1,0,0,0,0,8,0,1,30,4,4,6,5,20,54
2003,Korea,WHO,TLS,Timor-Leste,0,8,0,0,3,0,0,0,0,0,0,0,0,2,0,0,0,0,0,0,0,0,0,0,0,0,0,0,0,0,0,0,0,0,0,0,0,0,0,0,0,0,0,0,0,0,0,0,0,0,1,0,0,0,0,0,0,0,0,0,0,0,0,0,2,0,0,0,0,1,3
2003,Luxembourg,WHO,TLS,Timor-Leste,0,7,0,0,2,0,0,0,0,0,0,0,0,1,0,0,0,0,0,0,0,0,0,0,0,0,0,0,0,0,0,0,0,0,0,0,0,0,0,0,0,0,0,0,0,0,0,0,0,0,1,0,0,0,0,0,0,0,0,0,0,0,0,0,2,0,0,0,0,1,3
2003,Netherlands,WHO,TLS,Timor-Leste,0,65,1,0,22,3,0,1,0,0,0,0,1,13,0,0,0,0,0,0,0,0,0,0,0,2,0,0,0,0,0,0,0,0,0,0,3,0,0,0,0,0,0,3,0,0,0,0,0,0,10,0,0,0,1,1,1,0,0,0,0,4,0,1,15,2,2,3,3,10,27
2003,New_Zealand,WHO,TLS,Timor-Leste,0,2,0,0,1,0,0,0,0,0,0,0,0,0,0,0,0,0,0,0,0,0,0,0,0,0,0,0,0,0,0,0,0,0,0,0,0,0,0,0,0,0,0,0,0,0,0,0,0,0,0,0,0,0,0,0,0,0,0,0,0,0,0,0,0,0,0,0,0,0,1
2003,Non_OECD_DAC_countries,WHO,TLS,Timor-Leste,0,7,0,0,2,0,0,0,0,0,0,0,0,1,0,0,0,0,0,0,0,0,0,0,0,0,0,0,0,0,0,0,0,0,0,0,0,0,0,0,0,0,0,0,0,0,0,0,0,0,1,0,0,0,0,0,0,0,0,0,0,0,0,0,2,0,0,0,0,1,3
2003,Non_OECD_non_DAC_countries,WHO,TLS,Timor-Leste,0,37,1,0,12,2,0,0,0,0,0,0,1,7,0,0,0,0,0,0,0,0,0,0,0,1,0,0,0,0,0,0,0,0,0,0,2,0,0,0,0,0,0,1,0,0,0,0,0,0,6,0,0,0,0,0,0,0,0,0,0,2,0,0,8,1,1,2,1,6,15
2003,Norway,WHO,TLS,Timor-Leste,0,58,1,0,20,3,0,1,0,0,0,0,1,12,0,0,0,0,0,0,0,0,0,0,0,2,0,0,0,0,0,0,0,0,0,0,3,0,0,0,0,0,0,2,0,0,0,0,0,0,9,0,0,0,1,0,0,0,0,0,0,3,0,1,13,2,2,3,2,9,24
2003,Other,WHO,TLS,Timor-Leste,0,243,5,0,82,13,0,2,0,0,0,0,5,49,2,0,0,0,0,0,0,0,0,0,0,7,0,0,0,0,0,0,0,0,0,0,11,0,0,0,0,0,0,10,0,0,0,0,0,0,37,0,0,0,3,2,2,0,0,0,0,14,0,2,56,7,7,11,10,37,99
2003,Other_OECD_DAC_countries,WHO,TLS,Timor-Leste,0,1,0,0,0,0,0,0,0,0,0,0,0,0,0,0,0,0,0,0,0,0,0,0,0,0,0,0,0,0,0,0,0,0,0,0,0,0,0,0,0,0,0,0,0,0,0,0,0,0,0,0,0,0,0,0,0,0,0,0,0,0,0,0,0,0,0,0,0,0,0
2003,Portugal,WHO,TLS,Timor-Leste,0,4,0,0,1,0,0,0,0,0,0,0,0,1,0,0,0,0,0,0,0,0,0,0,0,0,0,0,0,0,0,0,0,0,0,0,0,0,0,0,0,0,0,0,0,0,0,0,0,0,1,0,0,0,0,0,0,0,0,0,0,0,0,0,1,0,0,0,0,1,2
2003,Private_other,WHO,TLS,Timor-Leste,0,57,1,0,19,3,0,1,0,0,0,0,1,12,0,0,0,0,0,0,0,0,0,0,0,2,0,0,0,0,0,0,0,0,0,0,3,0,0,0,0,0,0,2,0,0,0,0,0,0,9,0,0,0,1,0,0,0,0,0,0,3,0,1,13,2,2,3,2,9,24
2003,Spain,WHO,TLS,Timor-Leste,0,18,0,0,6,1,0,0,0,0,0,0,0,4,0,0,0,0,0,0,0,0,0,0,0,1,0,0,0,0,0,0,0,0,0,0,1,0,0,0,0,0,0,1,0,0,0,0,0,0,3,0,0,0,0,0,0,0,0,0,0,1,0,0,4,1,1,1,1,3,8
2003,Sweden,WHO,TLS,Timor-Leste,0,23,0,0,8,1,0,0,0,0,0,0,1,5,0,0,0,0,0,0,0,0,0,0,0,1,0,0,0,0,0,0,0,0,0,0,1,0,0,0,0,0,0,1,0,0,0,0,0,0,4,0,0,0,0,0,0,0,0,0,0,1,0,0,5,1,1,1,1,4,9
2003,Switzerland,WHO,TLS,Timor-Leste,0,15,0,0,5,1,0,0,0,0,0,0,0,3,0,0,0,0,0,0,0,0,0,0,0,0,0,0,0,0,0,0,0,0,0,0,1,0,0,0,0,0,0,1,0,0,0,0,0,0,2,0,0,0,0,0,0,0,0,0,0,1,0,0,3,0,0,1,1,2,6
2003,Unallocable,WHO,TLS,Timor-Leste,0,30,1,0,10,2,0,0,0,0,0,0,1,6,0,0,0,0,0,0,0,0,0,0,0,1,0,0,0,0,0,0,0,0,0,0,1,0,0,0,0,0,0,1,0,0,0,0,0,0,5,0,0,0,0,0,0,0,0,0,0,2,0,0,7,1,1,1,1,5,12
2003,United_Kingdom,WHO,TLS,Timor-Leste,0,160,3,0,54,8,0,2,0,0,0,0,4,32,1,0,0,0,0,0,0,0,0,0,0,4,0,0,0,0,0,0,0,0,0,0,7,0,0,0,0,0,0,6,0,0,0,0,0,0,24,0,0,0,2,1,1,0,0,0,0,9,0,2,37,5,4,7,6,24,65
2003,United_States,WHO,TLS,Timor-Leste,0,251,5,0,84,13,0,3,0,0,0,0,6,50,2,0,0,0,0,0,0,0,0,0,0,7,0,0,0,0,0,0,0,0,0,0,11,0,0,0,0,0,0,10,0,0,0,0,0,0,38,0,0,0,3,2,2,0,0,0,0,14,0,3,58,7,7,11,10,38,103
2004,Australia,BIL_AUS,TLS,Timor-Leste,0,996,529,0,0,0,0,3,0,3,0,0,0,0,0,0,0,0,0,0,0,0,0,0,0,0,1,1,0,0,0,0,0,0,0,0,0,0,0,0,0,0,0,0,0,0,0,0,0,0,0,0,0,0,0,0,0,0,460,0,0,0,0,6,0,460,2,0,0,0,529
2004,Germany,BIL_DEU,TLS,Timor-Leste,0,2,0,0,0,0,0,0,0,0,0,0,0,0,0,0,0,0,0,0,0,0,0,0,0,0,0,0,0,0,0,0,0,0,0,0,0,0,0,0,0,0,0,0,0,0,0,0,0,0,0,0,0,0,0,0,0,0,0,0,0,2,0,0,0,0,0,0,0,0,0
2004,Spain,BIL_ESP,TLS,Timor-Leste,0,109,19,0,91,0,0,0,0,0,0,0,0,0,0,0,0,0,0,0,0,0,0,0,0,0,0,0,0,0,0,0,0,0,0,0,0,0,0,0,0,0,0,0,0,0,0,0,0,0,0,0,0,0,0,0,0,0,0,0,0,0,0,0,0,0,0,0,0,0,109
2004,United_Kingdom,BIL_GBR,TLS,Timor-Leste,0,19,0,0,0,0,0,1,0,0,0,0,0,0,0,4,0,0,0,6,0,0,0,0,0,1,1,5,0,0,0,0,0,0,0,0,0,0,0,0,0,0,0,0,0,0,0,0,0,0,0,0,0,0,0,0,0,0,0,0,0,0,0,1,4,0,13,0,0,0,0
2004,Greece,BIL_GRC,TLS,Timor-Leste,0,27,0,0,0,0,0,0,0,0,0,0,0,0,0,0,0,0,0,0,0,0,0,0,0,0,0,0,0,0,0,0,0,0,0,0,0,0,0,0,0,0,0,0,0,0,0,0,0,0,0,0,0,0,0,0,0,0,0,0,0,27,0,0,0,0,0,0,0,0,0
2004,Ireland,BIL_IRL,TLS,Timor-Leste,0,61,7,0,40,0,0,0,0,0,0,0,0,0,0,0,0,0,0,0,0,0,0,0,0,0,0,0,0,0,0,0,0,0,0,0,0,0,0,0,0,0,0,0,0,0,0,0,0,0,0,0,0,0,0,0,0,0,0,0,0,14,0,0,0,0,0,0,0,0,47
2004,Japan,BIL_JPN,TLS,Timor-Leste,0,508,151,0,151,0,0,0,0,0,0,0,0,0,0,0,0,0,0,0,0,0,0,0,0,0,0,0,0,0,0,0,0,0,0,0,0,0,0,0,0,0,0,0,0,0,0,0,0,0,0,0,0,0,0,0,0,0,0,0,0,206,0,0,0,0,0,0,0,0,302
2004,Netherlands,BIL_NLD,TLS,Timor-Leste,0,6,0,0,0,0,0,0,0,1,0,0,0,0,0,0,0,0,0,2,0,0,0,0,0,1,1,0,0,0,0,0,0,0,0,0,0,0,0,0,0,0,0,0,0,0,0,0,0,0,0,0,0,0,0,0,0,0,0,0,0,0,0,1,0,0,4,0,0,0,0
2004,Norway,BIL_NOR,TLS,Timor-Leste,0,417,0,0,0,0,0,0,0,0,0,0,0,0,0,0,0,0,0,1,0,0,0,0,0,0,0,0,0,0,0,0,0,0,0,0,0,0,0,0,0,0,0,0,0,0,0,0,0,0,413,0,0,0,0,0,0,0,0,0,0,2,0,0,0,0,1,0,0,413,0
2004,New_Zealand,BIL_NZL,TLS,Timor-Leste,0,158,0,0,119,0,0,40,0,0,0,0,0,0,0,0,0,0,0,0,0,0,0,0,0,0,0,0,0,0,0,0,0,0,0,0,0,0,0,0,0,0,0,0,0,0,0,0,0,0,0,0,0,0,0,0,0,0,0,0,0,0,0,40,0,0,0,0,0,0,119
2004,Portugal,BIL_PRT,TLS,Timor-Leste,0,121,0,0,0,0,0,0,0,0,0,0,0,0,0,0,0,0,0,0,0,0,0,0,0,0,0,0,0,0,0,0,0,0,0,0,0,0,0,0,0,0,0,0,0,0,0,0,0,0,0,0,0,0,0,0,0,0,0,0,0,121,0,0,0,0,0,0,0,0,0
2004,Austria,EC,TLS,Timor-Leste,0,130,0,0,0,0,0,0,0,0,0,0,0,0,0,0,0,0,0,0,0,0,0,0,0,0,0,0,0,0,0,0,0,0,0,0,44,0,0,0,0,0,0,0,0,0,0,0,0,0,0,0,0,0,0,0,0,0,0,0,0,86,0,0,0,0,0,44,0,0,0
2004,Belgium,EC,TLS,Timor-Leste,0,214,0,0,0,0,0,0,0,0,0,0,0,0,0,0,0,0,0,0,0,0,0,0,0,0,0,0,0,0,0,0,0,0,0,0,73,0,0,0,0,0,0,0,0,0,0,0,0,0,0,0,0,0,0,0,0,0,0,0,0,141,0,0,0,0,0,73,0,0,0
2004,Denmark,EC,TLS,Timor-Leste,0,117,0,0,0,0,0,0,0,0,0,0,0,0,0,0,0,0,0,0,0,0,0,0,0,0,0,0,0,0,0,0,0,0,0,0,40,0,0,0,0,0,0,0,0,0,0,0,0,0,0,0,0,0,0,0,0,0,0,0,0,77,0,0,0,0,0,40,0,0,0
2004,Finland,EC,TLS,Timor-Leste,0,84,0,0,0,0,0,0,0,0,0,0,0,0,0,0,0,0,0,0,0,0,0,0,0,0,0,0,0,0,0,0,0,0,0,0,29,0,0,0,0,0,0,0,0,0,0,0,0,0,0,0,0,0,0,0,0,0,0,0,0,55,0,0,0,0,0,29,0,0,0
2004,France,EC,TLS,Timor-Leste,0,1220,0,0,0,0,0,0,0,0,0,0,0,0,0,0,0,0,0,0,0,0,0,0,0,0,3,0,0,0,0,0,0,0,0,0,415,0,0,0,0,0,0,0,0,0,0,0,0,0,0,0,0,0,0,0,0,0,0,0,0,803,0,0,0,0,3,415,0,0,0
2004,Germany,EC,TLS,Timor-Leste,0,1232,0,0,0,0,0,0,0,0,0,0,0,0,0,0,0,0,0,0,0,0,0,0,0,0,3,0,0,0,0,0,0,0,0,0,419,0,0,0,0,0,0,0,0,0,0,0,0,0,0,0,0,0,0,0,0,0,0,0,0,810,0,0,0,0,3,419,0,0,0
2004,Greece,EC,TLS,Timor-Leste,0,94,0,0,0,0,0,0,0,0,0,0,0,0,0,0,0,0,0,0,0,0,0,0,0,0,0,0,0,0,0,0,0,0,0,0,32,0,0,0,0,0,0,0,0,0,0,0,0,0,0,0,0,0,0,0,0,0,0,0,0,62,0,0,0,0,0,32,0,0,0
2004,Ireland,EC,TLS,Timor-Leste,0,60,0,0,0,0,0,0,0,0,0,0,0,0,0,0,0,0,0,0,0,0,0,0,0,0,0,0,0,0,0,0,0,0,0,0,21,0,0,0,0,0,0,0,0,0,0,0,0,0,0,0,0,0,0,0,0,0,0,0,0,40,0,0,0,0,0,21,0,0,0
2004,Italy,EC,TLS,Timor-Leste,0,777,0,0,0,0,0,0,0,0,0,0,0,0,0,0,0,0,0,0,0,0,0,0,0,0,2,0,0,0,0,0,0,0,0,0,264,0,0,0,0,0,0,0,0,0,0,0,0,0,0,0,0,0,0,0,0,0,0,0,0,511,0,0,0,0,2,264,0,0,0
2004,Luxembourg,EC,TLS,Timor-Leste,0,13,0,0,0,0,0,0,0,0,0,0,0,0,0,0,0,0,0,0,0,0,0,0,0,0,0,0,0,0,0,0,0,0,0,0,4,0,0,0,0,0,0,0,0,0,0,0,0,0,0,0,0,0,0,0,0,0,0,0,0,8,0,0,0,0,0,4,0,0,0
2004,Netherlands,EC,TLS,Timor-Leste,0,250,0,0,0,0,0,0,0,0,0,0,0,0,0,0,0,0,0,0,0,0,0,0,0,0,0,0,0,0,0,0,0,0,0,0,85,0,0,0,0,0,0,0,0,0,0,0,0,0,0,0,0,0,0,0,0,0,0,0,0,165,0,0,0,0,0,85,0,0,0
2004,Other_OECD_DAC_countries,EC,TLS,Timor-Leste,0,105,0,0,0,0,0,0,0,0,0,0,0,0,0,0,0,0,0,0,0,0,0,0,0,0,0,0,0,0,0,0,0,0,0,0,36,0,0,0,0,0,0,0,0,0,0,0,0,0,0,0,0,0,0,0,0,0,0,0,0,69,0,0,0,0,0,36,0,0,0
2004,Portugal,EC,TLS,Timor-Leste,0,72,0,0,0,0,0,0,0,0,0,0,0,0,0,0,0,0,0,0,0,0,0,0,0,0,0,0,0,0,0,0,0,0,0,0,25,0,0,0,0,0,0,0,0,0,0,0,0,0,0,0,0,0,0,0,0,0,0,0,0,48,0,0,0,0,0,25,0,0,0
2004,Spain,EC,TLS,Timor-Leste,0,410,0,0,0,0,0,0,0,0,0,0,0,0,0,0,0,0,0,0,0,0,0,0,0,0,0,0,0,0,0,0,0,0,0,0,140,0,0,0,0,0,0,0,0,0,0,0,0,0,0,0,0,0,0,0,0,0,0,0,0,270,0,0,0,0,0,140,0,0,0
2004,Sweden,EC,TLS,Timor-Leste,0,147,0,0,0,0,0,0,0,0,0,0,0,0,0,0,0,0,0,0,0,0,0,0,0,0,0,0,0,0,0,0,0,0,0,0,50,0,0,0,0,0,0,0,0,0,0,0,0,0,0,0,0,0,0,0,0,0,0,0,0,97,0,0,0,0,0,50,0,0,0
2004,United_Kingdom,EC,TLS,Timor-Leste,0,1012,0,0,0,0,0,0,0,0,0,0,0,0,0,0,0,0,0,0,0,0,0,0,0,0,2,0,0,0,0,0,0,0,0,0,344,0,0,0,0,0,0,0,0,0,0,0,0,0,0,0,0,0,0,0,0,0,0,0,0,665,0,0,0,0,2,344,0,0,0
2004,Gates Foundation,GATES,TLS,Timor-Leste,0,172,0,0,0,0,8,9,0,0,0,0,3,12,28,0,0,0,0,2,0,0,0,0,0,6,0,2,0,0,0,0,0,68,0,0,0,0,0,0,0,0,0,8,0,0,0,0,0,0,24,0,0,0,0,0,0,0,0,0,0,1,0,17,43,0,10,68,8,24,0
2004,Australia,GFATM,TLS,Timor-Leste,0,14,0,0,0,0,0,0,0,0,0,0,0,0,0,0,0,0,1,1,0,0,0,0,0,0,1,0,0,0,0,0,0,1,0,0,1,1,0,0,1,0,1,2,0,1,0,0,0,0,0,0,0,0,0,0,0,0,0,0,0,0,0,0,0,0,5,4,5,0,0
2004,Austria,GFATM,TLS,Timor-Leste,0,6,0,0,0,0,0,0,0,0,0,0,0,0,0,0,0,0,0,0,0,0,0,0,0,0,1,0,0,0,0,0,0,0,0,0,0,0,0,0,0,0,0,1,0,0,0,0,0,0,0,0,0,0,0,0,0,0,0,0,0,0,0,0,0,0,2,2,2,0,0
2004,Belgium,GFATM,TLS,Timor-Leste,0,20,0,0,0,0,0,0,0,0,0,0,0,0,0,0,0,0,1,2,0,0,0,1,0,1,2,0,0,0,1,0,0,1,0,0,1,1,0,0,1,0,1,3,0,1,0,0,0,0,0,0,0,0,0,0,0,0,0,0,0,0,0,0,0,0,7,6,7,0,0
2004,Canada,GFATM,TLS,Timor-Leste,0,49,0,0,0,0,0,0,0,0,0,0,0,0,0,0,0,0,3,4,0,0,1,1,0,2,5,1,0,1,1,0,0,3,0,0,3,2,1,1,3,1,3,7,1,2,1,0,0,0,0,0,0,0,0,0,0,0,0,0,0,0,0,0,0,0,17,14,18,0,0
2004,China,GFATM,TLS,Timor-Leste,0,2,0,0,0,0,0,0,0,0,0,0,0,0,0,0,0,0,0,0,0,0,0,0,0,0,0,0,0,0,0,0,0,0,0,0,0,0,0,0,0,0,0,0,0,0,0,0,0,0,0,0,0,0,0,0,0,0,0,0,0,0,0,0,0,0,1,1,1,0,0
2004,Denmark,GFATM,TLS,Timor-Leste,0,21,0,0,0,0,0,0,0,0,0,0,0,0,0,0,0,0,1,2,0,0,0,1,0,1,2,0,0,0,1,0,0,1,0,0,1,1,1,0,1,0,1,3,1,1,0,0,0,0,0,0,0,0,0,0,0,0,0,0,0,0,0,0,0,0,7,6,8,0,0
2004,Finland,GFATM,TLS,Timor-Leste,0,4,0,0,0,0,0,0,0,0,0,0,0,0,0,0,0,0,0,0,0,0,0,0,0,0,0,0,0,0,0,0,0,0,0,0,0,0,0,0,0,0,0,0,0,0,0,0,0,0,0,0,0,0,0,0,0,0,0,0,0,0,0,0,0,0,1,1,1,0,0
2004,France,GFATM,TLS,Timor-Leste,0,233,0,0,0,0,0,0,0,0,0,0,0,0,0,0,0,0,14,20,1,0,3,7,0,8,24,3,1,2,7,2,2,16,2,0,16,12,6,2,14,4,14,31,6,12,3,0,0,0,0,0,0,0,0,0,0,0,0,0,0,0,0,0,0,0,83,66,83,0,0
2004,Gates Foundation,GFATM,TLS,Timor-Leste,0,49,0,0,0,0,0,0,0,0,0,0,0,0,0,0,0,0,3,4,0,0,1,1,0,2,5,1,0,1,1,0,0,3,0,0,3,2,1,1,3,1,3,7,1,2,1,0,0,0,0,0,0,0,0,0,0,0,0,0,0,0,0,0,0,0,17,14,18,0,0
2004,Germany,GFATM,TLS,Timor-Leste,0,99,0,0,0,0,0,0,0,0,0,0,0,0,0,0,0,0,6,9,1,0,1,3,0,3,10,1,0,1,3,1,1,7,1,0,7,5,2,1,6,2,6,13,2,5,1,0,0,0,0,0,0,0,0,0,0,0,0,0,0,0,0,0,0,0,35,28,36,0,0
2004,Greece,GFATM,TLS,Timor-Leste,0,4,0,0,0,0,0,0,0,0,0,0,0,0,0,0,0,0,0,0,0,0,0,0,0,0,0,0,0,0,0,0,0,0,0,0,0,0,0,0,0,0,0,1,0,0,0,0,0,0,0,0,0,0,0,0,0,0,0,0,0,0,0,0,0,0,1,1,1,0,0
2004,Ireland,GFATM,TLS,Timor-Leste,0,15,0,0,0,0,0,0,0,0,0,0,0,0,0,0,0,0,1,1,0,0,0,0,0,1,2,0,0,0,0,0,0,1,0,0,1,1,0,0,1,0,1,2,0,1,0,0,0,0,0,0,0,0,0,0,0,0,0,0,0,0,0,0,0,0,5,4,5,0,0
2004,Italy,GFATM,TLS,Timor-Leste,0,153,0,0,0,0,0,0,0,0,0,0,0,0,0,0,0,0,9,13,1,0,2,5,0,5,16,2,1,2,5,1,1,10,1,0,10,8,4,2,9,3,9,20,4,8,2,0,0,0,0,0,0,0,0,0,0,0,0,0,0,0,0,0,0,0,54,44,55,0,0
2004,Japan,GFATM,TLS,Timor-Leste,0,85,0,0,0,0,0,0,0,0,0,0,0,0,0,0,0,0,5,7,1,0,1,3,0,3,9,1,0,1,3,1,1,6,1,0,6,4,2,1,5,1,5,11,2,4,1,0,0,0,0,0,0,0,0,0,0,0,0,0,0,0,0,0,0,0,30,24,30,0,0
2004,Luxembourg,GFATM,TLS,Timor-Leste,0,2,0,0,0,0,0,0,0,0,0,0,0,0,0,0,0,0,0,0,0,0,0,0,0,0,0,0,0,0,0,0,0,0,0,0,0,0,0,0,0,0,0,0,0,0,0,0,0,0,0,0,0,0,0,0,0,0,0,0,0,0,0,0,0,0,1,1,1,0,0
2004,Netherlands,GFATM,TLS,Timor-Leste,0,65,0,0,0,0,0,0,0,0,0,0,0,0,0,0,0,0,4,6,0,0,1,2,0,2,7,1,0,1,2,1,1,4,1,0,4,3,2,1,4,1,4,9,2,3,1,0,0,0,0,0,0,0,0,0,0,0,0,0,0,0,0,0,0,0,23,18,23,0,0
2004,Non_OECD_DAC_countries,GFATM,TLS,Timor-Leste,0,2,0,0,0,0,0,0,0,0,0,0,0,0,0,0,0,0,0,0,0,0,0,0,0,0,0,0,0,0,0,0,0,0,0,0,0,0,0,0,0,0,0,0,0,0,0,0,0,0,0,0,0,0,0,0,0,0,0,0,0,0,0,0,0,0,1,1,1,0,0
2004,Non_OECD_non_DAC_countries,GFATM,TLS,Timor-Leste,0,7,0,0,0,0,0,0,0,0,0,0,0,0,0,0,0,0,0,1,0,0,0,0,0,0,1,0,0,0,0,0,0,0,0,0,0,0,0,0,0,0,0,1,0,0,0,0,0,0,0,0,0,0,0,0,0,0,0,0,0,0,0,0,0,0,2,2,2,0,0
2004,Norway,GFATM,TLS,Timor-Leste,0,18,0,0,0,0,0,0,0,0,0,0,0,0,0,0,0,0,1,2,0,0,0,1,0,1,2,0,0,0,1,0,0,1,0,0,1,1,0,0,1,0,1,2,0,1,0,0,0,0,0,0,0,0,0,0,0,0,0,0,0,0,0,0,0,0,6,5,6,0,0
2004,Other_OECD_DAC_countries,GFATM,TLS,Timor-Leste,0,2,0,0,0,0,0,0,0,0,0,0,0,0,0,0,0,0,0,0,0,0,0,0,0,0,0,0,0,0,0,0,0,0,0,0,0,0,0,0,0,0,0,0,0,0,0,0,0,0,0,0,0,0,0,0,0,0,0,0,0,0,0,0,0,0,1,1,1,0,0
2004,Portugal,GFATM,TLS,Timor-Leste,0,3,0,0,0,0,0,0,0,0,0,0,0,0,0,0,0,0,0,0,0,0,0,0,0,0,0,0,0,0,0,0,0,0,0,0,0,0,0,0,0,0,0,0,0,0,0,0,0,0,0,0,0,0,0,0,0,0,0,0,0,0,0,0,0,0,1,1,1,0,0
2004,Private_other,GFATM,TLS,Timor-Leste,0,2,0,0,0,0,0,0,0,0,0,0,0,0,0,0,0,0,0,0,0,0,0,0,0,0,0,0,0,0,0,0,0,0,0,0,0,0,0,0,0,0,0,0,0,0,0,0,0,0,0,0,0,0,0,0,0,0,0,0,0,0,0,0,0,0,1,0,1,0,0
2004,Spain,GFATM,TLS,Timor-Leste,0,33,0,0,0,0,0,0,0,0,0,0,0,0,0,0,0,0,2,3,0,0,0,1,0,1,3,0,0,0,1,0,0,2,0,0,2,2,1,0,2,1,2,4,1,2,0,0,0,0,0,0,0,0,0,0,0,0,0,0,0,0,0,0,0,0,12,9,12,0,0
2004,Sweden,GFATM,TLS,Timor-Leste,0,54,0,0,0,0,0,0,0,0,0,0,0,0,0,0,0,0,3,5,0,0,1,2,0,2,6,1,0,1,2,0,0,4,0,0,4,3,1,1,3,1,3,7,1,3,1,0,0,0,0,0,0,0,0,0,0,0,0,0,0,0,0,0,0,0,19,15,19,0,0
2004,Switzerland,GFATM,TLS,Timor-Leste,0,2,0,0,0,0,0,0,0,0,0,0,0,0,0,0,0,0,0,0,0,0,0,0,0,0,0,0,0,0,0,0,0,0,0,0,0,0,0,0,0,0,0,0,0,0,0,0,0,0,0,0,0,0,0,0,0,0,0,0,0,0,0,0,0,0,1,1,1,0,0
2004,United_Kingdom,GFATM,TLS,Timor-Leste,0,104,0,0,0,0,0,0,0,0,0,0,0,0,0,0,0,0,6,9,1,0,1,3,0,4,11,1,0,1,3,1,1,7,1,0,7,5,3,1,6,2,6,14,3,5,2,0,0,0,0,0,0,0,0,0,0,0,0,0,0,0,0,0,0,0,37,30,37,0,0
2004,United_States,GFATM,TLS,Timor-Leste,0,452,0,1,0,0,0,0,0,0,0,0,0,0,0,0,0,0,28,40,3,1,5,13,0,15,47,6,2,5,13,4,4,30,4,0,30,23,11,5,27,7,26,60,11,23,7,0,0,0,0,0,0,0,0,0,0,0,0,0,0,0,0,0,0,0,160,129,162,0,1
2004,Australia,INTLNGO,TLS,Timor-Leste,0,227,121,0,0,0,0,1,0,1,0,0,0,0,0,0,0,0,0,0,0,0,0,0,0,0,0,0,0,0,0,0,0,0,0,0,0,0,0,0,0,0,0,0,0,0,0,0,0,0,0,0,0,0,0,0,0,0,105,0,0,0,0,1,0,105,1,0,0,0,121
2004,Ireland,INTLNGO,TLS,Timor-Leste,0,20,2,0,13,0,0,0,0,0,0,0,0,0,0,0,0,0,0,0,0,0,0,0,0,0,0,0,0,0,0,0,0,0,0,0,0,0,0,0,0,0,0,0,0,0,0,0,0,0,0,0,0,0,0,0,0,0,0,0,0,5,0,0,0,0,0,0,0,0,16
2004,Japan,INTLNGO,TLS,Timor-Leste,0,38,11,0,11,0,0,0,0,0,0,0,0,0,0,0,0,0,0,0,0,0,0,0,0,0,0,0,0,0,0,0,0,0,0,0,0,0,0,0,0,0,0,0,0,0,0,0,0,0,0,0,0,0,0,0,0,0,0,0,0,16,0,0,0,0,0,0,0,0,23
2004,Netherlands,INTLNGO,TLS,Timor-Leste,0,3,0,0,0,0,0,0,0,1,0,0,0,0,0,0,0,0,0,1,0,0,0,0,0,1,0,0,0,0,0,0,0,0,0,0,0,0,0,0,0,0,0,0,0,0,0,0,0,0,0,0,0,0,0,0,0,0,0,0,0,0,0,1,0,0,2,0,0,0,0
2004,New_Zealand,INTLNGO,TLS,Timor-Leste,0,142,0,0,106,0,0,36,0,0,0,0,0,0,0,0,0,0,0,0,0,0,0,0,0,0,0,0,0,0,0,0,0,0,0,0,0,0,0,0,0,0,0,0,0,0,0,0,0,0,0,0,0,0,0,0,0,0,0,0,0,0,0,36,0,0,0,0,0,0,106
2004,Norway,INTLNGO,TLS,Timor-Leste,0,311,0,0,0,0,0,0,0,0,0,0,0,0,0,0,0,0,0,1,0,0,0,0,0,0,0,0,0,0,0,0,0,0,0,0,0,0,0,0,0,0,0,0,0,0,0,0,0,0,309,0,0,0,0,0,0,0,0,0,0,2,0,0,0,0,1,0,0,309,0
2004,Portugal,INTLNGO,TLS,Timor-Leste,0,28,0,0,0,0,0,0,0,0,0,0,0,0,0,0,0,0,0,0,0,0,0,0,0,0,0,0,0,0,0,0,0,0,0,0,0,0,0,0,0,0,0,0,0,0,0,0,0,0,0,0,0,0,0,0,0,0,0,0,0,28,0,0,0,0,0,0,0,0,0
2004,Spain,INTLNGO,TLS,Timor-Leste,0,129,22,0,107,0,0,0,0,0,0,0,0,0,0,0,0,0,0,0,0,0,0,0,0,0,0,0,0,0,0,0,0,0,0,0,0,0,0,0,0,0,0,0,0,0,0,0,0,0,0,0,0,0,0,0,0,0,0,0,0,0,0,0,0,0,0,0,0,0,129
2004,Sweden,INTLNGO,TLS,Timor-Leste,0,1,0,0,0,0,0,1,0,0,0,0,0,0,0,0,0,0,0,0,0,0,0,0,0,0,0,0,0,0,0,0,0,0,0,0,0,0,0,0,0,0,0,0,0,0,0,0,0,0,0,0,0,0,0,0,0,0,0,0,0,0,0,1,0,0,0,0,0,0,0
2004,United_Kingdom,INTLNGO,TLS,Timor-Leste,0,7,0,0,0,0,0,0,0,0,0,0,0,0,0,1,0,0,0,2,0,0,0,0,0,0,0,2,0,0,0,0,0,0,0,0,0,0,0,0,0,0,0,0,0,0,0,0,0,0,0,0,0,0,0,0,0,0,0,0,0,0,0,1,1,0,5,0,0,0,0
2004,Corporate_donations,NGO,TLS,Timor-Leste,0,117,0,0,1,0,0,0,0,2,2,0,20,2,14,3,12,0,0,0,0,0,0,0,0,0,0,0,0,0,0,0,0,0,0,0,0,0,0,0,0,0,0,0,0,0,0,0,0,0,0,1,1,1,0,1,1,1,9,0,0,43,0,4,50,14,1,1,0,3,1
2004,Gates Foundation,NGO,TLS,Timor-Leste,0,31,0,0,0,0,0,0,0,6,3,3,2,0,0,1,1,1,3,3,1,1,1,1,0,0,2,1,1,0,0,0,0,0,0,0,0,0,0,0,0,0,0,0,0,0,0,0,0,0,0,1,0,0,0,0,0,0,0,0,0,0,0,12,4,0,13,0,0,2,0
2004,Private_other,NGO,TLS,Timor-Leste,0,602,10,0,1,1,134,26,0,32,30,13,39,3,36,27,46,2,16,13,3,4,4,10,0,0,10,7,5,8,1,3,3,8,8,0,0,4,8,7,3,3,0,0,2,2,1,0,0,0,0,6,5,4,1,2,2,5,15,2,0,25,0,235,154,27,74,50,10,15,11
2004,Australia,UNAIDS,TLS,Timor-Leste,0,1,0,0,0,0,0,0,0,0,0,0,0,0,0,0,0,0,0,0,0,0,0,0,0,0,1,0,0,0,0,0,0,0,0,0,0,0,0,0,0,0,0,0,0,0,0,0,0,0,0,0,0,0,0,0,0,0,0,0,0,0,0,0,0,0,1,0,0,0,0
2004,Belgium,UNAIDS,TLS,Timor-Leste,0,3,0,0,0,0,0,0,0,0,0,0,0,0,0,0,0,0,0,1,0,0,0,0,0,0,1,0,0,0,0,0,0,0,0,0,0,0,0,0,0,0,0,0,0,0,0,0,0,0,0,0,0,0,0,0,0,0,0,0,0,0,0,0,0,0,3,0,0,0,0
2004,Canada,UNAIDS,TLS,Timor-Leste,0,3,0,0,0,0,0,0,0,0,0,0,0,0,0,0,0,0,0,1,0,0,0,0,0,0,1,0,0,0,0,0,0,0,0,0,0,0,0,0,0,0,0,0,0,0,0,0,0,0,0,0,0,0,0,0,0,0,0,0,0,0,0,0,0,0,3,0,0,0,0
2004,Denmark,UNAIDS,TLS,Timor-Leste,0,2,0,0,0,0,0,0,0,0,0,0,0,0,0,0,0,0,0,1,0,0,0,0,0,0,1,0,0,0,0,0,0,0,0,0,0,0,0,0,0,0,0,0,0,0,0,0,0,0,0,0,0,0,0,0,0,0,0,0,0,0,0,0,0,0,2,0,0,0,0
2004,Finland,UNAIDS,TLS,Timor-Leste,0,3,0,0,0,0,0,0,0,0,0,0,0,0,0,0,0,0,0,1,0,0,0,0,0,0,1,0,0,0,0,0,0,0,0,0,0,0,0,0,0,0,0,0,0,0,0,0,0,0,0,0,0,0,0,0,0,0,0,0,0,0,0,0,0,0,3,0,0,0,0
2004,Ireland,UNAIDS,TLS,Timor-Leste,0,1,0,0,0,0,0,0,0,0,0,0,0,0,0,0,0,0,0,0,0,0,0,0,0,0,1,0,0,0,0,0,0,0,0,0,0,0,0,0,0,0,0,0,0,0,0,0,0,0,0,0,0,0,0,0,0,0,0,0,0,0,0,0,0,0,1,0,0,0,0
2004,Japan,UNAIDS,TLS,Timor-Leste,0,1,0,0,0,0,0,0,0,0,0,0,0,0,0,0,0,0,0,0,0,0,0,0,0,0,1,0,0,0,0,0,0,0,0,0,0,0,0,0,0,0,0,0,0,0,0,0,0,0,0,0,0,0,0,0,0,0,0,0,0,0,0,0,0,0,1,0,0,0,0
2004,Netherlands,UNAIDS,TLS,Timor-Leste,0,11,0,0,0,0,0,0,0,0,0,0,0,0,0,0,0,0,1,2,0,0,1,0,0,1,6,0,0,0,0,0,0,0,0,0,0,0,0,0,0,0,0,0,0,0,0,0,0,0,0,0,0,0,0,0,0,0,0,0,0,0,0,0,0,0,11,0,0,0,0
2004,Norway,UNAIDS,TLS,Timor-Leste,0,7,0,0,0,0,0,0,0,0,0,0,0,0,0,0,0,0,0,2,0,0,0,0,0,1,4,0,0,0,0,0,0,0,0,0,0,0,0,0,0,0,0,0,0,0,0,0,0,0,0,0,0,0,0,0,0,0,0,0,0,0,0,0,0,0,7,0,0,0,0
2004,Other,UNAIDS,TLS,Timor-Leste,0,1,0,0,0,0,0,0,0,0,0,0,0,0,0,0,0,0,0,0,0,0,0,0,0,0,1,0,0,0,0,0,0,0,0,0,0,0,0,0,0,0,0,0,0,0,0,0,0,0,0,0,0,0,0,0,0,0,0,0,0,0,0,0,0,0,1,0,0,0,0
2004,Sweden,UNAIDS,TLS,Timor-Leste,0,9,0,0,0,0,0,0,0,0,0,0,0,0,0,0,0,0,1,2,0,0,0,0,0,1,5,0,0,0,0,0,0,0,0,0,0,0,0,0,0,0,0,0,0,0,0,0,0,0,0,0,0,0,0,0,0,0,0,0,0,0,0,0,0,0,9,0,0,0,0
2004,Switzerland,UNAIDS,TLS,Timor-Leste,0,1,0,0,0,0,0,0,0,0,0,0,0,0,0,0,0,0,0,0,0,0,0,0,0,0,1,0,0,0,0,0,0,0,0,0,0,0,0,0,0,0,0,0,0,0,0,0,0,0,0,0,0,0,0,0,0,0,0,0,0,0,0,0,0,0,1,0,0,0,0
2004,United_Kingdom,UNAIDS,TLS,Timor-Leste,0,11,0,0,0,0,0,0,0,0,0,0,0,0,0,0,0,0,1,2,0,0,1,0,0,1,6,0,0,0,0,0,0,0,0,0,0,0,0,0,0,0,0,0,0,0,0,0,0,0,0,0,0,0,0,0,0,0,0,0,0,0,0,0,0,0,11,0,0,0,0
2004,United_States,UNAIDS,TLS,Timor-Leste,0,11,0,0,0,0,0,0,0,0,0,0,0,0,0,0,0,0,1,2,0,0,0,0,0,1,6,0,0,0,0,0,0,0,0,0,0,0,0,0,0,0,0,0,0,0,0,0,0,0,0,0,0,0,0,0,0,0,0,0,0,0,0,0,0,0,11,0,0,0,0
2004,Australia,UNFPA,TLS,Timor-Leste,0,13,0,0,0,0,3,8,1,1,0,0,0,0,0,0,0,0,0,0,0,0,0,0,0,0,0,0,0,0,0,0,0,0,0,0,0,0,0,0,0,0,0,0,0,0,0,0,0,0,0,0,0,0,0,0,0,0,0,0,0,0,0,13,0,0,0,0,0,0,0
2004,Austria,UNFPA,TLS,Timor-Leste,0,5,0,0,0,0,1,3,0,0,0,0,0,0,0,0,0,0,0,0,0,0,0,0,0,0,0,0,0,0,0,0,0,0,0,0,0,0,0,0,0,0,0,0,0,0,0,0,0,0,0,0,0,0,0,0,0,0,0,0,0,0,0,5,0,0,0,0,0,0,0
2004,Belgium,UNFPA,TLS,Timor-Leste,0,27,0,0,0,0,6,17,2,3,0,0,0,0,0,0,0,0,0,0,0,0,0,0,0,0,0,0,0,0,0,0,0,0,0,0,0,0,0,0,0,0,0,0,0,0,0,0,0,0,0,0,0,0,0,0,0,0,0,0,0,0,0,27,0,0,0,0,0,0,0
2004,Canada,UNFPA,TLS,Timor-Leste,0,74,0,0,0,0,16,46,4,7,0,0,0,0,0,0,0,0,0,0,0,0,0,0,0,0,0,0,0,0,0,0,0,0,0,0,0,0,0,0,0,0,0,0,0,0,0,0,0,0,0,0,0,0,0,0,0,0,0,0,0,0,0,74,0,0,0,0,0,0,0
2004,China,UNFPA,TLS,Timor-Leste,0,6,0,0,0,0,1,4,0,1,0,0,0,0,0,0,0,0,0,0,0,0,0,0,0,0,0,0,0,0,0,0,0,0,0,0,0,0,0,0,0,0,0,0,0,0,0,0,0,0,0,0,0,0,0,0,0,0,0,0,0,0,0,6,0,0,0,0,0,0,0
2004,Denmark,UNFPA,TLS,Timor-Leste,0,209,0,0,0,0,45,132,13,20,0,0,0,0,0,0,0,0,0,0,0,0,0,0,0,0,0,0,0,0,0,0,0,0,0,0,0,0,0,0,0,0,0,0,0,0,0,0,0,0,0,0,0,0,0,0,0,0,0,0,0,0,0,209,0,0,0,0,0,0,0
2004,Finland,UNFPA,TLS,Timor-Leste,0,120,0,0,0,0,26,76,7,12,0,0,0,0,0,0,0,0,0,0,0,0,0,0,0,0,0,0,0,0,0,0,0,0,0,0,0,0,0,0,0,0,0,0,0,0,0,0,0,0,0,0,0,0,0,0,0,0,0,0,0,0,0,120,0,0,0,0,0,0,0
2004,France,UNFPA,TLS,Timor-Leste,0,15,0,0,0,0,3,10,1,1,0,0,0,0,0,0,0,0,0,0,0,0,0,0,0,0,0,0,0,0,0,0,0,0,0,0,0,0,0,0,0,0,0,0,0,0,0,0,0,0,0,0,0,0,0,0,0,0,0,0,0,0,0,15,0,0,0,0,0,0,0
2004,Germany,UNFPA,TLS,Timor-Leste,0,128,0,0,0,0,28,80,8,12,0,0,0,0,0,0,0,0,0,0,0,0,0,0,0,0,0,0,0,0,0,0,0,0,0,0,0,0,0,0,0,0,0,0,0,0,0,0,0,0,0,0,0,0,0,0,0,0,0,0,0,0,0,128,0,0,0,0,0,0,0
2004,Ireland,UNFPA,TLS,Timor-Leste,0,24,0,0,0,0,5,15,1,2,0,0,0,0,0,0,0,0,0,0,0,0,0,0,0,0,0,0,0,0,0,0,0,0,0,0,0,0,0,0,0,0,0,0,0,0,0,0,0,0,0,0,0,0,0,0,0,0,0,0,0,0,0,24,0,0,0,0,0,0,0
2004,Italy,UNFPA,TLS,Timor-Leste,0,19,0,0,0,0,4,12,1,2,0,0,0,0,0,0,0,0,0,0,0,0,0,0,0,0,0,0,0,0,0,0,0,0,0,0,0,0,0,0,0,0,0,0,0,0,0,0,0,0,0,0,0,0,0,0,0,0,0,0,0,0,0,19,0,0,0,0,0,0,0
2004,Japan,UNFPA,TLS,Timor-Leste,0,268,0,0,0,0,58,168,16,26,0,0,0,0,0,0,0,0,0,0,0,0,0,0,0,0,0,0,0,0,0,0,0,0,0,0,0,0,0,0,0,0,0,0,0,0,0,0,0,0,0,0,0,0,0,0,0,0,0,0,0,0,0,268,0,0,0,0,0,0,0
2004,Luxembourg,UNFPA,TLS,Timor-Leste,0,8,0,0,0,0,2,5,1,1,0,0,0,0,0,0,0,0,0,0,0,0,0,0,0,0,0,0,0,0,0,0,0,0,0,0,0,0,0,0,0,0,0,0,0,0,0,0,0,0,0,0,0,0,0,0,0,0,0,0,0,0,0,8,0,0,0,0,0,0,0
2004,Netherlands,UNFPA,TLS,Timor-Leste,0,515,0,0,0,0,111,323,31,49,0,0,0,0,0,0,0,0,0,0,0,0,0,0,0,0,0,0,0,0,0,0,0,0,0,0,0,0,0,0,0,0,0,0,0,0,0,0,0,0,0,0,0,0,0,0,0,0,0,0,0,0,0,515,0,0,0,0,0,0,0
2004,New_Zealand,UNFPA,TLS,Timor-Leste,0,14,0,0,0,0,3,9,1,1,0,0,0,0,0,0,0,0,0,0,0,0,0,0,0,0,0,0,0,0,0,0,0,0,0,0,0,0,0,0,0,0,0,0,0,0,0,0,0,0,0,0,0,0,0,0,0,0,0,0,0,0,0,14,0,0,0,0,0,0,0
2004,Non_OECD_DAC_countries,UNFPA,TLS,Timor-Leste,0,3,0,0,0,0,1,2,0,0,0,0,0,0,0,0,0,0,0,0,0,0,0,0,0,0,0,0,0,0,0,0,0,0,0,0,0,0,0,0,0,0,0,0,0,0,0,0,0,0,0,0,0,0,0,0,0,0,0,0,0,0,0,3,0,0,0,0,0,0,0
2004,Non_OECD_non_DAC_countries,UNFPA,TLS,Timor-Leste,0,4,0,0,0,0,1,3,0,0,0,0,0,0,0,0,0,0,0,0,0,0,0,0,0,0,0,0,0,0,0,0,0,0,0,0,0,0,0,0,0,0,0,0,0,0,0,0,0,0,0,0,0,0,0,0,0,0,0,0,0,0,0,4,0,0,0,0,0,0,0
2004,Norway,UNFPA,TLS,Timor-Leste,0,247,0,0,0,0,53,155,15,24,0,0,0,0,0,0,0,0,0,0,0,0,0,0,0,0,0,0,0,0,0,0,0,0,0,0,0,0,0,0,0,0,0,0,0,0,0,0,0,0,0,0,0,0,0,0,0,0,0,0,0,0,0,247,0,0,0,0,0,0,0
2004,Other,UNFPA,TLS,Timor-Leste,0,753,0,0,0,0,163,473,45,72,0,0,0,0,0,0,0,0,0,0,0,0,0,0,0,0,0,0,0,0,0,0,0,0,0,0,0,0,0,0,0,0,0,0,0,0,0,0,0,0,0,0,0,0,0,0,0,0,0,0,0,0,0,753,0,0,0,0,0,0,0
2004,Private_other,UNFPA,TLS,Timor-Leste,0,6,0,0,0,0,1,4,0,1,0,0,0,0,0,0,0,0,0,0,0,0,0,0,0,0,0,0,0,0,0,0,0,0,0,0,0,0,0,0,0,0,0,0,0,0,0,0,0,0,0,0,0,0,0,0,0,0,0,0,0,0,0,6,0,0,0,0,0,0,0
2004,Spain,UNFPA,TLS,Timor-Leste,0,3,0,0,0,0,1,2,0,0,0,0,0,0,0,0,0,0,0,0,0,0,0,0,0,0,0,0,0,0,0,0,0,0,0,0,0,0,0,0,0,0,0,0,0,0,0,0,0,0,0,0,0,0,0,0,0,0,0,0,0,0,0,3,0,0,0,0,0,0,0
2004,Sweden,UNFPA,TLS,Timor-Leste,0,294,0,0,0,0,64,185,18,28,0,0,0,0,0,0,0,0,0,0,0,0,0,0,0,0,0,0,0,0,0,0,0,0,0,0,0,0,0,0,0,0,0,0,0,0,0,0,0,0,0,0,0,0,0,0,0,0,0,0,0,0,0,294,0,0,0,0,0,0,0
2004,Switzerland,UNFPA,TLS,Timor-Leste,0,69,0,0,0,0,15,43,4,7,0,0,0,0,0,0,0,0,0,0,0,0,0,0,0,0,0,0,0,0,0,0,0,0,0,0,0,0,0,0,0,0,0,0,0,0,0,0,0,0,0,0,0,0,0,0,0,0,0,0,0,0,0,69,0,0,0,0,0,0,0
2004,United_Kingdom,UNFPA,TLS,Timor-Leste,0,255,0,0,0,0,55,160,15,24,0,0,0,0,0,0,0,0,0,0,0,0,0,0,0,0,0,0,0,0,0,0,0,0,0,0,0,0,0,0,0,0,0,0,0,0,0,0,0,0,0,0,0,0,0,0,0,0,0,0,0,0,0,255,0,0,0,0,0,0,0
2004,Australia,UNICEF,TLS,Timor-Leste,0,20,0,0,0,0,0,0,1,0,0,0,6,4,7,2,0,0,0,0,0,0,0,0,0,0,0,0,0,0,0,0,0,0,0,0,0,0,0,0,0,0,0,0,0,0,0,0,0,0,0,0,0,0,0,0,0,0,0,0,0,0,0,1,19,0,1,0,0,0,0
2004,Belgium,UNICEF,TLS,Timor-Leste,0,8,0,0,0,0,0,0,0,0,0,0,2,2,3,1,0,0,0,0,0,0,0,0,0,0,0,0,0,0,0,0,0,0,0,0,0,0,0,0,0,0,0,0,0,0,0,0,0,0,0,0,0,0,0,0,0,0,0,0,0,0,0,0,8,0,0,0,0,0,0
2004,Canada,UNICEF,TLS,Timor-Leste,0,57,0,0,0,0,0,0,2,0,0,0,16,12,19,4,0,0,0,0,0,0,0,0,0,1,0,0,0,0,0,0,0,0,0,0,0,0,0,0,0,0,0,0,0,0,0,0,0,0,0,0,0,0,0,0,0,0,0,0,0,0,0,2,52,0,3,0,0,0,0
2004,Denmark,UNICEF,TLS,Timor-Leste,0,16,0,0,0,0,0,0,1,0,0,0,5,4,5,1,0,0,0,0,0,0,0,0,0,0,0,0,0,0,0,0,0,0,0,0,0,0,0,0,0,0,0,0,0,0,0,0,0,0,0,0,0,0,0,0,0,0,0,0,0,0,0,1,15,0,1,0,0,0,0
2004,Finland,UNICEF,TLS,Timor-Leste,0,10,0,0,0,0,0,0,0,0,0,0,3,2,3,1,0,0,0,0,0,0,0,0,0,0,0,0,0,0,0,0,0,0,0,0,0,0,0,0,0,0,0,0,0,0,0,0,0,0,0,0,0,0,0,0,0,0,0,0,0,0,0,0,9,0,1,0,0,0,0
2004,France,UNICEF,TLS,Timor-Leste,0,18,0,0,0,0,0,0,1,0,0,0,5,4,6,1,0,0,0,0,0,0,0,0,0,0,0,0,0,0,0,0,0,0,0,0,0,0,0,0,0,0,0,0,0,0,0,0,0,0,0,0,0,0,0,0,0,0,0,0,0,0,0,1,16,0,1,0,0,0,0
2004,Germany,UNICEF,TLS,Timor-Leste,0,13,0,0,0,0,0,0,0,0,0,0,4,3,4,1,0,0,0,0,0,0,0,0,0,0,0,0,0,0,0,0,0,0,0,0,0,0,0,0,0,0,0,0,0,0,0,0,0,0,0,0,0,0,0,0,0,0,0,0,0,0,0,0,12,0,1,0,0,0,0
2004,Ireland,UNICEF,TLS,Timor-Leste,0,8,0,0,0,0,0,0,0,0,0,0,2,2,3,1,0,0,0,0,0,0,0,0,0,0,0,0,0,0,0,0,0,0,0,0,0,0,0,0,0,0,0,0,0,0,0,0,0,0,0,0,0,0,0,0,0,0,0,0,0,0,0,0,7,0,0,0,0,0,0
2004,Italy,UNICEF,TLS,Timor-Leste,0,21,0,0,0,0,0,0,1,0,0,0,6,5,7,2,0,0,0,0,0,0,0,0,0,0,0,0,0,0,0,0,0,0,0,0,0,0,0,0,0,0,0,0,0,0,0,0,0,0,0,0,0,0,0,0,0,0,0,0,0,0,0,1,20,0,1,0,0,0,0
2004,Japan,UNICEF,TLS,Timor-Leste,0,83,0,0,0,0,0,0,3,0,0,0,24,18,27,7,0,0,0,1,1,1,0,0,0,2,0,0,0,0,0,0,0,0,0,0,0,0,0,0,0,0,0,0,0,0,0,0,0,0,0,0,0,0,0,0,0,0,0,0,0,0,0,3,76,0,4,0,0,0,0
2004,Korea,UNICEF,TLS,Timor-Leste,0,2,0,0,0,0,0,0,0,0,0,0,0,0,1,0,0,0,0,0,0,0,0,0,0,0,0,0,0,0,0,0,0,0,0,0,0,0,0,0,0,0,0,0,0,0,0,0,0,0,0,0,0,0,0,0,0,0,0,0,0,0,0,0,2,0,0,0,0,0,0
2004,Luxembourg,UNICEF,TLS,Timor-Leste,0,3,0,0,0,0,0,0,0,0,0,0,1,1,1,0,0,0,0,0,0,0,0,0,0,0,0,0,0,0,0,0,0,0,0,0,0,0,0,0,0,0,0,0,0,0,0,0,0,0,0,0,0,0,0,0,0,0,0,0,0,0,0,0,3,0,0,0,0,0,0
2004,Netherlands,UNICEF,TLS,Timor-Leste,0,63,0,0,0,0,0,0,2,0,0,0,18,14,21,5,0,0,0,1,1,1,0,0,0,1,0,0,0,0,0,0,0,0,0,0,0,0,0,0,0,0,0,0,0,0,0,0,0,0,0,0,0,0,0,0,0,0,0,0,0,0,0,2,58,0,3,0,0,0,0
2004,New_Zealand,UNICEF,TLS,Timor-Leste,0,3,0,0,0,0,0,0,0,0,0,0,1,1,1,0,0,0,0,0,0,0,0,0,0,0,0,0,0,0,0,0,0,0,0,0,0,0,0,0,0,0,0,0,0,0,0,0,0,0,0,0,0,0,0,0,0,0,0,0,0,0,0,0,3,0,0,0,0,0,0
2004,Non_OECD_non_DAC_countries,UNICEF,TLS,Timor-Leste,0,2,0,0,0,0,0,0,0,0,0,0,1,1,1,0,0,0,0,0,0,0,0,0,0,0,0,0,0,0,0,0,0,0,0,0,0,0,0,0,0,0,0,0,0,0,0,0,0,0,0,0,0,0,0,0,0,0,0,0,0,0,0,0,2,0,0,0,0,0,0
2004,Norway,UNICEF,TLS,Timor-Leste,0,93,0,0,0,0,0,0,3,0,0,0,27,20,31,7,0,0,0,1,1,1,0,0,0,2,0,0,0,0,0,0,0,0,0,0,0,0,0,0,0,0,0,0,0,0,0,0,0,0,0,0,0,0,0,0,0,0,0,0,0,0,0,3,85,0,5,0,0,0,0
2004,Other,UNICEF,TLS,Timor-Leste,0,17,0,0,0,0,0,0,1,0,0,0,5,4,6,1,0,0,0,0,0,0,0,0,0,0,0,0,0,0,0,0,0,0,0,0,0,0,0,0,0,0,0,0,0,0,0,0,0,0,0,0,0,0,0,0,0,0,0,0,0,0,0,1,16,0,1,0,0,0,0
2004,Private_other,UNICEF,TLS,Timor-Leste,0,473,0,0,0,0,0,0,15,0,0,0,136,103,156,37,0,0,1,4,4,4,1,0,0,11,0,0,0,0,0,0,0,0,0,0,0,0,0,0,0,0,0,0,0,0,0,0,0,0,0,0,0,0,0,0,0,0,0,0,0,0,0,15,432,0,25,0,0,0,0
2004,Spain,UNICEF,TLS,Timor-Leste,0,6,0,0,0,0,0,0,0,0,0,0,2,1,2,1,0,0,0,0,0,0,0,0,0,0,0,0,0,0,0,0,0,0,0,0,0,0,0,0,0,0,0,0,0,0,0,0,0,0,0,0,0,0,0,0,0,0,0,0,0,0,0,0,6,0,0,0,0,0,0
2004,Sweden,UNICEF,TLS,Timor-Leste,0,61,0,0,0,0,0,0,2,0,0,0,17,13,20,5,0,0,0,1,1,0,0,0,0,1,0,0,0,0,0,0,0,0,0,0,0,0,0,0,0,0,0,0,0,0,0,0,0,0,0,0,0,0,0,0,0,0,0,0,0,0,0,2,55,0,3,0,0,0,0
2004,Switzerland,UNICEF,TLS,Timor-Leste,0,7,0,0,0,0,0,0,0,0,0,0,2,1,2,1,0,0,0,0,0,0,0,0,0,0,0,0,0,0,0,0,0,0,0,0,0,0,0,0,0,0,0,0,0,0,0,0,0,0,0,0,0,0,0,0,0,0,0,0,0,0,0,0,6,0,0,0,0,0,0
2004,Unallocable,UNICEF,TLS,Timor-Leste,0,10,0,0,0,0,0,0,0,0,0,0,3,2,3,1,0,0,0,0,0,0,0,0,0,0,0,0,0,0,0,0,0,0,0,0,0,0,0,0,0,0,0,0,0,0,0,0,0,0,0,0,0,0,0,0,0,0,0,0,0,0,0,0,9,0,1,0,0,0,0
2004,United_Kingdom,UNICEF,TLS,Timor-Leste,0,106,0,0,0,0,0,0,3,0,0,0,31,23,35,8,0,0,0,1,1,1,0,0,0,2,0,0,0,0,0,0,0,0,0,0,0,0,0,0,0,0,0,0,0,0,0,0,0,0,0,0,0,0,0,0,0,0,0,0,0,0,0,3,97,0,6,0,0,0,0
2004,United_States,UNICEF,TLS,Timor-Leste,0,120,0,0,0,0,0,0,4,0,0,0,35,26,40,9,0,0,0,1,1,1,0,0,0,3,0,0,0,0,0,0,0,0,0,0,0,0,0,0,0,0,0,0,0,0,0,0,0,0,0,0,0,0,0,0,0,0,0,0,0,0,0,4,110,0,6,0,0,0,0
2004,Private_other,US_FOUND,TLS,Timor-Leste,0,22,1,0,0,0,3,0,0,0,9,0,0,0,0,0,0,0,2,2,0,0,0,0,0,0,0,0,0,0,0,0,0,0,0,0,0,0,0,0,0,0,0,0,0,0,0,0,0,0,1,0,0,0,0,0,0,0,0,0,0,3,0,12,0,0,4,0,0,1,1
2004,Australia,WHO,TLS,Timor-Leste,0,26,0,0,9,1,0,0,0,0,0,0,0,6,0,0,0,0,0,0,0,0,0,0,0,1,0,0,0,0,0,0,0,0,0,0,1,0,0,0,0,0,0,1,0,0,0,0,0,0,3,0,0,0,0,0,0,0,0,0,0,1,0,0,7,0,1,1,1,3,10
2004,Austria,WHO,TLS,Timor-Leste,0,9,0,0,3,0,0,0,0,0,0,0,0,2,0,0,0,0,0,0,0,0,0,0,0,0,0,0,0,0,0,0,0,0,0,0,0,0,0,0,0,0,0,0,0,0,0,0,0,0,1,0,0,0,0,0,0,0,0,0,0,0,0,0,2,0,0,0,0,1,4
2004,Belgium,WHO,TLS,Timor-Leste,0,17,0,0,6,1,0,0,0,0,0,0,0,4,0,0,0,0,0,0,0,0,0,0,0,1,0,0,0,0,0,0,0,0,0,0,1,0,0,0,0,0,0,1,0,0,0,0,0,0,2,0,0,0,0,0,0,0,0,0,0,1,0,0,4,0,1,1,1,2,7
2004,Canada,WHO,TLS,Timor-Leste,0,122,2,0,43,5,0,1,0,0,0,0,2,29,1,0,0,0,0,0,0,0,0,0,0,5,0,0,0,0,0,0,0,0,0,0,6,0,0,0,0,0,0,6,0,0,0,0,0,0,13,0,0,0,1,1,1,0,0,0,0,7,0,1,31,2,5,6,6,13,49
2004,China,WHO,TLS,Timor-Leste,0,13,0,0,5,1,0,0,0,0,0,0,0,3,0,0,0,0,0,0,0,0,0,0,0,1,0,0,0,0,0,0,0,0,0,0,1,0,0,0,0,0,0,1,0,0,0,0,0,0,1,0,0,0,0,0,0,0,0,0,0,1,0,0,3,0,1,1,1,1,5
2004,Corporate_donations,WHO,TLS,Timor-Leste,0,17,0,0,6,1,0,0,0,0,0,0,0,4,0,0,0,0,0,0,0,0,0,0,0,1,0,0,0,0,0,0,0,0,0,0,1,0,0,0,0,0,0,1,0,0,0,0,0,0,2,0,0,0,0,0,0,0,0,0,0,1,0,0,4,0,1,1,1,2,7
2004,Denmark,WHO,TLS,Timor-Leste,0,18,0,0,6,1,0,0,0,0,0,0,0,4,0,0,0,0,0,0,0,0,0,0,0,1,0,0,0,0,0,0,0,0,0,0,1,0,0,0,0,0,0,1,0,0,0,0,0,0,2,0,0,0,0,0,0,0,0,0,0,1,0,0,5,0,1,1,1,2,7
2004,Finland,WHO,TLS,Timor-Leste,0,10,0,0,4,0,0,0,0,0,0,0,0,2,0,0,0,0,0,0,0,0,0,0,0,0,0,0,0,0,0,0,0,0,0,0,1,0,0,0,0,0,0,1,0,0,0,0,0,0,1,0,0,0,0,0,0,0,0,0,0,1,0,0,3,0,0,1,1,1,4
2004,France,WHO,TLS,Timor-Leste,0,77,1,0,27,3,0,1,0,0,0,0,1,18,0,0,0,0,0,0,0,0,0,0,0,3,0,0,0,0,0,0,0,0,0,0,4,0,0,0,0,0,0,4,0,0,0,0,0,0,8,0,0,0,0,1,0,0,0,0,0,4,0,1,20,1,3,4,4,8,31
2004,Gates Foundation,WHO,TLS,Timor-Leste,0,41,1,0,14,2,0,0,0,0,0,0,1,10,0,0,0,0,0,0,0,0,0,0,0,2,0,0,0,0,0,0,0,0,0,0,2,0,0,0,0,0,0,2,0,0,0,0,0,0,4,0,0,0,0,0,0,0,0,0,0,2,0,0,11,1,2,2,2,4,17
2004,Germany,WHO,TLS,Timor-Leste,0,80,1,0,28,3,0,1,0,0,0,0,1,19,0,0,0,0,0,0,0,0,0,0,0,3,0,0,0,0,0,0,0,0,0,0,4,0,0,0,0,0,0,4,0,0,0,0,0,0,9,0,0,0,0,1,0,0,0,0,0,4,0,1,21,1,3,4,4,9,32
2004,Greece,WHO,TLS,Timor-Leste,0,4,0,0,1,0,0,0,0,0,0,0,0,1,0,0,0,0,0,0,0,0,0,0,0,0,0,0,0,0,0,0,0,0,0,0,0,0,0,0,0,0,0,0,0,0,0,0,0,0,0,0,0,0,0,0,0,0,0,0,0,0,0,0,1,0,0,0,0,0,2
2004,Ireland,WHO,TLS,Timor-Leste,0,9,0,0,3,0,0,0,0,0,0,0,0,2,0,0,0,0,0,0,0,0,0,0,0,0,0,0,0,0,0,0,0,0,0,0,0,0,0,0,0,0,0,0,0,0,0,0,0,0,1,0,0,0,0,0,0,0,0,0,0,0,0,0,2,0,0,0,0,1,4
2004,Italy,WHO,TLS,Timor-Leste,0,69,1,0,24,3,0,1,0,0,0,0,1,16,0,0,0,0,0,0,0,0,0,0,0,3,0,0,0,0,0,0,0,0,0,0,4,0,0,0,0,0,0,4,0,0,0,0,0,0,7,0,0,0,0,0,0,0,0,0,0,4,0,1,18,1,3,4,4,7,28
2004,Japan,WHO,TLS,Timor-Leste,0,134,2,0,47,6,0,1,0,0,0,0,2,31,1,0,0,0,0,0,0,0,0,0,0,6,0,0,0,0,0,0,0,0,0,0,7,0,0,0,0,0,0,7,0,0,0,0,0,0,14,0,0,0,1,1,1,0,0,0,0,7,0,1,34,2,6,7,7,14,54
2004,Korea,WHO,TLS,Timor-Leste,0,12,0,0,4,0,0,0,0,0,0,0,0,3,0,0,0,0,0,0,0,0,0,0,0,0,0,0,0,0,0,0,0,0,0,0,1,0,0,0,0,0,0,1,0,0,0,0,0,0,1,0,0,0,0,0,0,0,0,0,0,1,0,0,3,0,0,1,1,1,5
2004,Luxembourg,WHO,TLS,Timor-Leste,0,11,0,0,4,0,0,0,0,0,0,0,0,3,0,0,0,0,0,0,0,0,0,0,0,0,0,0,0,0,0,0,0,0,0,0,1,0,0,0,0,0,0,1,0,0,0,0,0,0,1,0,0,0,0,0,0,0,0,0,0,1,0,0,3,0,0,1,1,1,4
2004,Netherlands,WHO,TLS,Timor-Leste,0,58,1,0,20,2,0,1,0,0,0,0,1,14,0,0,0,0,0,0,0,0,0,0,0,2,0,0,0,0,0,0,0,0,0,0,3,0,0,0,0,0,0,3,0,0,0,0,0,0,6,0,0,0,0,0,0,0,0,0,0,3,0,1,15,1,2,3,3,6,23
2004,New_Zealand,WHO,TLS,Timor-Leste,0,2,0,0,1,0,0,0,0,0,0,0,0,1,0,0,0,0,0,0,0,0,0,0,0,0,0,0,0,0,0,0,0,0,0,0,0,0,0,0,0,0,0,0,0,0,0,0,0,0,0,0,0,0,0,0,0,0,0,0,0,0,0,0,1,0,0,0,0,0,1
2004,Non_OECD_DAC_countries,WHO,TLS,Timor-Leste,0,10,0,0,3,0,0,0,0,0,0,0,0,2,0,0,0,0,0,0,0,0,0,0,0,0,0,0,0,0,0,0,0,0,0,0,1,0,0,0,0,0,0,1,0,0,0,0,0,0,1,0,0,0,0,0,0,0,0,0,0,1,0,0,3,0,0,1,1,1,4
2004,Non_OECD_non_DAC_countries,WHO,TLS,Timor-Leste,0,54,1,0,19,2,0,1,0,0,0,0,1,13,0,0,0,0,0,0,0,0,0,0,0,2,0,0,0,0,0,0,0,0,0,0,3,0,0,0,0,0,0,3,0,0,0,0,0,0,6,0,0,0,0,0,0,0,0,0,0,3,0,1,14,1,2,3,3,6,22
2004,Norway,WHO,TLS,Timor-Leste,0,66,1,0,23,3,0,1,0,0,0,0,1,16,0,0,0,0,0,0,0,0,0,0,0,3,0,0,0,0,0,0,0,0,0,0,4,0,0,0,0,0,0,3,0,0,0,0,0,0,7,0,0,0,0,0,0,0,0,0,0,4,0,1,17,1,3,4,3,7,27
2004,Other,WHO,TLS,Timor-Leste,0,326,4,0,114,14,0,3,0,0,0,0,6,76,2,0,0,0,0,0,0,0,0,0,0,14,0,0,0,0,0,0,0,0,0,0,17,0,0,0,0,0,0,17,0,0,0,0,0,0,35,0,0,0,2,2,1,0,0,0,0,18,0,3,84,6,14,17,17,35,132
2004,Other_OECD_DAC_countries,WHO,TLS,Timor-Leste,0,4,0,0,1,0,0,0,0,0,0,0,0,1,0,0,0,0,0,0,0,0,0,0,0,0,0,0,0,0,0,0,0,0,0,0,0,0,0,0,0,0,0,0,0,0,0,0,0,0,0,0,0,0,0,0,0,0,0,0,0,0,0,0,1,0,0,0,0,0,2
2004,Portugal,WHO,TLS,Timor-Leste,0,3,0,0,1,0,0,0,0,0,0,0,0,1,0,0,0,0,0,0,0,0,0,0,0,0,0,0,0,0,0,0,0,0,0,0,0,0,0,0,0,0,0,0,0,0,0,0,0,0,0,0,0,0,0,0,0,0,0,0,0,0,0,0,1,0,0,0,0,0,1
2004,Private_other,WHO,TLS,Timor-Leste,0,56,1,0,20,2,0,1,0,0,0,0,1,13,0,0,0,0,0,0,0,0,0,0,0,2,0,0,0,0,0,0,0,0,0,0,3,0,0,0,0,0,0,3,0,0,0,0,0,0,6,0,0,0,0,0,0,0,0,0,0,3,0,1,15,1,2,3,3,6,23
2004,Spain,WHO,TLS,Timor-Leste,0,24,0,0,8,1,0,0,0,0,0,0,0,6,0,0,0,0,0,0,0,0,0,0,0,1,0,0,0,0,0,0,0,0,0,0,1,0,0,0,0,0,0,1,0,0,0,0,0,0,3,0,0,0,0,0,0,0,0,0,0,1,0,0,6,0,1,1,1,3,10
2004,Sweden,WHO,TLS,Timor-Leste,0,68,1,0,24,3,0,1,0,0,0,0,1,16,0,0,0,0,0,0,0,0,0,0,0,3,0,0,0,0,0,0,0,0,0,0,4,0,0,0,0,0,0,3,0,0,0,0,0,0,7,0,0,0,0,0,0,0,0,0,0,4,0,1,17,1,3,4,3,7,27
2004,Switzerland,WHO,TLS,Timor-Leste,0,15,0,0,5,1,0,0,0,0,0,0,0,4,0,0,0,0,0,0,0,0,0,0,0,1,0,0,0,0,0,0,0,0,0,0,1,0,0,0,0,0,0,1,0,0,0,0,0,0,2,0,0,0,0,0,0,0,0,0,0,1,0,0,4,0,1,1,1,2,6
2004,Unallocable,WHO,TLS,Timor-Leste,0,66,1,0,23,3,0,1,0,0,0,0,1,16,0,0,0,0,0,0,0,0,0,0,0,3,0,0,0,0,0,0,0,0,0,0,4,0,0,0,0,0,0,3,0,0,0,0,0,0,7,0,0,0,0,0,0,0,0,0,0,4,0,1,17,1,3,4,3,7,27
2004,United_Kingdom,WHO,TLS,Timor-Leste,0,207,3,0,72,9,0,2,0,0,0,0,4,48,1,0,0,0,0,0,0,0,0,0,0,9,0,0,0,0,0,0,0,0,0,0,11,0,0,0,0,0,0,11,0,0,0,0,0,0,22,0,0,0,1,1,1,0,0,0,0,11,0,2,53,4,9,11,11,22,84
2004,United_States,WHO,TLS,Timor-Leste,0,279,4,0,97,12,0,3,0,0,0,0,5,65,2,0,0,0,0,0,0,0,0,0,0,12,0,0,0,0,0,0,0,0,0,0,15,0,0,0,0,0,0,14,0,0,0,0,0,0,30,0,0,0,2,2,1,0,0,0,0,15,0,3,72,5,12,15,14,30,113
2005,Australia,BIL_AUS,TLS,Timor-Leste,0,1007,593,0,245,0,0,6,0,5,0,0,0,0,0,0,0,0,0,1,0,0,0,0,0,1,0,0,0,0,0,0,0,0,0,0,0,0,0,0,0,0,0,0,0,0,0,0,0,0,0,0,0,0,0,0,11,0,18,0,0,127,0,11,0,29,2,0,0,0,839
2005,Canada,BIL_CAN,TLS,Timor-Leste,0,1,0,0,0,0,0,0,0,0,0,0,0,0,0,0,0,0,0,0,0,0,0,0,0,0,0,0,0,0,0,0,0,0,0,0,0,0,0,0,0,0,0,0,0,0,0,0,0,0,1,0,0,0,0,0,0,0,0,0,0,0,0,0,0,0,0,0,0,1,0
2005,Germany,BIL_DEU,TLS,Timor-Leste,0,135,3,0,0,0,0,0,0,0,0,0,0,0,0,0,0,0,0,0,0,0,0,0,0,1,0,0,0,0,0,0,0,0,0,0,0,0,0,0,0,0,0,0,0,0,0,0,0,0,0,0,0,0,0,0,0,0,0,0,0,131,0,0,0,0,1,0,0,0,3
2005,Spain,BIL_ESP,TLS,Timor-Leste,0,124,62,0,62,0,0,0,0,0,0,0,0,0,0,0,0,0,0,0,0,0,0,0,0,0,0,0,0,0,0,0,0,0,0,0,0,0,0,0,0,0,0,0,0,0,0,0,0,0,0,0,0,0,0,0,0,0,0,0,0,0,0,0,0,0,0,0,0,0,124
2005,France,BIL_FRA,TLS,Timor-Leste,0,43,0,0,0,0,0,0,0,0,0,0,0,0,0,0,0,0,0,0,0,0,0,0,0,0,0,0,0,0,0,0,0,0,0,0,0,0,0,0,0,0,0,0,0,0,0,0,0,0,0,0,0,0,0,0,0,0,0,0,0,43,0,0,0,0,0,0,0,0,0
2005,United_Kingdom,BIL_GBR,TLS,Timor-Leste,0,39,1,0,0,0,0,1,0,0,0,0,0,0,0,2,0,0,1,9,0,0,0,0,0,2,1,3,0,0,0,0,0,0,0,0,0,0,0,0,0,0,0,0,0,0,0,0,0,0,0,0,0,0,0,0,0,0,0,0,0,17,0,1,3,0,16,0,0,0,1
2005,Ireland,BIL_IRL,TLS,Timor-Leste,0,49,0,0,45,0,0,0,1,0,0,0,0,0,0,0,0,0,0,0,0,0,0,0,0,3,0,0,0,0,0,0,0,0,0,0,0,0,0,0,0,0,0,0,0,0,0,0,0,0,0,0,0,0,0,0,0,0,0,0,0,0,0,1,0,0,3,0,0,0,45
2005,Japan,BIL_JPN,TLS,Timor-Leste,0,415,0,0,0,0,0,0,0,0,0,0,0,0,0,0,0,0,0,0,0,0,0,0,0,0,0,0,0,0,0,0,0,0,0,0,0,0,0,0,0,0,0,0,0,0,0,0,0,0,0,0,0,0,0,0,0,0,0,0,0,415,0,0,0,0,0,0,0,0,0
2005,Netherlands,BIL_NLD,TLS,Timor-Leste,0,2,0,0,0,0,0,0,1,0,0,0,0,0,0,0,0,0,0,0,0,0,0,0,0,1,0,0,0,0,0,0,0,0,0,0,0,0,0,0,0,0,0,0,0,0,0,0,0,0,0,0,0,0,0,0,0,0,0,0,0,0,0,1,0,0,1,0,0,0,0
2005,Norway,BIL_NOR,TLS,Timor-Leste,0,703,1,0,0,0,0,0,0,0,0,0,0,0,0,0,0,0,0,1,0,0,0,0,0,0,0,0,0,0,0,0,0,0,0,0,0,0,0,0,0,0,0,0,0,0,0,0,0,0,399,0,0,0,0,0,0,0,0,0,0,302,0,0,0,0,1,0,0,399,1
2005,New_Zealand,BIL_NZL,TLS,Timor-Leste,0,17,7,0,7,0,0,2,0,0,2,0,0,0,0,0,0,0,0,0,0,0,0,0,0,0,0,0,0,0,0,0,0,0,0,0,0,0,0,0,0,0,0,0,0,0,0,0,0,0,0,0,0,0,0,0,0,0,0,0,0,0,0,4,0,0,0,0,0,0,13
2005,Portugal,BIL_PRT,TLS,Timor-Leste,0,210,66,0,0,0,0,0,0,0,0,0,0,0,0,0,0,0,0,0,0,0,0,0,0,0,0,0,0,0,0,0,0,0,0,0,0,0,0,0,0,0,0,0,0,0,0,0,0,0,0,0,0,0,0,0,0,0,0,0,0,144,0,0,0,0,0,0,0,0,66
2005,Sweden,BIL_SWE,TLS,Timor-Leste,0,24,0,0,0,0,0,0,0,0,0,0,0,0,0,0,0,0,0,0,0,0,0,0,0,20,0,0,0,0,0,0,0,0,0,0,0,0,0,0,0,0,0,0,0,0,0,0,0,0,0,0,0,0,0,0,0,0,0,0,0,4,0,0,0,0,20,0,0,0,0
2005,United_States,BIL_USA,TLS,Timor-Leste,0,11,0,0,0,0,0,0,0,0,0,0,0,0,0,0,0,0,0,0,0,0,0,0,0,0,0,0,0,0,0,0,0,0,0,0,0,0,0,0,0,0,0,0,0,0,0,0,0,0,0,0,0,0,0,0,0,0,0,0,0,11,0,0,0,0,0,0,0,0,0
2005,Austria,EC,TLS,Timor-Leste,0,141,0,0,0,0,0,0,0,0,0,0,0,0,0,0,0,0,0,0,0,0,0,0,0,0,0,0,0,0,0,0,0,0,0,0,42,0,0,0,0,0,0,0,0,0,0,0,0,0,0,0,0,0,0,0,0,0,0,0,0,99,0,0,0,0,0,42,0,0,0
2005,Belgium,EC,TLS,Timor-Leste,0,227,0,0,0,0,0,1,0,0,0,0,0,0,0,0,0,0,0,0,0,0,0,0,0,0,0,0,0,0,0,0,0,0,0,0,67,0,0,0,0,0,0,0,0,0,0,0,0,0,0,0,0,0,0,0,0,0,0,0,0,159,0,1,0,0,0,67,0,0,0
2005,Denmark,EC,TLS,Timor-Leste,0,125,0,0,0,0,0,0,0,0,0,0,0,0,0,0,0,0,0,0,0,0,0,0,0,0,0,0,0,0,0,0,0,0,0,0,37,0,0,0,0,0,0,0,0,0,0,0,0,0,0,0,0,0,0,0,0,0,0,0,0,88,0,0,0,0,0,37,0,0,0
2005,Finland,EC,TLS,Timor-Leste,0,90,0,0,0,0,0,0,0,0,0,0,0,0,0,0,0,0,0,0,0,0,0,0,0,0,0,0,0,0,0,0,0,0,0,0,26,0,0,0,0,0,0,0,0,0,0,0,0,0,0,0,0,0,0,0,0,0,0,0,0,63,0,0,0,0,0,26,0,0,0
2005,France,EC,TLS,Timor-Leste,0,1163,0,0,0,0,0,5,0,0,0,0,0,0,0,0,0,0,0,0,0,0,0,0,0,0,2,0,0,0,0,0,0,0,0,0,342,0,0,0,0,0,0,0,0,0,0,0,0,0,0,0,0,0,0,0,0,0,0,0,0,814,0,5,0,0,2,342,0,0,0
2005,Germany,EC,TLS,Timor-Leste,0,1419,0,0,0,0,0,7,0,0,0,0,0,0,0,0,0,0,0,0,0,0,0,0,0,0,2,0,0,0,0,0,0,0,0,0,417,0,0,0,0,0,0,0,0,0,0,0,0,0,0,0,0,0,0,0,0,0,0,0,0,993,0,7,0,0,2,417,0,0,0
2005,Greece,EC,TLS,Timor-Leste,0,101,0,0,0,0,0,0,0,0,0,0,0,0,0,0,0,0,0,0,0,0,0,0,0,0,0,0,0,0,0,0,0,0,0,0,30,0,0,0,0,0,0,0,0,0,0,0,0,0,0,0,0,0,0,0,0,0,0,0,0,71,0,0,0,0,0,30,0,0,0
2005,Ireland,EC,TLS,Timor-Leste,0,72,0,0,0,0,0,0,0,0,0,0,0,0,0,0,0,0,0,0,0,0,0,0,0,0,0,0,0,0,0,0,0,0,0,0,21,0,0,0,0,0,0,0,0,0,0,0,0,0,0,0,0,0,0,0,0,0,0,0,0,50,0,0,0,0,0,21,0,0,0
2005,Italy,EC,TLS,Timor-Leste,0,811,0,0,0,0,0,4,0,0,0,0,0,0,0,0,0,0,0,0,0,0,0,0,0,0,1,0,0,0,0,0,0,0,0,0,238,0,0,0,0,0,0,0,0,0,0,0,0,0,0,0,0,0,0,0,0,0,0,0,0,568,0,4,0,0,1,238,0,0,0
2005,Luxembourg,EC,TLS,Timor-Leste,0,15,0,0,0,0,0,0,0,0,0,0,0,0,0,0,0,0,0,0,0,0,0,0,0,0,0,0,0,0,0,0,0,0,0,0,4,0,0,0,0,0,0,0,0,0,0,0,0,0,0,0,0,0,0,0,0,0,0,0,0,10,0,0,0,0,0,4,0,0,0
2005,Netherlands,EC,TLS,Timor-Leste,0,278,0,0,0,0,0,1,0,0,0,0,0,0,0,0,0,0,0,0,0,0,0,0,0,0,0,0,0,0,0,0,0,0,0,0,82,0,0,0,0,0,0,0,0,0,0,0,0,0,0,0,0,0,0,0,0,0,0,0,0,195,0,1,0,0,0,82,0,0,0
2005,Other_OECD_DAC_countries,EC,TLS,Timor-Leste,0,159,0,0,0,0,0,0,0,0,0,0,0,0,0,0,0,0,0,0,0,0,0,0,0,0,0,0,0,0,0,0,0,0,0,0,47,0,0,0,0,0,0,0,0,0,0,0,0,0,0,0,0,0,0,0,0,0,0,0,0,112,0,0,0,0,0,47,0,0,0
2005,Portugal,EC,TLS,Timor-Leste,0,79,0,0,0,0,0,0,0,0,0,0,0,0,0,0,0,0,0,0,0,0,0,0,0,0,0,0,0,0,0,0,0,0,0,0,23,0,0,0,0,0,0,0,0,0,0,0,0,0,0,0,0,0,0,0,0,0,0,0,0,56,0,0,0,0,0,23,0,0,0
2005,Spain,EC,TLS,Timor-Leste,0,504,0,0,0,0,0,2,0,0,0,0,0,0,0,0,0,0,0,0,0,0,0,0,0,0,1,0,0,0,0,0,0,0,0,0,148,0,0,0,0,0,0,0,0,0,0,0,0,0,0,0,0,0,0,0,0,0,0,0,0,353,0,2,0,0,1,148,0,0,0
2005,Sweden,EC,TLS,Timor-Leste,0,126,0,0,0,0,0,0,0,0,0,0,0,0,0,0,0,0,0,0,0,0,0,0,0,0,0,0,0,0,0,0,0,0,0,0,37,0,0,0,0,0,0,0,0,0,0,0,0,0,0,0,0,0,0,0,0,0,0,0,0,89,0,0,0,0,0,37,0,0,0
2005,United_Kingdom,EC,TLS,Timor-Leste,0,786,0,0,0,0,0,4,0,0,0,0,0,0,0,0,0,0,0,0,0,0,0,0,0,0,1,0,0,0,0,0,0,0,0,0,231,0,0,0,0,0,0,0,0,0,0,0,0,0,0,0,0,0,0,0,0,0,0,0,0,550,0,4,0,0,1,231,0,0,0
2005,Gates Foundation,GATES,TLS,Timor-Leste,0,275,0,0,0,0,4,0,2,0,0,0,15,3,7,0,0,0,0,11,0,0,0,0,0,9,0,6,0,0,0,0,0,157,0,0,1,0,0,0,0,0,0,6,0,0,0,0,0,0,43,0,0,0,0,0,0,0,0,0,0,10,0,6,26,0,26,157,6,43,0
2005,Australia,GFATM,TLS,Timor-Leste,0,10,0,0,0,0,0,0,0,0,0,0,0,0,0,0,0,0,1,1,0,0,0,0,0,0,1,0,0,0,0,0,0,1,0,0,1,1,0,0,1,0,1,1,0,1,0,0,0,0,0,0,0,0,0,0,0,0,0,0,0,0,0,0,0,0,4,3,4,0,0
2005,Austria,GFATM,TLS,Timor-Leste,0,1,0,0,0,0,0,0,0,0,0,0,0,0,0,0,0,0,0,0,0,0,0,0,0,0,0,0,0,0,0,0,0,0,0,0,0,0,0,0,0,0,0,0,0,0,0,0,0,0,0,0,0,0,0,0,0,0,0,0,0,0,0,0,0,0,0,0,0,0,0
2005,Belgium,GFATM,TLS,Timor-Leste,0,6,0,0,0,0,0,0,0,0,0,0,0,0,0,0,0,0,0,1,0,0,0,0,0,0,1,0,0,0,0,0,0,0,0,0,0,0,0,0,0,0,0,1,0,0,0,0,0,0,0,0,0,0,0,0,0,0,0,0,0,0,0,0,0,0,2,2,2,0,0
2005,Canada,GFATM,TLS,Timor-Leste,0,77,0,0,0,0,0,0,0,0,0,0,0,0,0,0,0,0,5,7,0,0,1,2,0,3,8,1,0,1,2,1,1,5,1,0,5,4,2,1,5,1,4,10,2,4,1,0,0,0,0,0,0,0,0,0,0,0,0,0,0,0,0,0,0,0,27,22,27,0,0
2005,China,GFATM,TLS,Timor-Leste,0,1,0,0,0,0,0,0,0,0,0,0,0,0,0,0,0,0,0,0,0,0,0,0,0,0,0,0,0,0,0,0,0,0,0,0,0,0,0,0,0,0,0,0,0,0,0,0,0,0,0,0,0,0,0,0,0,0,0,0,0,0,0,0,0,0,0,0,0,0,0
2005,Denmark,GFATM,TLS,Timor-Leste,0,16,0,0,0,0,0,0,0,0,0,0,0,0,0,0,0,0,1,1,0,0,0,0,0,1,2,0,0,0,0,0,0,1,0,0,1,1,0,0,1,0,1,2,0,1,0,0,0,0,0,0,0,0,0,0,0,0,0,0,0,0,0,0,0,0,6,5,6,0,0
2005,France,GFATM,TLS,Timor-Leste,0,135,0,0,0,0,0,0,0,0,0,0,0,0,0,0,0,0,8,12,1,0,1,4,0,5,14,2,1,1,4,1,1,9,1,0,9,7,3,1,8,2,8,18,3,7,2,0,0,0,0,0,0,0,0,0,0,0,0,0,0,0,0,0,0,0,48,38,48,0,0
2005,Germany,GFATM,TLS,Timor-Leste,0,83,0,0,0,0,0,0,0,0,0,0,0,0,0,0,0,0,5,7,1,0,1,2,0,3,9,1,0,1,2,1,1,6,1,0,6,4,2,1,5,1,5,11,2,4,1,0,0,0,0,0,0,0,0,0,0,0,0,0,0,0,0,0,0,0,29,24,30,0,0
2005,Ireland,GFATM,TLS,Timor-Leste,0,12,0,0,0,0,0,0,0,0,0,0,0,0,0,0,0,0,1,1,0,0,0,0,0,0,1,0,0,0,0,0,0,1,0,0,1,1,0,0,1,0,1,2,0,1,0,0,0,0,0,0,0,0,0,0,0,0,0,0,0,0,0,0,0,0,4,3,4,0,0
2005,Italy,GFATM,TLS,Timor-Leste,0,93,0,0,0,0,0,0,0,0,0,0,0,0,0,0,0,0,6,8,1,0,1,3,0,3,10,1,0,1,3,1,1,6,1,0,6,5,2,1,6,2,5,12,2,5,1,0,0,0,0,0,0,0,0,0,0,0,0,0,0,0,0,0,0,0,33,26,33,0,0
2005,Japan,GFATM,TLS,Timor-Leste,0,69,0,0,0,0,0,0,0,0,0,0,0,0,0,0,0,0,4,6,0,0,1,2,0,2,7,1,0,1,2,1,1,5,1,0,5,3,2,1,4,1,4,9,2,3,1,0,0,0,0,0,0,0,0,0,0,0,0,0,0,0,0,0,0,0,25,20,25,0,0
2005,Luxembourg,GFATM,TLS,Timor-Leste,0,2,0,0,0,0,0,0,0,0,0,0,0,0,0,0,0,0,0,0,0,0,0,0,0,0,0,0,0,0,0,0,0,0,0,0,0,0,0,0,0,0,0,0,0,0,0,0,0,0,0,0,0,0,0,0,0,0,0,0,0,0,0,0,0,0,1,0,1,0,0
2005,Netherlands,GFATM,TLS,Timor-Leste,0,41,0,0,0,0,0,0,0,0,0,0,0,0,0,0,0,0,3,4,0,0,0,1,0,1,4,1,0,0,1,0,0,3,0,0,3,2,1,0,2,1,2,5,1,2,1,0,0,0,0,0,0,0,0,0,0,0,0,0,0,0,0,0,0,0,15,12,15,0,0
2005,Non_OECD_DAC_countries,GFATM,TLS,Timor-Leste,0,2,0,0,0,0,0,0,0,0,0,0,0,0,0,0,0,0,0,0,0,0,0,0,0,0,0,0,0,0,0,0,0,0,0,0,0,0,0,0,0,0,0,0,0,0,0,0,0,0,0,0,0,0,0,0,0,0,0,0,0,0,0,0,0,0,1,0,1,0,0
2005,Non_OECD_non_DAC_countries,GFATM,TLS,Timor-Leste,0,8,0,0,0,0,0,0,0,0,0,0,0,0,0,0,0,0,1,1,0,0,0,0,0,0,1,0,0,0,0,0,0,1,0,0,1,0,0,0,0,0,0,1,0,0,0,0,0,0,0,0,0,0,0,0,0,0,0,0,0,0,0,0,0,0,3,2,3,0,0
2005,Norway,GFATM,TLS,Timor-Leste,0,16,0,0,0,0,0,0,0,0,0,0,0,0,0,0,0,0,1,1,0,0,0,0,0,1,2,0,0,0,0,0,0,1,0,0,1,1,0,0,1,0,1,2,0,1,0,0,0,0,0,0,0,0,0,0,0,0,0,0,0,0,0,0,0,0,6,5,6,0,0
2005,Portugal,GFATM,TLS,Timor-Leste,0,1,0,0,0,0,0,0,0,0,0,0,0,0,0,0,0,0,0,0,0,0,0,0,0,0,0,0,0,0,0,0,0,0,0,0,0,0,0,0,0,0,0,0,0,0,0,0,0,0,0,0,0,0,0,0,0,0,0,0,0,0,0,0,0,0,0,0,0,0,0
2005,Spain,GFATM,TLS,Timor-Leste,0,15,0,0,0,0,0,0,0,0,0,0,0,0,0,0,0,0,1,1,0,0,0,0,0,1,2,0,0,0,0,0,0,1,0,0,1,1,0,0,1,0,1,2,0,1,0,0,0,0,0,0,0,0,0,0,0,0,0,0,0,0,0,0,0,0,5,4,5,0,0
2005,Sweden,GFATM,TLS,Timor-Leste,0,35,0,0,0,0,0,0,0,0,0,0,0,0,0,0,0,0,2,3,0,0,0,1,0,1,4,1,0,0,1,0,0,2,0,0,2,2,1,0,2,1,2,5,1,2,1,0,0,0,0,0,0,0,0,0,0,0,0,0,0,0,0,0,0,0,13,10,13,0,0
2005,Switzerland,GFATM,TLS,Timor-Leste,0,3,0,0,0,0,0,0,0,0,0,0,0,0,0,0,0,0,0,0,0,0,0,0,0,0,0,0,0,0,0,0,0,0,0,0,0,0,0,0,0,0,0,0,0,0,0,0,0,0,0,0,0,0,0,0,0,0,0,0,0,0,0,0,0,0,1,1,1,0,0
2005,United_Kingdom,GFATM,TLS,Timor-Leste,0,73,0,0,0,0,0,0,0,0,0,0,0,0,0,0,0,0,4,6,0,0,1,2,0,2,8,1,0,1,2,1,1,5,1,0,5,4,2,1,4,1,4,10,2,4,1,0,0,0,0,0,0,0,0,0,0,0,0,0,0,0,0,0,0,0,26,21,26,0,0
2005,United_States,GFATM,TLS,Timor-Leste,0,288,0,0,0,0,0,0,0,0,0,0,0,0,0,0,0,0,18,25,2,0,3,9,0,10,30,4,1,3,9,3,3,19,2,0,19,14,7,3,17,5,17,38,7,14,4,0,0,0,0,0,0,0,0,0,0,0,0,0,0,0,0,0,0,0,102,82,103,0,0
2005,Australia,INTLNGO,TLS,Timor-Leste,0,230,135,0,56,0,0,1,0,1,0,0,0,0,0,0,0,0,0,0,0,0,0,0,0,0,0,0,0,0,0,0,0,0,0,0,0,0,0,0,0,0,0,0,0,0,0,0,0,0,0,0,0,0,0,0,2,0,4,0,0,29,0,2,0,7,1,0,0,0,191
2005,France,INTLNGO,TLS,Timor-Leste,0,3,0,0,0,0,0,0,0,0,0,0,0,0,0,0,0,0,0,0,0,0,0,0,0,0,0,0,0,0,0,0,0,0,0,0,0,0,0,0,0,0,0,0,0,0,0,0,0,0,0,0,0,0,0,0,0,0,0,0,0,3,0,0,0,0,0,0,0,0,0
2005,Germany,INTLNGO,TLS,Timor-Leste,0,7,0,0,0,0,0,0,0,0,0,0,0,0,0,0,0,0,0,0,0,0,0,0,0,0,0,0,0,0,0,0,0,0,0,0,0,0,0,0,0,0,0,0,0,0,0,0,0,0,0,0,0,0,0,0,0,0,0,0,0,7,0,0,0,0,0,0,0,0,0
2005,Ireland,INTLNGO,TLS,Timor-Leste,0,17,0,0,15,0,0,0,0,0,0,0,0,0,0,0,0,0,0,0,0,0,0,0,0,1,0,0,0,0,0,0,0,0,0,0,0,0,0,0,0,0,0,0,0,0,0,0,0,0,0,0,0,0,0,0,0,0,0,0,0,0,0,0,0,0,1,0,0,0,15
2005,Japan,INTLNGO,TLS,Timor-Leste,0,31,0,0,0,0,0,0,0,0,0,0,0,0,0,0,0,0,0,0,0,0,0,0,0,0,0,0,0,0,0,0,0,0,0,0,0,0,0,0,0,0,0,0,0,0,0,0,0,0,0,0,0,0,0,0,0,0,0,0,0,31,0,0,0,0,0,0,0,0,0
2005,New_Zealand,INTLNGO,TLS,Timor-Leste,0,12,5,0,5,0,0,1,0,0,1,0,0,0,0,0,0,0,0,0,0,0,0,0,0,0,0,0,0,0,0,0,0,0,0,0,0,0,0,0,0,0,0,0,0,0,0,0,0,0,0,0,0,0,0,0,0,0,0,0,0,0,0,3,0,0,0,0,0,0,9
2005,Norway,INTLNGO,TLS,Timor-Leste,0,584,1,0,0,0,0,0,0,0,0,0,0,0,0,0,0,0,0,1,0,0,0,0,0,0,0,0,0,0,0,0,0,0,0,0,0,0,0,0,0,0,0,0,0,0,0,0,0,0,331,0,0,0,0,0,0,0,0,0,0,251,0,0,0,0,1,0,0,331,1
2005,Portugal,INTLNGO,TLS,Timor-Leste,0,49,15,0,0,0,0,0,0,0,0,0,0,0,0,0,0,0,0,0,0,0,0,0,0,0,0,0,0,0,0,0,0,0,0,0,0,0,0,0,0,0,0,0,0,0,0,0,0,0,0,0,0,0,0,0,0,0,0,0,0,34,0,0,0,0,0,0,0,0,15
2005,Spain,INTLNGO,TLS,Timor-Leste,0,153,77,0,76,0,0,0,0,0,0,0,0,0,0,0,0,0,0,0,0,0,0,0,0,0,0,0,0,0,0,0,0,0,0,0,0,0,0,0,0,0,0,0,0,0,0,0,0,0,0,0,0,0,0,0,0,0,0,0,0,0,0,0,0,0,0,0,0,0,153
2005,Sweden,INTLNGO,TLS,Timor-Leste,0,12,0,0,0,0,0,2,1,0,0,0,2,0,0,0,0,0,0,0,0,0,0,0,0,4,0,0,0,0,0,0,0,0,0,0,0,0,0,0,0,0,0,0,0,0,0,0,0,0,0,0,0,0,0,0,0,0,0,0,0,2,0,3,2,0,4,0,0,0,0
2005,United_Kingdom,INTLNGO,TLS,Timor-Leste,0,14,1,0,0,0,0,1,0,0,0,0,0,0,0,1,0,0,0,3,0,0,0,0,0,1,0,1,0,0,0,0,0,0,0,0,0,0,0,0,0,0,0,0,0,0,0,0,0,0,0,0,0,0,0,0,0,0,0,0,0,6,0,1,1,0,6,0,0,0,1
2005,United_States,INTLNGO,TLS,Timor-Leste,0,4,0,0,0,0,0,0,0,0,0,0,0,0,0,0,0,0,2,2,0,0,0,0,0,0,0,0,0,0,0,0,0,0,0,0,0,0,0,0,0,0,0,0,0,0,0,0,0,0,0,0,0,0,0,0,0,0,0,0,0,0,0,0,0,0,4,0,0,0,0
2005,Corporate_donations,NGO,TLS,Timor-Leste,0,143,0,0,1,0,0,0,0,1,2,0,13,2,14,3,16,0,1,1,0,0,0,0,0,0,0,1,0,0,0,2,0,0,0,0,0,0,0,0,0,0,0,0,0,0,0,0,0,0,0,1,1,0,0,1,2,2,14,0,0,64,0,4,48,19,3,2,0,2,1
2005,Gates Foundation,NGO,TLS,Timor-Leste,0,43,0,0,0,0,0,0,0,8,4,4,2,0,0,2,1,1,4,4,1,1,1,1,0,0,3,1,1,0,0,0,0,0,0,0,0,0,0,0,0,0,0,0,0,0,0,0,0,0,0,1,1,1,0,0,0,0,0,0,0,0,0,16,5,0,19,0,0,3,0
2005,Private_other,NGO,TLS,Timor-Leste,0,686,23,0,1,1,69,17,0,44,33,14,42,16,42,37,48,2,18,14,4,5,5,12,0,0,11,8,6,9,2,3,6,10,13,0,0,7,10,8,4,3,0,0,2,2,1,1,0,0,0,10,6,4,1,4,4,6,41,2,0,56,0,176,188,57,84,68,12,20,25
2005,United_States,NGO,TLS,Timor-Leste,0,15,0,0,0,0,0,0,0,0,0,0,0,0,0,0,0,0,9,7,0,0,0,0,0,0,0,0,0,0,0,0,0,0,0,0,0,0,0,0,0,0,0,0,0,0,0,0,0,0,0,0,0,0,0,0,0,0,0,0,0,0,0,0,0,0,15,0,0,0,0
2005,Australia,UNAIDS,TLS,Timor-Leste,0,1,0,0,0,0,0,0,0,0,0,0,0,0,0,0,0,0,0,0,0,0,0,0,0,0,1,0,0,0,0,0,0,0,0,0,0,0,0,0,0,0,0,0,0,0,0,0,0,0,0,0,0,0,0,0,0,0,0,0,0,0,0,0,0,0,1,0,0,0,0
2005,Belgium,UNAIDS,TLS,Timor-Leste,0,3,0,0,0,0,0,0,0,0,0,0,0,0,0,0,0,0,0,1,0,0,0,0,0,0,1,0,0,0,0,0,0,0,0,0,0,0,0,0,0,0,0,0,0,0,0,0,0,0,0,0,0,0,0,0,0,0,0,0,0,0,0,0,0,0,3,0,0,0,0
2005,Canada,UNAIDS,TLS,Timor-Leste,0,3,0,0,0,0,0,0,0,0,0,0,0,0,0,0,0,0,0,1,0,0,0,0,0,0,1,0,0,0,0,0,0,0,0,0,0,0,0,0,0,0,0,0,0,0,0,0,0,0,0,0,0,0,0,0,0,0,0,0,0,0,0,0,0,0,3,0,0,0,0
2005,Denmark,UNAIDS,TLS,Timor-Leste,0,2,0,0,0,0,0,0,0,0,0,0,0,0,0,0,0,0,0,1,0,0,0,0,0,0,1,0,0,0,0,0,0,0,0,0,0,0,0,0,0,0,0,0,0,0,0,0,0,0,0,0,0,0,0,0,0,0,0,0,0,0,0,0,0,0,2,0,0,0,0
2005,Finland,UNAIDS,TLS,Timor-Leste,0,3,0,0,0,0,0,0,0,0,0,0,0,0,0,0,0,0,0,1,0,0,0,0,0,0,1,0,0,0,0,0,0,0,0,0,0,0,0,0,0,0,0,0,0,0,0,0,0,0,0,0,0,0,0,0,0,0,0,0,0,0,0,0,0,0,3,0,0,0,0
2005,Ireland,UNAIDS,TLS,Timor-Leste,0,1,0,0,0,0,0,0,0,0,0,0,0,0,0,0,0,0,0,0,0,0,0,0,0,0,1,0,0,0,0,0,0,0,0,0,0,0,0,0,0,0,0,0,0,0,0,0,0,0,0,0,0,0,0,0,0,0,0,0,0,0,0,0,0,0,1,0,0,0,0
2005,Japan,UNAIDS,TLS,Timor-Leste,0,1,0,0,0,0,0,0,0,0,0,0,0,0,0,0,0,0,0,0,0,0,0,0,0,0,1,0,0,0,0,0,0,0,0,0,0,0,0,0,0,0,0,0,0,0,0,0,0,0,0,0,0,0,0,0,0,0,0,0,0,0,0,0,0,0,1,0,0,0,0
2005,Netherlands,UNAIDS,TLS,Timor-Leste,0,11,0,0,0,0,0,0,0,0,0,0,0,0,0,0,0,0,1,2,0,0,1,0,0,1,6,0,0,0,0,0,0,0,0,0,0,0,0,0,0,0,0,0,0,0,0,0,0,0,0,0,0,0,0,0,0,0,0,0,0,0,0,0,0,0,11,0,0,0,0
2005,Norway,UNAIDS,TLS,Timor-Leste,0,7,0,0,0,0,0,0,0,0,0,0,0,0,0,0,0,0,0,2,0,0,0,0,0,1,4,0,0,0,0,0,0,0,0,0,0,0,0,0,0,0,0,0,0,0,0,0,0,0,0,0,0,0,0,0,0,0,0,0,0,0,0,0,0,0,7,0,0,0,0
2005,Other,UNAIDS,TLS,Timor-Leste,0,1,0,0,0,0,0,0,0,0,0,0,0,0,0,0,0,0,0,0,0,0,0,0,0,0,1,0,0,0,0,0,0,0,0,0,0,0,0,0,0,0,0,0,0,0,0,0,0,0,0,0,0,0,0,0,0,0,0,0,0,0,0,0,0,0,1,0,0,0,0
2005,Sweden,UNAIDS,TLS,Timor-Leste,0,9,0,0,0,0,0,0,0,0,0,0,0,0,0,0,0,0,1,2,0,0,0,0,0,1,5,0,0,0,0,0,0,0,0,0,0,0,0,0,0,0,0,0,0,0,0,0,0,0,0,0,0,0,0,0,0,0,0,0,0,0,0,0,0,0,9,0,0,0,0
2005,Switzerland,UNAIDS,TLS,Timor-Leste,0,1,0,0,0,0,0,0,0,0,0,0,0,0,0,0,0,0,0,0,0,0,0,0,0,0,1,0,0,0,0,0,0,0,0,0,0,0,0,0,0,0,0,0,0,0,0,0,0,0,0,0,0,0,0,0,0,0,0,0,0,0,0,0,0,0,1,0,0,0,0
2005,United_Kingdom,UNAIDS,TLS,Timor-Leste,0,11,0,0,0,0,0,0,0,0,0,0,0,0,0,0,0,0,1,2,0,0,1,0,0,1,6,0,0,0,0,0,0,0,0,0,0,0,0,0,0,0,0,0,0,0,0,0,0,0,0,0,0,0,0,0,0,0,0,0,0,0,0,0,0,0,11,0,0,0,0
2005,United_States,UNAIDS,TLS,Timor-Leste,0,11,0,0,0,0,0,0,0,0,0,0,0,0,0,0,0,0,1,2,0,0,0,0,0,1,6,0,0,0,0,0,0,0,0,0,0,0,0,0,0,0,0,0,0,0,0,0,0,0,0,0,0,0,0,0,0,0,0,0,0,0,0,0,0,0,11,0,0,0,0
2005,Australia,UNFPA,TLS,Timor-Leste,0,5,0,0,0,0,1,3,0,1,0,0,0,0,0,0,0,0,0,0,0,0,0,0,0,0,0,0,0,0,0,0,0,0,0,0,0,0,0,0,0,0,0,0,0,0,0,0,0,0,0,0,0,0,0,0,0,0,0,0,0,0,0,5,0,0,0,0,0,0,0
2005,Austria,UNFPA,TLS,Timor-Leste,0,2,0,0,0,0,0,1,0,0,0,0,0,0,0,0,0,0,0,0,0,0,0,0,0,0,0,0,0,0,0,0,0,0,0,0,0,0,0,0,0,0,0,0,0,0,0,0,0,0,0,0,0,0,0,0,0,0,0,0,0,0,0,2,0,0,0,0,0,0,0
2005,Belgium,UNFPA,TLS,Timor-Leste,0,10,0,0,0,0,2,6,0,1,0,0,0,0,0,0,0,0,0,0,0,0,0,0,0,0,0,0,0,0,0,0,0,0,0,0,0,0,0,0,0,0,0,0,0,0,0,0,0,0,0,0,0,0,0,0,0,0,0,0,0,0,0,10,0,0,0,0,0,0,0
2005,Canada,UNFPA,TLS,Timor-Leste,0,26,0,0,0,0,6,16,1,3,0,0,0,0,0,0,0,0,0,0,0,0,0,0,0,0,0,0,0,0,0,0,0,0,0,0,0,0,0,0,0,0,0,0,0,0,0,0,0,0,0,0,0,0,0,0,0,0,0,0,0,0,0,26,0,0,0,0,0,0,0
2005,China,UNFPA,TLS,Timor-Leste,0,2,0,0,0,0,0,1,0,0,0,0,0,0,0,0,0,0,0,0,0,0,0,0,0,0,0,0,0,0,0,0,0,0,0,0,0,0,0,0,0,0,0,0,0,0,0,0,0,0,0,0,0,0,0,0,0,0,0,0,0,0,0,2,0,0,0,0,0,0,0
2005,Denmark,UNFPA,TLS,Timor-Leste,0,75,0,0,0,0,16,46,4,9,0,0,0,0,0,0,0,0,0,0,0,0,0,0,0,0,0,0,0,0,0,0,0,0,0,0,0,0,0,0,0,0,0,0,0,0,0,0,0,0,0,0,0,0,0,0,0,0,0,0,0,0,0,75,0,0,0,0,0,0,0
2005,Finland,UNFPA,TLS,Timor-Leste,0,43,0,0,0,0,9,27,2,5,0,0,0,0,0,0,0,0,0,0,0,0,0,0,0,0,0,0,0,0,0,0,0,0,0,0,0,0,0,0,0,0,0,0,0,0,0,0,0,0,0,0,0,0,0,0,0,0,0,0,0,0,0,43,0,0,0,0,0,0,0
2005,France,UNFPA,TLS,Timor-Leste,0,6,0,0,0,0,1,3,0,1,0,0,0,0,0,0,0,0,0,0,0,0,0,0,0,0,0,0,0,0,0,0,0,0,0,0,0,0,0,0,0,0,0,0,0,0,0,0,0,0,0,0,0,0,0,0,0,0,0,0,0,0,0,6,0,0,0,0,0,0,0
2005,Germany,UNFPA,TLS,Timor-Leste,0,46,0,0,0,0,10,28,2,6,0,0,0,0,0,0,0,0,0,0,0,0,0,0,0,0,0,0,0,0,0,0,0,0,0,0,0,0,0,0,0,0,0,0,0,0,0,0,0,0,0,0,0,0,0,0,0,0,0,0,0,0,0,46,0,0,0,0,0,0,0
2005,Ireland,UNFPA,TLS,Timor-Leste,0,9,0,0,0,0,2,5,0,1,0,0,0,0,0,0,0,0,0,0,0,0,0,0,0,0,0,0,0,0,0,0,0,0,0,0,0,0,0,0,0,0,0,0,0,0,0,0,0,0,0,0,0,0,0,0,0,0,0,0,0,0,0,9,0,0,0,0,0,0,0
2005,Italy,UNFPA,TLS,Timor-Leste,0,7,0,0,0,0,1,4,0,1,0,0,0,0,0,0,0,0,0,0,0,0,0,0,0,0,0,0,0,0,0,0,0,0,0,0,0,0,0,0,0,0,0,0,0,0,0,0,0,0,0,0,0,0,0,0,0,0,0,0,0,0,0,7,0,0,0,0,0,0,0
2005,Japan,UNFPA,TLS,Timor-Leste,0,96,0,0,0,0,20,59,5,12,0,0,0,0,0,0,0,0,0,0,0,0,0,0,0,0,0,0,0,0,0,0,0,0,0,0,0,0,0,0,0,0,0,0,0,0,0,0,0,0,0,0,0,0,0,0,0,0,0,0,0,0,0,96,0,0,0,0,0,0,0
2005,Luxembourg,UNFPA,TLS,Timor-Leste,0,3,0,0,0,0,1,2,0,0,0,0,0,0,0,0,0,0,0,0,0,0,0,0,0,0,0,0,0,0,0,0,0,0,0,0,0,0,0,0,0,0,0,0,0,0,0,0,0,0,0,0,0,0,0,0,0,0,0,0,0,0,0,3,0,0,0,0,0,0,0
2005,Netherlands,UNFPA,TLS,Timor-Leste,0,185,0,0,0,0,39,114,10,22,0,0,0,0,0,0,0,0,0,0,0,0,0,0,0,0,0,0,0,0,0,0,0,0,0,0,0,0,0,0,0,0,0,0,0,0,0,0,0,0,0,0,0,0,0,0,0,0,0,0,0,0,0,185,0,0,0,0,0,0,0
2005,New_Zealand,UNFPA,TLS,Timor-Leste,0,5,0,0,0,0,1,3,0,1,0,0,0,0,0,0,0,0,0,0,0,0,0,0,0,0,0,0,0,0,0,0,0,0,0,0,0,0,0,0,0,0,0,0,0,0,0,0,0,0,0,0,0,0,0,0,0,0,0,0,0,0,0,5,0,0,0,0,0,0,0
2005,Non_OECD_DAC_countries,UNFPA,TLS,Timor-Leste,0,1,0,0,0,0,0,1,0,0,0,0,0,0,0,0,0,0,0,0,0,0,0,0,0,0,0,0,0,0,0,0,0,0,0,0,0,0,0,0,0,0,0,0,0,0,0,0,0,0,0,0,0,0,0,0,0,0,0,0,0,0,0,1,0,0,0,0,0,0,0
2005,Norway,UNFPA,TLS,Timor-Leste,0,89,0,0,0,0,19,54,5,11,0,0,0,0,0,0,0,0,0,0,0,0,0,0,0,0,0,0,0,0,0,0,0,0,0,0,0,0,0,0,0,0,0,0,0,0,0,0,0,0,0,0,0,0,0,0,0,0,0,0,0,0,0,89,0,0,0,0,0,0,0
2005,Other,UNFPA,TLS,Timor-Leste,0,270,0,0,0,0,58,166,14,32,0,0,0,0,0,0,0,0,0,0,0,0,0,0,0,0,0,0,0,0,0,0,0,0,0,0,0,0,0,0,0,0,0,0,0,0,0,0,0,0,0,0,0,0,0,0,0,0,0,0,0,0,0,270,0,0,0,0,0,0,0
2005,Private_other,UNFPA,TLS,Timor-Leste,0,2,0,0,0,0,0,1,0,0,0,0,0,0,0,0,0,0,0,0,0,0,0,0,0,0,0,0,0,0,0,0,0,0,0,0,0,0,0,0,0,0,0,0,0,0,0,0,0,0,0,0,0,0,0,0,0,0,0,0,0,0,0,2,0,0,0,0,0,0,0
2005,Spain,UNFPA,TLS,Timor-Leste,0,1,0,0,0,0,0,1,0,0,0,0,0,0,0,0,0,0,0,0,0,0,0,0,0,0,0,0,0,0,0,0,0,0,0,0,0,0,0,0,0,0,0,0,0,0,0,0,0,0,0,0,0,0,0,0,0,0,0,0,0,0,0,1,0,0,0,0,0,0,0
2005,Sweden,UNFPA,TLS,Timor-Leste,0,106,0,0,0,0,23,65,5,13,0,0,0,0,0,0,0,0,0,0,0,0,0,0,0,0,0,0,0,0,0,0,0,0,0,0,0,0,0,0,0,0,0,0,0,0,0,0,0,0,0,0,0,0,0,0,0,0,0,0,0,0,0,106,0,0,0,0,0,0,0
2005,Switzerland,UNFPA,TLS,Timor-Leste,0,25,0,0,0,0,5,15,1,3,0,0,0,0,0,0,0,0,0,0,0,0,0,0,0,0,0,0,0,0,0,0,0,0,0,0,0,0,0,0,0,0,0,0,0,0,0,0,0,0,0,0,0,0,0,0,0,0,0,0,0,0,0,25,0,0,0,0,0,0,0
2005,United_Kingdom,UNFPA,TLS,Timor-Leste,0,91,0,0,0,0,19,56,5,11,0,0,0,0,0,0,0,0,0,0,0,0,0,0,0,0,0,0,0,0,0,0,0,0,0,0,0,0,0,0,0,0,0,0,0,0,0,0,0,0,0,0,0,0,0,0,0,0,0,0,0,0,0,91,0,0,0,0,0,0,0
2005,Australia,UNICEF,TLS,Timor-Leste,0,28,0,0,0,0,0,0,1,0,0,0,8,6,9,2,0,0,0,0,0,0,0,0,0,1,0,0,0,0,0,0,0,0,0,0,0,0,0,0,0,0,0,0,0,0,0,0,0,0,0,0,0,0,0,0,0,0,0,0,0,0,0,1,26,0,2,0,0,0,0
2005,Austria,UNICEF,TLS,Timor-Leste,0,3,0,0,0,0,0,0,0,0,0,0,1,1,1,0,0,0,0,0,0,0,0,0,0,0,0,0,0,0,0,0,0,0,0,0,0,0,0,0,0,0,0,0,0,0,0,0,0,0,0,0,0,0,0,0,0,0,0,0,0,0,0,0,2,0,0,0,0,0,0
2005,Belgium,UNICEF,TLS,Timor-Leste,0,12,0,0,0,0,0,0,0,0,0,0,3,3,4,1,0,0,0,0,0,0,0,0,0,0,0,0,0,0,0,0,0,0,0,0,0,0,0,0,0,0,0,0,0,0,0,0,0,0,0,0,0,0,0,0,0,0,0,0,0,0,0,0,11,0,1,0,0,0,0
2005,Canada,UNICEF,TLS,Timor-Leste,0,78,0,0,0,0,0,0,2,0,0,0,23,17,26,6,0,0,0,1,1,1,0,0,0,2,0,0,0,0,0,0,0,0,0,0,0,0,0,0,0,0,0,0,0,0,0,0,0,0,0,0,0,0,0,0,0,0,0,0,0,0,0,2,72,0,4,0,0,0,0
2005,Denmark,UNICEF,TLS,Timor-Leste,0,22,0,0,0,0,0,0,1,0,0,0,6,5,7,2,0,0,0,0,0,0,0,0,0,1,0,0,0,0,0,0,0,0,0,0,0,0,0,0,0,0,0,0,0,0,0,0,0,0,0,0,0,0,0,0,0,0,0,0,0,0,0,1,20,0,1,0,0,0,0
2005,Finland,UNICEF,TLS,Timor-Leste,0,12,0,0,0,0,0,0,0,0,0,0,4,3,4,1,0,0,0,0,0,0,0,0,0,0,0,0,0,0,0,0,0,0,0,0,0,0,0,0,0,0,0,0,0,0,0,0,0,0,0,0,0,0,0,0,0,0,0,0,0,0,0,0,11,0,1,0,0,0,0
2005,France,UNICEF,TLS,Timor-Leste,0,23,0,0,0,0,0,0,1,0,0,0,7,5,8,2,0,0,0,0,0,0,0,0,0,1,0,0,0,0,0,0,0,0,0,0,0,0,0,0,0,0,0,0,0,0,0,0,0,0,0,0,0,0,0,0,0,0,0,0,0,0,0,1,21,0,1,0,0,0,0
2005,Germany,UNICEF,TLS,Timor-Leste,0,20,0,0,0,0,0,0,1,0,0,0,6,4,7,2,0,0,0,0,0,0,0,0,0,0,0,0,0,0,0,0,0,0,0,0,0,0,0,0,0,0,0,0,0,0,0,0,0,0,0,0,0,0,0,0,0,0,0,0,0,0,0,1,18,0,1,0,0,0,0
2005,Greece,UNICEF,TLS,Timor-Leste,0,1,0,0,0,0,0,0,0,0,0,0,0,0,0,0,0,0,0,0,0,0,0,0,0,0,0,0,0,0,0,0,0,0,0,0,0,0,0,0,0,0,0,0,0,0,0,0,0,0,0,0,0,0,0,0,0,0,0,0,0,0,0,0,1,0,0,0,0,0,0
2005,Ireland,UNICEF,TLS,Timor-Leste,0,10,0,0,0,0,0,0,0,0,0,0,3,2,3,1,0,0,0,0,0,0,0,0,0,0,0,0,0,0,0,0,0,0,0,0,0,0,0,0,0,0,0,0,0,0,0,0,0,0,0,0,0,0,0,0,0,0,0,0,0,0,0,0,9,0,1,0,0,0,0
2005,Italy,UNICEF,TLS,Timor-Leste,0,29,0,0,0,0,0,0,1,0,0,0,8,6,10,2,0,0,0,0,0,0,0,0,0,1,0,0,0,0,0,0,0,0,0,0,0,0,0,0,0,0,0,0,0,0,0,0,0,0,0,0,0,0,0,0,0,0,0,0,0,0,0,1,26,0,2,0,0,0,0
2005,Japan,UNICEF,TLS,Timor-Leste,0,114,0,0,0,0,0,0,4,0,0,0,33,25,38,9,0,0,0,1,1,1,0,0,0,3,0,0,0,0,0,0,0,0,0,0,0,0,0,0,0,0,0,0,0,0,0,0,0,0,0,0,0,0,0,0,0,0,0,0,0,0,0,4,104,0,6,0,0,0,0
2005,Korea,UNICEF,TLS,Timor-Leste,0,2,0,0,0,0,0,0,0,0,0,0,1,0,1,0,0,0,0,0,0,0,0,0,0,0,0,0,0,0,0,0,0,0,0,0,0,0,0,0,0,0,0,0,0,0,0,0,0,0,0,0,0,0,0,0,0,0,0,0,0,0,0,0,2,0,0,0,0,0,0
2005,Luxembourg,UNICEF,TLS,Timor-Leste,0,4,0,0,0,0,0,0,0,0,0,0,1,1,1,0,0,0,0,0,0,0,0,0,0,0,0,0,0,0,0,0,0,0,0,0,0,0,0,0,0,0,0,0,0,0,0,0,0,0,0,0,0,0,0,0,0,0,0,0,0,0,0,0,4,0,0,0,0,0,0
2005,Netherlands,UNICEF,TLS,Timor-Leste,0,86,0,0,0,0,0,0,3,0,0,0,25,19,28,7,0,0,0,1,1,1,0,0,0,2,0,0,0,0,0,0,0,0,0,0,0,0,0,0,0,0,0,0,0,0,0,0,0,0,0,0,0,0,0,0,0,0,0,0,0,0,0,3,79,0,5,0,0,0,0
2005,New_Zealand,UNICEF,TLS,Timor-Leste,0,4,0,0,0,0,0,0,0,0,0,0,1,1,1,0,0,0,0,0,0,0,0,0,0,0,0,0,0,0,0,0,0,0,0,0,0,0,0,0,0,0,0,0,0,0,0,0,0,0,0,0,0,0,0,0,0,0,0,0,0,0,0,0,4,0,0,0,0,0,0
2005,Non_OECD_non_DAC_countries,UNICEF,TLS,Timor-Leste,0,3,0,0,0,0,0,0,0,0,0,0,1,1,1,0,0,0,0,0,0,0,0,0,0,0,0,0,0,0,0,0,0,0,0,0,0,0,0,0,0,0,0,0,0,0,0,0,0,0,0,0,0,0,0,0,0,0,0,0,0,0,0,0,3,0,0,0,0,0,0
2005,Norway,UNICEF,TLS,Timor-Leste,0,126,0,0,0,0,0,0,4,0,0,0,36,27,42,10,0,0,0,1,1,1,0,0,0,3,0,0,0,0,0,0,0,0,0,0,0,0,0,0,0,0,0,0,0,0,0,0,0,0,0,0,0,0,0,0,0,0,0,0,0,0,0,4,115,0,7,0,0,0,0
2005,Other,UNICEF,TLS,Timor-Leste,0,23,0,0,0,0,0,0,1,0,0,0,7,5,8,2,0,0,0,0,0,0,0,0,0,1,0,0,0,0,0,0,0,0,0,0,0,0,0,0,0,0,0,0,0,0,0,0,0,0,0,0,0,0,0,0,0,0,0,0,0,0,0,1,21,0,1,0,0,0,0
2005,Private_other,UNICEF,TLS,Timor-Leste,0,645,0,0,0,0,0,0,21,0,0,0,186,140,213,51,0,0,2,6,6,5,2,0,0,15,0,0,0,0,0,0,0,0,0,0,0,0,0,0,0,0,0,0,0,0,0,0,0,0,0,0,0,0,0,0,0,0,0,0,0,0,0,21,590,0,35,0,0,0,0
2005,Spain,UNICEF,TLS,Timor-Leste,0,10,0,0,0,0,0,0,0,0,0,0,3,2,3,1,0,0,0,0,0,0,0,0,0,0,0,0,0,0,0,0,0,0,0,0,0,0,0,0,0,0,0,0,0,0,0,0,0,0,0,0,0,0,0,0,0,0,0,0,0,0,0,0,9,0,1,0,0,0,0
2005,Sweden,UNICEF,TLS,Timor-Leste,0,81,0,0,0,0,0,0,3,0,0,0,23,18,27,6,0,0,0,1,1,1,0,0,0,2,0,0,0,0,0,0,0,0,0,0,0,0,0,0,0,0,0,0,0,0,0,0,0,0,0,0,0,0,0,0,0,0,0,0,0,0,0,3,74,0,4,0,0,0,0
2005,Switzerland,UNICEF,TLS,Timor-Leste,0,8,0,0,0,0,0,0,0,0,0,0,2,2,3,1,0,0,0,0,0,0,0,0,0,0,0,0,0,0,0,0,0,0,0,0,0,0,0,0,0,0,0,0,0,0,0,0,0,0,0,0,0,0,0,0,0,0,0,0,0,0,0,0,8,0,0,0,0,0,0
2005,Unallocable,UNICEF,TLS,Timor-Leste,0,12,0,0,0,0,0,0,0,0,0,0,3,3,4,1,0,0,0,0,0,0,0,0,0,0,0,0,0,0,0,0,0,0,0,0,0,0,0,0,0,0,0,0,0,0,0,0,0,0,0,0,0,0,0,0,0,0,0,0,0,0,0,0,11,0,1,0,0,0,0
2005,United_Kingdom,UNICEF,TLS,Timor-Leste,0,143,0,0,0,0,0,0,5,0,0,0,41,31,47,11,0,0,0,1,1,1,0,0,0,3,0,0,0,0,0,0,0,0,0,0,0,0,0,0,0,0,0,0,0,0,0,0,0,0,0,0,0,0,0,0,0,0,0,0,0,0,0,5,131,0,8,0,0,0,0
2005,United_States,UNICEF,TLS,Timor-Leste,0,158,0,0,0,0,0,0,5,0,0,0,45,34,52,12,0,0,0,1,1,1,0,0,0,4,0,0,0,0,0,0,0,0,0,0,0,0,0,0,0,0,0,0,0,0,0,0,0,0,0,0,0,0,0,0,0,0,0,0,0,0,0,5,144,0,8,0,0,0,0
2005,Private_other,US_FOUND,TLS,Timor-Leste,0,152,3,0,0,0,10,0,111,0,0,0,0,0,0,0,0,0,0,12,0,0,0,0,0,2,0,2,0,0,0,0,0,0,0,0,0,0,0,0,0,0,0,0,0,0,0,0,0,0,0,4,1,1,0,0,0,0,0,0,0,7,0,120,0,1,17,0,0,5,3
2005,Australia,WB_IDA,TLS,Timor-Leste,0,48,0,0,48,0,0,0,0,0,0,0,0,0,0,0,0,0,0,0,0,0,0,0,0,0,0,0,0,0,0,0,0,0,0,0,0,0,0,0,0,0,0,0,0,0,0,0,0,0,0,0,0,0,0,0,0,0,0,0,0,0,0,0,0,0,0,0,0,0,48
2005,Austria,WB_IDA,TLS,Timor-Leste,0,7,0,0,7,0,0,0,0,0,0,0,0,0,0,0,0,0,0,0,0,0,0,0,0,0,0,0,0,0,0,0,0,0,0,0,0,0,0,0,0,0,0,0,0,0,0,0,0,0,0,0,0,0,0,0,0,0,0,0,0,0,0,0,0,0,0,0,0,0,7
2005,Canada,WB_IDA,TLS,Timor-Leste,0,28,0,0,28,0,0,0,0,0,0,0,0,0,0,0,0,0,0,0,0,0,0,0,0,0,0,0,0,0,0,0,0,0,0,0,0,0,0,0,0,0,0,0,0,0,0,0,0,0,0,0,0,0,0,0,0,0,0,0,0,0,0,0,0,0,0,0,0,0,28
2005,Debt_repayments,WB_IDA,TLS,Timor-Leste,0,239,0,0,239,0,0,0,0,0,0,0,0,0,0,0,0,0,0,0,0,0,0,0,0,0,0,0,0,0,0,0,0,0,0,0,0,0,0,0,0,0,0,0,0,0,0,0,0,0,0,0,0,0,0,0,0,0,0,0,0,0,0,0,0,0,0,0,0,0,239
2005,Denmark,WB_IDA,TLS,Timor-Leste,0,10,0,0,10,0,0,0,0,0,0,0,0,0,0,0,0,0,0,0,0,0,0,0,0,0,0,0,0,0,0,0,0,0,0,0,0,0,0,0,0,0,0,0,0,0,0,0,0,0,0,0,0,0,0,0,0,0,0,0,0,0,0,0,0,0,0,0,0,0,10
2005,Finland,WB_IDA,TLS,Timor-Leste,0,7,0,0,7,0,0,0,0,0,0,0,0,0,0,0,0,0,0,0,0,0,0,0,0,0,0,0,0,0,0,0,0,0,0,0,0,0,0,0,0,0,0,0,0,0,0,0,0,0,0,0,0,0,0,0,0,0,0,0,0,0,0,0,0,0,0,0,0,0,7
2005,France,WB_IDA,TLS,Timor-Leste,0,63,0,0,63,0,0,0,0,0,0,0,0,0,0,0,0,0,0,0,0,0,0,0,0,0,0,0,0,0,0,0,0,0,0,0,0,0,0,0,0,0,0,0,0,0,0,0,0,0,0,0,0,0,0,0,0,0,0,0,0,0,0,0,0,0,0,0,0,0,63
2005,Germany,WB_IDA,TLS,Timor-Leste,0,71,0,0,71,0,0,0,0,0,0,0,0,0,0,0,0,0,0,0,0,0,0,0,0,0,0,0,0,0,0,0,0,0,0,0,0,0,0,0,0,0,0,0,0,0,0,0,0,0,0,0,0,0,0,0,0,0,0,0,0,0,0,0,0,0,0,0,0,0,71
2005,Ireland,WB_IDA,TLS,Timor-Leste,0,3,0,0,3,0,0,0,0,0,0,0,0,0,0,0,0,0,0,0,0,0,0,0,0,0,0,0,0,0,0,0,0,0,0,0,0,0,0,0,0,0,0,0,0,0,0,0,0,0,0,0,0,0,0,0,0,0,0,0,0,0,0,0,0,0,0,0,0,0,3
2005,Italy,WB_IDA,TLS,Timor-Leste,0,100,0,0,100,0,0,0,0,0,0,0,0,0,0,0,0,0,0,0,0,0,0,0,0,0,0,0,0,0,0,0,0,0,0,0,0,0,0,0,0,0,0,0,0,0,0,0,0,0,0,0,0,0,0,0,0,0,0,0,0,0,0,0,0,0,0,0,0,0,100
2005,Japan,WB_IDA,TLS,Timor-Leste,0,111,0,0,111,0,0,0,0,0,0,0,0,0,0,0,0,0,0,0,0,0,0,0,0,0,0,0,0,0,0,0,0,0,0,0,0,0,0,0,0,0,0,0,0,0,0,0,0,0,0,0,0,0,0,0,0,0,0,0,0,0,0,0,0,0,0,0,0,0,111
2005,Netherlands,WB_IDA,TLS,Timor-Leste,0,7,0,0,7,0,0,0,0,0,0,0,0,0,0,0,0,0,0,0,0,0,0,0,0,0,0,0,0,0,0,0,0,0,0,0,0,0,0,0,0,0,0,0,0,0,0,0,0,0,0,0,0,0,0,0,0,0,0,0,0,0,0,0,0,0,0,0,0,0,7
2005,New_Zealand,WB_IDA,TLS,Timor-Leste,0,1,0,0,1,0,0,0,0,0,0,0,0,0,0,0,0,0,0,0,0,0,0,0,0,0,0,0,0,0,0,0,0,0,0,0,0,0,0,0,0,0,0,0,0,0,0,0,0,0,0,0,0,0,0,0,0,0,0,0,0,0,0,0,0,0,0,0,0,0,1
2005,Norway,WB_IDA,TLS,Timor-Leste,0,17,0,0,17,0,0,0,0,0,0,0,0,0,0,0,0,0,0,0,0,0,0,0,0,0,0,0,0,0,0,0,0,0,0,0,0,0,0,0,0,0,0,0,0,0,0,0,0,0,0,0,0,0,0,0,0,0,0,0,0,0,0,0,0,0,0,0,0,0,17
2005,Other,WB_IDA,TLS,Timor-Leste,0,171,0,0,171,0,0,0,0,0,0,0,0,0,0,0,0,0,0,0,0,0,0,0,0,0,0,0,0,0,0,0,0,0,0,0,0,0,0,0,0,0,0,0,0,0,0,0,0,0,0,0,0,0,0,0,0,0,0,0,0,0,0,0,0,0,0,0,0,0,171
2005,Portugal,WB_IDA,TLS,Timor-Leste,0,2,0,0,2,0,0,0,0,0,0,0,0,0,0,0,0,0,0,0,0,0,0,0,0,0,0,0,0,0,0,0,0,0,0,0,0,0,0,0,0,0,0,0,0,0,0,0,0,0,0,0,0,0,0,0,0,0,0,0,0,0,0,0,0,0,0,0,0,0,2
2005,Spain,WB_IDA,TLS,Timor-Leste,0,18,0,0,18,0,0,0,0,0,0,0,0,0,0,0,0,0,0,0,0,0,0,0,0,0,0,0,0,0,0,0,0,0,0,0,0,0,0,0,0,0,0,0,0,0,0,0,0,0,0,0,0,0,0,0,0,0,0,0,0,0,0,0,0,0,0,0,0,0,18
2005,Sweden,WB_IDA,TLS,Timor-Leste,0,38,0,0,38,0,0,0,0,0,0,0,0,0,0,0,0,0,0,0,0,0,0,0,0,0,0,0,0,0,0,0,0,0,0,0,0,0,0,0,0,0,0,0,0,0,0,0,0,0,0,0,0,0,0,0,0,0,0,0,0,0,0,0,0,0,0,0,0,0,38
2005,United_Kingdom,WB_IDA,TLS,Timor-Leste,0,98,0,0,98,0,0,0,0,0,0,0,0,0,0,0,0,0,0,0,0,0,0,0,0,0,0,0,0,0,0,0,0,0,0,0,0,0,0,0,0,0,0,0,0,0,0,0,0,0,0,0,0,0,0,0,0,0,0,0,0,0,0,0,0,0,0,0,0,0,98
2005,United_States,WB_IDA,TLS,Timor-Leste,0,125,0,0,125,0,0,0,0,0,0,0,0,0,0,0,0,0,0,0,0,0,0,0,0,0,0,0,0,0,0,0,0,0,0,0,0,0,0,0,0,0,0,0,0,0,0,0,0,0,0,0,0,0,0,0,0,0,0,0,0,0,0,0,0,0,0,0,0,0,125
2005,Australia,WHO,TLS,Timor-Leste,0,25,0,0,9,1,0,0,0,0,0,0,0,6,0,0,0,0,0,0,0,0,0,0,0,1,0,0,0,0,0,0,0,0,0,0,1,0,0,0,0,0,0,1,0,0,0,0,0,0,3,0,0,0,0,0,0,0,0,0,0,1,0,0,6,0,1,1,1,3,10
2005,Austria,WHO,TLS,Timor-Leste,0,9,0,0,3,0,0,0,0,0,0,0,0,2,0,0,0,0,0,0,0,0,0,0,0,0,0,0,0,0,0,0,0,0,0,0,0,0,0,0,0,0,0,0,0,0,0,0,0,0,1,0,0,0,0,0,0,0,0,0,0,0,0,0,2,0,0,0,0,1,3
2005,Belgium,WHO,TLS,Timor-Leste,0,16,0,0,6,1,0,0,0,0,0,0,0,4,0,0,0,0,0,0,0,0,0,0,0,1,0,0,0,0,0,0,0,0,0,0,1,0,0,0,0,0,0,1,0,0,0,0,0,0,2,0,0,0,0,0,0,0,0,0,0,1,0,0,4,0,1,1,1,2,7
2005,Canada,WHO,TLS,Timor-Leste,0,119,2,0,41,5,0,1,0,0,0,0,2,28,1,0,0,0,0,0,0,0,0,0,0,5,0,0,0,0,0,0,0,0,0,0,6,0,0,0,0,0,0,6,0,0,0,0,0,0,13,0,0,0,1,1,1,0,0,0,0,6,0,1,31,2,5,6,6,13,48
2005,China,WHO,TLS,Timor-Leste,0,13,0,0,4,1,0,0,0,0,0,0,0,3,0,0,0,0,0,0,0,0,0,0,0,1,0,0,0,0,0,0,0,0,0,0,1,0,0,0,0,0,0,1,0,0,0,0,0,0,1,0,0,0,0,0,0,0,0,0,0,1,0,0,3,0,1,1,1,1,5
2005,Corporate_donations,WHO,TLS,Timor-Leste,0,16,0,0,6,1,0,0,0,0,0,0,0,4,0,0,0,0,0,0,0,0,0,0,0,1,0,0,0,0,0,0,0,0,0,0,1,0,0,0,0,0,0,1,0,0,0,0,0,0,2,0,0,0,0,0,0,0,0,0,0,1,0,0,4,0,1,1,1,2,7
2005,Denmark,WHO,TLS,Timor-Leste,0,18,0,0,6,1,0,0,0,0,0,0,0,4,0,0,0,0,0,0,0,0,0,0,0,1,0,0,0,0,0,0,0,0,0,0,1,0,0,0,0,0,0,1,0,0,0,0,0,0,2,0,0,0,0,0,0,0,0,0,0,1,0,0,5,0,1,1,1,2,7
2005,Finland,WHO,TLS,Timor-Leste,0,10,0,0,4,0,0,0,0,0,0,0,0,2,0,0,0,0,0,0,0,0,0,0,0,0,0,0,0,0,0,0,0,0,0,0,1,0,0,0,0,0,0,1,0,0,0,0,0,0,1,0,0,0,0,0,0,0,0,0,0,1,0,0,3,0,0,1,1,1,4
2005,France,WHO,TLS,Timor-Leste,0,74,1,0,26,3,0,1,0,0,0,0,1,17,0,0,0,0,0,0,0,0,0,0,0,3,0,0,0,0,0,0,0,0,0,0,4,0,0,0,0,0,0,4,0,0,0,0,0,0,8,0,0,0,0,1,0,0,0,0,0,4,0,1,19,1,3,4,4,8,30
2005,Gates Foundation,WHO,TLS,Timor-Leste,0,40,1,0,14,2,0,0,0,0,0,0,1,9,0,0,0,0,0,0,0,0,0,0,0,2,0,0,0,0,0,0,0,0,0,0,2,0,0,0,0,0,0,2,0,0,0,0,0,0,4,0,0,0,0,0,0,0,0,0,0,2,0,0,10,1,2,2,2,4,16
2005,Germany,WHO,TLS,Timor-Leste,0,79,1,0,27,3,0,1,0,0,0,0,1,18,0,0,0,0,0,0,0,0,0,0,0,3,0,0,0,0,0,0,0,0,0,0,4,0,0,0,0,0,0,4,0,0,0,0,0,0,8,0,0,0,0,1,0,0,0,0,0,4,0,1,20,1,3,4,4,8,32
2005,Greece,WHO,TLS,Timor-Leste,0,4,0,0,1,0,0,0,0,0,0,0,0,1,0,0,0,0,0,0,0,0,0,0,0,0,0,0,0,0,0,0,0,0,0,0,0,0,0,0,0,0,0,0,0,0,0,0,0,0,0,0,0,0,0,0,0,0,0,0,0,0,0,0,1,0,0,0,0,0,2
2005,Ireland,WHO,TLS,Timor-Leste,0,9,0,0,3,0,0,0,0,0,0,0,0,2,0,0,0,0,0,0,0,0,0,0,0,0,0,0,0,0,0,0,0,0,0,0,0,0,0,0,0,0,0,0,0,0,0,0,0,0,1,0,0,0,0,0,0,0,0,0,0,0,0,0,2,0,0,0,0,1,4
2005,Italy,WHO,TLS,Timor-Leste,0,68,1,0,24,3,0,1,0,0,0,0,1,16,0,0,0,0,0,0,0,0,0,0,0,3,0,0,0,0,0,0,0,0,0,0,4,0,0,0,0,0,0,4,0,0,0,0,0,0,7,0,0,0,0,0,0,0,0,0,0,4,0,1,18,1,3,4,4,7,28
2005,Japan,WHO,TLS,Timor-Leste,0,130,2,0,45,5,0,1,0,0,0,0,2,30,1,0,0,0,0,0,0,0,0,0,0,6,0,0,0,0,0,0,0,0,0,0,7,0,0,0,0,0,0,7,0,0,0,0,0,0,14,0,0,0,1,1,1,0,0,0,0,7,0,1,33,2,6,7,7,14,52
2005,Korea,WHO,TLS,Timor-Leste,0,11,0,0,4,0,0,0,0,0,0,0,0,3,0,0,0,0,0,0,0,0,0,0,0,0,0,0,0,0,0,0,0,0,0,0,1,0,0,0,0,0,0,1,0,0,0,0,0,0,1,0,0,0,0,0,0,0,0,0,0,1,0,0,3,0,0,1,1,1,5
2005,Luxembourg,WHO,TLS,Timor-Leste,0,11,0,0,4,0,0,0,0,0,0,0,0,3,0,0,0,0,0,0,0,0,0,0,0,0,0,0,0,0,0,0,0,0,0,0,1,0,0,0,0,0,0,1,0,0,0,0,0,0,1,0,0,0,0,0,0,0,0,0,0,1,0,0,3,0,0,1,1,1,4
2005,Netherlands,WHO,TLS,Timor-Leste,0,57,1,0,20,2,0,1,0,0,0,0,1,13,0,0,0,0,0,0,0,0,0,0,0,2,0,0,0,0,0,0,0,0,0,0,3,0,0,0,0,0,0,3,0,0,0,0,0,0,6,0,0,0,0,0,0,0,0,0,0,3,0,1,15,1,2,3,3,6,23
2005,New_Zealand,WHO,TLS,Timor-Leste,0,2,0,0,1,0,0,0,0,0,0,0,0,0,0,0,0,0,0,0,0,0,0,0,0,0,0,0,0,0,0,0,0,0,0,0,0,0,0,0,0,0,0,0,0,0,0,0,0,0,0,0,0,0,0,0,0,0,0,0,0,0,0,0,1,0,0,0,0,0,1
2005,Non_OECD_DAC_countries,WHO,TLS,Timor-Leste,0,10,0,0,3,0,0,0,0,0,0,0,0,2,0,0,0,0,0,0,0,0,0,0,0,0,0,0,0,0,0,0,0,0,0,0,1,0,0,0,0,0,0,1,0,0,0,0,0,0,1,0,0,0,0,0,0,0,0,0,0,1,0,0,2,0,0,1,1,1,4
2005,Non_OECD_non_DAC_countries,WHO,TLS,Timor-Leste,0,51,1,0,18,2,0,1,0,0,0,0,1,12,0,0,0,0,0,0,0,0,0,0,0,2,0,0,0,0,0,0,0,0,0,0,3,0,0,0,0,0,0,3,0,0,0,0,0,0,6,0,0,0,0,0,0,0,0,0,0,3,0,1,13,1,2,3,3,6,21
2005,Norway,WHO,TLS,Timor-Leste,0,65,1,0,23,3,0,1,0,0,0,0,1,15,0,0,0,0,0,0,0,0,0,0,0,3,0,0,0,0,0,0,0,0,0,0,3,0,0,0,0,0,0,3,0,0,0,0,0,0,7,0,0,0,0,0,0,0,0,0,0,4,0,1,17,1,3,3,3,7,26
2005,Other,WHO,TLS,Timor-Leste,0,318,4,0,111,13,0,3,0,0,0,0,6,74,2,0,0,0,0,0,0,0,0,0,0,14,0,0,0,0,0,0,0,0,0,0,17,0,0,0,0,0,0,16,0,0,0,0,0,0,34,0,0,0,2,2,1,0,0,0,0,17,0,3,82,6,14,17,16,34,128
2005,Other_OECD_DAC_countries,WHO,TLS,Timor-Leste,0,5,0,0,2,0,0,0,0,0,0,0,0,1,0,0,0,0,0,0,0,0,0,0,0,0,0,0,0,0,0,0,0,0,0,0,0,0,0,0,0,0,0,0,0,0,0,0,0,0,1,0,0,0,0,0,0,0,0,0,0,0,0,0,1,0,0,0,0,1,2
2005,Portugal,WHO,TLS,Timor-Leste,0,3,0,0,1,0,0,0,0,0,0,0,0,1,0,0,0,0,0,0,0,0,0,0,0,0,0,0,0,0,0,0,0,0,0,0,0,0,0,0,0,0,0,0,0,0,0,0,0,0,0,0,0,0,0,0,0,0,0,0,0,0,0,0,1,0,0,0,0,0,1
2005,Private_other,WHO,TLS,Timor-Leste,0,55,1,0,19,2,0,1,0,0,0,0,1,13,0,0,0,0,0,0,0,0,0,0,0,2,0,0,0,0,0,0,0,0,0,0,3,0,0,0,0,0,0,3,0,0,0,0,0,0,6,0,0,0,0,0,0,0,0,0,0,3,0,1,14,1,2,3,3,6,22
2005,Spain,WHO,TLS,Timor-Leste,0,24,0,0,8,1,0,0,0,0,0,0,0,6,0,0,0,0,0,0,0,0,0,0,0,1,0,0,0,0,0,0,0,0,0,0,1,0,0,0,0,0,0,1,0,0,0,0,0,0,3,0,0,0,0,0,0,0,0,0,0,1,0,0,6,0,1,1,1,3,10
2005,Sweden,WHO,TLS,Timor-Leste,0,66,1,0,23,3,0,1,0,0,0,0,1,15,0,0,0,0,0,0,0,0,0,0,0,3,0,0,0,0,0,0,0,0,0,0,3,0,0,0,0,0,0,3,0,0,0,0,0,0,7,0,0,0,0,0,0,0,0,0,0,4,0,1,17,1,3,3,3,7,26
2005,Switzerland,WHO,TLS,Timor-Leste,0,15,0,0,5,1,0,0,0,0,0,0,0,3,0,0,0,0,0,0,0,0,0,0,0,1,0,0,0,0,0,0,0,0,0,0,1,0,0,0,0,0,0,1,0,0,0,0,0,0,2,0,0,0,0,0,0,0,0,0,0,1,0,0,4,0,1,1,1,2,6
2005,Unallocable,WHO,TLS,Timor-Leste,0,65,1,0,23,3,0,1,0,0,0,0,1,15,0,0,0,0,0,0,0,0,0,0,0,3,0,0,0,0,0,0,0,0,0,0,3,0,0,0,0,0,0,3,0,0,0,0,0,0,7,0,0,0,0,0,0,0,0,0,0,4,0,1,17,1,3,3,3,7,26
2005,United_Kingdom,WHO,TLS,Timor-Leste,0,200,3,0,70,8,0,2,0,0,0,0,4,47,1,0,0,0,0,0,0,0,0,0,0,9,0,0,0,0,0,0,0,0,0,0,11,0,0,0,0,0,0,10,0,0,0,0,0,0,22,0,0,0,1,1,1,0,0,0,0,11,0,2,52,4,9,11,10,22,81
2005,United_States,WHO,TLS,Timor-Leste,0,269,3,0,94,11,0,3,0,0,0,0,5,63,2,0,0,0,0,0,0,0,0,0,0,12,0,0,0,0,0,0,0,0,0,0,14,0,0,0,0,0,0,14,0,0,0,0,0,0,29,0,0,0,2,2,1,0,0,0,0,15,0,3,69,5,12,14,14,29,108
2006,Australia,BIL_AUS,TLS,Timor-Leste,0,448,28,0,0,0,0,4,0,6,0,0,0,0,1,0,0,0,0,0,0,0,0,0,0,33,0,0,0,0,0,0,0,0,0,0,0,0,0,0,0,0,0,0,0,0,0,0,0,0,5,0,0,0,0,0,71,0,0,0,0,300,0,10,1,71,34,0,0,5,28
2006,Germany,BIL_DEU,TLS,Timor-Leste,0,11,0,0,0,0,0,0,0,0,9,0,0,0,0,0,0,0,0,0,0,0,0,0,0,0,0,0,0,0,0,0,0,0,0,0,0,0,0,0,0,0,0,0,0,0,0,0,0,0,0,0,0,0,0,0,0,0,0,0,0,1,0,9,0,0,0,0,0,0,0
2006,United_Kingdom,BIL_GBR,TLS,Timor-Leste,0,39,1,0,0,0,0,4,0,0,9,0,0,0,1,2,0,0,1,11,0,0,1,0,0,2,1,4,0,0,0,0,0,0,0,0,0,0,0,0,0,0,0,0,0,0,0,0,0,0,0,0,0,0,0,0,0,0,0,0,0,2,0,13,3,0,20,0,0,0,1
2006,Ireland,BIL_IRL,TLS,Timor-Leste,0,136,0,0,33,0,0,0,0,0,0,0,0,0,0,0,0,0,0,0,0,0,0,0,0,0,0,0,0,0,0,0,0,0,0,0,0,0,0,0,0,0,0,0,0,0,0,0,0,0,0,0,0,0,0,0,0,0,0,0,0,103,0,0,0,0,0,0,0,0,33
2006,Japan,BIL_JPN,TLS,Timor-Leste,0,403,2,0,0,0,0,0,0,0,0,0,0,0,0,0,0,0,0,0,0,0,0,0,0,0,0,0,0,0,0,0,0,0,0,0,0,0,0,0,0,0,0,0,0,0,0,0,0,0,0,0,0,0,0,0,0,0,0,0,0,402,0,0,0,0,0,0,0,0,2
2006,Korea,BIL_KOR,TLS,Timor-Leste,0,16,1,0,0,0,0,0,0,0,0,0,0,0,0,0,0,0,0,0,0,0,0,0,0,0,0,0,0,0,0,0,0,0,0,0,0,0,0,0,0,0,0,0,0,4,0,0,0,0,0,0,0,0,0,0,0,0,0,0,0,11,0,0,0,0,0,0,4,1,1
2006,Netherlands,BIL_NLD,TLS,Timor-Leste,0,2,0,0,0,0,0,0,0,1,0,0,0,0,0,0,0,0,0,1,0,0,0,0,0,0,0,0,0,0,0,0,0,0,0,0,0,0,0,0,0,0,0,0,0,0,0,0,0,0,0,0,0,0,0,0,0,0,0,0,0,0,0,1,0,0,2,0,0,0,0
2006,New_Zealand,BIL_NZL,TLS,Timor-Leste,0,7,0,0,0,0,0,0,0,0,0,0,0,0,0,0,0,0,0,0,0,0,0,0,0,0,0,0,0,0,0,0,0,0,0,0,0,0,0,0,0,0,0,0,0,0,0,0,0,0,0,0,0,0,0,0,0,0,0,0,0,7,0,0,0,0,0,0,0,0,0
2006,Portugal,BIL_PRT,TLS,Timor-Leste,0,145,92,0,0,0,0,0,0,0,0,0,0,0,0,0,0,0,0,0,0,0,0,0,0,0,0,0,0,0,0,0,0,0,0,0,0,0,0,0,0,0,0,0,0,0,0,0,0,0,0,0,0,0,0,0,0,0,0,0,0,53,0,0,0,0,0,0,0,0,92
2006,United_States,BIL_USA,TLS,Timor-Leste,0,4185,0,0,0,0,0,0,101,0,0,0,0,0,293,0,0,0,2,2,0,0,0,0,0,372,0,0,0,0,0,0,0,0,0,0,0,0,0,0,0,0,0,0,0,0,0,0,0,0,9,0,0,0,0,0,0,0,0,0,0,3406,0,101,293,0,376,0,0,9,0
2006,Austria,EC,TLS,Timor-Leste,0,9,0,0,0,0,0,0,0,0,0,0,0,0,0,0,0,0,0,0,0,0,0,0,0,0,0,0,0,0,0,0,0,0,0,0,0,0,0,0,0,0,0,0,0,0,0,0,0,0,0,0,0,0,0,0,0,0,0,0,0,9,0,0,0,0,0,0,0,0,0
2006,Belgium,EC,TLS,Timor-Leste,0,15,0,0,0,0,0,0,0,0,0,0,0,0,0,0,0,0,0,0,0,0,0,0,0,0,0,0,0,0,0,0,0,0,0,0,0,0,0,0,0,0,0,0,0,0,0,0,0,0,0,0,0,0,0,0,0,0,0,0,0,15,0,0,0,0,0,0,0,0,0
2006,Denmark,EC,TLS,Timor-Leste,0,8,0,0,0,0,0,0,0,0,0,0,0,0,0,0,0,0,0,0,0,0,0,0,0,0,0,0,0,0,0,0,0,0,0,0,0,0,0,0,0,0,0,0,0,0,0,0,0,0,0,0,0,0,0,0,0,0,0,0,0,8,0,0,0,0,0,0,0,0,0
2006,Finland,EC,TLS,Timor-Leste,0,6,0,0,0,0,0,0,0,0,0,0,0,0,0,0,0,0,0,0,0,0,0,0,0,0,0,0,0,0,0,0,0,0,0,0,0,0,0,0,0,0,0,0,0,0,0,0,0,0,0,0,0,0,0,0,0,0,0,0,0,6,0,0,0,0,0,0,0,0,0
2006,France,EC,TLS,Timor-Leste,0,74,0,0,0,0,0,0,0,0,0,0,0,0,0,0,0,0,0,0,0,0,0,0,0,0,0,0,0,0,0,0,0,0,0,0,0,0,0,0,0,0,0,0,0,0,0,0,0,0,0,0,0,0,0,0,0,0,0,0,0,74,0,0,0,0,0,0,0,0,0
2006,Germany,EC,TLS,Timor-Leste,0,82,0,0,0,0,0,0,0,0,0,0,0,0,0,0,0,0,0,0,0,0,0,0,0,0,0,0,0,0,0,0,0,0,0,0,0,0,0,0,0,0,0,0,0,0,0,0,0,0,0,0,0,0,0,0,0,0,0,0,0,82,0,0,0,0,0,0,0,0,0
2006,Greece,EC,TLS,Timor-Leste,0,6,0,0,0,0,0,0,0,0,0,0,0,0,0,0,0,0,0,0,0,0,0,0,0,0,0,0,0,0,0,0,0,0,0,0,0,0,0,0,0,0,0,0,0,0,0,0,0,0,0,0,0,0,0,0,0,0,0,0,0,6,0,0,0,0,0,0,0,0,0
2006,Ireland,EC,TLS,Timor-Leste,0,5,0,0,0,0,0,0,0,0,0,0,0,0,0,0,0,0,0,0,0,0,0,0,0,0,0,0,0,0,0,0,0,0,0,0,0,0,0,0,0,0,0,0,0,0,0,0,0,0,0,0,0,0,0,0,0,0,0,0,0,5,0,0,0,0,0,0,0,0,0
2006,Italy,EC,TLS,Timor-Leste,0,50,0,0,0,0,0,0,0,0,0,0,0,0,0,0,0,0,0,0,0,0,0,0,0,0,0,0,0,0,0,0,0,0,0,0,0,0,0,0,0,0,0,0,0,0,0,0,0,0,0,0,0,0,0,0,0,0,0,0,0,50,0,0,0,0,0,0,0,0,0
2006,Netherlands,EC,TLS,Timor-Leste,0,16,0,0,0,0,0,0,0,0,0,0,0,0,0,0,0,0,0,0,0,0,0,0,0,0,0,0,0,0,0,0,0,0,0,0,0,0,0,0,0,0,0,0,0,0,0,0,0,0,0,0,0,0,0,0,0,0,0,0,0,16,0,0,0,0,0,0,0,0,0
2006,Other_OECD_DAC_countries,EC,TLS,Timor-Leste,0,11,0,0,0,0,0,0,0,0,0,0,0,0,0,0,0,0,0,0,0,0,0,0,0,0,0,0,0,0,0,0,0,0,0,0,0,0,0,0,0,0,0,0,0,0,0,0,0,0,0,0,0,0,0,0,0,0,0,0,0,11,0,0,0,0,0,0,0,0,0
2006,Portugal,EC,TLS,Timor-Leste,0,5,0,0,0,0,0,0,0,0,0,0,0,0,0,0,0,0,0,0,0,0,0,0,0,0,0,0,0,0,0,0,0,0,0,0,0,0,0,0,0,0,0,0,0,0,0,0,0,0,0,0,0,0,0,0,0,0,0,0,0,5,0,0,0,0,0,0,0,0,0
2006,Spain,EC,TLS,Timor-Leste,0,32,0,0,0,0,0,0,0,0,0,0,0,0,0,0,0,0,0,0,0,0,0,0,0,0,0,0,0,0,0,0,0,0,0,0,0,0,0,0,0,0,0,0,0,0,0,0,0,0,0,0,0,0,0,0,0,0,0,0,0,32,0,0,0,0,0,0,0,0,0
2006,Sweden,EC,TLS,Timor-Leste,0,9,0,0,0,0,0,0,0,0,0,0,0,0,0,0,0,0,0,0,0,0,0,0,0,0,0,0,0,0,0,0,0,0,0,0,0,0,0,0,0,0,0,0,0,0,0,0,0,0,0,0,0,0,0,0,0,0,0,0,0,9,0,0,0,0,0,0,0,0,0
2006,United_Kingdom,EC,TLS,Timor-Leste,0,60,0,0,0,0,0,0,0,0,0,0,0,0,0,0,0,0,0,0,0,0,0,0,0,0,0,0,0,0,0,0,0,0,0,0,0,0,0,0,0,0,0,0,0,0,0,0,0,0,0,0,0,0,0,0,0,0,0,0,0,60,0,0,0,0,0,0,0,0,0
2006,Gates Foundation,GATES,TLS,Timor-Leste,0,227,0,0,0,0,0,0,3,0,0,0,50,36,2,0,0,0,1,28,0,0,0,0,0,30,5,6,0,0,0,0,0,35,0,0,9,6,0,0,0,0,0,9,0,0,0,0,0,0,0,0,0,0,0,0,0,0,0,0,0,6,0,3,88,0,69,51,9,0,0
2006,Australia,GFATM,TLS,Timor-Leste,0,11,0,0,0,0,0,0,0,0,0,0,0,0,0,0,0,0,1,1,0,0,0,0,0,0,1,0,0,0,0,0,0,1,0,0,1,1,0,0,1,0,1,1,0,1,0,0,0,0,0,0,0,0,0,0,0,0,0,0,0,0,0,0,0,0,4,3,4,0,0
2006,Austria,GFATM,TLS,Timor-Leste,0,2,0,0,0,0,0,0,0,0,0,0,0,0,0,0,0,0,0,0,0,0,0,0,0,0,0,0,0,0,0,0,0,0,0,0,0,0,0,0,0,0,0,0,0,0,0,0,0,0,0,0,0,0,0,0,0,0,0,0,0,0,0,0,0,0,1,1,1,0,0
2006,Belgium,GFATM,TLS,Timor-Leste,0,13,0,0,0,0,0,0,0,0,0,0,0,0,0,0,0,0,1,1,0,0,0,0,0,0,1,0,0,0,0,0,0,1,0,0,1,1,0,0,1,0,1,2,0,1,0,0,0,0,0,0,0,0,0,0,0,0,0,0,0,0,0,0,0,0,5,4,5,0,0
2006,Canada,GFATM,TLS,Timor-Leste,0,98,0,0,0,0,0,0,0,0,0,0,0,0,0,0,0,0,6,9,1,0,1,3,0,3,10,1,0,1,3,1,1,7,1,0,7,5,2,1,6,2,6,13,2,5,1,0,0,0,0,0,0,0,0,0,0,0,0,0,0,0,0,0,0,0,35,28,35,0,0
2006,China,GFATM,TLS,Timor-Leste,0,2,0,0,0,0,0,0,0,0,0,0,0,0,0,0,0,0,0,0,0,0,0,0,0,0,0,0,0,0,0,0,0,0,0,0,0,0,0,0,0,0,0,0,0,0,0,0,0,0,0,0,0,0,0,0,0,0,0,0,0,0,0,0,0,0,1,1,1,0,0
2006,Denmark,GFATM,TLS,Timor-Leste,0,23,0,0,0,0,0,0,0,0,0,0,0,0,0,0,0,0,1,2,0,0,0,1,0,1,2,0,0,0,1,0,0,2,0,0,2,1,1,0,1,0,1,3,1,1,0,0,0,0,0,0,0,0,0,0,0,0,0,0,0,0,0,0,0,0,8,7,8,0,0
2006,Finland,GFATM,TLS,Timor-Leste,0,5,0,0,0,0,0,0,0,0,0,0,0,0,0,0,0,0,0,0,0,0,0,0,0,0,1,0,0,0,0,0,0,0,0,0,0,0,0,0,0,0,0,1,0,0,0,0,0,0,0,0,0,0,0,0,0,0,0,0,0,0,0,0,0,0,2,1,2,0,0
2006,France,GFATM,TLS,Timor-Leste,0,279,0,0,0,0,0,0,0,0,0,0,0,0,0,0,0,0,17,24,2,0,3,8,0,9,29,4,1,3,8,2,2,19,2,0,19,14,7,3,17,5,16,37,7,14,4,0,0,0,0,0,0,0,0,0,0,0,0,0,0,0,0,0,0,0,99,80,100,0,0
2006,Gates Foundation,GFATM,TLS,Timor-Leste,0,89,0,0,0,0,0,0,0,0,0,0,0,0,0,0,0,0,5,8,1,0,1,3,0,3,9,1,0,1,3,1,1,6,1,0,6,4,2,1,5,1,5,12,2,4,1,0,0,0,0,0,0,0,0,0,0,0,0,0,0,0,0,0,0,0,32,25,32,0,0
2006,Germany,GFATM,TLS,Timor-Leste,0,100,0,0,0,0,0,0,0,0,0,0,0,0,0,0,0,0,6,9,1,0,1,3,0,3,11,1,0,1,3,1,1,7,1,0,7,5,2,1,6,2,6,13,2,5,2,0,0,0,0,0,0,0,0,0,0,0,0,0,0,0,0,0,0,0,35,29,36,0,0
2006,Greece,GFATM,TLS,Timor-Leste,0,2,0,0,0,0,0,0,0,0,0,0,0,0,0,0,0,0,0,0,0,0,0,0,0,0,0,0,0,0,0,0,0,0,0,0,0,0,0,0,0,0,0,0,0,0,0,0,0,0,0,0,0,0,0,0,0,0,0,0,0,0,0,0,0,0,1,0,1,0,0
2006,Ireland,GFATM,TLS,Timor-Leste,0,19,0,0,0,0,0,0,0,0,0,0,0,0,0,0,0,0,1,2,0,0,0,1,0,1,2,0,0,0,1,0,0,1,0,0,1,1,0,0,1,0,1,3,0,1,0,0,0,0,0,0,0,0,0,0,0,0,0,0,0,0,0,0,0,0,7,6,7,0,0
2006,Italy,GFATM,TLS,Timor-Leste,0,173,0,0,0,0,0,0,0,0,0,0,0,0,0,0,0,0,11,15,1,0,2,5,0,6,18,2,1,2,5,2,2,12,1,0,12,9,4,2,10,3,10,23,4,9,3,0,0,0,0,0,0,0,0,0,0,0,0,0,0,0,0,0,0,0,62,50,62,0,0
2006,Japan,GFATM,TLS,Timor-Leste,0,116,0,0,0,0,0,0,0,0,0,0,0,0,0,0,0,0,7,10,1,0,1,3,0,4,12,2,0,1,3,1,1,8,1,0,8,6,3,1,7,2,7,15,3,6,2,0,0,0,0,0,0,0,0,0,0,0,0,0,0,0,0,0,0,0,41,33,41,0,0
2006,Luxembourg,GFATM,TLS,Timor-Leste,0,2,0,0,0,0,0,0,0,0,0,0,0,0,0,0,0,0,0,0,0,0,0,0,0,0,0,0,0,0,0,0,0,0,0,0,0,0,0,0,0,0,0,0,0,0,0,0,0,0,0,0,0,0,0,0,0,0,0,0,0,0,0,0,0,0,1,1,1,0,0
2006,Netherlands,GFATM,TLS,Timor-Leste,0,73,0,0,0,0,0,0,0,0,0,0,0,0,0,0,0,0,4,6,0,0,1,2,0,2,8,1,0,1,2,1,1,5,1,0,5,4,2,1,4,1,4,10,2,4,1,0,0,0,0,0,0,0,0,0,0,0,0,0,0,0,0,0,0,0,26,21,26,0,0
2006,Non_OECD_DAC_countries,GFATM,TLS,Timor-Leste,0,2,0,0,0,0,0,0,0,0,0,0,0,0,0,0,0,0,0,0,0,0,0,0,0,0,0,0,0,0,0,0,0,0,0,0,0,0,0,0,0,0,0,0,0,0,0,0,0,0,0,0,0,0,0,0,0,0,0,0,0,0,0,0,0,0,1,1,1,0,0
2006,Non_OECD_non_DAC_countries,GFATM,TLS,Timor-Leste,0,21,0,0,0,0,0,0,0,0,0,0,0,0,0,0,0,0,1,2,0,0,0,1,0,1,2,0,0,0,1,0,0,1,0,0,1,1,1,0,1,0,1,3,1,1,0,0,0,0,0,0,0,0,0,0,0,0,0,0,0,0,0,0,0,0,8,6,8,0,0
2006,Norway,GFATM,TLS,Timor-Leste,0,38,0,0,0,0,0,0,0,0,0,0,0,0,0,0,0,0,2,3,0,0,0,1,0,1,4,1,0,0,1,0,0,3,0,0,3,2,1,0,2,1,2,5,1,2,1,0,0,0,0,0,0,0,0,0,0,0,0,0,0,0,0,0,0,0,14,11,14,0,0
2006,Other_OECD_DAC_countries,GFATM,TLS,Timor-Leste,0,2,0,0,0,0,0,0,0,0,0,0,0,0,0,0,0,0,0,0,0,0,0,0,0,0,0,0,0,0,0,0,0,0,0,0,0,0,0,0,0,0,0,0,0,0,0,0,0,0,0,0,0,0,0,0,0,0,0,0,0,0,0,0,0,0,1,0,1,0,0
2006,Portugal,GFATM,TLS,Timor-Leste,0,3,0,0,0,0,0,0,0,0,0,0,0,0,0,0,0,0,0,0,0,0,0,0,0,0,0,0,0,0,0,0,0,0,0,0,0,0,0,0,0,0,0,0,0,0,0,0,0,0,0,0,0,0,0,0,0,0,0,0,0,0,0,0,0,0,1,1,1,0,0
2006,Private_other,GFATM,TLS,Timor-Leste,0,11,0,0,0,0,0,0,0,0,0,0,0,0,0,0,0,0,1,1,0,0,0,0,0,0,1,0,0,0,0,0,0,1,0,0,1,1,0,0,1,0,1,1,0,1,0,0,0,0,0,0,0,0,0,0,0,0,0,0,0,0,0,0,0,0,4,3,4,0,0
2006,Spain,GFATM,TLS,Timor-Leste,0,67,0,0,0,0,0,0,0,0,0,0,0,0,0,0,0,0,4,6,0,0,1,2,0,2,7,1,0,1,2,1,1,4,1,0,5,3,2,1,4,1,4,9,2,3,1,0,0,0,0,0,0,0,0,0,0,0,0,0,0,0,0,0,0,0,24,19,24,0,0
2006,Sweden,GFATM,TLS,Timor-Leste,0,76,0,0,0,0,0,0,0,0,0,0,0,0,0,0,0,0,5,7,0,0,1,2,0,3,8,1,0,1,2,1,1,5,1,0,5,4,2,1,5,1,4,10,2,4,1,0,0,0,0,0,0,0,0,0,0,0,0,0,0,0,0,0,0,0,27,22,27,0,0
2006,Switzerland,GFATM,TLS,Timor-Leste,0,4,0,0,0,0,0,0,0,0,0,0,0,0,0,0,0,0,0,0,0,0,0,0,0,0,0,0,0,0,0,0,0,0,0,0,0,0,0,0,0,0,0,1,0,0,0,0,0,0,0,0,0,0,0,0,0,0,0,0,0,0,0,0,0,0,2,1,2,0,0
2006,United_Kingdom,GFATM,TLS,Timor-Leste,0,192,0,0,0,0,0,0,0,0,0,0,0,0,0,0,0,0,12,17,1,0,2,6,0,7,20,3,1,2,6,2,2,13,2,0,13,10,5,2,11,3,11,26,5,10,3,0,0,0,0,0,0,0,0,0,0,0,0,0,0,0,0,0,0,0,68,55,69,0,0
2006,United_States,GFATM,TLS,Timor-Leste,0,455,0,1,0,0,0,0,0,0,0,0,0,0,0,0,0,0,28,40,3,1,5,14,0,15,48,7,2,5,14,4,4,30,4,0,31,23,11,5,27,7,27,61,11,23,7,0,0,0,0,0,0,0,0,0,0,0,0,0,0,0,0,0,0,0,162,130,163,0,1
2006,Australia,INTLNGO,TLS,Timor-Leste,0,1310,792,0,20,0,0,2,0,3,0,0,0,0,0,0,0,0,0,0,0,0,0,0,0,2,0,0,0,0,0,0,0,0,0,0,0,0,0,0,0,0,0,0,0,0,0,0,0,0,2,0,0,0,0,0,33,0,0,0,0,458,0,5,0,33,2,0,0,2,811
2006,Germany,INTLNGO,TLS,Timor-Leste,0,75,0,0,0,0,0,0,0,0,0,0,0,0,0,0,0,0,0,0,0,0,0,0,0,1,0,0,0,0,0,0,0,0,0,0,0,0,0,0,0,0,0,0,0,0,0,0,0,0,0,0,0,0,0,0,0,0,0,0,0,74,0,0,0,0,1,0,0,0,0
2006,Ireland,INTLNGO,TLS,Timor-Leste,0,45,0,0,11,0,0,0,0,0,0,0,0,0,0,0,0,0,0,0,0,0,0,0,0,0,0,0,0,0,0,0,0,0,0,0,0,0,0,0,0,0,0,0,0,0,0,0,0,0,0,0,0,0,0,0,0,0,0,0,0,34,0,0,0,0,0,0,0,0,11
2006,Japan,INTLNGO,TLS,Timor-Leste,0,30,0,0,0,0,0,0,0,0,0,0,0,0,0,0,0,0,0,0,0,0,0,0,0,0,0,0,0,0,0,0,0,0,0,0,0,0,0,0,0,0,0,0,0,0,0,0,0,0,0,0,0,0,0,0,0,0,0,0,0,30,0,0,0,0,0,0,0,0,0
2006,New_Zealand,INTLNGO,TLS,Timor-Leste,0,7,0,0,0,0,0,0,0,0,0,0,0,0,0,0,0,0,0,0,0,0,0,0,0,0,0,0,0,0,0,0,0,0,0,0,0,0,0,0,0,0,0,0,0,0,0,0,0,0,0,0,0,0,0,0,0,0,0,0,0,7,0,0,0,0,0,0,0,0,0
2006,Norway,INTLNGO,TLS,Timor-Leste,0,15,0,0,0,0,0,0,0,0,0,0,0,0,0,0,0,0,0,6,0,0,0,0,0,0,0,0,0,0,0,0,0,0,0,0,0,0,0,0,0,0,0,0,0,0,0,0,0,0,0,0,0,0,0,0,0,0,0,0,0,9,0,0,0,0,6,0,0,0,0
2006,Portugal,INTLNGO,TLS,Timor-Leste,0,67,58,0,0,0,0,0,0,0,0,0,0,0,0,0,0,0,0,0,0,0,0,0,0,0,0,0,0,0,0,0,0,0,0,0,0,0,0,0,0,0,0,0,0,0,0,0,0,0,0,0,0,0,0,0,0,0,0,0,0,9,0,0,0,0,0,0,0,0,58
2006,Sweden,INTLNGO,TLS,Timor-Leste,0,15,0,0,0,0,0,2,0,0,0,0,6,0,0,0,0,0,0,0,0,0,0,0,0,7,0,0,0,0,0,0,0,0,0,0,0,0,0,0,0,0,0,0,0,0,0,0,0,0,0,0,0,0,0,0,0,0,0,0,0,0,0,2,6,0,7,0,0,0,0
2006,United_Kingdom,INTLNGO,TLS,Timor-Leste,0,14,0,0,0,0,0,1,0,0,3,0,0,0,0,1,0,0,0,4,0,0,0,0,0,1,0,2,0,0,0,0,0,0,0,0,0,0,0,0,0,0,0,0,0,0,0,0,0,0,0,0,0,0,0,0,0,0,0,0,0,1,0,5,1,0,7,0,0,0,0
2006,United_States,INTLNGO,TLS,Timor-Leste,0,79,0,0,0,0,0,0,0,0,0,0,0,0,0,0,0,0,2,1,0,0,0,0,0,44,0,0,0,0,0,0,0,0,0,0,0,0,0,0,0,0,0,0,0,0,0,0,0,0,18,0,0,0,0,0,0,0,0,0,0,13,0,0,0,0,48,0,0,18,0
2006,Corporate_donations,NGO,TLS,Timor-Leste,0,105,0,0,1,0,0,0,0,1,2,0,6,1,9,3,14,0,1,1,0,0,0,0,0,0,0,0,0,0,0,1,0,0,0,0,0,0,0,0,0,0,0,0,0,0,0,0,0,0,0,1,1,0,0,2,0,2,30,0,0,27,0,3,33,34,3,1,0,3,1
2006,Gates Foundation,NGO,TLS,Timor-Leste,0,58,0,0,0,0,0,0,0,11,5,5,3,0,0,2,1,1,5,5,2,2,2,2,0,0,4,2,2,0,0,0,0,0,0,0,0,0,0,0,0,0,0,0,0,0,0,0,0,0,0,2,1,1,0,0,0,0,0,0,0,0,0,22,7,0,25,0,0,4,0
2006,Private_other,NGO,TLS,Timor-Leste,0,794,20,0,1,0,101,21,0,56,31,15,38,30,61,43,50,3,20,15,4,5,5,13,0,0,12,9,7,11,2,3,9,12,19,0,0,11,10,8,5,4,0,0,2,2,2,0,0,0,0,13,6,5,1,4,5,6,47,3,0,46,0,224,224,65,91,84,15,24,22
2006,United_States,NGO,TLS,Timor-Leste,0,69,0,0,0,0,0,0,1,0,0,0,0,0,0,0,0,0,8,6,0,0,0,0,0,0,0,0,0,0,0,0,0,0,0,0,0,0,0,0,0,0,0,0,0,0,0,0,0,0,0,0,0,0,0,0,0,0,0,0,0,53,0,1,0,0,14,0,0,0,0
2006,Australia,UNAIDS,TLS,Timor-Leste,0,1,0,0,0,0,0,0,0,0,0,0,0,0,0,0,0,0,0,0,0,0,0,0,0,0,1,0,0,0,0,0,0,0,0,0,0,0,0,0,0,0,0,0,0,0,0,0,0,0,0,0,0,0,0,0,0,0,0,0,0,0,0,0,0,0,1,0,0,0,0
2006,Belgium,UNAIDS,TLS,Timor-Leste,0,3,0,0,0,0,0,0,0,0,0,0,0,0,0,0,0,0,0,0,0,0,0,0,0,0,2,0,0,0,0,0,0,0,0,0,0,0,0,0,0,0,0,0,0,0,0,0,0,0,0,0,0,0,0,0,0,0,0,0,0,0,0,0,0,0,3,0,0,0,0
2006,Canada,UNAIDS,TLS,Timor-Leste,0,2,0,0,0,0,0,0,0,0,0,0,0,0,0,0,0,0,0,0,0,0,0,0,0,0,2,0,0,0,0,0,0,0,0,0,0,0,0,0,0,0,0,0,0,0,0,0,0,0,0,0,0,0,0,0,0,0,0,0,0,0,0,0,0,0,2,0,0,0,0
2006,Denmark,UNAIDS,TLS,Timor-Leste,0,3,0,0,0,0,0,0,0,0,0,0,0,0,0,0,0,0,0,1,0,0,0,0,0,0,2,0,0,0,0,0,0,0,0,0,0,0,0,0,0,0,0,0,0,0,0,0,0,0,0,0,0,0,0,0,0,0,0,0,0,0,0,0,0,0,3,0,0,0,0
2006,Finland,UNAIDS,TLS,Timor-Leste,0,4,0,0,0,0,0,0,0,0,0,0,0,0,0,0,0,0,0,1,0,0,0,0,0,0,3,0,0,0,0,0,0,0,0,0,0,0,0,0,0,0,0,0,0,0,0,0,0,0,0,0,0,0,0,0,0,0,0,0,0,0,0,0,0,0,4,0,0,0,0
2006,Ireland,UNAIDS,TLS,Timor-Leste,0,4,0,0,0,0,0,0,0,0,0,0,0,0,0,0,0,0,0,1,0,0,0,0,0,0,2,0,0,0,0,0,0,0,0,0,0,0,0,0,0,0,0,0,0,0,0,0,0,0,0,0,0,0,0,0,0,0,0,0,0,0,0,0,0,0,4,0,0,0,0
2006,Japan,UNAIDS,TLS,Timor-Leste,0,1,0,0,0,0,0,0,0,0,0,0,0,0,0,0,0,0,0,0,0,0,0,0,0,0,1,0,0,0,0,0,0,0,0,0,0,0,0,0,0,0,0,0,0,0,0,0,0,0,0,0,0,0,0,0,0,0,0,0,0,0,0,0,0,0,1,0,0,0,0
2006,Luxembourg,UNAIDS,TLS,Timor-Leste,0,3,0,0,0,0,0,0,0,0,0,0,0,0,0,0,0,0,0,0,0,0,0,0,0,0,2,0,0,0,0,0,0,0,0,0,0,0,0,0,0,0,0,0,0,0,0,0,0,0,0,0,0,0,0,0,0,0,0,0,0,0,0,0,0,0,3,0,0,0,0
2006,Netherlands,UNAIDS,TLS,Timor-Leste,0,17,0,0,0,0,0,0,0,0,0,0,0,0,0,0,0,0,0,3,0,0,0,0,0,2,12,0,0,0,0,0,0,0,0,0,0,0,0,0,0,0,0,0,0,0,0,0,0,0,0,0,0,0,0,0,0,0,0,0,0,0,0,0,0,0,17,0,0,0,0
2006,Norway,UNAIDS,TLS,Timor-Leste,0,11,0,0,0,0,0,0,0,0,0,0,0,0,0,0,0,0,0,2,0,0,0,0,0,1,8,0,0,0,0,0,0,0,0,0,0,0,0,0,0,0,0,0,0,0,0,0,0,0,0,0,0,0,0,0,0,0,0,0,0,0,0,0,0,0,11,0,0,0,0
2006,Other,UNAIDS,TLS,Timor-Leste,0,4,0,0,0,0,0,0,0,0,0,0,0,0,0,0,0,0,0,1,0,0,0,0,0,0,3,0,0,0,0,0,0,0,0,0,0,0,0,0,0,0,0,0,0,0,0,0,0,0,0,0,0,0,0,0,0,0,0,0,0,0,0,0,0,0,4,0,0,0,0
2006,Spain,UNAIDS,TLS,Timor-Leste,0,2,0,0,0,0,0,0,0,0,0,0,0,0,0,0,0,0,0,0,0,0,0,0,0,0,1,0,0,0,0,0,0,0,0,0,0,0,0,0,0,0,0,0,0,0,0,0,0,0,0,0,0,0,0,0,0,0,0,0,0,0,0,0,0,0,2,0,0,0,0
2006,Sweden,UNAIDS,TLS,Timor-Leste,0,13,0,0,0,0,0,0,0,0,0,0,0,0,0,0,0,0,0,2,0,0,0,0,0,2,9,0,0,0,0,0,0,0,0,0,0,0,0,0,0,0,0,0,0,0,0,0,0,0,0,0,0,0,0,0,0,0,0,0,0,0,0,0,0,0,13,0,0,0,0
2006,Switzerland,UNAIDS,TLS,Timor-Leste,0,1,0,0,0,0,0,0,0,0,0,0,0,0,0,0,0,0,0,0,0,0,0,0,0,0,1,0,0,0,0,0,0,0,0,0,0,0,0,0,0,0,0,0,0,0,0,0,0,0,0,0,0,0,0,0,0,0,0,0,0,0,0,0,0,0,1,0,0,0,0
2006,United_Kingdom,UNAIDS,TLS,Timor-Leste,0,15,0,0,0,0,0,0,0,0,0,0,0,0,0,0,0,0,0,2,0,0,0,0,0,2,10,0,0,0,0,0,0,0,0,0,0,0,0,0,0,0,0,0,0,0,0,0,0,0,0,0,0,0,0,0,0,0,0,0,0,0,0,0,0,0,15,0,0,0,0
2006,United_States,UNAIDS,TLS,Timor-Leste,0,11,0,0,0,0,0,0,0,0,0,0,0,0,0,0,0,0,0,2,0,0,0,0,0,1,7,0,0,0,0,0,0,0,0,0,0,0,0,0,0,0,0,0,0,0,0,0,0,0,0,0,0,0,0,0,0,0,0,0,0,0,0,0,0,0,11,0,0,0,0
2006,Australia,UNFPA,TLS,Timor-Leste,0,11,0,0,0,0,2,7,1,1,0,0,0,0,0,0,0,0,0,0,0,0,0,0,0,0,0,0,0,0,0,0,0,0,0,0,0,0,0,0,0,0,0,0,0,0,0,0,0,0,0,0,0,0,0,0,0,0,0,0,0,0,0,11,0,0,0,0,0,0,0
2006,Austria,UNFPA,TLS,Timor-Leste,0,5,0,0,0,0,1,3,0,1,0,0,0,0,0,0,0,0,0,0,0,0,0,0,0,0,0,0,0,0,0,0,0,0,0,0,0,0,0,0,0,0,0,0,0,0,0,0,0,0,0,0,0,0,0,0,0,0,0,0,0,0,0,5,0,0,0,0,0,0,0
2006,Belgium,UNFPA,TLS,Timor-Leste,0,16,0,0,0,0,3,9,1,2,0,0,0,0,0,0,0,0,0,0,0,0,0,0,0,0,0,0,0,0,0,0,0,0,0,0,0,0,0,0,0,0,0,0,0,0,0,0,0,0,0,0,0,0,0,0,0,0,0,0,0,0,0,16,0,0,0,0,0,0,0
2006,Canada,UNFPA,TLS,Timor-Leste,0,52,0,0,0,0,11,32,3,7,0,0,0,0,0,0,0,0,0,0,0,0,0,0,0,0,0,0,0,0,0,0,0,0,0,0,0,0,0,0,0,0,0,0,0,0,0,0,0,0,0,0,0,0,0,0,0,0,0,0,0,0,0,52,0,0,0,0,0,0,0
2006,China,UNFPA,TLS,Timor-Leste,0,2,0,0,0,0,1,1,0,0,0,0,0,0,0,0,0,0,0,0,0,0,0,0,0,0,0,0,0,0,0,0,0,0,0,0,0,0,0,0,0,0,0,0,0,0,0,0,0,0,0,0,0,0,0,0,0,0,0,0,0,0,0,2,0,0,0,0,0,0,0
2006,Denmark,UNFPA,TLS,Timor-Leste,0,94,0,0,0,0,19,57,6,12,0,0,0,0,0,0,0,0,0,0,0,0,0,0,0,0,0,0,0,0,0,0,0,0,0,0,0,0,0,0,0,0,0,0,0,0,0,0,0,0,0,0,0,0,0,0,0,0,0,0,0,0,0,94,0,0,0,0,0,0,0
2006,Finland,UNFPA,TLS,Timor-Leste,0,55,0,0,0,0,11,33,4,7,0,0,0,0,0,0,0,0,0,0,0,0,0,0,0,0,0,0,0,0,0,0,0,0,0,0,0,0,0,0,0,0,0,0,0,0,0,0,0,0,0,0,0,0,0,0,0,0,0,0,0,0,0,55,0,0,0,0,0,0,0
2006,France,UNFPA,TLS,Timor-Leste,0,19,0,0,0,0,4,12,1,2,0,0,0,0,0,0,0,0,0,0,0,0,0,0,0,0,0,0,0,0,0,0,0,0,0,0,0,0,0,0,0,0,0,0,0,0,0,0,0,0,0,0,0,0,0,0,0,0,0,0,0,0,0,19,0,0,0,0,0,0,0
2006,Germany,UNFPA,TLS,Timor-Leste,0,75,0,0,0,0,16,45,5,9,0,0,0,0,0,0,0,0,0,0,0,0,0,0,0,0,0,0,0,0,0,0,0,0,0,0,0,0,0,0,0,0,0,0,0,0,0,0,0,0,0,0,0,0,0,0,0,0,0,0,0,0,0,75,0,0,0,0,0,0,0
2006,Ireland,UNFPA,TLS,Timor-Leste,0,15,0,0,0,0,3,9,1,2,0,0,0,0,0,0,0,0,0,0,0,0,0,0,0,0,0,0,0,0,0,0,0,0,0,0,0,0,0,0,0,0,0,0,0,0,0,0,0,0,0,0,0,0,0,0,0,0,0,0,0,0,0,15,0,0,0,0,0,0,0
2006,Italy,UNFPA,TLS,Timor-Leste,0,23,0,0,0,0,5,14,1,3,0,0,0,0,0,0,0,0,0,0,0,0,0,0,0,0,0,0,0,0,0,0,0,0,0,0,0,0,0,0,0,0,0,0,0,0,0,0,0,0,0,0,0,0,0,0,0,0,0,0,0,0,0,23,0,0,0,0,0,0,0
2006,Japan,UNFPA,TLS,Timor-Leste,0,94,0,0,0,0,19,57,6,12,0,0,0,0,0,0,0,0,0,0,0,0,0,0,0,0,0,0,0,0,0,0,0,0,0,0,0,0,0,0,0,0,0,0,0,0,0,0,0,0,0,0,0,0,0,0,0,0,0,0,0,0,0,94,0,0,0,0,0,0,0
2006,Luxembourg,UNFPA,TLS,Timor-Leste,0,22,0,0,0,0,5,14,1,3,0,0,0,0,0,0,0,0,0,0,0,0,0,0,0,0,0,0,0,0,0,0,0,0,0,0,0,0,0,0,0,0,0,0,0,0,0,0,0,0,0,0,0,0,0,0,0,0,0,0,0,0,0,22,0,0,0,0,0,0,0
2006,Netherlands,UNFPA,TLS,Timor-Leste,0,222,0,0,0,0,46,134,14,28,0,0,0,0,0,0,0,0,0,0,0,0,0,0,0,0,0,0,0,0,0,0,0,0,0,0,0,0,0,0,0,0,0,0,0,0,0,0,0,0,0,0,0,0,0,0,0,0,0,0,0,0,0,222,0,0,0,0,0,0,0
2006,New_Zealand,UNFPA,TLS,Timor-Leste,0,11,0,0,0,0,2,7,1,1,0,0,0,0,0,0,0,0,0,0,0,0,0,0,0,0,0,0,0,0,0,0,0,0,0,0,0,0,0,0,0,0,0,0,0,0,0,0,0,0,0,0,0,0,0,0,0,0,0,0,0,0,0,11,0,0,0,0,0,0,0
2006,Non_OECD_non_DAC_countries,UNFPA,TLS,Timor-Leste,0,35,0,0,0,0,7,21,2,4,0,0,0,0,0,0,0,0,0,0,0,0,0,0,0,0,0,0,0,0,0,0,0,0,0,0,0,0,0,0,0,0,0,0,0,0,0,0,0,0,0,0,0,0,0,0,0,0,0,0,0,0,0,35,0,0,0,0,0,0,0
2006,Norway,UNFPA,TLS,Timor-Leste,0,145,0,0,0,0,30,87,9,18,0,0,0,0,0,0,0,0,0,0,0,0,0,0,0,0,0,0,0,0,0,0,0,0,0,0,0,0,0,0,0,0,0,0,0,0,0,0,0,0,0,0,0,0,0,0,0,0,0,0,0,0,0,145,0,0,0,0,0,0,0
2006,Other,UNFPA,TLS,Timor-Leste,0,181,0,0,0,0,37,109,12,23,0,0,0,0,0,0,0,0,0,0,0,0,0,0,0,0,0,0,0,0,0,0,0,0,0,0,0,0,0,0,0,0,0,0,0,0,0,0,0,0,0,0,0,0,0,0,0,0,0,0,0,0,0,181,0,0,0,0,0,0,0
2006,Private_other,UNFPA,TLS,Timor-Leste,0,52,0,0,0,0,11,32,3,7,0,0,0,0,0,0,0,0,0,0,0,0,0,0,0,0,0,0,0,0,0,0,0,0,0,0,0,0,0,0,0,0,0,0,0,0,0,0,0,0,0,0,0,0,0,0,0,0,0,0,0,0,0,52,0,0,0,0,0,0,0
2006,Spain,UNFPA,TLS,Timor-Leste,0,42,0,0,0,0,9,25,3,5,0,0,0,0,0,0,0,0,0,0,0,0,0,0,0,0,0,0,0,0,0,0,0,0,0,0,0,0,0,0,0,0,0,0,0,0,0,0,0,0,0,0,0,0,0,0,0,0,0,0,0,0,0,42,0,0,0,0,0,0,0
2006,Sweden,UNFPA,TLS,Timor-Leste,0,173,0,0,0,0,36,104,11,22,0,0,0,0,0,0,0,0,0,0,0,0,0,0,0,0,0,0,0,0,0,0,0,0,0,0,0,0,0,0,0,0,0,0,0,0,0,0,0,0,0,0,0,0,0,0,0,0,0,0,0,0,0,173,0,0,0,0,0,0,0
2006,Switzerland,UNFPA,TLS,Timor-Leste,0,28,0,0,0,0,6,17,2,3,0,0,0,0,0,0,0,0,0,0,0,0,0,0,0,0,0,0,0,0,0,0,0,0,0,0,0,0,0,0,0,0,0,0,0,0,0,0,0,0,0,0,0,0,0,0,0,0,0,0,0,0,0,28,0,0,0,0,0,0,0
2006,United_Kingdom,UNFPA,TLS,Timor-Leste,0,142,0,0,0,0,29,86,9,18,0,0,0,0,0,0,0,0,0,0,0,0,0,0,0,0,0,0,0,0,0,0,0,0,0,0,0,0,0,0,0,0,0,0,0,0,0,0,0,0,0,0,0,0,0,0,0,0,0,0,0,0,0,142,0,0,0,0,0,0,0
2006,United_States,UNFPA,TLS,Timor-Leste,0,2,0,0,0,0,0,1,0,0,0,0,0,0,0,0,0,0,0,0,0,0,0,0,0,0,0,0,0,0,0,0,0,0,0,0,0,0,0,0,0,0,0,0,0,0,0,0,0,0,0,0,0,0,0,0,0,0,0,0,0,0,0,2,0,0,0,0,0,0,0
2006,Australia,UNICEF,TLS,Timor-Leste,0,21,0,0,0,0,0,0,1,0,0,0,6,5,7,2,0,0,0,0,0,0,0,0,0,0,0,0,0,0,0,0,0,0,0,0,0,0,0,0,0,0,0,0,0,0,0,0,0,0,0,0,0,0,0,0,0,0,0,0,0,0,0,1,19,0,1,0,0,0,0
2006,Austria,UNICEF,TLS,Timor-Leste,0,3,0,0,0,0,0,0,0,0,0,0,1,1,1,0,0,0,0,0,0,0,0,0,0,0,0,0,0,0,0,0,0,0,0,0,0,0,0,0,0,0,0,0,0,0,0,0,0,0,0,0,0,0,0,0,0,0,0,0,0,0,0,0,3,0,0,0,0,0,0
2006,Belgium,UNICEF,TLS,Timor-Leste,0,8,0,0,0,0,0,0,0,0,0,0,2,2,3,1,0,0,0,0,0,0,0,0,0,0,0,0,0,0,0,0,0,0,0,0,0,0,0,0,0,0,0,0,0,0,0,0,0,0,0,0,0,0,0,0,0,0,0,0,0,0,0,0,7,0,0,0,0,0,0
2006,Canada,UNICEF,TLS,Timor-Leste,0,53,0,0,0,0,0,0,2,0,0,0,15,12,18,4,0,0,0,0,0,0,0,0,0,1,0,0,0,0,0,0,0,0,0,0,0,0,0,0,0,0,0,0,0,0,0,0,0,0,0,0,0,0,0,0,0,0,0,0,0,0,0,2,49,0,3,0,0,0,0
2006,Denmark,UNICEF,TLS,Timor-Leste,0,17,0,0,0,0,0,0,1,0,0,0,5,4,6,1,0,0,0,0,0,0,0,0,0,0,0,0,0,0,0,0,0,0,0,0,0,0,0,0,0,0,0,0,0,0,0,0,0,0,0,0,0,0,0,0,0,0,0,0,0,0,0,1,16,0,1,0,0,0,0
2006,Finland,UNICEF,TLS,Timor-Leste,0,7,0,0,0,0,0,0,0,0,0,0,2,2,2,1,0,0,0,0,0,0,0,0,0,0,0,0,0,0,0,0,0,0,0,0,0,0,0,0,0,0,0,0,0,0,0,0,0,0,0,0,0,0,0,0,0,0,0,0,0,0,0,0,7,0,0,0,0,0,0
2006,France,UNICEF,TLS,Timor-Leste,0,16,0,0,0,0,0,0,1,0,0,0,5,4,5,1,0,0,0,0,0,0,0,0,0,0,0,0,0,0,0,0,0,0,0,0,0,0,0,0,0,0,0,0,0,0,0,0,0,0,0,0,0,0,0,0,0,0,0,0,0,0,0,1,15,0,1,0,0,0,0
2006,Germany,UNICEF,TLS,Timor-Leste,0,16,0,0,0,0,0,0,1,0,0,0,5,3,5,1,0,0,0,0,0,0,0,0,0,0,0,0,0,0,0,0,0,0,0,0,0,0,0,0,0,0,0,0,0,0,0,0,0,0,0,0,0,0,0,0,0,0,0,0,0,0,0,1,15,0,1,0,0,0,0
2006,Ireland,UNICEF,TLS,Timor-Leste,0,11,0,0,0,0,0,0,0,0,0,0,3,2,4,1,0,0,0,0,0,0,0,0,0,0,0,0,0,0,0,0,0,0,0,0,0,0,0,0,0,0,0,0,0,0,0,0,0,0,0,0,0,0,0,0,0,0,0,0,0,0,0,0,10,0,1,0,0,0,0
2006,Italy,UNICEF,TLS,Timor-Leste,0,19,0,0,0,0,0,0,1,0,0,0,5,4,6,1,0,0,0,0,0,0,0,0,0,0,0,0,0,0,0,0,0,0,0,0,0,0,0,0,0,0,0,0,0,0,0,0,0,0,0,0,0,0,0,0,0,0,0,0,0,0,0,1,17,0,1,0,0,0,0
2006,Japan,UNICEF,TLS,Timor-Leste,0,60,0,0,0,0,0,0,2,0,0,0,17,13,20,5,0,0,0,1,1,0,0,0,0,1,0,0,0,0,0,0,0,0,0,0,0,0,0,0,0,0,0,0,0,0,0,0,0,0,0,0,0,0,0,0,0,0,0,0,0,0,0,2,55,0,3,0,0,0,0
2006,Korea,UNICEF,TLS,Timor-Leste,0,2,0,0,0,0,0,0,0,0,0,0,1,0,1,0,0,0,0,0,0,0,0,0,0,0,0,0,0,0,0,0,0,0,0,0,0,0,0,0,0,0,0,0,0,0,0,0,0,0,0,0,0,0,0,0,0,0,0,0,0,0,0,0,2,0,0,0,0,0,0
2006,Luxembourg,UNICEF,TLS,Timor-Leste,0,4,0,0,0,0,0,0,0,0,0,0,1,1,1,0,0,0,0,0,0,0,0,0,0,0,0,0,0,0,0,0,0,0,0,0,0,0,0,0,0,0,0,0,0,0,0,0,0,0,0,0,0,0,0,0,0,0,0,0,0,0,0,0,4,0,0,0,0,0,0
2006,Netherlands,UNICEF,TLS,Timor-Leste,0,67,0,0,0,0,0,0,2,0,0,0,19,15,22,5,0,0,0,1,1,1,0,0,0,2,0,0,0,0,0,0,0,0,0,0,0,0,0,0,0,0,0,0,0,0,0,0,0,0,0,0,0,0,0,0,0,0,0,0,0,0,0,2,62,0,4,0,0,0,0
2006,New_Zealand,UNICEF,TLS,Timor-Leste,0,2,0,0,0,0,0,0,0,0,0,0,1,0,1,0,0,0,0,0,0,0,0,0,0,0,0,0,0,0,0,0,0,0,0,0,0,0,0,0,0,0,0,0,0,0,0,0,0,0,0,0,0,0,0,0,0,0,0,0,0,0,0,0,2,0,0,0,0,0,0
2006,Non_OECD_DAC_countries,UNICEF,TLS,Timor-Leste,0,1,0,0,0,0,0,0,0,0,0,0,0,0,0,0,0,0,0,0,0,0,0,0,0,0,0,0,0,0,0,0,0,0,0,0,0,0,0,0,0,0,0,0,0,0,0,0,0,0,0,0,0,0,0,0,0,0,0,0,0,0,0,0,1,0,0,0,0,0,0
2006,Non_OECD_non_DAC_countries,UNICEF,TLS,Timor-Leste,0,3,0,0,0,0,0,0,0,0,0,0,1,1,1,0,0,0,0,0,0,0,0,0,0,0,0,0,0,0,0,0,0,0,0,0,0,0,0,0,0,0,0,0,0,0,0,0,0,0,0,0,0,0,0,0,0,0,0,0,0,0,0,0,3,0,0,0,0,0,0
2006,Norway,UNICEF,TLS,Timor-Leste,0,77,0,0,0,0,0,0,2,0,0,0,22,17,26,6,0,0,0,1,1,1,0,0,0,2,0,0,0,0,0,0,0,0,0,0,0,0,0,0,0,0,0,0,0,0,0,0,0,0,0,0,0,0,0,0,0,0,0,0,0,0,0,2,71,0,4,0,0,0,0
2006,Other,UNICEF,TLS,Timor-Leste,0,40,0,0,0,0,0,0,1,0,0,0,12,9,13,3,0,0,0,0,0,0,0,0,0,1,0,0,0,0,0,0,0,0,0,0,0,0,0,0,0,0,0,0,0,0,0,0,0,0,0,0,0,0,0,0,0,0,0,0,0,0,0,1,37,0,2,0,0,0,0
2006,Private_other,UNICEF,TLS,Timor-Leste,0,587,0,0,0,0,0,0,19,0,0,0,169,128,194,46,0,0,1,5,5,5,2,0,0,14,0,0,0,0,0,0,0,0,0,0,0,0,0,0,0,0,0,0,0,0,0,0,0,0,0,0,0,0,0,0,0,0,0,0,0,0,0,19,537,0,31,0,0,0,0
2006,Spain,UNICEF,TLS,Timor-Leste,0,14,0,0,0,0,0,0,0,0,0,0,4,3,5,1,0,0,0,0,0,0,0,0,0,0,0,0,0,0,0,0,0,0,0,0,0,0,0,0,0,0,0,0,0,0,0,0,0,0,0,0,0,0,0,0,0,0,0,0,0,0,0,0,13,0,1,0,0,0,0
2006,Sweden,UNICEF,TLS,Timor-Leste,0,19,0,0,0,0,0,0,1,0,0,0,5,4,6,1,0,0,0,0,0,0,0,0,0,0,0,0,0,0,0,0,0,0,0,0,0,0,0,0,0,0,0,0,0,0,0,0,0,0,0,0,0,0,0,0,0,0,0,0,0,0,0,1,17,0,1,0,0,0,0
2006,Switzerland,UNICEF,TLS,Timor-Leste,0,6,0,0,0,0,0,0,0,0,0,0,2,1,2,0,0,0,0,0,0,0,0,0,0,0,0,0,0,0,0,0,0,0,0,0,0,0,0,0,0,0,0,0,0,0,0,0,0,0,0,0,0,0,0,0,0,0,0,0,0,0,0,0,6,0,0,0,0,0,0
2006,Unallocable,UNICEF,TLS,Timor-Leste,0,7,0,0,0,0,0,0,0,0,0,0,2,2,2,1,0,0,0,0,0,0,0,0,0,0,0,0,0,0,0,0,0,0,0,0,0,0,0,0,0,0,0,0,0,0,0,0,0,0,0,0,0,0,0,0,0,0,0,0,0,0,0,0,7,0,0,0,0,0,0
2006,United_Kingdom,UNICEF,TLS,Timor-Leste,0,31,0,0,0,0,0,0,1,0,0,0,9,7,10,2,0,0,0,0,0,0,0,0,0,1,0,0,0,0,0,0,0,0,0,0,0,0,0,0,0,0,0,0,0,0,0,0,0,0,0,0,0,0,0,0,0,0,0,0,0,0,0,1,28,0,2,0,0,0,0
2006,United_States,UNICEF,TLS,Timor-Leste,0,50,0,0,0,0,0,0,2,0,0,0,14,11,16,4,0,0,0,0,0,0,0,0,0,1,0,0,0,0,0,0,0,0,0,0,0,0,0,0,0,0,0,0,0,0,0,0,0,0,0,0,0,0,0,0,0,0,0,0,0,0,0,2,45,0,3,0,0,0,0
2006,Private_other,US_FOUND,TLS,Timor-Leste,0,20,2,0,0,0,5,0,3,0,1,0,0,0,0,0,0,0,2,0,0,0,0,0,0,1,0,2,0,0,0,0,0,0,0,0,0,0,0,0,0,0,0,0,0,0,0,0,0,0,1,0,0,0,0,1,0,0,0,0,0,1,0,9,0,1,5,0,0,1,3
2006,Australia,WHO,TLS,Timor-Leste,0,28,1,0,6,1,0,0,0,0,0,0,0,5,0,0,0,0,0,0,0,0,0,0,0,1,0,0,0,0,0,0,0,0,0,0,2,0,0,0,0,0,0,2,0,0,0,0,0,0,3,0,0,0,0,0,0,0,0,0,0,4,0,1,6,1,1,2,2,3,9
2006,Austria,WHO,TLS,Timor-Leste,0,9,0,0,2,0,0,0,0,0,0,0,0,2,0,0,0,0,0,0,0,0,0,0,0,0,0,0,0,0,0,0,0,0,0,0,1,0,0,0,0,0,0,1,0,0,0,0,0,0,1,0,0,0,0,0,0,0,0,0,0,1,0,0,2,0,0,1,1,1,3
2006,Belgium,WHO,TLS,Timor-Leste,0,17,1,0,4,1,0,0,0,0,0,0,0,3,0,0,0,0,0,0,0,0,0,0,0,1,0,0,0,0,0,0,0,0,0,0,1,0,0,0,0,0,0,1,0,0,0,0,0,0,2,0,0,0,0,0,0,0,0,0,0,3,0,0,4,0,1,1,1,2,5
2006,Canada,WHO,TLS,Timor-Leste,0,99,4,0,23,4,0,1,2,0,0,0,1,19,2,0,0,0,0,0,0,0,0,0,0,5,0,0,0,0,0,0,0,0,0,0,6,0,0,0,0,0,0,6,0,0,0,0,0,0,9,0,0,0,1,1,2,0,0,0,0,15,0,3,22,3,5,6,6,9,30
2006,China,WHO,TLS,Timor-Leste,0,15,1,0,4,1,0,0,0,0,0,0,0,3,0,0,0,0,0,0,0,0,0,0,0,1,0,0,0,0,0,0,0,0,0,0,1,0,0,0,0,0,0,1,0,0,0,0,0,0,1,0,0,0,0,0,0,0,0,0,0,2,0,0,3,0,1,1,1,1,5
2006,Corporate_donations,WHO,TLS,Timor-Leste,0,10,0,0,2,0,0,0,0,0,0,0,0,2,0,0,0,0,0,0,0,0,0,0,0,1,0,0,0,0,0,0,0,0,0,0,1,0,0,0,0,0,0,1,0,0,0,0,0,0,1,0,0,0,0,0,0,0,0,0,0,2,0,0,2,0,1,1,1,1,3
2006,Denmark,WHO,TLS,Timor-Leste,0,16,1,0,4,1,0,0,0,0,0,0,0,3,0,0,0,0,0,0,0,0,0,0,0,1,0,0,0,0,0,0,0,0,0,0,1,0,0,0,0,0,0,1,0,0,0,0,0,0,1,0,0,0,0,0,0,0,0,0,0,2,0,0,3,0,1,1,1,1,5
2006,Finland,WHO,TLS,Timor-Leste,0,14,1,0,3,1,0,0,0,0,0,0,0,3,0,0,0,0,0,0,0,0,0,0,0,1,0,0,0,0,0,0,0,0,0,0,1,0,0,0,0,0,0,1,0,0,0,0,0,0,1,0,0,0,0,0,0,0,0,0,0,2,0,0,3,0,1,1,1,1,4
2006,France,WHO,TLS,Timor-Leste,0,91,3,0,21,4,0,1,2,0,0,0,1,18,1,0,0,0,0,0,0,0,0,0,0,5,0,0,0,0,0,0,0,0,0,0,5,0,0,0,0,0,0,6,0,0,0,0,0,0,8,0,0,0,1,1,1,0,0,0,0,14,0,3,20,3,5,5,6,8,28
2006,Gates Foundation,WHO,TLS,Timor-Leste,0,77,3,0,18,3,0,1,1,0,0,0,0,15,1,0,0,0,0,0,0,0,0,0,0,4,0,0,0,0,0,0,0,0,0,0,5,0,0,0,0,0,0,5,0,0,0,0,0,0,7,0,0,0,1,0,1,0,0,0,0,12,0,2,17,2,4,5,5,7,24
2006,Germany,WHO,TLS,Timor-Leste,0,78,3,0,18,3,0,1,1,0,0,0,0,15,1,0,0,0,0,0,0,0,0,0,0,4,0,0,0,0,0,0,0,0,0,0,5,0,0,0,0,0,0,5,0,0,0,0,0,0,7,0,0,0,1,0,1,0,0,0,0,12,0,2,17,2,4,5,5,7,24
2006,Greece,WHO,TLS,Timor-Leste,0,5,0,0,1,0,0,0,0,0,0,0,0,1,0,0,0,0,0,0,0,0,0,0,0,0,0,0,0,0,0,0,0,0,0,0,0,0,0,0,0,0,0,0,0,0,0,0,0,0,0,0,0,0,0,0,0,0,0,0,0,1,0,0,1,0,0,0,0,0,1
2006,Ireland,WHO,TLS,Timor-Leste,0,18,1,0,4,1,0,0,0,0,0,0,0,4,0,0,0,0,0,0,0,0,0,0,0,1,0,0,0,0,0,0,0,0,0,0,1,0,0,0,0,0,0,1,0,0,0,0,0,0,2,0,0,0,0,0,0,0,0,0,0,3,0,1,4,1,1,1,1,2,6
2006,Italy,WHO,TLS,Timor-Leste,0,69,2,0,16,3,0,1,1,0,0,0,0,14,1,0,0,0,0,0,0,0,0,0,0,4,0,0,0,0,0,0,0,0,0,0,4,0,0,0,0,0,0,4,0,0,0,0,0,0,6,0,0,0,0,0,1,0,0,0,0,11,0,2,15,2,4,4,4,6,21
2006,Japan,WHO,TLS,Timor-Leste,0,162,6,0,38,7,0,2,3,0,0,0,1,32,3,0,0,0,0,0,0,0,0,0,0,8,0,0,0,0,0,0,0,0,0,0,10,0,0,0,0,0,0,10,0,0,0,0,0,0,15,0,0,0,1,1,3,0,0,0,0,25,0,5,35,5,8,10,10,15,50
2006,Korea,WHO,TLS,Timor-Leste,0,28,1,0,6,1,0,0,0,0,0,0,0,5,0,0,0,0,0,0,0,0,0,0,0,1,0,0,0,0,0,0,0,0,0,0,2,0,0,0,0,0,0,2,0,0,0,0,0,0,3,0,0,0,0,0,0,0,0,0,0,4,0,1,6,1,1,2,2,3,9
2006,Luxembourg,WHO,TLS,Timor-Leste,0,12,0,0,3,0,0,0,0,0,0,0,0,2,0,0,0,0,0,0,0,0,0,0,0,1,0,0,0,0,0,0,0,0,0,0,1,0,0,0,0,0,0,1,0,0,0,0,0,0,1,0,0,0,0,0,0,0,0,0,0,2,0,0,3,0,1,1,1,1,4
2006,Netherlands,WHO,TLS,Timor-Leste,0,47,2,0,11,2,0,1,1,0,0,0,0,9,1,0,0,0,0,0,0,0,0,0,0,2,0,0,0,0,0,0,0,0,0,0,3,0,0,0,0,0,0,3,0,0,0,0,0,0,4,0,0,0,0,0,1,0,0,0,0,7,0,1,10,1,2,3,3,4,15
2006,New_Zealand,WHO,TLS,Timor-Leste,0,2,0,0,1,0,0,0,0,0,0,0,0,0,0,0,0,0,0,0,0,0,0,0,0,0,0,0,0,0,0,0,0,0,0,0,0,0,0,0,0,0,0,0,0,0,0,0,0,0,0,0,0,0,0,0,0,0,0,0,0,0,0,0,1,0,0,0,0,0,1
2006,Non_OECD_DAC_countries,WHO,TLS,Timor-Leste,0,11,0,0,3,0,0,0,0,0,0,0,0,2,0,0,0,0,0,0,0,0,0,0,0,1,0,0,0,0,0,0,0,0,0,0,1,0,0,0,0,0,0,1,0,0,0,0,0,0,1,0,0,0,0,0,0,0,0,0,0,2,0,0,2,0,1,1,1,1,4
2006,Non_OECD_non_DAC_countries,WHO,TLS,Timor-Leste,0,60,2,0,14,2,0,1,1,0,0,0,0,12,1,0,0,0,0,0,0,0,0,0,0,3,0,0,0,0,0,0,0,0,0,0,4,0,0,0,0,0,0,4,0,0,0,0,0,0,5,0,0,0,0,0,1,0,0,0,0,9,0,2,13,2,3,4,4,5,19
2006,Norway,WHO,TLS,Timor-Leste,0,60,2,0,14,2,0,1,1,0,0,0,0,12,1,0,0,0,0,0,0,0,0,0,0,3,0,0,0,0,0,0,0,0,0,0,4,0,0,0,0,0,0,4,0,0,0,0,0,0,5,0,0,0,0,0,1,0,0,0,0,9,0,2,13,2,3,4,4,5,18
2006,Other,WHO,TLS,Timor-Leste,0,388,14,0,90,16,0,5,7,0,0,0,2,76,6,0,0,0,0,0,0,0,0,0,0,20,0,0,0,0,0,0,0,0,0,0,23,0,0,0,0,0,0,24,0,0,0,0,0,0,35,0,0,0,3,2,6,0,0,0,0,59,0,11,85,11,20,23,24,35,120
2006,Other_OECD_DAC_countries,WHO,TLS,Timor-Leste,0,5,0,0,1,0,0,0,0,0,0,0,0,1,0,0,0,0,0,0,0,0,0,0,0,0,0,0,0,0,0,0,0,0,0,0,0,0,0,0,0,0,0,0,0,0,0,0,0,0,0,0,0,0,0,0,0,0,0,0,0,1,0,0,1,0,0,0,0,0,1
2006,Portugal,WHO,TLS,Timor-Leste,0,3,0,0,1,0,0,0,0,0,0,0,0,1,0,0,0,0,0,0,0,0,0,0,0,0,0,0,0,0,0,0,0,0,0,0,0,0,0,0,0,0,0,0,0,0,0,0,0,0,0,0,0,0,0,0,0,0,0,0,0,0,0,0,1,0,0,0,0,0,1
2006,Private_other,WHO,TLS,Timor-Leste,0,74,3,0,17,3,0,1,1,0,0,0,0,15,1,0,0,0,0,0,0,0,0,0,0,4,0,0,0,0,0,0,0,0,0,0,4,0,0,0,0,0,0,5,0,0,0,0,0,0,7,0,0,0,1,0,1,0,0,0,0,11,0,2,16,2,4,4,5,7,23
2006,Spain,WHO,TLS,Timor-Leste,0,42,2,0,10,2,0,0,1,0,0,0,0,8,1,0,0,0,0,0,0,0,0,0,0,2,0,0,0,0,0,0,0,0,0,0,2,0,0,0,0,0,0,3,0,0,0,0,0,0,4,0,0,0,0,0,1,0,0,0,0,6,0,1,9,1,2,2,3,4,13
2006,Sweden,WHO,TLS,Timor-Leste,0,55,2,0,13,2,0,1,1,0,0,0,0,11,1,0,0,0,0,0,0,0,0,0,0,3,0,0,0,0,0,0,0,0,0,0,3,0,0,0,0,0,0,3,0,0,0,0,0,0,5,0,0,0,0,0,1,0,0,0,0,8,0,2,12,2,3,3,3,5,17
2006,Switzerland,WHO,TLS,Timor-Leste,0,17,1,0,4,1,0,0,0,0,0,0,0,3,0,0,0,0,0,0,0,0,0,0,0,1,0,0,0,0,0,0,0,0,0,0,1,0,0,0,0,0,0,1,0,0,0,0,0,0,2,0,0,0,0,0,0,0,0,0,0,3,0,0,4,0,1,1,1,2,5
2006,Unallocable,WHO,TLS,Timor-Leste,0,73,3,0,17,3,0,1,1,0,0,0,0,14,1,0,0,0,0,0,0,0,0,0,0,4,0,0,0,0,0,0,0,0,0,0,4,0,0,0,0,0,0,4,0,0,0,0,0,0,7,0,0,0,1,0,1,0,0,0,0,11,0,2,16,2,4,4,4,7,23
2006,United_Kingdom,WHO,TLS,Timor-Leste,0,215,8,0,50,9,0,3,4,0,0,0,1,42,3,0,0,0,0,0,0,0,0,0,0,11,0,0,0,0,0,0,0,0,0,0,13,0,0,0,0,0,0,13,0,0,0,0,0,0,20,0,0,0,1,1,3,0,0,0,0,33,0,6,47,6,11,13,13,20,66
2006,United_States,WHO,TLS,Timor-Leste,0,296,11,0,69,12,0,3,5,0,0,0,2,58,5,0,0,0,0,0,0,0,0,0,0,15,0,0,0,0,0,0,0,0,0,0,17,0,0,0,0,0,0,18,0,0,0,0,0,0,27,0,0,0,2,2,5,0,0,0,0,45,0,9,65,9,15,17,18,27,92
2007,Australia,BIL_AUS,TLS,Timor-Leste,0,3497,335,27,171,0,0,0,9,0,0,0,0,0,0,0,0,0,0,0,0,0,0,0,0,46,0,0,0,0,0,0,0,0,0,0,0,0,0,0,0,0,0,0,0,0,0,0,0,0,2633,261,0,0,0,0,0,0,0,0,0,16,0,9,0,0,46,0,0,2894,532
2007,Canada,BIL_CAN,TLS,Timor-Leste,0,1,0,0,0,0,0,0,0,0,0,0,0,0,0,0,0,0,0,0,0,0,0,0,0,0,0,1,0,0,0,0,0,0,0,0,0,0,0,0,0,0,0,0,0,0,0,0,0,0,0,0,0,0,0,0,0,0,0,0,0,0,0,0,0,0,1,0,0,0,0
2007,Germany,BIL_DEU,TLS,Timor-Leste,0,7,0,0,0,0,0,0,0,0,6,0,0,0,0,0,0,0,0,0,0,0,0,0,0,0,0,0,0,0,0,0,0,0,0,0,0,0,0,0,0,0,0,0,0,0,0,0,0,0,0,0,0,0,0,0,0,0,0,0,0,0,0,6,0,0,0,0,0,0,0
2007,United_Kingdom,BIL_GBR,TLS,Timor-Leste,0,27,0,0,0,0,0,1,0,0,0,0,0,0,0,0,0,0,9,3,0,0,1,0,0,0,0,0,0,0,0,0,0,0,0,0,0,0,0,0,0,0,0,0,0,0,0,0,0,0,0,0,0,0,0,0,0,0,0,0,0,13,0,1,0,0,13,0,0,0,0
2007,Japan,BIL_JPN,TLS,Timor-Leste,0,182,2,0,0,0,0,0,0,0,0,0,0,0,0,0,0,0,0,0,0,0,0,0,0,0,0,0,0,0,0,0,0,0,0,0,0,0,0,0,0,0,0,0,0,0,0,0,0,0,0,0,0,0,0,0,0,0,0,0,0,180,0,0,0,0,0,0,0,0,2
2007,Korea,BIL_KOR,TLS,Timor-Leste,0,685,1,0,0,0,0,10,0,0,10,0,0,0,0,0,0,0,0,0,0,0,0,0,0,0,0,0,0,0,0,0,0,0,0,0,0,0,0,0,0,0,0,0,0,3,0,0,0,0,0,0,0,0,0,0,0,0,0,0,0,661,0,19,0,0,0,0,4,0,1
2007,Netherlands,BIL_NLD,TLS,Timor-Leste,0,4,0,0,0,0,0,0,0,1,0,0,0,0,0,0,0,0,0,2,0,0,0,0,0,0,1,0,0,0,0,0,0,0,0,0,0,0,0,0,0,0,0,0,0,0,0,0,0,0,0,0,0,0,0,0,0,0,0,0,0,0,0,1,0,0,3,0,0,0,0
2007,New_Zealand,BIL_NZL,TLS,Timor-Leste,0,21,0,0,0,0,0,0,0,0,0,0,0,0,0,0,0,0,0,0,0,0,0,0,0,0,0,0,0,0,0,0,0,0,0,0,0,0,0,0,0,0,0,0,0,0,0,0,0,0,0,0,0,0,0,0,0,0,0,0,0,20,0,0,0,0,0,0,0,0,1
2007,Portugal,BIL_PRT,TLS,Timor-Leste,0,229,118,0,10,0,0,0,0,0,0,0,0,0,0,0,0,0,0,0,0,0,0,0,0,0,0,0,0,0,0,0,0,0,0,0,0,0,0,0,0,0,0,0,0,0,0,0,0,0,0,0,0,0,0,0,0,0,0,0,0,100,0,0,0,0,0,0,0,0,128
2007,United_States,BIL_USA,TLS,Timor-Leste,0,6439,0,0,0,0,1,2,41,3,0,0,1,0,262,2,0,0,12,19,0,3,0,0,0,98,3,0,0,0,0,0,0,1,0,0,0,1,0,0,0,0,0,0,0,0,0,0,0,0,498,0,0,0,0,0,0,0,0,0,0,5491,0,47,265,0,135,2,0,498,0
2007,Austria,EC,TLS,Timor-Leste,0,62,0,0,0,0,0,0,0,0,0,0,0,0,0,0,0,0,0,0,0,0,0,0,0,0,0,0,0,0,0,0,0,0,0,0,32,0,0,0,0,0,0,0,0,0,0,0,0,0,0,0,0,0,0,0,0,0,0,0,0,29,0,0,0,0,0,32,0,0,0
2007,Belgium,EC,TLS,Timor-Leste,0,104,0,0,0,0,0,0,0,0,0,0,0,0,0,0,0,0,0,0,0,0,0,0,0,0,0,0,0,0,0,0,0,0,0,0,54,0,0,0,0,0,0,0,0,0,0,0,0,0,0,0,0,0,0,0,0,0,0,0,0,49,0,0,0,0,0,54,0,0,0
2007,Denmark,EC,TLS,Timor-Leste,0,56,0,0,0,0,0,0,0,0,0,0,0,0,0,0,0,0,0,0,0,0,0,0,0,0,0,0,0,0,0,0,0,0,0,0,29,0,0,0,0,0,0,0,0,0,0,0,0,0,0,0,0,0,0,0,0,0,0,0,0,27,0,0,0,0,0,29,0,0,0
2007,Finland,EC,TLS,Timor-Leste,0,42,0,0,0,0,0,0,0,0,0,0,0,0,0,0,0,0,0,0,0,0,0,0,0,0,0,0,0,0,0,0,0,0,0,0,22,0,0,0,0,0,0,0,0,0,0,0,0,0,0,0,0,0,0,0,0,0,0,0,0,20,0,0,0,0,0,22,0,0,0
2007,France,EC,TLS,Timor-Leste,0,509,0,0,0,0,0,0,0,0,0,0,0,0,0,0,0,0,0,0,0,0,0,0,0,0,0,0,0,0,0,0,0,0,0,0,267,0,0,0,0,0,0,0,0,0,0,0,0,0,0,0,0,0,0,0,0,0,0,0,0,242,0,0,0,0,0,267,0,0,0
2007,Germany,EC,TLS,Timor-Leste,0,579,0,0,0,0,0,0,0,0,0,0,0,0,0,0,0,0,0,0,0,0,0,0,0,0,0,0,0,0,0,0,0,0,0,0,303,0,0,0,0,0,0,0,0,0,0,0,0,0,0,0,0,0,0,0,0,0,0,0,0,275,0,0,0,0,0,303,0,0,0
2007,Greece,EC,TLS,Timor-Leste,0,51,0,0,0,0,0,0,0,0,0,0,0,0,0,0,0,0,0,0,0,0,0,0,0,0,0,0,0,0,0,0,0,0,0,0,27,0,0,0,0,0,0,0,0,0,0,0,0,0,0,0,0,0,0,0,0,0,0,0,0,24,0,0,0,0,0,27,0,0,0
2007,Ireland,EC,TLS,Timor-Leste,0,31,0,0,0,0,0,0,0,0,0,0,0,0,0,0,0,0,0,0,0,0,0,0,0,0,0,0,0,0,0,0,0,0,0,0,16,0,0,0,0,0,0,0,0,0,0,0,0,0,0,0,0,0,0,0,0,0,0,0,0,15,0,0,0,0,0,16,0,0,0
2007,Italy,EC,TLS,Timor-Leste,0,350,0,0,0,0,0,0,0,0,0,0,0,0,0,0,0,0,0,0,0,0,0,0,0,0,0,0,0,0,0,0,0,0,0,0,184,0,0,0,0,0,0,0,0,0,0,0,0,0,0,0,0,0,0,0,0,0,0,0,0,167,0,0,0,0,0,184,0,0,0
2007,Luxembourg,EC,TLS,Timor-Leste,0,7,0,0,0,0,0,0,0,0,0,0,0,0,0,0,0,0,0,0,0,0,0,0,0,0,0,0,0,0,0,0,0,0,0,0,4,0,0,0,0,0,0,0,0,0,0,0,0,0,0,0,0,0,0,0,0,0,0,0,0,4,0,0,0,0,0,4,0,0,0
2007,Netherlands,EC,TLS,Timor-Leste,0,134,0,0,0,0,0,0,0,0,0,0,0,0,0,0,0,0,0,0,0,0,0,0,0,0,0,0,0,0,0,0,0,0,0,0,70,0,0,0,0,0,0,0,0,0,0,0,0,0,0,0,0,0,0,0,0,0,0,0,0,64,0,0,0,0,0,70,0,0,0
2007,Other_OECD_DAC_countries,EC,TLS,Timor-Leste,0,97,0,0,0,0,0,0,0,0,0,0,0,0,0,0,0,0,0,0,0,0,0,0,0,0,0,0,0,0,0,0,0,0,0,0,51,0,0,0,0,0,0,0,0,0,0,0,0,0,0,0,0,0,0,0,0,0,0,0,0,46,0,0,0,0,0,51,0,0,0
2007,Portugal,EC,TLS,Timor-Leste,0,33,0,0,0,0,0,0,0,0,0,0,0,0,0,0,0,0,0,0,0,0,0,0,0,0,0,0,0,0,0,0,0,0,0,0,17,0,0,0,0,0,0,0,0,0,0,0,0,0,0,0,0,0,0,0,0,0,0,0,0,16,0,0,0,0,0,17,0,0,0
2007,Spain,EC,TLS,Timor-Leste,0,218,0,0,0,0,0,0,0,0,0,0,0,0,0,0,0,0,0,0,0,0,0,0,0,0,0,0,0,0,0,0,0,0,0,0,114,0,0,0,0,0,0,0,0,0,0,0,0,0,0,0,0,0,0,0,0,0,0,0,0,104,0,0,0,0,0,114,0,0,0
2007,Sweden,EC,TLS,Timor-Leste,0,72,0,0,0,0,0,0,0,0,0,0,0,0,0,0,0,0,0,0,0,0,0,0,0,0,0,0,0,0,0,0,0,0,0,0,38,0,0,0,0,0,0,0,0,0,0,0,0,0,0,0,0,0,0,0,0,0,0,0,0,34,0,0,0,0,0,38,0,0,0
2007,United_Kingdom,EC,TLS,Timor-Leste,0,505,0,0,0,0,0,0,0,0,0,0,0,0,0,0,0,0,0,0,0,0,0,0,0,0,0,0,0,0,0,0,0,0,0,0,265,0,0,0,0,0,0,0,0,0,0,0,0,0,0,0,0,0,0,0,0,0,0,0,0,240,0,0,0,0,0,265,0,0,0
2007,Gates Foundation,GATES,TLS,Timor-Leste,0,624,6,14,0,0,0,0,12,0,0,0,62,22,39,0,0,0,0,23,0,0,0,5,0,27,1,0,1,0,0,4,0,312,0,0,10,30,0,0,3,0,0,15,0,0,0,0,0,0,10,0,0,0,0,0,0,0,0,0,0,26,0,13,123,0,58,355,18,10,20
2007,Australia,GAVI,TLS,Timor-Leste,0,2,0,0,0,0,0,0,0,0,0,0,0,2,0,0,0,0,0,0,0,0,0,0,0,0,0,0,0,0,0,0,0,0,0,0,0,0,0,0,0,0,0,0,0,0,0,0,0,0,0,0,0,0,0,0,0,0,0,0,0,0,0,0,2,0,0,0,0,0,0
2007,Denmark,GAVI,TLS,Timor-Leste,0,2,0,0,0,0,0,0,0,0,0,0,0,2,0,0,0,0,0,0,0,0,0,0,0,0,0,0,0,0,0,0,0,0,0,0,0,0,0,0,0,0,0,0,0,0,0,0,0,0,0,0,0,0,0,0,0,0,0,0,0,0,0,0,2,0,0,0,0,0,0
2007,France,GAVI,TLS,Timor-Leste,0,45,0,0,0,0,0,0,0,0,0,0,0,45,0,0,0,0,0,0,0,0,0,0,0,0,0,0,0,0,0,0,0,0,0,0,0,0,0,0,0,0,0,0,0,0,0,0,0,0,0,0,0,0,0,0,0,0,0,0,0,0,0,0,45,0,0,0,0,0,0
2007,Gates Foundation,GAVI,TLS,Timor-Leste,0,24,0,0,0,0,0,0,0,0,0,0,0,24,0,0,0,0,0,0,0,0,0,0,0,0,0,0,0,0,0,0,0,0,0,0,0,0,0,0,0,0,0,0,0,0,0,0,0,0,0,0,0,0,0,0,0,0,0,0,0,0,0,0,24,0,0,0,0,0,0
2007,Germany,GAVI,TLS,Timor-Leste,0,2,0,0,0,0,0,0,0,0,0,0,0,2,0,0,0,0,0,0,0,0,0,0,0,0,0,0,0,0,0,0,0,0,0,0,0,0,0,0,0,0,0,0,0,0,0,0,0,0,0,0,0,0,0,0,0,0,0,0,0,0,0,0,2,0,0,0,0,0,0
2007,Ireland,GAVI,TLS,Timor-Leste,0,3,0,0,0,0,0,0,0,0,0,0,0,3,0,0,0,0,0,0,0,0,0,0,0,0,0,0,0,0,0,0,0,0,0,0,0,0,0,0,0,0,0,0,0,0,0,0,0,0,0,0,0,0,0,0,0,0,0,0,0,0,0,0,3,0,0,0,0,0,0
2007,Italy,GAVI,TLS,Timor-Leste,0,15,0,0,0,0,0,0,0,0,0,0,0,15,0,0,0,0,0,0,0,0,0,0,0,0,0,0,0,0,0,0,0,0,0,0,0,0,0,0,0,0,0,0,0,0,0,0,0,0,0,0,0,0,0,0,0,0,0,0,0,0,0,0,15,0,0,0,0,0,0
2007,Netherlands,GAVI,TLS,Timor-Leste,0,11,0,0,0,0,0,0,0,0,0,0,0,11,0,0,0,0,0,0,0,0,0,0,0,0,0,0,0,0,0,0,0,0,0,0,0,0,0,0,0,0,0,0,0,0,0,0,0,0,0,0,0,0,0,0,0,0,0,0,0,0,0,0,11,0,0,0,0,0,0
2007,Norway,GAVI,TLS,Timor-Leste,0,27,0,0,0,0,0,0,0,0,0,0,0,27,0,0,0,0,0,0,0,0,0,0,0,0,0,0,0,0,0,0,0,0,0,0,0,0,0,0,0,0,0,0,0,0,0,0,0,0,0,0,0,0,0,0,0,0,0,0,0,0,0,0,27,0,0,0,0,0,0
2007,Other,GAVI,TLS,Timor-Leste,0,21,0,0,0,0,0,0,0,0,0,0,0,21,0,0,0,0,0,0,0,0,0,0,0,0,0,0,0,0,0,0,0,0,0,0,0,0,0,0,0,0,0,0,0,0,0,0,0,0,0,0,0,0,0,0,0,0,0,0,0,0,0,0,21,0,0,0,0,0,0
2007,Spain,GAVI,TLS,Timor-Leste,0,6,0,0,0,0,0,0,0,0,0,0,0,6,0,0,0,0,0,0,0,0,0,0,0,0,0,0,0,0,0,0,0,0,0,0,0,0,0,0,0,0,0,0,0,0,0,0,0,0,0,0,0,0,0,0,0,0,0,0,0,0,0,0,6,0,0,0,0,0,0
2007,Sweden,GAVI,TLS,Timor-Leste,0,5,0,0,0,0,0,0,0,0,0,0,0,5,0,0,0,0,0,0,0,0,0,0,0,0,0,0,0,0,0,0,0,0,0,0,0,0,0,0,0,0,0,0,0,0,0,0,0,0,0,0,0,0,0,0,0,0,0,0,0,0,0,0,5,0,0,0,0,0,0
2007,United_Kingdom,GAVI,TLS,Timor-Leste,0,82,0,0,0,0,0,0,0,0,0,0,0,82,0,0,0,0,0,0,0,0,0,0,0,0,0,0,0,0,0,0,0,0,0,0,0,0,0,0,0,0,0,0,0,0,0,0,0,0,0,0,0,0,0,0,0,0,0,0,0,0,0,0,82,0,0,0,0,0,0
2007,United_States,GAVI,TLS,Timor-Leste,0,22,0,0,0,0,0,0,0,0,0,0,0,22,0,0,0,0,0,0,0,0,0,0,0,0,0,0,0,0,0,0,0,0,0,0,0,0,0,0,0,0,0,0,0,0,0,0,0,0,0,0,0,0,0,0,0,0,0,0,0,0,0,0,22,0,0,0,0,0,0
2007,Australia,GFATM,TLS,Timor-Leste,0,12,0,0,0,0,0,0,0,0,0,0,0,0,0,0,0,0,1,1,0,0,0,0,0,0,1,0,0,0,0,0,0,1,0,0,1,1,0,0,1,0,1,2,0,1,0,0,0,0,0,0,0,0,0,0,0,0,0,0,0,0,0,0,0,0,4,3,4,0,0
2007,Austria,GFATM,TLS,Timor-Leste,0,2,0,0,0,0,0,0,0,0,0,0,0,0,0,0,0,0,0,0,0,0,0,0,0,0,0,0,0,0,0,0,0,0,0,0,0,0,0,0,0,0,0,0,0,0,0,0,0,0,0,0,0,0,0,0,0,0,0,0,0,0,0,0,0,0,1,1,1,0,0
2007,Belgium,GFATM,TLS,Timor-Leste,0,17,0,0,0,0,0,0,0,0,0,0,0,0,0,0,0,0,1,1,0,0,0,0,0,1,2,0,0,0,1,0,0,1,0,0,1,1,0,0,1,0,1,2,0,1,0,0,0,0,0,0,0,0,0,0,0,0,0,0,0,0,0,0,0,0,6,5,6,0,0
2007,Canada,GFATM,TLS,Timor-Leste,0,84,0,0,0,0,0,0,0,0,0,0,0,0,0,0,0,0,5,7,1,0,1,3,0,3,9,1,0,1,3,1,1,6,1,0,6,4,2,1,5,1,5,11,2,4,1,0,0,0,0,0,0,0,0,0,0,0,0,0,0,0,0,0,0,0,30,24,30,0,0
2007,China,GFATM,TLS,Timor-Leste,0,2,0,0,0,0,0,0,0,0,0,0,0,0,0,0,0,0,0,0,0,0,0,0,0,0,0,0,0,0,0,0,0,0,0,0,0,0,0,0,0,0,0,0,0,0,0,0,0,0,0,0,0,0,0,0,0,0,0,0,0,0,0,0,0,0,1,0,1,0,0
2007,Denmark,GFATM,TLS,Timor-Leste,0,22,0,0,0,0,0,0,0,0,0,0,0,0,0,0,0,0,1,2,0,0,0,1,0,1,2,0,0,0,1,0,0,1,0,0,1,1,1,0,1,0,1,3,1,1,0,0,0,0,0,0,0,0,0,0,0,0,0,0,0,0,0,0,0,0,8,6,8,0,0
2007,Finland,GFATM,TLS,Timor-Leste,0,4,0,0,0,0,0,0,0,0,0,0,0,0,0,0,0,0,0,0,0,0,0,0,0,0,0,0,0,0,0,0,0,0,0,0,0,0,0,0,0,0,0,1,0,0,0,0,0,0,0,0,0,0,0,0,0,0,0,0,0,0,0,0,0,0,1,1,2,0,0
2007,France,GFATM,TLS,Timor-Leste,0,338,0,1,0,0,0,0,0,0,0,0,0,0,0,0,0,0,21,30,2,1,4,10,0,11,36,5,1,4,10,3,3,23,3,0,23,17,8,4,20,6,20,45,8,17,5,0,0,0,0,0,0,0,0,0,0,0,0,0,0,0,0,0,0,0,120,97,121,0,1
2007,Gates Foundation,GFATM,TLS,Timor-Leste,0,76,0,0,0,0,0,0,0,0,0,0,0,0,0,0,0,0,5,7,0,0,1,2,0,3,8,1,0,1,2,1,1,5,1,0,5,4,2,1,5,1,4,10,2,4,1,0,0,0,0,0,0,0,0,0,0,0,0,0,0,0,0,0,0,0,27,22,27,0,0
2007,Germany,GFATM,TLS,Timor-Leste,0,112,0,0,0,0,0,0,0,0,0,0,0,0,0,0,0,0,7,10,1,0,1,3,0,4,12,2,0,1,3,1,1,7,1,0,8,6,3,1,7,2,7,15,3,6,2,0,0,0,0,0,0,0,0,0,0,0,0,0,0,0,0,0,0,0,40,32,40,0,0
2007,Greece,GFATM,TLS,Timor-Leste,0,2,0,0,0,0,0,0,0,0,0,0,0,0,0,0,0,0,0,0,0,0,0,0,0,0,0,0,0,0,0,0,0,0,0,0,0,0,0,0,0,0,0,0,0,0,0,0,0,0,0,0,0,0,0,0,0,0,0,0,0,0,0,0,0,0,1,1,1,0,0
2007,Ireland,GFATM,TLS,Timor-Leste,0,22,0,0,0,0,0,0,0,0,0,0,0,0,0,0,0,0,1,2,0,0,0,1,0,1,2,0,0,0,1,0,0,1,0,0,1,1,1,0,1,0,1,3,1,1,0,0,0,0,0,0,0,0,0,0,0,0,0,0,0,0,0,0,0,0,8,6,8,0,0
2007,Italy,GFATM,TLS,Timor-Leste,0,151,0,0,0,0,0,0,0,0,0,0,0,0,0,0,0,0,9,13,1,0,2,5,0,5,16,2,1,2,5,1,1,10,1,0,10,8,4,2,9,2,9,20,4,8,2,0,0,0,0,0,0,0,0,0,0,0,0,0,0,0,0,0,0,0,54,43,54,0,0
2007,Japan,GFATM,TLS,Timor-Leste,0,142,0,0,0,0,0,0,0,0,0,0,0,0,0,0,0,0,9,12,1,0,2,4,0,5,15,2,1,1,4,1,1,9,1,0,10,7,3,2,8,2,8,19,4,7,2,0,0,0,0,0,0,0,0,0,0,0,0,0,0,0,0,0,0,0,50,40,51,0,0
2007,Korea,GFATM,TLS,Timor-Leste,0,2,0,0,0,0,0,0,0,0,0,0,0,0,0,0,0,0,0,0,0,0,0,0,0,0,0,0,0,0,0,0,0,0,0,0,0,0,0,0,0,0,0,0,0,0,0,0,0,0,0,0,0,0,0,0,0,0,0,0,0,0,0,0,0,0,1,1,1,0,0
2007,Luxembourg,GFATM,TLS,Timor-Leste,0,2,0,0,0,0,0,0,0,0,0,0,0,0,0,0,0,0,0,0,0,0,0,0,0,0,0,0,0,0,0,0,0,0,0,0,0,0,0,0,0,0,0,0,0,0,0,0,0,0,0,0,0,0,0,0,0,0,0,0,0,0,0,0,0,0,1,1,1,0,0
2007,Netherlands,GFATM,TLS,Timor-Leste,0,68,0,0,0,0,0,0,0,0,0,0,0,0,0,0,0,0,4,6,0,0,1,2,0,2,7,1,0,1,2,1,1,5,1,0,5,3,2,1,4,1,4,9,2,3,1,0,0,0,0,0,0,0,0,0,0,0,0,0,0,0,0,0,0,0,24,20,24,0,0
2007,Non_OECD_non_DAC_countries,GFATM,TLS,Timor-Leste,0,70,0,0,0,0,0,0,0,0,0,0,0,0,0,0,0,0,4,6,0,0,1,2,0,2,7,1,0,1,2,1,1,5,1,0,5,3,2,1,4,1,4,9,2,3,1,0,0,0,0,0,0,0,0,0,0,0,0,0,0,0,0,0,0,0,25,20,25,0,0
2007,Norway,GFATM,TLS,Timor-Leste,0,40,0,0,0,0,0,0,0,0,0,0,0,0,0,0,0,0,2,3,0,0,0,1,0,1,4,1,0,0,1,0,0,3,0,0,3,2,1,0,2,1,2,5,1,2,1,0,0,0,0,0,0,0,0,0,0,0,0,0,0,0,0,0,0,0,14,11,14,0,0
2007,Other_OECD_DAC_countries,GFATM,TLS,Timor-Leste,0,2,0,0,0,0,0,0,0,0,0,0,0,0,0,0,0,0,0,0,0,0,0,0,0,0,0,0,0,0,0,0,0,0,0,0,0,0,0,0,0,0,0,0,0,0,0,0,0,0,0,0,0,0,0,0,0,0,0,0,0,0,0,0,0,0,1,1,1,0,0
2007,Portugal,GFATM,TLS,Timor-Leste,0,4,0,0,0,0,0,0,0,0,0,0,0,0,0,0,0,0,0,0,0,0,0,0,0,0,0,0,0,0,0,0,0,0,0,0,0,0,0,0,0,0,0,0,0,0,0,0,0,0,0,0,0,0,0,0,0,0,0,0,0,0,0,0,0,0,1,1,1,0,0
2007,Private_other,GFATM,TLS,Timor-Leste,0,34,0,0,0,0,0,0,0,0,0,0,0,0,0,0,0,0,2,3,0,0,0,1,0,1,4,0,0,0,1,0,0,2,0,0,2,2,1,0,2,1,2,5,1,2,1,0,0,0,0,0,0,0,0,0,0,0,0,0,0,0,0,0,0,0,12,10,12,0,0
2007,Spain,GFATM,TLS,Timor-Leste,0,91,0,0,0,0,0,0,0,0,0,0,0,0,0,0,0,0,6,8,1,0,1,3,0,3,10,1,0,1,3,1,1,6,1,0,6,5,2,1,5,1,5,12,2,5,1,0,0,0,0,0,0,0,0,0,0,0,0,0,0,0,0,0,0,0,32,26,32,0,0
2007,Sweden,GFATM,TLS,Timor-Leste,0,49,0,0,0,0,0,0,0,0,0,0,0,0,0,0,0,0,3,4,0,0,1,1,0,2,5,1,0,1,1,0,0,3,0,0,3,2,1,1,3,1,3,6,1,2,1,0,0,0,0,0,0,0,0,0,0,0,0,0,0,0,0,0,0,0,17,14,17,0,0
2007,Switzerland,GFATM,TLS,Timor-Leste,0,4,0,0,0,0,0,0,0,0,0,0,0,0,0,0,0,0,0,0,0,0,0,0,0,0,0,0,0,0,0,0,0,0,0,0,0,0,0,0,0,0,0,1,0,0,0,0,0,0,0,0,0,0,0,0,0,0,0,0,0,0,0,0,0,0,2,1,2,0,0
2007,United_Kingdom,GFATM,TLS,Timor-Leste,0,165,0,0,0,0,0,0,0,0,0,0,0,0,0,0,0,0,10,14,1,0,2,5,0,6,17,2,1,2,5,1,1,11,1,0,11,8,4,2,10,3,10,22,4,8,2,0,0,0,0,0,0,0,0,0,0,0,0,0,0,0,0,0,0,0,59,47,59,0,0
2007,United_States,GFATM,TLS,Timor-Leste,0,517,0,1,0,0,0,0,0,0,0,0,0,0,0,0,0,0,32,45,3,1,6,15,0,18,54,7,2,5,15,5,5,34,4,0,35,26,13,5,31,9,30,69,13,26,8,0,0,0,0,0,0,0,0,0,0,0,0,0,0,0,0,0,0,0,184,148,185,0,1
2007,Australia,INTLNGO,TLS,Timor-Leste,0,3313,1581,0,1196,0,0,0,0,0,0,0,0,0,0,0,0,0,0,0,0,0,0,0,0,0,0,0,0,0,0,0,0,0,0,0,0,0,0,0,0,0,0,0,0,0,0,0,0,0,0,0,0,0,0,0,0,0,0,0,0,535,0,0,0,0,0,0,0,0,2777
2007,Germany,INTLNGO,TLS,Timor-Leste,0,287,0,0,0,0,0,0,0,0,0,0,0,0,0,0,0,0,0,0,0,0,0,0,0,0,0,0,0,0,0,0,0,0,0,0,0,0,0,0,0,0,0,0,0,0,0,0,0,0,0,0,0,0,0,0,0,0,0,0,0,287,0,0,0,0,0,0,0,0,0
2007,Ireland,INTLNGO,TLS,Timor-Leste,0,51,0,0,16,0,0,0,0,0,0,0,0,0,0,0,0,0,0,0,0,0,0,0,0,0,0,0,0,0,0,0,0,0,0,0,0,0,0,0,0,0,0,0,0,0,0,0,0,0,0,0,0,0,0,0,0,0,0,0,0,35,0,0,0,0,0,0,0,0,16
2007,Japan,INTLNGO,TLS,Timor-Leste,0,16,0,0,0,0,0,0,0,0,0,0,0,0,0,0,0,0,0,0,0,0,0,0,0,0,0,0,0,0,0,0,0,0,0,0,0,0,0,0,0,0,0,0,0,0,0,0,0,0,0,0,0,0,0,0,0,0,0,0,0,16,0,0,0,0,0,0,0,0,0
2007,Korea,INTLNGO,TLS,Timor-Leste,0,108,31,0,0,0,0,0,0,0,0,0,0,0,0,0,0,0,0,0,0,0,0,0,0,0,0,0,0,0,0,0,0,0,0,0,0,0,0,0,0,0,0,0,0,0,0,0,0,0,0,0,0,0,0,0,0,0,0,0,0,77,0,1,0,0,0,0,0,0,31
2007,New_Zealand,INTLNGO,TLS,Timor-Leste,0,18,0,0,0,0,0,0,0,0,0,0,0,0,0,0,0,0,0,0,0,0,0,0,0,0,0,0,0,0,0,0,0,0,0,0,0,0,0,0,0,0,0,0,0,0,0,0,0,0,0,0,0,0,0,0,0,0,0,0,0,18,0,0,0,0,0,0,0,0,0
2007,Norway,INTLNGO,TLS,Timor-Leste,0,1,0,0,0,0,0,0,0,0,0,0,0,0,0,0,0,0,0,1,0,0,0,0,0,0,0,0,0,0,0,0,0,0,0,0,0,0,0,0,0,0,0,0,0,0,0,0,0,0,0,0,0,0,0,0,0,0,0,0,0,0,0,0,0,0,1,0,0,0,0
2007,Portugal,INTLNGO,TLS,Timor-Leste,0,28,14,0,1,0,0,0,0,0,0,0,0,0,0,0,0,0,0,0,0,0,0,0,0,0,0,0,0,0,0,0,0,0,0,0,0,0,0,0,0,0,0,0,0,0,0,0,0,0,0,0,0,0,0,0,0,0,0,0,0,12,0,0,0,0,0,0,0,0,16
2007,Sweden,INTLNGO,TLS,Timor-Leste,0,22,0,0,0,0,0,2,0,0,0,0,3,0,0,0,0,0,0,0,0,0,0,0,0,11,0,0,0,0,0,0,0,0,0,0,0,0,0,0,0,0,0,0,0,0,0,0,0,0,0,0,0,0,0,0,0,0,0,0,0,5,0,2,3,0,11,0,0,0,0
2007,United_Kingdom,INTLNGO,TLS,Timor-Leste,0,11,0,0,0,0,0,0,0,0,0,0,0,0,6,0,0,0,0,4,0,0,0,0,0,0,0,0,0,0,0,0,0,0,0,0,0,0,0,0,0,0,0,0,0,0,0,0,0,0,0,0,0,0,0,0,0,0,0,0,0,0,0,0,6,0,4,0,0,0,0
2007,United_States,INTLNGO,TLS,Timor-Leste,0,483,0,0,0,0,1,0,14,2,0,0,0,0,19,1,0,0,1,1,0,2,0,0,0,32,2,0,0,0,0,0,0,0,0,0,0,0,0,0,0,0,0,0,0,0,0,0,0,0,1,0,0,0,0,0,0,0,0,0,0,405,0,18,21,0,38,0,0,1,0
2007,Corporate_donations,NGO,TLS,Timor-Leste,0,97,1,0,1,0,0,0,0,2,2,0,4,2,10,4,14,0,1,1,0,0,0,0,0,0,0,1,0,0,0,1,0,0,0,0,0,0,0,0,0,0,0,0,0,0,0,0,0,0,0,2,2,0,0,1,1,2,24,0,0,20,0,4,35,28,2,2,0,4,2
2007,Gates Foundation,NGO,TLS,Timor-Leste,0,75,0,0,0,0,0,0,0,14,7,7,4,0,0,3,1,1,7,7,2,2,2,2,0,0,5,2,2,0,0,0,0,0,0,0,0,0,0,0,0,0,0,0,0,0,0,0,0,0,0,2,1,1,0,0,0,0,0,0,0,0,0,28,9,0,33,0,0,5,0
2007,Private_other,NGO,TLS,Timor-Leste,0,764,17,0,2,0,108,22,0,37,32,15,35,5,68,37,74,9,20,16,4,6,5,14,0,0,13,10,7,11,2,3,4,12,10,0,0,7,9,8,5,4,0,0,2,2,2,0,0,0,0,7,6,5,1,5,6,8,44,5,0,40,0,214,228,69,94,66,15,19,19
2007,United_States,NGO,TLS,Timor-Leste,0,1883,0,0,0,0,1,1,24,2,0,0,0,0,81,2,0,0,4,6,0,3,0,0,0,60,3,0,0,0,0,0,0,0,0,0,0,0,0,0,0,0,0,0,0,0,0,0,0,0,4,0,0,0,0,0,0,0,0,0,0,1692,0,28,83,0,76,1,0,4,0
2007,Australia,UNAIDS,TLS,Timor-Leste,0,1,0,0,0,0,0,0,0,0,0,0,0,0,0,0,0,0,0,0,0,0,0,0,0,0,1,0,0,0,0,0,0,0,0,0,0,0,0,0,0,0,0,0,0,0,0,0,0,0,0,0,0,0,0,0,0,0,0,0,0,0,0,0,0,0,1,0,0,0,0
2007,Belgium,UNAIDS,TLS,Timor-Leste,0,2,0,0,0,0,0,0,0,0,0,0,0,0,0,0,0,0,0,0,0,0,0,0,0,0,2,0,0,0,0,0,0,0,0,0,0,0,0,0,0,0,0,0,0,0,0,0,0,0,0,0,0,0,0,0,0,0,0,0,0,0,0,0,0,0,2,0,0,0,0
2007,Canada,UNAIDS,TLS,Timor-Leste,0,2,0,0,0,0,0,0,0,0,0,0,0,0,0,0,0,0,0,0,0,0,0,0,0,0,2,0,0,0,0,0,0,0,0,0,0,0,0,0,0,0,0,0,0,0,0,0,0,0,0,0,0,0,0,0,0,0,0,0,0,0,0,0,0,0,2,0,0,0,0
2007,Denmark,UNAIDS,TLS,Timor-Leste,0,3,0,0,0,0,0,0,0,0,0,0,0,0,0,0,0,0,0,1,0,0,0,0,0,0,2,0,0,0,0,0,0,0,0,0,0,0,0,0,0,0,0,0,0,0,0,0,0,0,0,0,0,0,0,0,0,0,0,0,0,0,0,0,0,0,3,0,0,0,0
2007,Finland,UNAIDS,TLS,Timor-Leste,0,4,0,0,0,0,0,0,0,0,0,0,0,0,0,0,0,0,0,1,0,0,0,0,0,0,2,0,0,0,0,0,0,0,0,0,0,0,0,0,0,0,0,0,0,0,0,0,0,0,0,0,0,0,0,0,0,0,0,0,0,0,0,0,0,0,4,0,0,0,0
2007,Ireland,UNAIDS,TLS,Timor-Leste,0,4,0,0,0,0,0,0,0,0,0,0,0,0,0,0,0,0,0,1,0,0,0,0,0,0,2,0,0,0,0,0,0,0,0,0,0,0,0,0,0,0,0,0,0,0,0,0,0,0,0,0,0,0,0,0,0,0,0,0,0,0,0,0,0,0,4,0,0,0,0
2007,Japan,UNAIDS,TLS,Timor-Leste,0,1,0,0,0,0,0,0,0,0,0,0,0,0,0,0,0,0,0,0,0,0,0,0,0,0,1,0,0,0,0,0,0,0,0,0,0,0,0,0,0,0,0,0,0,0,0,0,0,0,0,0,0,0,0,0,0,0,0,0,0,0,0,0,0,0,1,0,0,0,0
2007,Luxembourg,UNAIDS,TLS,Timor-Leste,0,3,0,0,0,0,0,0,0,0,0,0,0,0,0,0,0,0,0,0,0,0,0,0,0,0,2,0,0,0,0,0,0,0,0,0,0,0,0,0,0,0,0,0,0,0,0,0,0,0,0,0,0,0,0,0,0,0,0,0,0,0,0,0,0,0,3,0,0,0,0
2007,Netherlands,UNAIDS,TLS,Timor-Leste,0,17,0,0,0,0,0,0,0,0,0,0,0,0,0,0,0,0,0,3,0,0,0,0,0,2,12,0,0,0,0,0,0,0,0,0,0,0,0,0,0,0,0,0,0,0,0,0,0,0,0,0,0,0,0,0,0,0,0,0,0,0,0,0,0,0,17,0,0,0,0
2007,Norway,UNAIDS,TLS,Timor-Leste,0,11,0,0,0,0,0,0,0,0,0,0,0,0,0,0,0,0,0,2,0,0,0,0,0,1,7,0,0,0,0,0,0,0,0,0,0,0,0,0,0,0,0,0,0,0,0,0,0,0,0,0,0,0,0,0,0,0,0,0,0,0,0,0,0,0,11,0,0,0,0
2007,Other,UNAIDS,TLS,Timor-Leste,0,4,0,0,0,0,0,0,0,0,0,0,0,0,0,0,0,0,0,1,0,0,0,0,0,0,3,0,0,0,0,0,0,0,0,0,0,0,0,0,0,0,0,0,0,0,0,0,0,0,0,0,0,0,0,0,0,0,0,0,0,0,0,0,0,0,4,0,0,0,0
2007,Spain,UNAIDS,TLS,Timor-Leste,0,2,0,0,0,0,0,0,0,0,0,0,0,0,0,0,0,0,0,0,0,0,0,0,0,0,1,0,0,0,0,0,0,0,0,0,0,0,0,0,0,0,0,0,0,0,0,0,0,0,0,0,0,0,0,0,0,0,0,0,0,0,0,0,0,0,2,0,0,0,0
2007,Sweden,UNAIDS,TLS,Timor-Leste,0,13,0,0,0,0,0,0,0,0,0,0,0,0,0,0,0,0,0,2,0,0,0,0,0,2,9,0,0,0,0,0,0,0,0,0,0,0,0,0,0,0,0,0,0,0,0,0,0,0,0,0,0,0,0,0,0,0,0,0,0,0,0,0,0,0,13,0,0,0,0
2007,Switzerland,UNAIDS,TLS,Timor-Leste,0,1,0,0,0,0,0,0,0,0,0,0,0,0,0,0,0,0,0,0,0,0,0,0,0,0,1,0,0,0,0,0,0,0,0,0,0,0,0,0,0,0,0,0,0,0,0,0,0,0,0,0,0,0,0,0,0,0,0,0,0,0,0,0,0,0,1,0,0,0,0
2007,United_Kingdom,UNAIDS,TLS,Timor-Leste,0,15,0,0,0,0,0,0,0,0,0,0,0,0,0,0,0,0,0,2,0,0,0,0,0,2,10,0,0,0,0,0,0,0,0,0,0,0,0,0,0,0,0,0,0,0,0,0,0,0,0,0,0,0,0,0,0,0,0,0,0,0,0,0,0,0,15,0,0,0,0
2007,United_States,UNAIDS,TLS,Timor-Leste,0,10,0,0,0,0,0,0,0,0,0,0,0,0,0,0,0,0,0,2,0,0,0,0,0,1,7,0,0,0,0,0,0,0,0,0,0,0,0,0,0,0,0,0,0,0,0,0,0,0,0,0,0,0,0,0,0,0,0,0,0,0,0,0,0,0,10,0,0,0,0
2007,Australia,UNFPA,TLS,Timor-Leste,0,12,0,0,0,0,2,6,1,2,0,0,0,0,0,0,0,0,0,0,0,0,0,0,0,0,0,0,0,0,0,0,0,0,0,0,0,0,0,0,0,0,0,0,0,0,0,0,0,0,0,0,0,0,0,0,0,0,0,0,0,0,0,12,0,0,0,0,0,0,0
2007,Austria,UNFPA,TLS,Timor-Leste,0,5,0,0,0,0,1,3,0,1,0,0,0,0,0,0,0,0,0,0,0,0,0,0,0,0,0,0,0,0,0,0,0,0,0,0,0,0,0,0,0,0,0,0,0,0,0,0,0,0,0,0,0,0,0,0,0,0,0,0,0,0,0,5,0,0,0,0,0,0,0
2007,Belgium,UNFPA,TLS,Timor-Leste,0,17,0,0,0,0,3,9,1,3,0,0,0,0,0,0,0,0,0,0,0,0,0,0,0,0,0,0,0,0,0,0,0,0,0,0,0,0,0,0,0,0,0,0,0,0,0,0,0,0,0,0,0,0,0,0,0,0,0,0,0,0,0,17,0,0,0,0,0,0,0
2007,Canada,UNFPA,TLS,Timor-Leste,0,56,0,0,0,0,11,30,4,11,0,0,0,0,0,0,0,0,0,0,0,0,0,0,0,0,0,0,0,0,0,0,0,0,0,0,0,0,0,0,0,0,0,0,0,0,0,0,0,0,0,0,0,0,0,0,0,0,0,0,0,0,0,56,0,0,0,0,0,0,0
2007,China,UNFPA,TLS,Timor-Leste,0,2,0,0,0,0,0,1,0,0,0,0,0,0,0,0,0,0,0,0,0,0,0,0,0,0,0,0,0,0,0,0,0,0,0,0,0,0,0,0,0,0,0,0,0,0,0,0,0,0,0,0,0,0,0,0,0,0,0,0,0,0,0,2,0,0,0,0,0,0,0
2007,Denmark,UNFPA,TLS,Timor-Leste,0,96,0,0,0,0,18,51,7,19,0,0,0,0,0,0,0,0,0,0,0,0,0,0,0,0,0,0,0,0,0,0,0,0,0,0,0,0,0,0,0,0,0,0,0,0,0,0,0,0,0,0,0,0,0,0,0,0,0,0,0,0,0,96,0,0,0,0,0,0,0
2007,Finland,UNFPA,TLS,Timor-Leste,0,56,0,0,0,0,11,30,4,11,0,0,0,0,0,0,0,0,0,0,0,0,0,0,0,0,0,0,0,0,0,0,0,0,0,0,0,0,0,0,0,0,0,0,0,0,0,0,0,0,0,0,0,0,0,0,0,0,0,0,0,0,0,56,0,0,0,0,0,0,0
2007,France,UNFPA,TLS,Timor-Leste,0,21,0,0,0,0,4,11,2,4,0,0,0,0,0,0,0,0,0,0,0,0,0,0,0,0,0,0,0,0,0,0,0,0,0,0,0,0,0,0,0,0,0,0,0,0,0,0,0,0,0,0,0,0,0,0,0,0,0,0,0,0,0,21,0,0,0,0,0,0,0
2007,Germany,UNFPA,TLS,Timor-Leste,0,78,0,0,0,0,15,42,6,15,0,0,0,0,0,0,0,0,0,0,0,0,0,0,0,0,0,0,0,0,0,0,0,0,0,0,0,0,0,0,0,0,0,0,0,0,0,0,0,0,0,0,0,0,0,0,0,0,0,0,0,0,0,78,0,0,0,0,0,0,0
2007,Greece,UNFPA,TLS,Timor-Leste,0,1,0,0,0,0,0,1,0,0,0,0,0,0,0,0,0,0,0,0,0,0,0,0,0,0,0,0,0,0,0,0,0,0,0,0,0,0,0,0,0,0,0,0,0,0,0,0,0,0,0,0,0,0,0,0,0,0,0,0,0,0,0,1,0,0,0,0,0,0,0
2007,Ireland,UNFPA,TLS,Timor-Leste,0,15,0,0,0,0,3,8,1,3,0,0,0,0,0,0,0,0,0,0,0,0,0,0,0,0,0,0,0,0,0,0,0,0,0,0,0,0,0,0,0,0,0,0,0,0,0,0,0,0,0,0,0,0,0,0,0,0,0,0,0,0,0,15,0,0,0,0,0,0,0
2007,Italy,UNFPA,TLS,Timor-Leste,0,24,0,0,0,0,5,13,2,5,0,0,0,0,0,0,0,0,0,0,0,0,0,0,0,0,0,0,0,0,0,0,0,0,0,0,0,0,0,0,0,0,0,0,0,0,0,0,0,0,0,0,0,0,0,0,0,0,0,0,0,0,0,24,0,0,0,0,0,0,0
2007,Japan,UNFPA,TLS,Timor-Leste,0,96,0,0,0,0,18,51,7,19,0,0,0,0,0,0,0,0,0,0,0,0,0,0,0,0,0,0,0,0,0,0,0,0,0,0,0,0,0,0,0,0,0,0,0,0,0,0,0,0,0,0,0,0,0,0,0,0,0,0,0,0,0,96,0,0,0,0,0,0,0
2007,Luxembourg,UNFPA,TLS,Timor-Leste,0,26,0,0,0,0,5,14,2,5,0,0,0,0,0,0,0,0,0,0,0,0,0,0,0,0,0,0,0,0,0,0,0,0,0,0,0,0,0,0,0,0,0,0,0,0,0,0,0,0,0,0,0,0,0,0,0,0,0,0,0,0,0,26,0,0,0,0,0,0,0
2007,Netherlands,UNFPA,TLS,Timor-Leste,0,226,0,0,0,0,43,121,17,45,0,0,0,0,0,0,0,0,0,0,0,0,0,0,0,0,0,0,0,0,0,0,0,0,0,0,0,0,0,0,0,0,0,0,0,0,0,0,0,0,0,0,0,0,0,0,0,0,0,0,0,0,0,226,0,0,0,0,0,0,0
2007,New_Zealand,UNFPA,TLS,Timor-Leste,0,12,0,0,0,0,2,7,1,2,0,0,0,0,0,0,0,0,0,0,0,0,0,0,0,0,0,0,0,0,0,0,0,0,0,0,0,0,0,0,0,0,0,0,0,0,0,0,0,0,0,0,0,0,0,0,0,0,0,0,0,0,0,12,0,0,0,0,0,0,0
2007,Non_OECD_non_DAC_countries,UNFPA,TLS,Timor-Leste,0,44,0,0,0,0,8,24,3,9,0,0,0,0,0,0,0,0,0,0,0,0,0,0,0,0,0,0,0,0,0,0,0,0,0,0,0,0,0,0,0,0,0,0,0,0,0,0,0,0,0,0,0,0,0,0,0,0,0,0,0,0,0,44,0,0,0,0,0,0,0
2007,Norway,UNFPA,TLS,Timor-Leste,0,148,0,0,0,0,28,79,11,29,0,0,0,0,0,0,0,0,0,0,0,0,0,0,0,0,0,0,0,0,0,0,0,0,0,0,0,0,0,0,0,0,0,0,0,0,0,0,0,0,0,0,0,0,0,0,0,0,0,0,0,0,0,148,0,0,0,0,0,0,0
2007,Other,UNFPA,TLS,Timor-Leste,0,218,0,0,0,0,42,117,17,43,0,0,0,0,0,0,0,0,0,0,0,0,0,0,0,0,0,0,0,0,0,0,0,0,0,0,0,0,0,0,0,0,0,0,0,0,0,0,0,0,0,0,0,0,0,0,0,0,0,0,0,0,0,218,0,0,0,0,0,0,0
2007,Other_OECD_DAC_countries,UNFPA,TLS,Timor-Leste,0,1,0,0,0,0,0,1,0,0,0,0,0,0,0,0,0,0,0,0,0,0,0,0,0,0,0,0,0,0,0,0,0,0,0,0,0,0,0,0,0,0,0,0,0,0,0,0,0,0,0,0,0,0,0,0,0,0,0,0,0,0,0,1,0,0,0,0,0,0,0
2007,Private_other,UNFPA,TLS,Timor-Leste,0,54,0,0,0,0,10,29,4,11,0,0,0,0,0,0,0,0,0,0,0,0,0,0,0,0,0,0,0,0,0,0,0,0,0,0,0,0,0,0,0,0,0,0,0,0,0,0,0,0,0,0,0,0,0,0,0,0,0,0,0,0,0,54,0,0,0,0,0,0,0
2007,Spain,UNFPA,TLS,Timor-Leste,0,45,0,0,0,0,9,24,3,9,0,0,0,0,0,0,0,0,0,0,0,0,0,0,0,0,0,0,0,0,0,0,0,0,0,0,0,0,0,0,0,0,0,0,0,0,0,0,0,0,0,0,0,0,0,0,0,0,0,0,0,0,0,45,0,0,0,0,0,0,0
2007,Sweden,UNFPA,TLS,Timor-Leste,0,177,0,0,0,0,34,95,13,35,0,0,0,0,0,0,0,0,0,0,0,0,0,0,0,0,0,0,0,0,0,0,0,0,0,0,0,0,0,0,0,0,0,0,0,0,0,0,0,0,0,0,0,0,0,0,0,0,0,0,0,0,0,177,0,0,0,0,0,0,0
2007,Switzerland,UNFPA,TLS,Timor-Leste,0,28,0,0,0,0,5,15,2,6,0,0,0,0,0,0,0,0,0,0,0,0,0,0,0,0,0,0,0,0,0,0,0,0,0,0,0,0,0,0,0,0,0,0,0,0,0,0,0,0,0,0,0,0,0,0,0,0,0,0,0,0,0,28,0,0,0,0,0,0,0
2007,United_Kingdom,UNFPA,TLS,Timor-Leste,0,152,0,0,0,0,29,81,12,30,0,0,0,0,0,0,0,0,0,0,0,0,0,0,0,0,0,0,0,0,0,0,0,0,0,0,0,0,0,0,0,0,0,0,0,0,0,0,0,0,0,0,0,0,0,0,0,0,0,0,0,0,0,152,0,0,0,0,0,0,0
2007,United_States,UNFPA,TLS,Timor-Leste,0,3,0,0,0,0,0,1,0,0,0,0,0,0,0,0,0,0,0,0,0,0,0,0,0,0,0,0,0,0,0,0,0,0,0,0,0,0,0,0,0,0,0,0,0,0,0,0,0,0,0,0,0,0,0,0,0,0,0,0,0,0,0,3,0,0,0,0,0,0,0
2007,Australia,UNICEF,TLS,Timor-Leste,0,28,0,0,0,0,0,0,1,0,0,0,8,6,9,2,0,0,0,0,0,0,0,0,0,1,0,0,0,0,0,0,0,0,0,0,0,0,0,0,0,0,0,0,0,0,0,0,0,0,0,0,0,0,0,0,0,0,0,0,0,0,0,1,26,0,1,0,0,0,0
2007,Austria,UNICEF,TLS,Timor-Leste,0,4,0,0,0,0,0,0,0,0,0,0,1,1,1,0,0,0,0,0,0,0,0,0,0,0,0,0,0,0,0,0,0,0,0,0,0,0,0,0,0,0,0,0,0,0,0,0,0,0,0,0,0,0,0,0,0,0,0,0,0,0,0,0,4,0,0,0,0,0,0
2007,Belgium,UNICEF,TLS,Timor-Leste,0,11,0,0,0,0,0,0,0,0,0,0,3,2,4,1,0,0,0,0,0,0,0,0,0,0,0,0,0,0,0,0,0,0,0,0,0,0,0,0,0,0,0,0,0,0,0,0,0,0,0,0,0,0,0,0,0,0,0,0,0,0,0,0,10,0,1,0,0,0,0
2007,Canada,UNICEF,TLS,Timor-Leste,0,70,0,0,0,0,0,0,2,0,0,0,20,15,23,5,0,0,0,1,1,1,0,0,0,2,0,0,0,0,0,0,0,0,0,0,0,0,0,0,0,0,0,0,0,0,0,0,0,0,0,0,0,0,0,0,0,0,0,0,0,0,0,2,64,0,4,0,0,0,0
2007,Denmark,UNICEF,TLS,Timor-Leste,0,25,0,0,0,0,0,0,1,0,0,0,7,5,8,2,0,0,0,0,0,0,0,0,0,1,0,0,0,0,0,0,0,0,0,0,0,0,0,0,0,0,0,0,0,0,0,0,0,0,0,0,0,0,0,0,0,0,0,0,0,0,0,1,23,0,1,0,0,0,0
2007,Finland,UNICEF,TLS,Timor-Leste,0,12,0,0,0,0,0,0,0,0,0,0,3,3,4,1,0,0,0,0,0,0,0,0,0,0,0,0,0,0,0,0,0,0,0,0,0,0,0,0,0,0,0,0,0,0,0,0,0,0,0,0,0,0,0,0,0,0,0,0,0,0,0,0,11,0,1,0,0,0,0
2007,France,UNICEF,TLS,Timor-Leste,0,22,0,0,0,0,0,0,1,0,0,0,6,5,7,2,0,0,0,0,0,0,0,0,0,1,0,0,0,0,0,0,0,0,0,0,0,0,0,0,0,0,0,0,0,0,0,0,0,0,0,0,0,0,0,0,0,0,0,0,0,0,0,1,20,0,1,0,0,0,0
2007,Germany,UNICEF,TLS,Timor-Leste,0,21,0,0,0,0,0,0,1,0,0,0,6,5,7,2,0,0,0,0,0,0,0,0,0,0,0,0,0,0,0,0,0,0,0,0,0,0,0,0,0,0,0,0,0,0,0,0,0,0,0,0,0,0,0,0,0,0,0,0,0,0,0,1,19,0,1,0,0,0,0
2007,Greece,UNICEF,TLS,Timor-Leste,0,1,0,0,0,0,0,0,0,0,0,0,0,0,0,0,0,0,0,0,0,0,0,0,0,0,0,0,0,0,0,0,0,0,0,0,0,0,0,0,0,0,0,0,0,0,0,0,0,0,0,0,0,0,0,0,0,0,0,0,0,0,0,0,1,0,0,0,0,0,0
2007,Ireland,UNICEF,TLS,Timor-Leste,0,15,0,0,0,0,0,0,0,0,0,0,4,3,5,1,0,0,0,0,0,0,0,0,0,0,0,0,0,0,0,0,0,0,0,0,0,0,0,0,0,0,0,0,0,0,0,0,0,0,0,0,0,0,0,0,0,0,0,0,0,0,0,0,14,0,1,0,0,0,0
2007,Italy,UNICEF,TLS,Timor-Leste,0,24,0,0,0,0,0,0,1,0,0,0,7,5,8,2,0,0,0,0,0,0,0,0,0,1,0,0,0,0,0,0,0,0,0,0,0,0,0,0,0,0,0,0,0,0,0,0,0,0,0,0,0,0,0,0,0,0,0,0,0,0,0,1,22,0,1,0,0,0,0
2007,Japan,UNICEF,TLS,Timor-Leste,0,79,0,0,0,0,0,0,3,0,0,0,23,17,26,6,0,0,0,1,1,1,0,0,0,2,0,0,0,0,0,0,0,0,0,0,0,0,0,0,0,0,0,0,0,0,0,0,0,0,0,0,0,0,0,0,0,0,0,0,0,0,0,3,72,0,4,0,0,0,0
2007,Korea,UNICEF,TLS,Timor-Leste,0,3,0,0,0,0,0,0,0,0,0,0,1,1,1,0,0,0,0,0,0,0,0,0,0,0,0,0,0,0,0,0,0,0,0,0,0,0,0,0,0,0,0,0,0,0,0,0,0,0,0,0,0,0,0,0,0,0,0,0,0,0,0,0,3,0,0,0,0,0,0
2007,Luxembourg,UNICEF,TLS,Timor-Leste,0,6,0,0,0,0,0,0,0,0,0,0,2,1,2,0,0,0,0,0,0,0,0,0,0,0,0,0,0,0,0,0,0,0,0,0,0,0,0,0,0,0,0,0,0,0,0,0,0,0,0,0,0,0,0,0,0,0,0,0,0,0,0,0,5,0,0,0,0,0,0
2007,Netherlands,UNICEF,TLS,Timor-Leste,0,92,0,0,0,0,0,0,3,0,0,0,26,20,30,7,0,0,0,1,1,1,0,0,0,2,0,0,0,0,0,0,0,0,0,0,0,0,0,0,0,0,0,0,0,0,0,0,0,0,0,0,0,0,0,0,0,0,0,0,0,0,0,3,84,0,5,0,0,0,0
2007,New_Zealand,UNICEF,TLS,Timor-Leste,0,3,0,0,0,0,0,0,0,0,0,0,1,1,1,0,0,0,0,0,0,0,0,0,0,0,0,0,0,0,0,0,0,0,0,0,0,0,0,0,0,0,0,0,0,0,0,0,0,0,0,0,0,0,0,0,0,0,0,0,0,0,0,0,2,0,0,0,0,0,0
2007,Non_OECD_DAC_countries,UNICEF,TLS,Timor-Leste,0,2,0,0,0,0,0,0,0,0,0,0,1,0,1,0,0,0,0,0,0,0,0,0,0,0,0,0,0,0,0,0,0,0,0,0,0,0,0,0,0,0,0,0,0,0,0,0,0,0,0,0,0,0,0,0,0,0,0,0,0,0,0,0,2,0,0,0,0,0,0
2007,Non_OECD_non_DAC_countries,UNICEF,TLS,Timor-Leste,0,4,0,0,0,0,0,0,0,0,0,0,1,1,1,0,0,0,0,0,0,0,0,0,0,0,0,0,0,0,0,0,0,0,0,0,0,0,0,0,0,0,0,0,0,0,0,0,0,0,0,0,0,0,0,0,0,0,0,0,0,0,0,0,3,0,0,0,0,0,0
2007,Norway,UNICEF,TLS,Timor-Leste,0,104,0,0,0,0,0,0,3,0,0,0,30,23,34,8,0,0,0,1,1,1,0,0,0,2,0,0,0,0,0,0,0,0,0,0,0,0,0,0,0,0,0,0,0,0,0,0,0,0,0,0,0,0,0,0,0,0,0,0,0,0,0,3,96,0,6,0,0,0,0
2007,Other,UNICEF,TLS,Timor-Leste,0,65,0,0,0,0,0,0,2,0,0,0,19,14,22,5,0,0,0,1,1,1,0,0,0,2,0,0,0,0,0,0,0,0,0,0,0,0,0,0,0,0,0,0,0,0,0,0,0,0,0,0,0,0,0,0,0,0,0,0,0,0,0,2,60,0,3,0,0,0,0
2007,Other_OECD_DAC_countries,UNICEF,TLS,Timor-Leste,0,1,0,0,0,0,0,0,0,0,0,0,0,0,0,0,0,0,0,0,0,0,0,0,0,0,0,0,0,0,0,0,0,0,0,0,0,0,0,0,0,0,0,0,0,0,0,0,0,0,0,0,0,0,0,0,0,0,0,0,0,0,0,0,1,0,0,0,0,0,0
2007,Private_other,UNICEF,TLS,Timor-Leste,0,793,0,0,0,0,0,0,25,0,0,0,229,172,262,63,0,0,2,7,7,6,2,0,0,18,0,0,0,0,0,0,0,0,0,0,0,0,0,0,0,0,0,0,0,0,0,0,0,0,0,0,0,0,0,0,0,0,0,0,0,0,0,25,725,0,43,0,0,0,0
2007,Spain,UNICEF,TLS,Timor-Leste,0,19,0,0,0,0,0,0,1,0,0,0,6,4,6,2,0,0,0,0,0,0,0,0,0,0,0,0,0,0,0,0,0,0,0,0,0,0,0,0,0,0,0,0,0,0,0,0,0,0,0,0,0,0,0,0,0,0,0,0,0,0,0,1,17,0,1,0,0,0,0
2007,Sweden,UNICEF,TLS,Timor-Leste,0,30,0,0,0,0,0,0,1,0,0,0,9,7,10,2,0,0,0,0,0,0,0,0,0,1,0,0,0,0,0,0,0,0,0,0,0,0,0,0,0,0,0,0,0,0,0,0,0,0,0,0,0,0,0,0,0,0,0,0,0,0,0,1,28,0,2,0,0,0,0
2007,Switzerland,UNICEF,TLS,Timor-Leste,0,9,0,0,0,0,0,0,0,0,0,0,3,2,3,1,0,0,0,0,0,0,0,0,0,0,0,0,0,0,0,0,0,0,0,0,0,0,0,0,0,0,0,0,0,0,0,0,0,0,0,0,0,0,0,0,0,0,0,0,0,0,0,0,8,0,0,0,0,0,0
2007,Unallocable,UNICEF,TLS,Timor-Leste,0,13,0,0,0,0,0,0,0,0,0,0,4,3,4,1,0,0,0,0,0,0,0,0,0,0,0,0,0,0,0,0,0,0,0,0,0,0,0,0,0,0,0,0,0,0,0,0,0,0,0,0,0,0,0,0,0,0,0,0,0,0,0,0,12,0,1,0,0,0,0
2007,United_Kingdom,UNICEF,TLS,Timor-Leste,0,47,0,0,0,0,0,0,1,0,0,0,13,10,15,4,0,0,0,0,0,0,0,0,0,1,0,0,0,0,0,0,0,0,0,0,0,0,0,0,0,0,0,0,0,0,0,0,0,0,0,0,0,0,0,0,0,0,0,0,0,0,0,1,43,0,3,0,0,0,0
2007,United_States,UNICEF,TLS,Timor-Leste,0,76,0,0,0,0,0,0,2,0,0,0,22,16,25,6,0,0,0,1,1,1,0,0,0,2,0,0,0,0,0,0,0,0,0,0,0,0,0,0,0,0,0,0,0,0,0,0,0,0,0,0,0,0,0,0,0,0,0,0,0,0,0,2,69,0,4,0,0,0,0
2007,Private_other,US_FOUND,TLS,Timor-Leste,0,72,1,0,0,0,14,0,1,0,0,0,0,0,0,0,0,0,0,0,0,0,0,0,0,1,0,2,0,0,0,0,0,0,0,0,0,0,0,0,0,0,0,0,0,0,0,0,0,0,0,9,4,14,0,0,0,0,0,0,0,26,0,14,0,0,3,0,0,27,1
2007,Australia,WHO,TLS,Timor-Leste,0,28,1,0,7,1,0,0,0,0,0,0,0,6,0,0,0,0,0,0,0,0,0,0,0,1,0,0,0,0,0,0,0,0,0,0,2,0,0,0,0,0,0,2,0,0,0,0,0,0,3,0,0,0,0,0,0,0,0,0,0,4,0,1,6,1,1,2,2,3,9
2007,Austria,WHO,TLS,Timor-Leste,0,9,0,0,2,0,0,0,0,0,0,0,0,2,0,0,0,0,0,0,0,0,0,0,0,0,0,0,0,0,0,0,0,0,0,0,1,0,0,0,0,0,0,1,0,0,0,0,0,0,1,0,0,0,0,0,0,0,0,0,0,1,0,0,2,0,0,1,1,1,3
2007,Belgium,WHO,TLS,Timor-Leste,0,13,0,0,3,1,0,0,0,0,0,0,0,3,0,0,0,0,0,0,0,0,0,0,0,1,0,0,0,0,0,0,0,0,0,0,1,0,0,0,0,0,0,1,0,0,0,0,0,0,1,0,0,0,0,0,0,0,0,0,0,2,0,0,3,0,1,1,1,1,4
2007,Canada,WHO,TLS,Timor-Leste,0,97,3,0,23,4,0,1,2,0,0,0,1,19,2,0,0,0,0,0,0,0,0,0,0,5,0,0,0,0,0,0,0,0,0,0,6,0,0,0,0,0,0,6,0,0,0,0,0,0,9,0,0,0,1,1,2,0,0,0,0,15,0,3,21,3,5,6,6,9,30
2007,China,WHO,TLS,Timor-Leste,0,15,1,0,3,1,0,0,0,0,0,0,0,3,0,0,0,0,0,0,0,0,0,0,0,1,0,0,0,0,0,0,0,0,0,0,1,0,0,0,0,0,0,1,0,0,0,0,0,0,1,0,0,0,0,0,0,0,0,0,0,2,0,0,3,0,1,1,1,1,5
2007,Corporate_donations,WHO,TLS,Timor-Leste,0,10,0,0,2,0,0,0,0,0,0,0,0,2,0,0,0,0,0,0,0,0,0,0,0,0,0,0,0,0,0,0,0,0,0,0,1,0,0,0,0,0,0,1,0,0,0,0,0,0,1,0,0,0,0,0,0,0,0,0,0,1,0,0,2,0,0,1,1,1,3
2007,Denmark,WHO,TLS,Timor-Leste,0,17,1,0,4,1,0,0,0,0,0,0,0,3,0,0,0,0,0,0,0,0,0,0,0,1,0,0,0,0,0,0,0,0,0,0,1,0,0,0,0,0,0,1,0,0,0,0,0,0,2,0,0,0,0,0,0,0,0,0,0,3,0,0,4,0,1,1,1,2,5
2007,Finland,WHO,TLS,Timor-Leste,0,13,0,0,3,1,0,0,0,0,0,0,0,2,0,0,0,0,0,0,0,0,0,0,0,1,0,0,0,0,0,0,0,0,0,0,1,0,0,0,0,0,0,1,0,0,0,0,0,0,1,0,0,0,0,0,0,0,0,0,0,2,0,0,3,0,1,1,1,1,4
2007,France,WHO,TLS,Timor-Leste,0,82,3,0,19,3,0,1,1,0,0,0,0,16,1,0,0,0,0,0,0,0,0,0,0,4,0,0,0,0,0,0,0,0,0,0,5,0,0,0,0,0,0,5,0,0,0,0,0,0,7,0,0,0,1,0,1,0,0,0,0,13,0,2,18,2,4,5,5,7,25
2007,Gates Foundation,WHO,TLS,Timor-Leste,0,74,3,0,17,3,0,1,1,0,0,0,0,14,1,0,0,0,0,0,0,0,0,0,0,4,0,0,0,0,0,0,0,0,0,0,4,0,0,0,0,0,0,5,0,0,0,0,0,0,7,0,0,0,1,0,1,0,0,0,0,11,0,2,16,2,4,4,5,7,23
2007,Germany,WHO,TLS,Timor-Leste,0,84,3,0,20,3,0,1,1,0,0,0,0,17,1,0,0,0,0,0,0,0,0,0,0,4,0,0,0,0,0,0,0,0,0,0,5,0,0,0,0,0,0,5,0,0,0,0,0,0,8,0,0,0,1,0,1,0,0,0,0,13,0,2,18,2,4,5,5,8,26
2007,Greece,WHO,TLS,Timor-Leste,0,5,0,0,1,0,0,0,0,0,0,0,0,1,0,0,0,0,0,0,0,0,0,0,0,0,0,0,0,0,0,0,0,0,0,0,0,0,0,0,0,0,0,0,0,0,0,0,0,0,0,0,0,0,0,0,0,0,0,0,0,1,0,0,1,0,0,0,0,0,1
2007,Ireland,WHO,TLS,Timor-Leste,0,16,1,0,4,1,0,0,0,0,0,0,0,3,0,0,0,0,0,0,0,0,0,0,0,1,0,0,0,0,0,0,0,0,0,0,1,0,0,0,0,0,0,1,0,0,0,0,0,0,1,0,0,0,0,0,0,0,0,0,0,2,0,0,4,0,1,1,1,1,5
2007,Italy,WHO,TLS,Timor-Leste,0,65,2,0,15,3,0,1,1,0,0,0,0,13,1,0,0,0,0,0,0,0,0,0,0,3,0,0,0,0,0,0,0,0,0,0,4,0,0,0,0,0,0,4,0,0,0,0,0,0,6,0,0,0,0,0,1,0,0,0,0,10,0,2,14,2,3,4,4,6,20
2007,Japan,WHO,TLS,Timor-Leste,0,132,5,0,31,5,0,2,2,0,0,0,1,26,2,0,0,0,0,0,0,0,0,0,0,7,0,0,0,0,0,0,0,0,0,0,8,0,0,0,0,0,0,8,0,0,0,0,0,0,12,0,0,0,1,1,2,0,0,0,0,20,0,4,29,4,7,8,8,12,41
2007,Korea,WHO,TLS,Timor-Leste,0,28,1,0,7,1,0,0,0,0,0,0,0,5,0,0,0,0,0,0,0,0,0,0,0,1,0,0,0,0,0,0,0,0,0,0,2,0,0,0,0,0,0,2,0,0,0,0,0,0,3,0,0,0,0,0,0,0,0,0,0,4,0,1,6,1,1,2,2,3,9
2007,Luxembourg,WHO,TLS,Timor-Leste,0,11,0,0,3,0,0,0,0,0,0,0,0,2,0,0,0,0,0,0,0,0,0,0,0,1,0,0,0,0,0,0,0,0,0,0,1,0,0,0,0,0,0,1,0,0,0,0,0,0,1,0,0,0,0,0,0,0,0,0,0,2,0,0,2,0,1,1,1,1,3
2007,Netherlands,WHO,TLS,Timor-Leste,0,48,2,0,11,2,0,1,1,0,0,0,0,9,1,0,0,0,0,0,0,0,0,0,0,3,0,0,0,0,0,0,0,0,0,0,3,0,0,0,0,0,0,3,0,0,0,0,0,0,4,0,0,0,0,0,1,0,0,0,0,7,0,1,10,1,3,3,3,4,15
2007,New_Zealand,WHO,TLS,Timor-Leste,0,2,0,0,1,0,0,0,0,0,0,0,0,0,0,0,0,0,0,0,0,0,0,0,0,0,0,0,0,0,0,0,0,0,0,0,0,0,0,0,0,0,0,0,0,0,0,0,0,0,0,0,0,0,0,0,0,0,0,0,0,0,0,0,1,0,0,0,0,0,1
2007,Non_OECD_DAC_countries,WHO,TLS,Timor-Leste,0,11,0,0,3,0,0,0,0,0,0,0,0,2,0,0,0,0,0,0,0,0,0,0,0,1,0,0,0,0,0,0,0,0,0,0,1,0,0,0,0,0,0,1,0,0,0,0,0,0,1,0,0,0,0,0,0,0,0,0,0,2,0,0,2,0,1,1,1,1,3
2007,Non_OECD_non_DAC_countries,WHO,TLS,Timor-Leste,0,58,2,0,13,2,0,1,1,0,0,0,0,11,1,0,0,0,0,0,0,0,0,0,0,3,0,0,0,0,0,0,0,0,0,0,3,0,0,0,0,0,0,4,0,0,0,0,0,0,5,0,0,0,0,0,1,0,0,0,0,9,0,2,13,2,3,3,4,5,18
2007,Norway,WHO,TLS,Timor-Leste,0,59,2,0,14,2,0,1,1,0,0,0,0,12,1,0,0,0,0,0,0,0,0,0,0,3,0,0,0,0,0,0,0,0,0,0,3,0,0,0,0,0,0,4,0,0,0,0,0,0,5,0,0,0,0,0,1,0,0,0,0,9,0,2,13,2,3,3,4,5,18
2007,Other,WHO,TLS,Timor-Leste,0,389,14,0,91,16,0,5,7,0,0,0,2,76,6,0,0,0,0,0,0,0,0,0,0,20,0,0,0,0,0,0,0,0,0,0,23,0,0,0,0,0,0,24,0,0,0,0,0,0,35,0,0,0,3,2,6,0,0,0,0,59,0,11,85,11,20,23,24,35,120
2007,Other_OECD_DAC_countries,WHO,TLS,Timor-Leste,0,5,0,0,1,0,0,0,0,0,0,0,0,1,0,0,0,0,0,0,0,0,0,0,0,0,0,0,0,0,0,0,0,0,0,0,0,0,0,0,0,0,0,0,0,0,0,0,0,0,0,0,0,0,0,0,0,0,0,0,0,1,0,0,1,0,0,0,0,0,1
2007,Portugal,WHO,TLS,Timor-Leste,0,3,0,0,1,0,0,0,0,0,0,0,0,1,0,0,0,0,0,0,0,0,0,0,0,0,0,0,0,0,0,0,0,0,0,0,0,0,0,0,0,0,0,0,0,0,0,0,0,0,0,0,0,0,0,0,0,0,0,0,0,0,0,0,1,0,0,0,0,0,1
2007,Private_other,WHO,TLS,Timor-Leste,0,71,3,0,17,3,0,1,1,0,0,0,0,14,1,0,0,0,0,0,0,0,0,0,0,4,0,0,0,0,0,0,0,0,0,0,4,0,0,0,0,0,0,4,0,0,0,0,0,0,6,0,0,0,0,0,1,0,0,0,0,11,0,2,16,2,4,4,4,6,22
2007,Spain,WHO,TLS,Timor-Leste,0,42,1,0,10,2,0,0,1,0,0,0,0,8,1,0,0,0,0,0,0,0,0,0,0,2,0,0,0,0,0,0,0,0,0,0,2,0,0,0,0,0,0,3,0,0,0,0,0,0,4,0,0,0,0,0,1,0,0,0,0,6,0,1,9,1,2,2,3,4,13
2007,Sweden,WHO,TLS,Timor-Leste,0,55,2,0,13,2,0,1,1,0,0,0,0,11,1,0,0,0,0,0,0,0,0,0,0,3,0,0,0,0,0,0,0,0,0,0,3,0,0,0,0,0,0,3,0,0,0,0,0,0,5,0,0,0,0,0,1,0,0,0,0,8,0,2,12,2,3,3,3,5,17
2007,Switzerland,WHO,TLS,Timor-Leste,0,12,0,0,3,0,0,0,0,0,0,0,0,2,0,0,0,0,0,0,0,0,0,0,0,1,0,0,0,0,0,0,0,0,0,0,1,0,0,0,0,0,0,1,0,0,0,0,0,0,1,0,0,0,0,0,0,0,0,0,0,2,0,0,3,0,1,1,1,1,4
2007,Unallocable,WHO,TLS,Timor-Leste,0,50,2,0,12,2,0,1,1,0,0,0,0,10,1,0,0,0,0,0,0,0,0,0,0,3,0,0,0,0,0,0,0,0,0,0,3,0,0,0,0,0,0,3,0,0,0,0,0,0,5,0,0,0,0,0,1,0,0,0,0,8,0,1,11,1,3,3,3,5,15
2007,United_Kingdom,WHO,TLS,Timor-Leste,0,214,8,0,50,9,0,3,4,0,0,0,1,42,3,0,0,0,0,0,0,0,0,0,0,11,0,0,0,0,0,0,0,0,0,0,13,0,0,0,0,0,0,13,0,0,0,0,0,0,20,0,0,0,1,1,3,0,0,0,0,33,0,6,47,6,11,13,13,20,66
2007,United_States,WHO,TLS,Timor-Leste,0,293,11,0,68,12,0,3,5,0,0,0,2,57,5,0,0,0,0,0,0,0,0,0,0,15,0,0,0,0,0,0,0,0,0,0,17,0,0,0,0,0,0,18,0,0,0,0,0,0,27,0,0,0,2,2,5,0,0,0,0,45,0,8,64,8,15,17,18,27,91
2008,Australia,BIL_AUS,TLS,Timor-Leste,0,1518,707,28,0,10,0,3,0,5,0,0,0,0,0,0,0,0,0,0,0,0,0,0,0,11,0,0,1,0,0,0,0,0,0,0,0,0,0,0,0,0,0,0,0,0,0,0,0,0,109,0,0,0,0,0,0,0,0,0,0,643,0,8,0,0,12,0,0,109,745
2008,Canada,BIL_CAN,TLS,Timor-Leste,0,32,1,0,0,0,0,0,0,0,0,0,0,0,0,0,0,0,0,0,0,0,0,0,0,0,0,0,0,0,0,0,0,0,0,0,0,0,0,0,0,0,0,0,0,0,0,0,0,0,31,0,0,0,0,0,0,0,0,0,0,0,0,0,0,0,0,0,0,31,1
2008,Germany,BIL_DEU,TLS,Timor-Leste,0,8,0,0,0,0,0,1,0,2,3,0,0,0,0,0,0,0,0,0,0,0,0,0,0,0,0,0,0,0,0,0,0,0,0,0,0,0,0,0,0,0,0,0,0,0,0,0,0,0,0,0,0,0,0,0,0,0,0,0,0,1,0,6,0,0,0,0,0,0,0
2008,Spain,BIL_ESP,TLS,Timor-Leste,0,1343,21,0,14,0,0,0,0,0,0,0,1304,0,0,0,0,0,0,4,0,0,0,0,0,0,0,0,0,0,0,0,0,0,0,0,0,0,0,0,0,0,0,0,0,0,0,0,0,0,0,0,0,0,0,0,0,0,0,0,0,0,0,0,1304,0,4,0,0,0,35
2008,France,BIL_FRA,TLS,Timor-Leste,0,2,0,0,0,0,0,0,0,0,0,0,0,0,0,0,0,0,0,0,0,0,0,0,0,0,0,0,0,0,0,0,0,0,0,0,0,0,0,0,0,0,0,0,0,0,0,0,0,0,2,0,0,0,0,0,0,0,0,0,0,0,0,0,0,0,0,0,0,2,0
2008,United_Kingdom,BIL_GBR,TLS,Timor-Leste,0,17,0,0,0,0,0,1,0,0,0,0,0,0,0,0,0,0,13,2,0,0,1,0,0,0,0,0,0,0,0,0,0,0,0,0,0,0,0,0,0,0,0,0,0,0,0,0,0,0,0,0,0,0,0,0,0,0,0,0,0,0,0,1,0,0,15,0,0,0,0
2008,Greece,BIL_GRC,TLS,Timor-Leste,0,6,0,0,0,0,0,0,0,0,0,0,0,0,0,0,0,0,6,0,0,0,0,0,0,0,0,0,0,0,0,0,0,0,0,0,0,0,0,0,0,0,0,0,0,0,0,0,0,0,0,0,0,0,0,0,0,0,0,0,0,0,0,0,0,0,6,0,0,0,0
2008,Ireland,BIL_IRL,TLS,Timor-Leste,0,68,0,0,7,0,0,0,0,0,0,0,0,0,0,0,0,0,0,0,0,0,0,0,0,0,0,0,0,0,0,0,0,0,0,0,0,0,0,0,0,0,0,0,0,0,0,0,0,0,0,0,0,0,0,0,0,0,0,0,0,60,0,0,0,0,0,0,0,0,7
2008,Japan,BIL_JPN,TLS,Timor-Leste,0,10,2,0,0,0,0,0,0,0,0,0,0,0,0,0,0,0,0,0,0,0,0,0,0,0,0,0,0,0,0,0,0,0,0,0,0,0,0,0,0,0,0,0,0,0,0,0,0,0,0,0,0,0,0,0,0,0,0,0,0,8,0,0,0,0,0,0,0,0,2
2008,Korea,BIL_KOR,TLS,Timor-Leste,0,1477,790,0,263,0,0,0,0,0,0,0,0,0,0,0,0,0,0,0,0,0,0,0,0,0,0,0,0,0,0,0,0,0,0,0,0,0,0,0,0,0,0,0,0,0,0,0,0,0,0,0,0,0,0,0,0,0,0,0,0,424,0,0,0,0,0,0,0,0,1054
2008,Netherlands,BIL_NLD,TLS,Timor-Leste,0,26,0,0,23,0,0,0,1,0,0,0,0,0,0,0,0,0,0,1,0,0,0,0,0,0,0,0,0,0,0,0,0,0,0,0,0,0,0,0,0,0,0,0,0,0,0,0,0,0,0,0,0,0,0,0,0,0,0,0,0,0,0,1,0,0,2,0,0,0,23
2008,Norway,BIL_NOR,TLS,Timor-Leste,0,1,0,0,0,0,0,0,0,0,0,0,0,0,0,0,0,0,0,0,0,0,0,0,0,0,0,0,0,0,0,0,0,0,0,0,0,0,0,0,0,0,0,0,0,0,0,0,0,0,0,0,0,0,0,0,0,0,0,0,0,1,0,0,0,0,0,0,0,0,0
2008,Portugal,BIL_PRT,TLS,Timor-Leste,0,475,265,0,0,0,0,0,0,0,0,0,0,0,0,0,0,0,0,0,0,0,0,0,0,0,0,0,0,0,0,0,0,0,0,0,0,0,0,0,0,0,0,0,0,0,0,0,0,0,0,0,0,0,0,0,0,0,0,0,0,210,0,0,0,0,0,0,0,0,265
2008,Sweden,BIL_SWE,TLS,Timor-Leste,0,1,0,0,0,0,0,0,0,0,0,0,0,0,0,0,0,0,0,0,0,0,0,0,0,1,0,0,0,0,0,0,0,0,0,0,0,0,0,0,0,0,0,0,0,0,0,0,0,0,0,0,0,0,0,0,0,0,0,0,0,0,0,0,0,0,1,0,0,0,0
2008,United_States,BIL_USA,TLS,Timor-Leste,0,4397,0,0,0,0,265,1187,0,2,1,0,779,259,246,2,1,0,4,3,0,9,0,0,0,17,8,0,0,0,0,0,0,17,0,0,0,9,0,0,1,0,1,0,0,0,0,0,0,0,70,0,1,0,0,0,1,0,0,0,0,1517,0,1455,1286,1,41,26,2,70,0
2008,Austria,EC,TLS,Timor-Leste,0,87,0,4,0,0,0,7,0,2,0,0,0,0,0,0,0,0,0,0,0,0,0,0,0,0,0,0,0,0,0,0,0,0,0,0,43,0,0,0,0,0,0,0,0,0,0,0,0,0,0,0,0,0,0,0,0,0,0,0,0,31,0,9,0,0,0,43,0,0,4
2008,Belgium,EC,TLS,Timor-Leste,0,158,0,7,0,0,0,12,0,4,0,0,0,0,0,0,0,0,0,0,0,0,0,0,0,0,0,0,0,0,0,0,0,0,0,0,79,0,0,0,0,0,0,0,0,0,0,0,0,0,0,0,0,0,0,0,0,0,0,0,0,56,0,16,0,0,0,79,0,0,7
2008,Denmark,EC,TLS,Timor-Leste,0,80,0,4,0,0,0,6,0,2,0,0,0,0,0,0,0,0,0,0,0,0,0,0,0,0,0,0,0,0,0,0,0,0,0,0,40,0,0,0,0,0,0,0,0,0,0,0,0,0,0,0,0,0,0,0,0,0,0,0,0,28,0,8,0,0,0,40,0,0,4
2008,Finland,EC,TLS,Timor-Leste,0,62,0,3,0,0,0,5,0,2,0,0,0,0,0,0,0,0,0,0,0,0,0,0,0,0,0,0,0,0,0,0,0,0,0,0,31,0,0,0,0,0,0,0,0,0,0,0,0,0,0,0,0,0,0,0,0,0,0,0,0,22,0,6,0,0,0,31,0,0,3
2008,France,EC,TLS,Timor-Leste,0,750,0,33,0,0,0,59,0,19,0,0,0,0,0,0,0,0,0,0,0,0,0,0,0,0,0,0,0,0,0,0,0,0,0,0,373,0,0,0,0,0,0,0,0,0,0,0,0,0,0,0,0,0,0,0,0,0,0,0,0,267,0,78,0,0,0,373,0,0,33
2008,Germany,EC,TLS,Timor-Leste,0,835,0,36,0,0,0,65,0,21,0,0,0,0,0,0,0,0,0,0,0,0,0,0,0,0,0,0,0,0,0,0,0,0,0,0,415,0,0,0,0,0,0,0,0,0,0,0,0,0,0,0,0,0,0,0,0,0,0,0,0,297,0,87,0,0,0,415,0,0,36
2008,Greece,EC,TLS,Timor-Leste,0,71,0,3,0,0,0,5,0,2,0,0,0,0,0,0,0,0,0,0,0,0,0,0,0,0,0,0,0,0,0,0,0,0,0,0,35,0,0,0,0,0,0,0,0,0,0,0,0,0,0,0,0,0,0,0,0,0,0,0,0,25,0,7,0,0,0,35,0,0,3
2008,Ireland,EC,TLS,Timor-Leste,0,45,0,2,0,0,0,3,0,1,0,0,0,0,0,0,0,0,0,0,0,0,0,0,0,0,0,0,0,0,0,0,0,0,0,0,22,0,0,0,0,0,0,0,0,0,0,0,0,0,0,0,0,0,0,0,0,0,0,0,0,16,0,5,0,0,0,22,0,0,2
2008,Italy,EC,TLS,Timor-Leste,0,507,0,22,0,0,0,40,0,13,0,0,0,0,0,0,0,0,0,0,0,0,0,0,0,0,0,0,0,0,0,0,0,0,0,0,252,0,0,0,0,0,0,0,0,0,0,0,0,0,0,0,0,0,0,0,0,0,0,0,0,180,0,53,0,0,0,252,0,0,22
2008,Luxembourg,EC,TLS,Timor-Leste,0,10,0,0,0,0,0,1,0,0,0,0,0,0,0,0,0,0,0,0,0,0,0,0,0,0,0,0,0,0,0,0,0,0,0,0,5,0,0,0,0,0,0,0,0,0,0,0,0,0,0,0,0,0,0,0,0,0,0,0,0,3,0,1,0,0,0,5,0,0,0
2008,Netherlands,EC,TLS,Timor-Leste,0,186,0,8,0,0,0,14,0,5,0,0,0,0,0,0,0,0,0,0,0,0,0,0,0,0,0,0,0,0,0,0,0,0,0,0,93,0,0,0,0,0,0,0,0,0,0,0,0,0,0,0,0,0,0,0,0,0,0,0,0,66,0,19,0,0,0,93,0,0,8
2008,Other_OECD_DAC_countries,EC,TLS,Timor-Leste,0,170,0,7,0,0,0,13,0,4,0,0,0,0,0,0,0,0,0,0,0,0,0,0,0,0,0,0,0,0,0,0,0,0,0,0,85,0,0,0,0,0,0,0,0,0,0,0,0,0,0,0,0,0,0,0,0,0,0,0,0,60,0,18,0,0,0,85,0,0,7
2008,Portugal,EC,TLS,Timor-Leste,0,47,0,2,0,0,0,4,0,1,0,0,0,0,0,0,0,0,0,0,0,0,0,0,0,0,0,0,0,0,0,0,0,0,0,0,23,0,0,0,0,0,0,0,0,0,0,0,0,0,0,0,0,0,0,0,0,0,0,0,0,16,0,5,0,0,0,23,0,0,2
2008,Spain,EC,TLS,Timor-Leste,0,308,0,13,0,0,0,24,0,8,0,0,0,0,0,0,0,0,0,0,0,0,0,0,0,0,0,0,0,0,0,0,0,0,0,0,153,0,0,0,0,0,0,0,0,0,0,0,0,0,0,0,0,0,0,0,0,0,0,0,0,109,0,32,0,0,0,153,0,0,13
2008,Sweden,EC,TLS,Timor-Leste,0,109,0,5,0,0,0,8,0,3,0,0,0,0,0,0,0,0,0,0,0,0,0,0,0,0,0,0,0,0,0,0,0,0,0,0,55,0,0,0,0,0,0,0,0,0,0,0,0,0,0,0,0,0,0,0,0,0,0,0,0,39,0,11,0,0,0,55,0,0,5
2008,United_Kingdom,EC,TLS,Timor-Leste,0,604,0,26,0,0,0,47,0,16,0,0,0,0,0,0,0,0,0,0,0,0,0,0,0,0,0,0,0,0,0,0,0,0,0,0,300,0,0,0,0,0,0,0,0,0,0,0,0,0,0,0,0,0,0,0,0,0,0,0,0,215,0,63,0,0,0,300,0,0,26
2008,Gates Foundation,GATES,TLS,Timor-Leste,0,372,2,20,0,0,0,9,0,0,0,0,0,12,4,1,0,0,0,0,0,0,0,0,0,79,0,0,0,0,0,1,0,58,0,0,80,0,0,0,0,0,0,79,0,0,0,0,0,0,0,22,0,5,0,0,0,0,0,0,0,0,0,9,17,0,79,138,79,28,21
2008,Australia,GFATM,TLS,Timor-Leste,0,16,0,0,0,0,0,0,0,0,0,0,0,0,0,0,0,0,1,1,0,0,0,0,0,1,2,0,0,0,0,0,0,1,0,0,1,1,0,0,1,0,1,2,0,1,0,0,0,0,0,0,0,0,0,0,0,0,0,0,0,0,0,0,0,0,6,5,6,0,0
2008,Austria,GFATM,TLS,Timor-Leste,0,1,0,0,0,0,0,0,0,0,0,0,0,0,0,0,0,0,0,0,0,0,0,0,0,0,0,0,0,0,0,0,0,0,0,0,0,0,0,0,0,0,0,0,0,0,0,0,0,0,0,0,0,0,0,0,0,0,0,0,0,0,0,0,0,0,0,0,0,0,0
2008,Belgium,GFATM,TLS,Timor-Leste,0,9,0,0,0,0,0,0,0,0,0,0,0,0,0,0,0,0,1,1,0,0,0,0,0,0,1,0,0,0,0,0,0,1,0,0,1,0,0,0,1,0,1,1,0,0,0,0,0,0,0,0,0,0,0,0,0,0,0,0,0,0,0,0,0,0,3,3,3,0,0
2008,Canada,GFATM,TLS,Timor-Leste,0,53,0,0,0,0,0,0,0,0,0,0,0,0,0,0,0,0,3,5,0,0,1,2,0,2,6,1,0,1,2,0,0,4,0,0,4,3,1,1,3,1,3,7,1,3,1,0,0,0,0,0,0,0,0,0,0,0,0,0,0,0,0,0,0,0,19,15,19,0,0
2008,Denmark,GFATM,TLS,Timor-Leste,0,13,0,0,0,0,0,0,0,0,0,0,0,0,0,0,0,0,1,1,0,0,0,0,0,0,1,0,0,0,0,0,0,1,0,0,1,1,0,0,1,0,1,2,0,1,0,0,0,0,0,0,0,0,0,0,0,0,0,0,0,0,0,0,0,0,5,4,5,0,0
2008,Finland,GFATM,TLS,Timor-Leste,0,2,0,0,0,0,0,0,0,0,0,0,0,0,0,0,0,0,0,0,0,0,0,0,0,0,0,0,0,0,0,0,0,0,0,0,0,0,0,0,0,0,0,0,0,0,0,0,0,0,0,0,0,0,0,0,0,0,0,0,0,0,0,0,0,0,1,0,1,0,0
2008,France,GFATM,TLS,Timor-Leste,0,194,0,0,0,0,0,0,0,0,0,0,0,0,0,0,0,0,12,17,1,0,2,6,0,7,20,3,1,2,6,2,2,13,2,0,13,10,5,2,12,3,11,26,5,10,3,0,0,0,0,0,0,0,0,0,0,0,0,0,0,0,0,0,0,0,69,55,69,0,0
2008,Gates Foundation,GFATM,TLS,Timor-Leste,0,41,0,0,0,0,0,0,0,0,0,0,0,0,0,0,0,0,3,4,0,0,0,1,0,1,4,1,0,0,1,0,0,3,0,0,3,2,1,0,2,1,2,5,1,2,1,0,0,0,0,0,0,0,0,0,0,0,0,0,0,0,0,0,0,0,15,12,15,0,0
2008,Germany,GFATM,TLS,Timor-Leste,0,143,0,0,0,0,0,0,0,0,0,0,0,0,0,0,0,0,9,13,1,0,2,4,0,5,15,2,1,1,4,1,1,10,1,0,10,7,4,2,9,2,8,19,4,7,2,0,0,0,0,0,0,0,0,0,0,0,0,0,0,0,0,0,0,0,51,41,51,0,0
2008,Ireland,GFATM,TLS,Timor-Leste,0,15,0,0,0,0,0,0,0,0,0,0,0,0,0,0,0,0,1,1,0,0,0,0,0,1,2,0,0,0,0,0,0,1,0,0,1,1,0,0,1,0,1,2,0,1,0,0,0,0,0,0,0,0,0,0,0,0,0,0,0,0,0,0,0,0,5,4,5,0,0
2008,Italy,GFATM,TLS,Timor-Leste,0,84,0,0,0,0,0,0,0,0,0,0,0,0,0,0,0,0,5,7,1,0,1,2,0,3,9,1,0,1,3,1,1,6,1,0,6,4,2,1,5,1,5,11,2,4,1,0,0,0,0,0,0,0,0,0,0,0,0,0,0,0,0,0,0,0,30,24,30,0,0
2008,Japan,GFATM,TLS,Timor-Leste,0,76,0,0,0,0,0,0,0,0,0,0,0,0,0,0,0,0,5,7,0,0,1,2,0,3,8,1,0,1,2,1,1,5,1,0,5,4,2,1,5,1,4,10,2,4,1,0,0,0,0,0,0,0,0,0,0,0,0,0,0,0,0,0,0,0,27,22,27,0,0
2008,Korea,GFATM,TLS,Timor-Leste,0,1,0,0,0,0,0,0,0,0,0,0,0,0,0,0,0,0,0,0,0,0,0,0,0,0,0,0,0,0,0,0,0,0,0,0,0,0,0,0,0,0,0,0,0,0,0,0,0,0,0,0,0,0,0,0,0,0,0,0,0,0,0,0,0,0,0,0,0,0,0
2008,Luxembourg,GFATM,TLS,Timor-Leste,0,2,0,0,0,0,0,0,0,0,0,0,0,0,0,0,0,0,0,0,0,0,0,0,0,0,0,0,0,0,0,0,0,0,0,0,0,0,0,0,0,0,0,0,0,0,0,0,0,0,0,0,0,0,0,0,0,0,0,0,0,0,0,0,0,0,1,0,1,0,0
2008,Netherlands,GFATM,TLS,Timor-Leste,0,50,0,0,0,0,0,0,0,0,0,0,0,0,0,0,0,0,3,4,0,0,1,1,0,2,5,1,0,1,1,0,0,3,0,0,3,2,1,1,3,1,3,7,1,2,1,0,0,0,0,0,0,0,0,0,0,0,0,0,0,0,0,0,0,0,18,14,18,0,0
2008,Non_OECD_DAC_countries,GFATM,TLS,Timor-Leste,0,2,0,0,0,0,0,0,0,0,0,0,0,0,0,0,0,0,0,0,0,0,0,0,0,0,0,0,0,0,0,0,0,0,0,0,0,0,0,0,0,0,0,0,0,0,0,0,0,0,0,0,0,0,0,0,0,0,0,0,0,0,0,0,0,0,1,1,1,0,0
2008,Non_OECD_non_DAC_countries,GFATM,TLS,Timor-Leste,0,32,0,0,0,0,0,0,0,0,0,0,0,0,0,0,0,0,2,3,0,0,0,1,0,1,3,0,0,0,1,0,0,2,0,0,2,2,1,0,2,1,2,4,1,2,0,0,0,0,0,0,0,0,0,0,0,0,0,0,0,0,0,0,0,0,11,9,12,0,0
2008,Norway,GFATM,TLS,Timor-Leste,0,22,0,0,0,0,0,0,0,0,0,0,0,0,0,0,0,0,1,2,0,0,0,1,0,1,2,0,0,0,1,0,0,1,0,0,1,1,1,0,1,0,1,3,1,1,0,0,0,0,0,0,0,0,0,0,0,0,0,0,0,0,0,0,0,0,8,6,8,0,0
2008,Other_OECD_DAC_countries,GFATM,TLS,Timor-Leste,0,1,0,0,0,0,0,0,0,0,0,0,0,0,0,0,0,0,0,0,0,0,0,0,0,0,0,0,0,0,0,0,0,0,0,0,0,0,0,0,0,0,0,0,0,0,0,0,0,0,0,0,0,0,0,0,0,0,0,0,0,0,0,0,0,0,0,0,0,0,0
2008,Portugal,GFATM,TLS,Timor-Leste,0,1,0,0,0,0,0,0,0,0,0,0,0,0,0,0,0,0,0,0,0,0,0,0,0,0,0,0,0,0,0,0,0,0,0,0,0,0,0,0,0,0,0,0,0,0,0,0,0,0,0,0,0,0,0,0,0,0,0,0,0,0,0,0,0,0,0,0,0,0,0
2008,Private_other,GFATM,TLS,Timor-Leste,0,33,0,0,0,0,0,0,0,0,0,0,0,0,0,0,0,0,2,3,0,0,0,1,0,1,4,0,0,0,1,0,0,2,0,0,2,2,1,0,2,1,2,4,1,2,1,0,0,0,0,0,0,0,0,0,0,0,0,0,0,0,0,0,0,0,12,10,12,0,0
2008,Spain,GFATM,TLS,Timor-Leste,0,61,0,0,0,0,0,0,0,0,0,0,0,0,0,0,0,0,4,5,0,0,1,2,0,2,6,1,0,1,2,1,1,4,1,0,4,3,2,1,4,1,4,8,2,3,1,0,0,0,0,0,0,0,0,0,0,0,0,0,0,0,0,0,0,0,22,18,22,0,0
2008,Sweden,GFATM,TLS,Timor-Leste,0,45,0,0,0,0,0,0,0,0,0,0,0,0,0,0,0,0,3,4,0,0,0,1,0,2,5,1,0,0,1,0,0,3,0,0,3,2,1,0,3,1,3,6,1,2,1,0,0,0,0,0,0,0,0,0,0,0,0,0,0,0,0,0,0,0,16,13,16,0,0
2008,Switzerland,GFATM,TLS,Timor-Leste,0,3,0,0,0,0,0,0,0,0,0,0,0,0,0,0,0,0,0,0,0,0,0,0,0,0,0,0,0,0,0,0,0,0,0,0,0,0,0,0,0,0,0,0,0,0,0,0,0,0,0,0,0,0,0,0,0,0,0,0,0,0,0,0,0,0,1,1,1,0,0
2008,United_Kingdom,GFATM,TLS,Timor-Leste,0,41,0,0,0,0,0,0,0,0,0,0,0,0,0,0,0,0,2,4,0,0,0,1,0,1,4,1,0,0,1,0,0,3,0,0,3,2,1,0,2,1,2,5,1,2,1,0,0,0,0,0,0,0,0,0,0,0,0,0,0,0,0,0,0,0,14,12,15,0,0
2008,United_States,GFATM,TLS,Timor-Leste,0,333,0,1,0,0,0,0,0,0,0,0,0,0,0,0,0,0,20,29,2,1,4,10,0,11,35,5,1,3,10,3,3,22,3,0,22,17,8,4,20,5,19,44,8,17,5,0,0,0,0,0,0,0,0,0,0,0,0,0,0,0,0,0,0,0,118,95,119,0,1
2008,Australia,INTLNGO,TLS,Timor-Leste,0,1754,1676,24,0,0,0,0,0,0,0,0,0,0,0,0,0,0,0,0,0,0,0,0,0,0,0,0,0,0,0,0,0,0,0,0,0,0,0,0,0,0,0,0,0,0,0,0,0,0,0,0,0,0,0,0,0,0,0,0,0,54,0,0,0,0,0,0,0,0,1700
2008,Canada,INTLNGO,TLS,Timor-Leste,0,15,0,0,0,0,0,0,0,0,0,0,0,0,0,0,0,0,0,0,0,0,0,0,0,0,0,0,0,0,0,0,0,0,0,0,0,0,0,0,0,0,0,0,0,0,0,0,0,0,14,0,0,0,0,0,0,0,0,0,0,0,0,0,0,0,0,0,0,14,1
2008,Germany,INTLNGO,TLS,Timor-Leste,0,271,0,0,0,0,0,0,0,0,0,0,0,0,0,0,0,0,0,3,0,0,0,0,0,0,0,0,0,0,0,0,0,0,0,0,0,0,0,0,0,0,0,0,0,0,0,0,0,0,0,0,0,0,0,0,0,0,0,0,0,268,0,0,0,0,3,0,0,0,0
2008,Ireland,INTLNGO,TLS,Timor-Leste,0,140,0,0,0,0,0,0,0,0,0,0,91,0,0,0,0,0,0,0,0,0,0,0,0,0,0,0,0,0,0,0,0,0,0,0,0,0,0,0,0,0,0,0,0,0,0,0,0,0,0,0,0,0,0,0,0,0,0,0,0,49,0,0,91,0,0,0,0,0,0
2008,Japan,INTLNGO,TLS,Timor-Leste,0,349,0,0,0,0,0,0,0,0,0,0,0,0,0,0,0,0,0,0,0,0,0,0,0,0,0,0,0,0,0,0,0,0,0,0,0,0,0,0,0,0,0,0,0,0,0,0,0,0,0,0,0,0,0,0,0,0,0,0,0,349,0,0,0,0,0,0,0,0,0
2008,Korea,INTLNGO,TLS,Timor-Leste,0,112,37,0,12,0,0,0,0,0,0,0,0,0,0,0,0,0,0,0,0,0,0,0,0,0,0,0,0,0,0,0,0,0,0,0,0,0,0,0,0,0,0,0,0,0,0,0,0,0,0,0,0,0,0,0,0,0,0,0,0,62,0,0,0,0,0,0,0,0,49
2008,Netherlands,INTLNGO,TLS,Timor-Leste,0,8,0,0,5,0,0,0,0,0,0,0,0,0,0,0,0,0,0,0,0,0,0,0,0,4,0,0,0,0,0,0,0,0,0,0,0,0,0,0,0,0,0,0,0,0,0,0,0,0,0,0,0,0,0,0,0,0,0,0,0,0,0,0,0,0,4,0,0,0,5
2008,New_Zealand,INTLNGO,TLS,Timor-Leste,0,187,0,0,0,0,0,0,0,0,0,0,0,0,0,0,0,0,0,0,0,0,0,0,0,0,0,0,0,0,0,0,0,0,0,0,0,0,0,0,0,0,0,0,0,0,0,0,0,0,0,0,0,0,0,0,187,0,0,0,0,0,0,0,0,187,0,0,0,0,0
2008,Norway,INTLNGO,TLS,Timor-Leste,0,8,0,0,0,0,0,0,0,0,0,0,0,0,0,0,0,0,0,1,0,0,0,0,0,0,0,0,0,0,0,0,0,0,0,0,0,0,0,0,0,0,0,0,0,0,0,0,0,0,0,0,0,0,0,0,0,0,0,0,0,6,0,0,0,0,2,0,0,0,0
2008,Spain,INTLNGO,TLS,Timor-Leste,0,9,5,0,4,0,0,0,0,0,0,0,0,0,0,0,0,0,0,0,0,0,0,0,0,0,0,0,0,0,0,0,0,0,0,0,0,0,0,0,0,0,0,0,0,0,0,0,0,0,0,0,0,0,0,0,0,0,0,0,0,0,0,0,0,0,0,0,0,0,9
2008,Sweden,INTLNGO,TLS,Timor-Leste,0,13,0,0,0,0,0,0,0,0,0,0,2,0,0,0,2,0,0,0,0,0,0,0,0,5,0,1,0,0,0,0,0,0,0,0,0,0,0,0,0,0,0,0,0,0,0,0,0,0,0,0,0,0,0,0,0,0,0,0,0,3,0,0,4,0,6,0,0,0,0
2008,United_Kingdom,INTLNGO,TLS,Timor-Leste,0,8,0,0,0,0,0,0,0,0,0,0,0,0,8,0,0,0,0,0,0,0,0,0,0,0,0,0,0,0,0,0,0,0,0,0,0,0,0,0,0,0,0,0,0,0,0,0,0,0,0,0,0,0,0,0,0,0,0,0,0,0,0,0,8,0,0,0,0,0,0
2008,United_States,INTLNGO,TLS,Timor-Leste,0,6,0,0,0,0,0,1,0,0,0,0,0,0,0,0,0,0,1,1,0,0,0,0,0,2,0,0,0,0,0,0,0,1,0,0,0,0,0,0,0,0,0,0,0,0,0,0,0,0,0,0,0,0,0,0,0,0,0,0,0,0,0,1,1,0,3,1,0,0,0
2008,Corporate_donations,NGO,TLS,Timor-Leste,0,139,0,0,1,0,0,0,0,1,3,0,20,3,10,3,38,0,1,1,0,0,0,0,0,0,0,1,0,0,0,1,0,0,0,0,0,0,0,0,0,0,0,0,0,0,0,0,0,0,0,1,1,0,0,1,1,2,17,0,0,30,0,4,75,20,4,2,0,3,1
2008,Gates Foundation,NGO,TLS,Timor-Leste,0,94,0,0,0,0,0,0,0,18,9,9,5,0,0,3,2,2,9,9,3,3,3,3,0,0,6,3,3,0,0,0,0,0,0,0,0,0,0,0,0,0,0,0,0,0,0,0,0,0,0,3,1,1,0,0,0,0,0,0,0,0,0,35,12,0,41,0,0,6,0
2008,Private_other,NGO,TLS,Timor-Leste,0,959,36,0,2,0,131,26,0,43,33,15,47,14,70,39,97,10,20,15,4,7,5,13,0,0,13,10,7,10,2,20,6,12,30,0,0,8,44,42,5,4,0,0,3,2,2,1,0,0,0,9,5,2,0,2,6,5,23,5,0,51,0,248,277,42,95,175,16,17,38
2008,United_States,NGO,TLS,Timor-Leste,0,140,0,0,0,0,69,9,0,1,0,0,2,1,6,1,1,0,3,2,0,5,0,0,0,2,5,0,0,0,2,1,3,8,0,0,0,2,0,4,0,0,0,0,0,0,0,0,0,0,11,0,0,0,0,0,0,0,0,0,0,0,0,79,10,0,18,21,0,11,0
2008,Australia,UNAIDS,TLS,Timor-Leste,0,5,0,0,0,0,0,0,0,0,0,0,0,0,0,0,0,0,0,0,0,0,0,0,0,1,3,0,0,0,0,0,0,0,0,0,0,0,0,0,0,0,0,0,0,0,0,0,0,0,0,0,0,0,0,0,0,0,0,0,0,0,0,0,0,0,5,0,0,0,0
2008,Belgium,UNAIDS,TLS,Timor-Leste,0,4,0,0,0,0,0,0,0,0,0,0,0,0,0,0,0,0,0,0,0,0,0,0,0,0,3,0,0,0,0,0,0,0,0,0,0,0,0,0,0,0,0,0,0,0,0,0,0,0,0,0,0,0,0,0,0,0,0,0,0,0,0,0,0,0,4,0,0,0,0
2008,Canada,UNAIDS,TLS,Timor-Leste,0,3,0,0,0,0,0,0,0,0,0,0,0,0,0,0,0,0,0,0,0,0,0,0,0,0,2,0,0,0,0,0,0,0,0,0,0,0,0,0,0,0,0,0,0,0,0,0,0,0,0,0,0,0,0,0,0,0,0,0,0,0,0,0,0,0,3,0,0,0,0
2008,Denmark,UNAIDS,TLS,Timor-Leste,0,7,0,0,0,0,0,0,0,0,0,0,0,0,0,0,0,0,0,1,0,0,0,0,0,1,5,0,0,0,0,0,0,0,0,0,0,0,0,0,0,0,0,0,0,0,0,0,0,0,0,0,0,0,0,0,0,0,0,0,0,0,0,0,0,0,7,0,0,0,0
2008,Finland,UNAIDS,TLS,Timor-Leste,0,8,0,0,0,0,0,0,0,0,0,0,0,0,0,0,0,0,0,1,0,0,0,0,0,1,6,0,0,0,0,0,0,0,0,0,0,0,0,0,0,0,0,0,0,0,0,0,0,0,0,0,0,0,0,0,0,0,0,0,0,0,0,0,0,0,8,0,0,0,0
2008,France,UNAIDS,TLS,Timor-Leste,0,2,0,0,0,0,0,0,0,0,0,0,0,0,0,0,0,0,0,0,0,0,0,0,0,0,1,0,0,0,0,0,0,0,0,0,0,0,0,0,0,0,0,0,0,0,0,0,0,0,0,0,0,0,0,0,0,0,0,0,0,0,0,0,0,0,2,0,0,0,0
2008,Gates Foundation,UNAIDS,TLS,Timor-Leste,0,1,0,0,0,0,0,0,0,0,0,0,0,0,0,0,0,0,0,0,0,0,0,0,0,0,1,0,0,0,0,0,0,0,0,0,0,0,0,0,0,0,0,0,0,0,0,0,0,0,0,0,0,0,0,0,0,0,0,0,0,0,0,0,0,0,1,0,0,0,0
2008,Germany,UNAIDS,TLS,Timor-Leste,0,3,0,0,0,0,0,0,0,0,0,0,0,0,0,0,0,0,0,0,0,0,0,0,0,0,2,0,0,0,0,0,0,0,0,0,0,0,0,0,0,0,0,0,0,0,0,0,0,0,0,0,0,0,0,0,0,0,0,0,0,0,0,0,0,0,3,0,0,0,0
2008,Ireland,UNAIDS,TLS,Timor-Leste,0,6,0,0,0,0,0,0,0,0,0,0,0,0,0,0,0,0,0,0,0,0,0,0,0,1,4,0,0,0,0,0,0,0,0,0,0,0,0,0,0,0,0,0,0,0,0,0,0,0,0,0,0,0,0,0,0,0,0,0,0,0,0,0,0,0,6,0,0,0,0
2008,Japan,UNAIDS,TLS,Timor-Leste,0,2,0,0,0,0,0,0,0,0,0,0,0,0,0,0,0,0,0,0,0,0,0,0,0,0,1,0,0,0,0,0,0,0,0,0,0,0,0,0,0,0,0,0,0,0,0,0,0,0,0,0,0,0,0,0,0,0,0,0,0,0,0,0,0,0,2,0,0,0,0
2008,Luxembourg,UNAIDS,TLS,Timor-Leste,0,3,0,0,0,0,0,0,0,0,0,0,0,0,0,0,0,0,0,0,0,0,0,0,0,0,2,0,0,0,0,0,0,0,0,0,0,0,0,0,0,0,0,0,0,0,0,0,0,0,0,0,0,0,0,0,0,0,0,0,0,0,0,0,0,0,3,0,0,0,0
2008,Netherlands,UNAIDS,TLS,Timor-Leste,0,33,0,0,0,0,0,0,0,0,0,0,0,0,0,0,0,0,1,3,1,0,1,1,0,4,22,0,0,0,0,0,0,0,0,0,0,0,0,0,0,0,0,0,0,0,0,0,0,0,0,0,0,0,0,0,0,0,0,0,0,0,0,0,0,0,32,0,0,0,0
2008,New_Zealand,UNAIDS,TLS,Timor-Leste,0,1,0,0,0,0,0,0,0,0,0,0,0,0,0,0,0,0,0,0,0,0,0,0,0,0,1,0,0,0,0,0,0,0,0,0,0,0,0,0,0,0,0,0,0,0,0,0,0,0,0,0,0,0,0,0,0,0,0,0,0,0,0,0,0,0,1,0,0,0,0
2008,Norway,UNAIDS,TLS,Timor-Leste,0,17,0,0,0,0,0,0,0,0,0,0,0,0,0,0,0,0,1,1,0,0,0,0,0,2,12,0,0,0,0,0,0,0,0,0,0,0,0,0,0,0,0,0,0,0,0,0,0,0,0,0,0,0,0,0,0,0,0,0,0,0,0,0,0,0,17,0,0,0,0
2008,Other,UNAIDS,TLS,Timor-Leste,0,7,0,0,0,0,0,0,0,0,0,0,0,0,0,0,0,0,0,1,0,0,0,0,0,1,5,0,0,0,0,0,0,0,0,0,0,0,0,0,0,0,0,0,0,0,0,0,0,0,0,0,0,0,0,0,0,0,0,0,0,0,0,0,0,0,7,0,0,0,0
2008,Spain,UNAIDS,TLS,Timor-Leste,0,5,0,0,0,0,0,0,0,0,0,0,0,0,0,0,0,0,0,0,0,0,0,0,0,1,3,0,0,0,0,0,0,0,0,0,0,0,0,0,0,0,0,0,0,0,0,0,0,0,0,0,0,0,0,0,0,0,0,0,0,0,0,0,0,0,5,0,0,0,0
2008,Sweden,UNAIDS,TLS,Timor-Leste,0,28,0,0,0,0,0,0,0,0,0,0,0,0,0,0,0,0,1,2,1,0,1,1,0,3,19,0,0,0,0,0,0,0,0,0,0,0,0,0,0,0,0,0,0,0,0,0,0,0,0,0,0,0,0,0,0,0,0,0,0,0,0,0,0,0,28,0,0,0,0
2008,Switzerland,UNAIDS,TLS,Timor-Leste,0,3,0,0,0,0,0,0,0,0,0,0,0,0,0,0,0,0,0,0,0,0,0,0,0,0,2,0,0,0,0,0,0,0,0,0,0,0,0,0,0,0,0,0,0,0,0,0,0,0,0,0,0,0,0,0,0,0,0,0,0,0,0,0,0,0,3,0,0,0,0
2008,Unallocable,UNAIDS,TLS,Timor-Leste,0,4,0,0,0,0,0,0,0,0,0,0,0,0,0,0,0,0,0,0,0,0,0,0,0,0,3,0,0,0,0,0,0,0,0,0,0,0,0,0,0,0,0,0,0,0,0,0,0,0,0,0,0,0,0,0,0,0,0,0,0,0,0,0,0,0,4,0,0,0,0
2008,United_Kingdom,UNAIDS,TLS,Timor-Leste,0,13,0,0,0,0,0,0,0,0,0,0,0,0,0,0,0,0,1,1,0,0,0,0,0,1,9,0,0,0,0,0,0,0,0,0,0,0,0,0,0,0,0,0,0,0,0,0,0,0,0,0,0,0,0,0,0,0,0,0,0,0,0,0,0,0,13,0,0,0,0
2008,United_States,UNAIDS,TLS,Timor-Leste,0,37,0,0,0,0,0,0,0,0,0,0,0,0,0,0,0,0,2,3,1,0,1,1,0,4,25,0,0,0,0,0,0,0,0,0,0,0,0,0,0,0,0,0,0,0,0,0,0,0,0,0,0,0,0,0,0,0,0,0,0,0,0,0,0,0,37,0,0,0,0
2008,Australia,UNFPA,TLS,Timor-Leste,0,27,0,0,0,0,5,13,3,6,0,0,0,0,0,0,0,0,0,0,0,0,0,0,0,0,0,0,0,0,0,0,0,0,0,0,0,0,0,0,0,0,0,0,0,0,0,0,0,0,0,0,0,0,0,0,0,0,0,0,0,0,0,27,0,0,0,0,0,0,0
2008,Austria,UNFPA,TLS,Timor-Leste,0,5,0,0,0,0,1,3,1,1,0,0,0,0,0,0,0,0,0,0,0,0,0,0,0,0,0,0,0,0,0,0,0,0,0,0,0,0,0,0,0,0,0,0,0,0,0,0,0,0,0,0,0,0,0,0,0,0,0,0,0,0,0,5,0,0,0,0,0,0,0
2008,Belgium,UNFPA,TLS,Timor-Leste,0,15,0,0,0,0,3,7,2,3,0,0,0,0,0,0,0,0,0,0,0,0,0,0,0,0,0,0,0,0,0,0,0,0,0,0,0,0,0,0,0,0,0,0,0,0,0,0,0,0,0,0,0,0,0,0,0,0,0,0,0,0,0,15,0,0,0,0,0,0,0
2008,Canada,UNFPA,TLS,Timor-Leste,0,53,0,0,0,0,10,25,5,12,0,0,0,0,0,0,0,0,0,0,0,0,0,0,0,0,0,0,0,0,0,0,0,0,0,0,0,0,0,0,0,0,0,0,0,0,0,0,0,0,0,0,0,0,0,0,0,0,0,0,0,0,0,53,0,0,0,0,0,0,0
2008,China,UNFPA,TLS,Timor-Leste,0,3,0,0,0,0,1,1,0,1,0,0,0,0,0,0,0,0,0,0,0,0,0,0,0,0,0,0,0,0,0,0,0,0,0,0,0,0,0,0,0,0,0,0,0,0,0,0,0,0,0,0,0,0,0,0,0,0,0,0,0,0,0,3,0,0,0,0,0,0,0
2008,Denmark,UNFPA,TLS,Timor-Leste,0,136,0,0,0,0,27,64,14,31,0,0,0,0,0,0,0,0,0,0,0,0,0,0,0,0,0,0,0,0,0,0,0,0,0,0,0,0,0,0,0,0,0,0,0,0,0,0,0,0,0,0,0,0,0,0,0,0,0,0,0,0,0,136,0,0,0,0,0,0,0
2008,Finland,UNFPA,TLS,Timor-Leste,0,82,0,0,0,0,16,39,8,19,0,0,0,0,0,0,0,0,0,0,0,0,0,0,0,0,0,0,0,0,0,0,0,0,0,0,0,0,0,0,0,0,0,0,0,0,0,0,0,0,0,0,0,0,0,0,0,0,0,0,0,0,0,82,0,0,0,0,0,0,0
2008,France,UNFPA,TLS,Timor-Leste,0,18,0,0,0,0,4,9,2,4,0,0,0,0,0,0,0,0,0,0,0,0,0,0,0,0,0,0,0,0,0,0,0,0,0,0,0,0,0,0,0,0,0,0,0,0,0,0,0,0,0,0,0,0,0,0,0,0,0,0,0,0,0,18,0,0,0,0,0,0,0
2008,Gates Foundation,UNFPA,TLS,Timor-Leste,0,1,0,0,0,0,0,1,0,0,0,0,0,0,0,0,0,0,0,0,0,0,0,0,0,0,0,0,0,0,0,0,0,0,0,0,0,0,0,0,0,0,0,0,0,0,0,0,0,0,0,0,0,0,0,0,0,0,0,0,0,0,0,1,0,0,0,0,0,0,0
2008,Germany,UNFPA,TLS,Timor-Leste,0,90,0,0,0,0,18,42,9,20,0,0,0,0,0,0,0,0,0,0,0,0,0,0,0,0,0,0,0,0,0,0,0,0,0,0,0,0,0,0,0,0,0,0,0,0,0,0,0,0,0,0,0,0,0,0,0,0,0,0,0,0,0,90,0,0,0,0,0,0,0
2008,Ireland,UNFPA,TLS,Timor-Leste,0,20,0,0,0,0,4,10,2,5,0,0,0,0,0,0,0,0,0,0,0,0,0,0,0,0,0,0,0,0,0,0,0,0,0,0,0,0,0,0,0,0,0,0,0,0,0,0,0,0,0,0,0,0,0,0,0,0,0,0,0,0,0,20,0,0,0,0,0,0,0
2008,Italy,UNFPA,TLS,Timor-Leste,0,8,0,0,0,0,2,4,1,2,0,0,0,0,0,0,0,0,0,0,0,0,0,0,0,0,0,0,0,0,0,0,0,0,0,0,0,0,0,0,0,0,0,0,0,0,0,0,0,0,0,0,0,0,0,0,0,0,0,0,0,0,0,8,0,0,0,0,0,0,0
2008,Japan,UNFPA,TLS,Timor-Leste,0,97,0,0,0,0,19,46,10,22,0,0,0,0,0,0,0,0,0,0,0,0,0,0,0,0,0,0,0,0,0,0,0,0,0,0,0,0,0,0,0,0,0,0,0,0,0,0,0,0,0,0,0,0,0,0,0,0,0,0,0,0,0,97,0,0,0,0,0,0,0
2008,Korea,UNFPA,TLS,Timor-Leste,0,4,0,0,0,0,1,2,0,1,0,0,0,0,0,0,0,0,0,0,0,0,0,0,0,0,0,0,0,0,0,0,0,0,0,0,0,0,0,0,0,0,0,0,0,0,0,0,0,0,0,0,0,0,0,0,0,0,0,0,0,0,0,4,0,0,0,0,0,0,0
2008,Luxembourg,UNFPA,TLS,Timor-Leste,0,30,0,0,0,0,6,14,3,7,0,0,0,0,0,0,0,0,0,0,0,0,0,0,0,0,0,0,0,0,0,0,0,0,0,0,0,0,0,0,0,0,0,0,0,0,0,0,0,0,0,0,0,0,0,0,0,0,0,0,0,0,0,30,0,0,0,0,0,0,0
2008,Netherlands,UNFPA,TLS,Timor-Leste,0,244,0,0,0,0,48,116,25,56,0,0,0,0,0,0,0,0,0,0,0,0,0,0,0,0,0,0,0,0,0,0,0,0,0,0,0,0,0,0,0,0,0,0,0,0,0,0,0,0,0,0,0,0,0,0,0,0,0,0,0,0,0,244,0,0,0,0,0,0,0
2008,New_Zealand,UNFPA,TLS,Timor-Leste,0,12,0,0,0,0,2,6,1,3,0,0,0,0,0,0,0,0,0,0,0,0,0,0,0,0,0,0,0,0,0,0,0,0,0,0,0,0,0,0,0,0,0,0,0,0,0,0,0,0,0,0,0,0,0,0,0,0,0,0,0,0,0,12,0,0,0,0,0,0,0
2008,Non_OECD_DAC_countries,UNFPA,TLS,Timor-Leste,0,1,0,0,0,0,0,1,0,0,0,0,0,0,0,0,0,0,0,0,0,0,0,0,0,0,0,0,0,0,0,0,0,0,0,0,0,0,0,0,0,0,0,0,0,0,0,0,0,0,0,0,0,0,0,0,0,0,0,0,0,0,0,1,0,0,0,0,0,0,0
2008,Non_OECD_non_DAC_countries,UNFPA,TLS,Timor-Leste,0,47,0,0,0,0,9,22,5,11,0,0,0,0,0,0,0,0,0,0,0,0,0,0,0,0,0,0,0,0,0,0,0,0,0,0,0,0,0,0,0,0,0,0,0,0,0,0,0,0,0,0,0,0,0,0,0,0,0,0,0,0,0,47,0,0,0,0,0,0,0
2008,Norway,UNFPA,TLS,Timor-Leste,0,158,0,0,0,0,31,75,16,36,0,0,0,0,0,0,0,0,0,0,0,0,0,0,0,0,0,0,0,0,0,0,0,0,0,0,0,0,0,0,0,0,0,0,0,0,0,0,0,0,0,0,0,0,0,0,0,0,0,0,0,0,0,158,0,0,0,0,0,0,0
2008,Other,UNFPA,TLS,Timor-Leste,0,348,0,0,0,0,69,165,36,79,0,0,0,0,0,0,0,0,0,0,0,0,0,0,0,0,0,0,0,0,0,0,0,0,0,0,0,0,0,0,0,0,0,0,0,0,0,0,0,0,0,0,0,0,0,0,0,0,0,0,0,0,0,348,0,0,0,0,0,0,0
2008,Private_other,UNFPA,TLS,Timor-Leste,0,8,0,0,0,0,2,4,1,2,0,0,0,0,0,0,0,0,0,0,0,0,0,0,0,0,0,0,0,0,0,0,0,0,0,0,0,0,0,0,0,0,0,0,0,0,0,0,0,0,0,0,0,0,0,0,0,0,0,0,0,0,0,8,0,0,0,0,0,0,0
2008,Spain,UNFPA,TLS,Timor-Leste,0,102,0,0,0,0,20,48,10,23,0,0,0,0,0,0,0,0,0,0,0,0,0,0,0,0,0,0,0,0,0,0,0,0,0,0,0,0,0,0,0,0,0,0,0,0,0,0,0,0,0,0,0,0,0,0,0,0,0,0,0,0,0,102,0,0,0,0,0,0,0
2008,Sweden,UNFPA,TLS,Timor-Leste,0,188,0,0,0,0,37,89,19,43,0,0,0,0,0,0,0,0,0,0,0,0,0,0,0,0,0,0,0,0,0,0,0,0,0,0,0,0,0,0,0,0,0,0,0,0,0,0,0,0,0,0,0,0,0,0,0,0,0,0,0,0,0,188,0,0,0,0,0,0,0
2008,Switzerland,UNFPA,TLS,Timor-Leste,0,36,0,0,0,0,7,17,4,8,0,0,0,0,0,0,0,0,0,0,0,0,0,0,0,0,0,0,0,0,0,0,0,0,0,0,0,0,0,0,0,0,0,0,0,0,0,0,0,0,0,0,0,0,0,0,0,0,0,0,0,0,0,36,0,0,0,0,0,0,0
2008,United_Kingdom,UNFPA,TLS,Timor-Leste,0,123,0,0,0,0,24,58,13,28,0,0,0,0,0,0,0,0,0,0,0,0,0,0,0,0,0,0,0,0,0,0,0,0,0,0,0,0,0,0,0,0,0,0,0,0,0,0,0,0,0,0,0,0,0,0,0,0,0,0,0,0,0,123,0,0,0,0,0,0,0
2008,United_States,UNFPA,TLS,Timor-Leste,0,72,0,0,0,0,14,34,7,16,0,0,0,0,0,0,0,0,0,0,0,0,0,0,0,0,0,0,0,0,0,0,0,0,0,0,0,0,0,0,0,0,0,0,0,0,0,0,0,0,0,0,0,0,0,0,0,0,0,0,0,0,0,72,0,0,0,0,0,0,0
2008,Australia,UNICEF,TLS,Timor-Leste,0,22,0,0,0,0,0,0,1,0,0,0,6,5,7,2,0,0,0,0,0,0,0,0,0,1,0,0,0,0,0,0,0,0,0,0,0,0,0,0,0,0,0,0,0,0,0,0,0,0,0,0,0,0,0,0,0,0,0,0,0,0,0,1,20,0,1,0,0,0,0
2008,Austria,UNICEF,TLS,Timor-Leste,0,1,0,0,0,0,0,0,0,0,0,0,0,0,0,0,0,0,0,0,0,0,0,0,0,0,0,0,0,0,0,0,0,0,0,0,0,0,0,0,0,0,0,0,0,0,0,0,0,0,0,0,0,0,0,0,0,0,0,0,0,0,0,0,1,0,0,0,0,0,0
2008,Belgium,UNICEF,TLS,Timor-Leste,0,8,0,0,0,0,0,0,0,0,0,0,2,2,3,1,0,0,0,0,0,0,0,0,0,0,0,0,0,0,0,0,0,0,0,0,0,0,0,0,0,0,0,0,0,0,0,0,0,0,0,0,0,0,0,0,0,0,0,0,0,0,0,0,7,0,0,0,0,0,0
2008,Canada,UNICEF,TLS,Timor-Leste,0,40,0,0,0,0,0,0,1,0,0,0,12,9,13,3,0,0,0,0,0,0,0,0,0,1,0,0,0,0,0,0,0,0,0,0,0,0,0,0,0,0,0,0,0,0,0,0,0,0,0,0,0,0,0,0,0,0,0,0,0,0,0,1,37,0,2,0,0,0,0
2008,Denmark,UNICEF,TLS,Timor-Leste,0,19,0,0,0,0,0,0,1,0,0,0,5,4,6,2,0,0,0,0,0,0,0,0,0,0,0,0,0,0,0,0,0,0,0,0,0,0,0,0,0,0,0,0,0,0,0,0,0,0,0,0,0,0,0,0,0,0,0,0,0,0,0,1,17,0,1,0,0,0,0
2008,Finland,UNICEF,TLS,Timor-Leste,0,7,0,0,0,0,0,0,0,0,0,0,2,2,2,1,0,0,0,0,0,0,0,0,0,0,0,0,0,0,0,0,0,0,0,0,0,0,0,0,0,0,0,0,0,0,0,0,0,0,0,0,0,0,0,0,0,0,0,0,0,0,0,0,7,0,0,0,0,0,0
2008,France,UNICEF,TLS,Timor-Leste,0,13,0,0,0,0,0,0,0,0,0,0,4,3,4,1,0,0,0,0,0,0,0,0,0,0,0,0,0,0,0,0,0,0,0,0,0,0,0,0,0,0,0,0,0,0,0,0,0,0,0,0,0,0,0,0,0,0,0,0,0,0,0,0,12,0,1,0,0,0,0
2008,Germany,UNICEF,TLS,Timor-Leste,0,15,0,0,0,0,0,0,0,0,0,0,4,3,5,1,0,0,0,0,0,0,0,0,0,0,0,0,0,0,0,0,0,0,0,0,0,0,0,0,0,0,0,0,0,0,0,0,0,0,0,0,0,0,0,0,0,0,0,0,0,0,0,0,13,0,1,0,0,0,0
2008,Ireland,UNICEF,TLS,Timor-Leste,0,6,0,0,0,0,0,0,0,0,0,0,2,1,2,0,0,0,0,0,0,0,0,0,0,0,0,0,0,0,0,0,0,0,0,0,0,0,0,0,0,0,0,0,0,0,0,0,0,0,0,0,0,0,0,0,0,0,0,0,0,0,0,0,5,0,0,0,0,0,0
2008,Italy,UNICEF,TLS,Timor-Leste,0,16,0,0,0,0,0,0,1,0,0,0,5,4,5,1,0,0,0,0,0,0,0,0,0,0,0,0,0,0,0,0,0,0,0,0,0,0,0,0,0,0,0,0,0,0,0,0,0,0,0,0,0,0,0,0,0,0,0,0,0,0,0,1,15,0,1,0,0,0,0
2008,Japan,UNICEF,TLS,Timor-Leste,0,50,0,0,0,0,0,0,2,0,0,0,15,11,17,4,0,0,0,0,0,0,0,0,0,1,0,0,0,0,0,0,0,0,0,0,0,0,0,0,0,0,0,0,0,0,0,0,0,0,0,0,0,0,0,0,0,0,0,0,0,0,0,2,46,0,3,0,0,0,0
2008,Korea,UNICEF,TLS,Timor-Leste,0,2,0,0,0,0,0,0,0,0,0,0,1,1,1,0,0,0,0,0,0,0,0,0,0,0,0,0,0,0,0,0,0,0,0,0,0,0,0,0,0,0,0,0,0,0,0,0,0,0,0,0,0,0,0,0,0,0,0,0,0,0,0,0,2,0,0,0,0,0,0
2008,Luxembourg,UNICEF,TLS,Timor-Leste,0,3,0,0,0,0,0,0,0,0,0,0,1,1,1,0,0,0,0,0,0,0,0,0,0,0,0,0,0,0,0,0,0,0,0,0,0,0,0,0,0,0,0,0,0,0,0,0,0,0,0,0,0,0,0,0,0,0,0,0,0,0,0,0,3,0,0,0,0,0,0
2008,Netherlands,UNICEF,TLS,Timor-Leste,0,60,0,0,0,0,0,0,2,0,0,0,17,13,20,5,0,0,0,1,1,0,0,0,0,1,0,0,0,0,0,0,0,0,0,0,0,0,0,0,0,0,0,0,0,0,0,0,0,0,0,0,0,0,0,0,0,0,0,0,0,0,0,2,54,0,3,0,0,0,0
2008,New_Zealand,UNICEF,TLS,Timor-Leste,0,1,0,0,0,0,0,0,0,0,0,0,0,0,0,0,0,0,0,0,0,0,0,0,0,0,0,0,0,0,0,0,0,0,0,0,0,0,0,0,0,0,0,0,0,0,0,0,0,0,0,0,0,0,0,0,0,0,0,0,0,0,0,0,1,0,0,0,0,0,0
2008,Non_OECD_DAC_countries,UNICEF,TLS,Timor-Leste,0,4,0,0,0,0,0,0,0,0,0,0,1,1,1,0,0,0,0,0,0,0,0,0,0,0,0,0,0,0,0,0,0,0,0,0,0,0,0,0,0,0,0,0,0,0,0,0,0,0,0,0,0,0,0,0,0,0,0,0,0,0,0,0,3,0,0,0,0,0,0
2008,Non_OECD_non_DAC_countries,UNICEF,TLS,Timor-Leste,0,6,0,0,0,0,0,0,0,0,0,0,2,1,2,0,0,0,0,0,0,0,0,0,0,0,0,0,0,0,0,0,0,0,0,0,0,0,0,0,0,0,0,0,0,0,0,0,0,0,0,0,0,0,0,0,0,0,0,0,0,0,0,0,6,0,0,0,0,0,0
2008,Norway,UNICEF,TLS,Timor-Leste,0,56,0,0,0,0,0,0,2,0,0,0,16,12,18,4,0,0,0,0,0,0,0,0,0,1,0,0,0,0,0,0,0,0,0,0,0,0,0,0,0,0,0,0,0,0,0,0,0,0,0,0,0,0,0,0,0,0,0,0,0,0,0,2,51,0,3,0,0,0,0
2008,Other,UNICEF,TLS,Timor-Leste,0,92,0,0,0,0,0,0,3,0,0,0,26,20,30,7,0,0,0,1,1,1,0,0,0,2,0,0,0,0,0,0,0,0,0,0,0,0,0,0,0,0,0,0,0,0,0,0,0,0,0,0,0,0,0,0,0,0,0,0,0,0,0,3,84,0,5,0,0,0,0
2008,Private_other,UNICEF,TLS,Timor-Leste,0,257,0,0,0,0,0,0,8,0,0,0,74,56,85,20,0,0,1,2,2,2,1,0,0,6,0,0,0,0,0,0,0,0,0,0,0,0,0,0,0,0,0,0,0,0,0,0,0,0,0,0,0,0,0,0,0,0,0,0,0,0,0,8,235,0,14,0,0,0,0
2008,Spain,UNICEF,TLS,Timor-Leste,0,36,0,0,0,0,0,0,1,0,0,0,10,8,12,3,0,0,0,0,0,0,0,0,0,1,0,0,0,0,0,0,0,0,0,0,0,0,0,0,0,0,0,0,0,0,0,0,0,0,0,0,0,0,0,0,0,0,0,0,0,0,0,1,33,0,2,0,0,0,0
2008,Sweden,UNICEF,TLS,Timor-Leste,0,48,0,0,0,0,0,0,2,0,0,0,14,10,16,4,0,0,0,0,0,0,0,0,0,1,0,0,0,0,0,0,0,0,0,0,0,0,0,0,0,0,0,0,0,0,0,0,0,0,0,0,0,0,0,0,0,0,0,0,0,0,0,2,44,0,3,0,0,0,0
2008,Switzerland,UNICEF,TLS,Timor-Leste,0,5,0,0,0,0,0,0,0,0,0,0,1,1,2,0,0,0,0,0,0,0,0,0,0,0,0,0,0,0,0,0,0,0,0,0,0,0,0,0,0,0,0,0,0,0,0,0,0,0,0,0,0,0,0,0,0,0,0,0,0,0,0,0,5,0,0,0,0,0,0
2008,Unallocable,UNICEF,TLS,Timor-Leste,0,3,0,0,0,0,0,0,0,0,0,0,1,1,1,0,0,0,0,0,0,0,0,0,0,0,0,0,0,0,0,0,0,0,0,0,0,0,0,0,0,0,0,0,0,0,0,0,0,0,0,0,0,0,0,0,0,0,0,0,0,0,0,0,3,0,0,0,0,0,0
2008,United_Kingdom,UNICEF,TLS,Timor-Leste,0,68,0,0,0,0,0,0,2,0,0,0,20,15,22,5,0,0,0,1,1,1,0,0,0,2,0,0,0,0,0,0,0,0,0,0,0,0,0,0,0,0,0,0,0,0,0,0,0,0,0,0,0,0,0,0,0,0,0,0,0,0,0,2,62,0,4,0,0,0,0
2008,United_States,UNICEF,TLS,Timor-Leste,0,82,0,0,0,0,0,0,3,0,0,0,24,18,27,6,0,0,0,1,1,1,0,0,0,2,0,0,0,0,0,0,0,0,0,0,0,0,0,0,0,0,0,0,0,0,0,0,0,0,0,0,0,0,0,0,0,0,0,0,0,0,0,3,75,0,4,0,0,0,0
2008,Private_other,US_FOUND,TLS,Timor-Leste,0,27,3,0,0,0,2,0,1,0,0,0,0,0,0,0,0,5,0,2,0,0,0,0,0,1,0,1,0,0,0,0,0,0,0,0,0,0,0,0,0,0,0,0,0,0,0,0,0,0,0,0,1,7,0,0,0,0,0,0,0,3,0,3,5,0,3,0,0,8,3
2008,Belgium,WB_IDA,TLS,Timor-Leste,0,3,0,0,1,0,0,0,1,0,0,0,0,0,1,0,0,0,0,0,0,0,0,0,0,0,0,0,0,0,0,0,0,0,0,0,1,0,0,0,0,0,0,0,0,0,0,0,0,0,0,0,0,0,0,0,0,0,0,0,0,0,0,1,1,0,0,1,0,0,1
2008,Canada,WB_IDA,TLS,Timor-Leste,0,4,0,0,2,0,0,0,1,0,0,0,0,0,1,0,0,0,0,0,0,0,0,0,0,0,0,0,0,0,0,0,0,0,0,0,1,0,0,0,0,0,0,0,0,0,0,0,0,0,0,0,0,0,0,0,0,0,0,0,0,0,0,1,1,0,0,1,0,0,2
2008,Debt_repayments,WB_IDA,TLS,Timor-Leste,0,14,0,0,5,0,0,0,2,0,0,0,1,0,3,0,0,0,0,0,0,0,0,0,0,0,0,0,0,0,0,0,0,0,0,0,3,0,0,0,0,0,0,0,0,0,0,0,0,0,0,0,0,0,0,0,0,0,0,0,0,0,0,2,4,0,0,3,0,0,5
2008,France,WB_IDA,TLS,Timor-Leste,0,12,0,0,4,0,0,0,2,0,0,0,1,0,2,0,0,0,0,0,0,0,0,0,0,0,0,0,0,0,0,0,0,0,0,0,2,0,0,0,0,0,0,0,0,0,0,0,0,0,0,0,0,0,0,0,0,0,0,0,0,0,0,2,3,0,0,2,0,0,4
2008,Germany,WB_IDA,TLS,Timor-Leste,0,5,0,0,2,0,0,0,1,0,0,0,1,0,1,0,0,0,0,0,0,0,0,0,0,0,0,0,0,0,0,0,0,0,0,0,1,0,0,0,0,0,0,0,0,0,0,0,0,0,0,0,0,0,0,0,0,0,0,0,0,0,0,1,1,0,0,1,0,0,2
2008,Italy,WB_IDA,TLS,Timor-Leste,0,4,0,0,1,0,0,0,1,0,0,0,0,0,1,0,0,0,0,0,0,0,0,0,0,0,0,0,0,0,0,0,0,0,0,0,1,0,0,0,0,0,0,0,0,0,0,0,0,0,0,0,0,0,0,0,0,0,0,0,0,0,0,1,1,0,0,1,0,0,1
2008,Japan,WB_IDA,TLS,Timor-Leste,0,8,0,0,3,0,0,0,1,0,0,0,1,0,1,0,0,0,0,0,0,0,0,0,0,0,0,0,0,0,0,0,0,0,0,0,1,0,0,0,0,0,0,0,0,0,0,0,0,0,0,0,0,0,0,0,0,0,0,0,0,0,0,1,2,0,0,1,0,0,3
2008,Netherlands,WB_IDA,TLS,Timor-Leste,0,1,0,0,1,0,0,0,0,0,0,0,0,0,0,0,0,0,0,0,0,0,0,0,0,0,0,0,0,0,0,0,0,0,0,0,0,0,0,0,0,0,0,0,0,0,0,0,0,0,0,0,0,0,0,0,0,0,0,0,0,0,0,0,0,0,0,0,0,0,1
2008,Norway,WB_IDA,TLS,Timor-Leste,0,1,0,0,0,0,0,0,0,0,0,0,0,0,0,0,0,0,0,0,0,0,0,0,0,0,0,0,0,0,0,0,0,0,0,0,0,0,0,0,0,0,0,0,0,0,0,0,0,0,0,0,0,0,0,0,0,0,0,0,0,0,0,0,0,0,0,0,0,0,0
2008,Other,WB_IDA,TLS,Timor-Leste,0,5,0,0,2,0,0,0,1,0,0,0,0,0,1,0,0,0,0,0,0,0,0,0,0,0,0,0,0,0,0,0,0,0,0,0,1,0,0,0,0,0,0,0,0,0,0,0,0,0,0,0,0,0,0,0,0,0,0,0,0,0,0,1,1,0,0,1,0,0,2
2008,Spain,WB_IDA,TLS,Timor-Leste,0,2,0,0,1,0,0,0,0,0,0,0,0,0,0,0,0,0,0,0,0,0,0,0,0,0,0,0,0,0,0,0,0,0,0,0,0,0,0,0,0,0,0,0,0,0,0,0,0,0,0,0,0,0,0,0,0,0,0,0,0,0,0,0,1,0,0,0,0,0,1
2008,Sweden,WB_IDA,TLS,Timor-Leste,0,2,0,0,1,0,0,0,0,0,0,0,0,0,0,0,0,0,0,0,0,0,0,0,0,0,0,0,0,0,0,0,0,0,0,0,0,0,0,0,0,0,0,0,0,0,0,0,0,0,0,0,0,0,0,0,0,0,0,0,0,0,0,0,1,0,0,0,0,0,1
2008,United_Kingdom,WB_IDA,TLS,Timor-Leste,0,7,0,0,2,0,0,0,1,0,0,0,1,0,1,0,0,0,0,0,0,0,0,0,0,0,0,0,0,0,0,0,0,0,0,0,1,0,0,0,0,0,0,0,0,0,0,0,0,0,0,0,0,0,0,0,0,0,0,0,0,0,0,1,2,0,0,1,0,0,2
2008,United_States,WB_IDA,TLS,Timor-Leste,0,6,0,0,2,0,0,0,1,0,0,0,1,0,1,0,0,0,0,0,0,0,0,0,0,0,0,0,0,0,0,0,0,0,0,0,1,0,0,0,0,0,0,0,0,0,0,0,0,0,0,0,0,0,0,0,0,0,0,0,0,0,0,1,2,0,0,1,0,0,2
2008,Australia,WHO,TLS,Timor-Leste,0,46,0,0,14,2,0,0,1,0,0,0,1,0,2,0,0,0,0,0,0,0,0,0,0,2,0,0,0,0,0,0,0,0,0,0,2,0,0,0,0,0,0,2,0,0,0,0,0,0,14,0,0,0,0,0,1,0,0,0,0,5,0,1,3,1,2,2,2,14,16
2008,Austria,WHO,TLS,Timor-Leste,0,7,0,0,2,0,0,0,0,0,0,0,0,0,0,0,0,0,0,0,0,0,0,0,0,0,0,0,0,0,0,0,0,0,0,0,0,0,0,0,0,0,0,0,0,0,0,0,0,0,2,0,0,0,0,0,0,0,0,0,0,1,0,0,0,0,0,0,0,2,2
2008,Belgium,WHO,TLS,Timor-Leste,0,21,0,0,6,1,0,0,1,0,0,0,0,0,1,0,0,0,0,0,0,0,0,0,0,1,0,0,0,0,0,0,0,0,0,0,1,0,0,0,0,0,0,1,0,0,0,0,0,0,7,0,0,0,0,0,0,0,0,0,0,2,0,1,1,0,1,1,1,7,8
2008,Canada,WHO,TLS,Timor-Leste,0,89,0,0,27,4,0,0,2,0,0,0,1,0,4,0,0,0,0,0,0,0,0,0,0,4,0,0,0,0,0,0,0,0,0,0,4,0,0,0,0,0,0,4,0,0,0,0,0,0,28,0,0,0,1,0,1,0,0,0,0,9,0,2,5,2,4,4,4,28,32
2008,China,WHO,TLS,Timor-Leste,0,19,0,0,6,1,0,0,0,0,0,0,0,0,1,0,0,0,0,0,0,0,0,0,0,1,0,0,0,0,0,0,0,0,0,0,1,0,0,0,0,0,0,1,0,0,0,0,0,0,6,0,0,0,0,0,0,0,0,0,0,2,0,0,1,0,1,1,1,6,7
2008,Corporate_donations,WHO,TLS,Timor-Leste,0,72,0,0,22,4,0,0,2,0,0,0,1,0,3,0,0,0,0,0,0,0,0,0,0,3,0,0,0,0,0,0,0,0,0,0,3,0,0,0,0,0,0,3,0,0,0,0,0,0,22,0,0,0,0,0,1,0,0,0,0,8,0,2,4,2,3,3,3,22,26
2008,Denmark,WHO,TLS,Timor-Leste,0,16,0,0,5,1,0,0,0,0,0,0,0,0,1,0,0,0,0,0,0,0,0,0,0,1,0,0,0,0,0,0,0,0,0,0,1,0,0,0,0,0,0,1,0,0,0,0,0,0,5,0,0,0,0,0,0,0,0,0,0,2,0,0,1,0,1,1,1,5,6
2008,Finland,WHO,TLS,Timor-Leste,0,18,0,0,5,1,0,0,0,0,0,0,0,0,1,0,0,0,0,0,0,0,0,0,0,1,0,0,0,0,0,0,0,0,0,0,1,0,0,0,0,0,0,1,0,0,0,0,0,0,6,0,0,0,0,0,0,0,0,0,0,2,0,0,1,0,1,1,1,6,6
2008,France,WHO,TLS,Timor-Leste,0,96,0,0,29,5,0,0,2,0,0,0,1,0,4,0,0,0,0,0,0,0,0,0,0,4,0,0,0,0,0,0,0,0,0,0,4,0,0,0,0,0,0,4,0,0,0,0,0,0,30,0,0,0,1,0,2,0,0,0,0,10,0,2,5,2,4,4,4,30,34
2008,Gates Foundation,WHO,TLS,Timor-Leste,0,211,0,0,64,10,0,0,5,0,0,0,3,0,9,0,0,0,0,0,0,0,0,0,0,9,0,0,0,0,0,0,0,0,0,0,9,0,0,0,0,0,0,9,0,0,0,0,0,0,65,0,0,0,1,0,3,0,0,0,0,22,0,5,12,5,9,9,9,65,75
2008,Germany,WHO,TLS,Timor-Leste,0,95,0,0,29,5,0,0,2,0,0,0,1,0,4,0,0,0,0,0,0,0,0,0,0,4,0,0,0,0,0,0,0,0,0,0,4,0,0,0,0,0,0,4,0,0,0,0,0,0,29,0,0,0,1,0,2,0,0,0,0,10,0,2,5,2,4,4,4,29,33
2008,Greece,WHO,TLS,Timor-Leste,0,4,0,0,1,0,0,0,0,0,0,0,0,0,0,0,0,0,0,0,0,0,0,0,0,0,0,0,0,0,0,0,0,0,0,0,0,0,0,0,0,0,0,0,0,0,0,0,0,0,1,0,0,0,0,0,0,0,0,0,0,0,0,0,0,0,0,0,0,1,1
2008,Ireland,WHO,TLS,Timor-Leste,0,14,0,0,4,1,0,0,0,0,0,0,0,0,1,0,0,0,0,0,0,0,0,0,0,1,0,0,0,0,0,0,0,0,0,0,1,0,0,0,0,0,0,1,0,0,0,0,0,0,4,0,0,0,0,0,0,0,0,0,0,1,0,0,1,0,1,1,1,4,5
2008,Italy,WHO,TLS,Timor-Leste,0,66,0,0,20,3,0,0,2,0,0,0,1,0,3,0,0,0,0,0,0,0,0,0,0,3,0,0,0,0,0,0,0,0,0,0,3,0,0,0,0,0,0,3,0,0,0,0,0,0,20,0,0,0,0,0,1,0,0,0,0,7,0,2,4,2,3,3,3,20,23
2008,Japan,WHO,TLS,Timor-Leste,0,119,0,0,36,6,0,0,3,0,0,0,1,0,5,0,0,0,0,0,0,0,0,0,0,5,0,0,0,0,0,0,0,0,0,0,5,0,0,0,0,0,0,5,0,0,0,0,0,0,37,0,0,0,1,0,2,0,0,0,0,13,0,3,7,3,5,5,5,37,42
2008,Korea,WHO,TLS,Timor-Leste,0,28,0,0,9,1,0,0,1,0,0,0,0,0,1,0,0,0,0,0,0,0,0,0,0,1,0,0,0,0,0,0,0,0,0,0,1,0,0,0,0,0,0,1,0,0,0,0,0,0,9,0,0,0,0,0,0,0,0,0,0,3,0,1,2,1,1,1,1,9,10
2008,Luxembourg,WHO,TLS,Timor-Leste,0,20,0,0,6,1,0,0,0,0,0,0,0,0,1,0,0,0,0,0,0,0,0,0,0,1,0,0,0,0,0,0,0,0,0,0,1,0,0,0,0,0,0,1,0,0,0,0,0,0,6,0,0,0,0,0,0,0,0,0,0,2,0,0,1,0,1,1,1,6,7
2008,Netherlands,WHO,TLS,Timor-Leste,0,70,0,0,21,3,0,0,2,0,0,0,1,0,3,0,0,0,0,0,0,0,0,0,0,3,0,0,0,0,0,0,0,0,0,0,3,0,0,0,0,0,0,3,0,0,0,0,0,0,22,0,0,0,0,0,1,0,0,0,0,7,0,2,4,2,3,3,3,22,25
2008,New_Zealand,WHO,TLS,Timor-Leste,0,4,0,0,1,0,0,0,0,0,0,0,0,0,0,0,0,0,0,0,0,0,0,0,0,0,0,0,0,0,0,0,0,0,0,0,0,0,0,0,0,0,0,0,0,0,0,0,0,0,1,0,0,0,0,0,0,0,0,0,0,0,0,0,0,0,0,0,0,1,1
2008,Non_OECD_DAC_countries,WHO,TLS,Timor-Leste,0,12,0,0,4,1,0,0,0,0,0,0,0,0,1,0,0,0,0,0,0,0,0,0,0,1,0,0,0,0,0,0,0,0,0,0,1,0,0,0,0,0,0,1,0,0,0,0,0,0,4,0,0,0,0,0,0,0,0,0,0,1,0,0,1,0,1,1,1,4,4
2008,Non_OECD_non_DAC_countries,WHO,TLS,Timor-Leste,0,87,0,0,27,4,0,0,2,0,0,0,1,0,4,0,0,0,0,0,0,0,0,0,0,4,0,0,0,0,0,0,0,0,0,0,4,0,0,0,0,0,0,4,0,0,0,0,0,0,27,0,0,0,1,0,1,0,0,0,0,9,0,2,5,2,4,4,4,27,31
2008,Norway,WHO,TLS,Timor-Leste,0,78,0,0,24,4,0,0,2,0,0,0,1,0,3,0,0,0,0,0,0,0,0,0,0,3,0,0,0,0,0,0,0,0,0,0,3,0,0,0,0,0,0,3,0,0,0,0,0,0,24,0,0,0,1,0,1,0,0,0,0,8,0,2,4,2,3,3,3,24,27
2008,Other,WHO,TLS,Timor-Leste,0,133,0,0,40,6,0,0,3,0,0,0,2,0,6,0,0,0,0,0,0,0,0,0,0,6,0,0,0,0,0,0,0,0,0,0,6,0,0,0,0,0,0,6,0,0,0,0,0,0,41,0,0,0,1,0,2,0,0,0,0,14,0,3,7,3,6,6,6,41,47
2008,Other_OECD_DAC_countries,WHO,TLS,Timor-Leste,0,7,0,0,2,0,0,0,0,0,0,0,0,0,0,0,0,0,0,0,0,0,0,0,0,0,0,0,0,0,0,0,0,0,0,0,0,0,0,0,0,0,0,0,0,0,0,0,0,0,2,0,0,0,0,0,0,0,0,0,0,1,0,0,0,0,0,0,0,2,3
2008,Portugal,WHO,TLS,Timor-Leste,0,3,0,0,1,0,0,0,0,0,0,0,0,0,0,0,0,0,0,0,0,0,0,0,0,0,0,0,0,0,0,0,0,0,0,0,0,0,0,0,0,0,0,0,0,0,0,0,0,0,1,0,0,0,0,0,0,0,0,0,0,0,0,0,0,0,0,0,0,1,1
2008,Private_other,WHO,TLS,Timor-Leste,0,168,0,0,51,8,0,0,4,0,0,0,2,0,7,0,0,0,0,0,0,0,0,0,0,7,0,0,0,0,0,0,0,0,0,0,7,0,0,0,0,0,0,7,0,0,0,0,0,0,52,0,0,0,1,0,3,0,0,0,0,18,0,4,9,4,7,7,7,52,59
2008,Spain,WHO,TLS,Timor-Leste,0,67,0,0,21,3,0,0,2,0,0,0,1,0,3,0,0,0,0,0,0,0,0,0,0,3,0,0,0,0,0,0,0,0,0,0,3,0,0,0,0,0,0,3,0,0,0,0,0,0,21,0,0,0,0,0,1,0,0,0,0,7,0,2,4,2,3,3,3,21,24
2008,Sweden,WHO,TLS,Timor-Leste,0,46,0,0,14,2,0,0,1,0,0,0,1,0,2,0,0,0,0,0,0,0,0,0,0,2,0,0,0,0,0,0,0,0,0,0,2,0,0,0,0,0,0,2,0,0,0,0,0,0,14,0,0,0,0,0,1,0,0,0,0,5,0,1,3,1,2,2,2,14,16
2008,Switzerland,WHO,TLS,Timor-Leste,0,19,0,0,6,1,0,0,0,0,0,0,0,0,1,0,0,0,0,0,0,0,0,0,0,1,0,0,0,0,0,0,0,0,0,0,1,0,0,0,0,0,0,1,0,0,0,0,0,0,6,0,0,0,0,0,0,0,0,0,0,2,0,0,1,0,1,1,1,6,7
2008,Unallocable,WHO,TLS,Timor-Leste,0,72,0,0,22,4,0,0,2,0,0,0,1,0,3,0,0,0,0,0,0,0,0,0,0,3,0,0,0,0,0,0,0,0,0,0,3,0,0,0,0,0,0,3,0,0,0,0,0,0,22,0,0,0,0,0,1,0,0,0,0,8,0,2,4,2,3,3,3,22,25
2008,United_Kingdom,WHO,TLS,Timor-Leste,0,204,0,0,62,10,0,0,5,0,0,0,3,0,9,0,0,0,0,0,0,0,0,0,0,9,0,0,0,0,0,0,0,0,0,0,9,0,0,0,0,0,0,9,0,0,0,0,0,0,63,0,0,0,1,0,3,0,0,0,0,22,0,5,11,5,9,9,9,63,72
2008,United_States,WHO,TLS,Timor-Leste,0,379,0,0,115,18,0,0,10,0,0,0,5,0,16,0,0,0,0,0,0,0,0,0,0,16,0,0,0,0,0,0,0,0,0,0,16,0,0,0,0,0,0,16,0,0,0,0,0,0,117,0,0,0,3,0,6,0,0,0,0,40,0,10,21,9,16,16,16,117,134
2009,Australia,BIL_AUS,TLS,Timor-Leste,0,5222,1974,56,0,9,0,0,0,0,0,0,0,0,0,0,0,0,0,0,0,0,0,0,0,18,0,0,5,0,0,0,0,0,0,0,0,0,0,0,0,0,0,0,0,0,0,0,0,0,2850,0,0,2,0,0,0,0,0,0,0,307,0,0,0,0,23,0,0,2852,2040
2009,Canada,BIL_CAN,TLS,Timor-Leste,0,103,1,0,0,6,0,0,0,0,0,0,0,0,0,0,0,0,0,10,0,0,0,0,0,1,6,0,0,0,0,0,0,0,0,0,0,0,0,0,0,0,0,0,0,0,0,0,0,0,2,13,42,22,0,0,0,0,0,0,0,0,0,0,0,0,17,0,0,78,7
2009,Germany,BIL_DEU,TLS,Timor-Leste,0,13,6,0,2,0,0,2,0,0,3,0,0,0,0,0,0,0,0,0,0,0,0,0,0,0,0,0,0,0,0,0,0,0,0,0,0,0,0,0,0,0,0,0,0,0,0,0,0,0,0,0,0,0,0,0,0,0,0,0,0,0,0,5,0,0,0,0,0,0,8
2009,Spain,BIL_ESP,TLS,Timor-Leste,0,8,0,0,0,0,0,0,0,0,0,0,0,0,0,0,0,0,0,4,0,0,0,0,0,4,0,0,0,0,0,0,0,0,0,0,0,0,0,0,0,0,0,0,0,0,0,0,0,0,0,0,0,0,0,0,0,0,0,0,0,0,0,0,0,0,8,0,0,0,0
2009,Finland,BIL_FIN,TLS,Timor-Leste,0,33,0,0,0,0,0,0,0,0,0,0,7,0,0,0,26,0,0,0,0,0,0,0,0,0,0,0,0,0,0,0,0,0,0,0,0,0,0,0,0,0,0,0,0,0,0,0,0,0,0,0,0,0,0,0,0,0,0,0,0,0,0,0,33,0,0,0,0,0,0
2009,United_Kingdom,BIL_GBR,TLS,Timor-Leste,0,8,0,0,0,0,0,0,0,0,0,0,0,0,0,0,0,0,8,0,0,0,0,0,0,0,0,0,0,0,0,0,0,0,0,0,0,0,0,0,0,0,0,0,0,0,0,0,0,0,0,0,0,0,0,0,0,0,0,0,0,0,0,0,0,0,8,0,0,0,0
2009,Greece,BIL_GRC,TLS,Timor-Leste,0,8,0,0,0,0,0,0,3,0,0,0,0,0,0,0,0,0,4,2,0,0,0,0,0,0,0,0,0,0,0,0,0,0,0,0,0,0,0,0,0,0,0,0,0,0,0,0,0,0,0,0,0,0,0,0,0,0,0,0,0,0,0,3,0,0,6,0,0,0,0
2009,Ireland,BIL_IRL,TLS,Timor-Leste,0,68,23,23,23,0,0,0,0,0,0,0,0,0,0,0,0,0,0,0,0,0,0,0,0,0,0,0,0,0,0,0,0,0,0,0,0,0,0,0,0,0,0,0,0,0,0,0,0,0,0,0,0,0,0,0,0,0,0,0,0,0,0,0,0,0,0,0,0,0,68
2009,Japan,BIL_JPN,TLS,Timor-Leste,0,108,0,0,6,0,0,13,17,0,0,0,0,0,0,0,0,0,0,0,0,0,0,0,0,51,0,0,0,0,0,0,0,0,0,0,0,0,0,0,0,0,0,0,0,0,0,0,0,0,0,0,0,0,0,0,0,0,0,0,0,20,0,30,0,0,51,0,0,0,6
2009,Netherlands,BIL_NLD,TLS,Timor-Leste,0,19,0,0,0,0,0,0,0,0,0,0,0,0,0,0,0,0,0,0,0,0,0,0,0,4,0,0,0,0,0,0,0,0,0,0,10,0,0,0,0,0,0,5,0,0,0,0,0,0,0,0,0,0,0,0,0,0,0,0,0,0,0,0,0,0,4,10,5,0,0
2009,Norway,BIL_NOR,TLS,Timor-Leste,0,16,2,0,0,0,0,0,0,0,0,0,0,0,0,0,0,0,2,8,0,0,0,0,0,0,1,0,0,0,0,0,0,0,0,0,0,0,0,0,0,0,0,0,0,0,0,0,0,0,0,0,0,0,0,0,0,1,0,0,0,2,0,0,0,1,11,0,0,0,2
2009,Portugal,BIL_PRT,TLS,Timor-Leste,0,565,229,0,0,0,0,0,0,0,0,0,0,0,0,0,0,0,0,0,0,0,0,0,0,0,0,0,0,0,0,0,0,0,0,0,0,0,0,0,0,0,0,0,0,0,0,0,0,0,0,0,0,0,0,0,0,0,0,0,0,336,0,0,0,0,0,0,0,0,229
2009,United_States,BIL_USA,TLS,Timor-Leste,0,1175,0,0,0,0,606,242,0,0,0,0,128,43,55,0,0,0,11,7,0,2,0,0,0,3,2,0,0,0,0,0,0,22,0,0,0,12,0,0,8,0,8,0,0,0,0,0,0,0,17,0,0,0,0,0,0,0,0,0,0,8,0,849,226,0,24,34,16,17,0
2009,Austria,EC,TLS,Timor-Leste,0,19,1,1,0,0,0,0,0,0,0,0,0,0,0,0,0,0,0,0,0,0,0,0,0,0,0,0,0,0,0,0,0,0,0,0,0,0,0,0,0,0,0,0,0,0,0,0,0,0,0,0,0,0,0,0,0,0,0,0,0,18,0,0,0,0,0,0,0,0,1
2009,Belgium,EC,TLS,Timor-Leste,0,34,1,1,1,0,0,0,0,0,0,0,0,0,0,0,0,0,0,0,0,0,0,0,0,0,0,0,0,0,0,0,0,0,0,0,0,0,0,0,0,0,0,0,0,0,0,0,0,0,0,0,0,0,0,0,0,0,0,0,0,32,0,0,0,0,0,0,0,0,3
2009,Denmark,EC,TLS,Timor-Leste,0,19,1,1,0,0,0,0,0,0,0,0,0,0,0,0,0,0,0,0,0,0,0,0,0,0,0,0,0,0,0,0,0,0,0,0,0,0,0,0,0,0,0,0,0,0,0,0,0,0,0,0,0,0,0,0,0,0,0,0,0,17,0,0,0,0,0,0,0,0,1
2009,Finland,EC,TLS,Timor-Leste,0,13,0,0,0,0,0,0,0,0,0,0,0,0,0,0,0,0,0,0,0,0,0,0,0,0,0,0,0,0,0,0,0,0,0,0,0,0,0,0,0,0,0,0,0,0,0,0,0,0,0,0,0,0,0,0,0,0,0,0,0,12,0,0,0,0,0,0,0,0,1
2009,France,EC,TLS,Timor-Leste,0,174,5,5,3,0,0,0,0,0,0,0,0,0,0,0,0,0,0,0,0,0,0,0,0,0,0,0,0,0,0,0,0,0,0,0,2,0,0,0,0,0,0,0,0,0,0,0,0,0,0,0,0,0,0,0,0,0,0,0,0,159,0,0,0,0,0,2,0,0,13
2009,Germany,EC,TLS,Timor-Leste,0,173,5,5,3,0,0,0,0,0,0,0,0,0,0,0,0,0,0,0,0,0,0,0,0,0,0,0,0,0,0,0,0,0,0,0,2,0,0,0,0,0,0,0,0,0,0,0,0,0,0,0,0,0,0,0,0,0,0,0,0,158,0,0,0,0,0,2,0,0,13
2009,Greece,EC,TLS,Timor-Leste,0,17,1,1,0,0,0,0,0,0,0,0,0,0,0,0,0,0,0,0,0,0,0,0,0,0,0,0,0,0,0,0,0,0,0,0,0,0,0,0,0,0,0,0,0,0,0,0,0,0,0,0,0,0,0,0,0,0,0,0,0,16,0,0,0,0,0,0,0,0,1
2009,Ireland,EC,TLS,Timor-Leste,0,10,0,0,0,0,0,0,0,0,0,0,0,0,0,0,0,0,0,0,0,0,0,0,0,0,0,0,0,0,0,0,0,0,0,0,0,0,0,0,0,0,0,0,0,0,0,0,0,0,0,0,0,0,0,0,0,0,0,0,0,9,0,0,0,0,0,0,0,0,1
2009,Italy,EC,TLS,Timor-Leste,0,112,3,3,2,0,0,0,0,0,0,0,0,0,0,0,0,0,0,0,0,0,0,0,0,0,0,0,0,0,0,0,0,0,0,0,1,0,0,0,0,0,0,0,0,0,0,0,0,0,0,0,0,0,0,0,0,0,0,0,0,102,0,0,0,0,0,1,0,0,8
2009,Luxembourg,EC,TLS,Timor-Leste,0,2,0,0,0,0,0,0,0,0,0,0,0,0,0,0,0,0,0,0,0,0,0,0,0,0,0,0,0,0,0,0,0,0,0,0,0,0,0,0,0,0,0,0,0,0,0,0,0,0,0,0,0,0,0,0,0,0,0,0,0,2,0,0,0,0,0,0,0,0,0
2009,Netherlands,EC,TLS,Timor-Leste,0,34,1,1,1,0,0,0,0,0,0,0,0,0,0,0,0,0,0,0,0,0,0,0,0,0,0,0,0,0,0,0,0,0,0,0,0,0,0,0,0,0,0,0,0,0,0,0,0,0,0,0,0,0,0,0,0,0,0,0,0,32,0,0,0,0,0,0,0,0,3
2009,Other_OECD_DAC_countries,EC,TLS,Timor-Leste,0,31,1,1,1,0,0,0,0,0,0,0,0,0,0,0,0,0,0,0,0,0,0,0,0,0,0,0,0,0,0,0,0,0,0,0,0,0,0,0,0,0,0,0,0,0,0,0,0,0,0,0,0,0,0,0,0,0,0,0,0,28,0,0,0,0,0,0,0,0,3
2009,Portugal,EC,TLS,Timor-Leste,0,11,0,0,0,0,0,0,0,0,0,0,0,0,0,0,0,0,0,0,0,0,0,0,0,0,0,0,0,0,0,0,0,0,0,0,0,0,0,0,0,0,0,0,0,0,0,0,0,0,0,0,0,0,0,0,0,0,0,0,0,10,0,0,0,0,0,0,0,0,1
2009,Spain,EC,TLS,Timor-Leste,0,73,2,2,1,0,0,0,0,0,0,0,0,0,0,0,0,0,0,0,0,0,0,0,0,0,0,0,0,0,0,0,0,0,0,0,0,0,0,0,0,0,0,0,0,0,0,0,0,0,0,0,0,0,0,0,0,0,0,0,0,68,0,0,0,0,0,0,0,0,6
2009,Sweden,EC,TLS,Timor-Leste,0,18,1,1,0,0,0,0,0,0,0,0,0,0,0,0,0,0,0,0,0,0,0,0,0,0,0,0,0,0,0,0,0,0,0,0,0,0,0,0,0,0,0,0,0,0,0,0,0,0,0,0,0,0,0,0,0,0,0,0,0,16,0,0,0,0,0,0,0,0,1
2009,United_Kingdom,EC,TLS,Timor-Leste,0,116,4,4,2,0,0,0,0,0,0,0,0,0,0,0,0,0,0,0,0,0,0,0,0,0,0,0,0,0,0,0,0,0,0,0,1,0,0,0,0,0,0,0,0,0,0,0,0,0,0,0,0,0,0,0,0,0,0,0,0,106,0,0,0,0,0,1,0,0,9
2009,Gates Foundation,GATES,TLS,Timor-Leste,0,315,0,0,0,0,0,0,0,0,0,0,0,24,2,1,0,0,0,0,0,0,0,0,0,0,0,0,0,0,0,0,0,87,0,0,0,0,0,0,0,0,0,0,0,0,0,0,0,0,5,0,0,0,0,0,0,0,0,0,0,196,0,0,27,0,0,87,0,5,0
2009,Australia,GFATM,TLS,Timor-Leste,0,109,0,0,0,0,0,0,0,0,0,0,0,0,0,0,0,0,7,10,1,0,1,3,0,4,11,2,0,1,3,1,1,7,1,0,7,5,3,1,7,2,6,14,3,5,2,0,0,0,0,0,0,0,0,0,0,0,0,0,0,0,0,0,0,0,39,31,39,0,0
2009,Austria,GFATM,TLS,Timor-Leste,0,10,0,0,0,0,0,0,0,0,0,0,0,0,0,0,0,0,1,1,0,0,0,0,0,0,1,0,0,0,0,0,0,1,0,0,1,1,0,0,1,0,1,1,0,1,0,0,0,0,0,0,0,0,0,0,0,0,0,0,0,0,0,0,0,0,4,3,4,0,0
2009,Belgium,GFATM,TLS,Timor-Leste,0,95,0,0,0,0,0,0,0,0,0,0,0,0,0,0,0,0,6,8,1,0,1,3,0,3,10,1,0,1,3,1,1,6,1,0,6,5,2,1,6,2,6,13,2,5,1,0,0,0,0,0,0,0,0,0,0,0,0,0,0,0,0,0,0,0,34,27,34,0,0
2009,Canada,GFATM,TLS,Timor-Leste,0,463,0,1,0,0,0,0,0,0,0,0,0,0,0,0,0,0,28,40,3,1,5,14,0,16,49,7,2,5,14,4,4,31,4,0,31,23,11,5,28,8,27,62,11,23,7,0,0,0,0,0,0,0,0,0,0,0,0,0,0,0,0,0,0,0,164,132,166,0,1
2009,China,GFATM,TLS,Timor-Leste,0,8,0,0,0,0,0,0,0,0,0,0,0,0,0,0,0,0,0,1,0,0,0,0,0,0,1,0,0,0,0,0,0,1,0,0,1,0,0,0,0,0,0,1,0,0,0,0,0,0,0,0,0,0,0,0,0,0,0,0,0,0,0,0,0,0,3,2,3,0,0
2009,Corporate_donations,GFATM,TLS,Timor-Leste,0,7,0,0,0,0,0,0,0,0,0,0,0,0,0,0,0,0,0,1,0,0,0,0,0,0,1,0,0,0,0,0,0,0,0,0,0,0,0,0,0,0,0,1,0,0,0,0,0,0,0,0,0,0,0,0,0,0,0,0,0,0,0,0,0,0,2,2,2,0,0
2009,Denmark,GFATM,TLS,Timor-Leste,0,113,0,0,0,0,0,0,0,0,0,0,0,0,0,0,0,0,7,10,1,0,1,3,0,4,12,2,0,1,3,1,1,8,1,0,8,6,3,1,7,2,7,15,3,6,2,0,0,0,0,0,0,0,0,0,0,0,0,0,0,0,0,0,0,0,40,32,41,0,0
2009,Finland,GFATM,TLS,Timor-Leste,0,24,0,0,0,0,0,0,0,0,0,0,0,0,0,0,0,0,1,2,0,0,0,1,0,1,3,0,0,0,1,0,0,2,0,0,2,1,1,0,1,0,1,3,1,1,0,0,0,0,0,0,0,0,0,0,0,0,0,0,0,0,0,0,0,0,9,7,9,0,0
2009,France,GFATM,TLS,Timor-Leste,0,1402,0,2,0,0,0,0,0,0,0,0,0,0,0,0,0,0,86,123,9,2,15,42,0,48,147,20,6,15,42,12,12,93,12,0,94,70,34,15,84,23,82,187,35,70,21,0,0,0,0,0,0,0,0,0,0,0,0,0,0,0,0,0,0,0,498,400,502,0,2
2009,Gates Foundation,GFATM,TLS,Timor-Leste,0,370,0,1,0,0,0,0,0,0,0,0,0,0,0,0,0,0,23,32,2,1,4,11,0,13,39,5,2,4,11,3,3,25,3,0,25,19,9,4,22,6,22,49,9,19,6,0,0,0,0,0,0,0,0,0,0,0,0,0,0,0,0,0,0,0,131,106,133,0,1
2009,Germany,GFATM,TLS,Timor-Leste,0,1012,0,2,0,0,0,0,0,0,0,0,0,0,0,0,0,0,62,88,6,2,11,30,0,34,106,15,4,10,30,9,9,67,9,0,68,51,25,11,61,17,59,135,25,51,15,0,0,0,0,0,0,0,0,0,0,0,0,0,0,0,0,0,0,0,359,289,362,0,2
2009,Greece,GFATM,TLS,Timor-Leste,0,9,0,0,0,0,0,0,0,0,0,0,0,0,0,0,0,0,1,1,0,0,0,0,0,0,1,0,0,0,0,0,0,1,0,0,1,0,0,0,1,0,1,1,0,0,0,0,0,0,0,0,0,0,0,0,0,0,0,0,0,0,0,0,0,0,3,3,3,0,0
2009,Ireland,GFATM,TLS,Timor-Leste,0,90,0,0,0,0,0,0,0,0,0,0,0,0,0,0,0,0,5,8,1,0,1,3,0,3,9,1,0,1,3,1,1,6,1,0,6,4,2,1,5,1,5,12,2,5,1,0,0,0,0,0,0,0,0,0,0,0,0,0,0,0,0,0,0,0,32,26,32,0,0
2009,Italy,GFATM,TLS,Timor-Leste,0,65,0,0,0,0,0,0,0,0,0,0,0,0,0,0,0,0,4,6,0,0,1,2,0,2,7,1,0,1,2,1,1,4,1,0,4,3,2,1,4,1,4,9,2,3,1,0,0,0,0,0,0,0,0,0,0,0,0,0,0,0,0,0,0,0,23,18,23,0,0
2009,Japan,GFATM,TLS,Timor-Leste,0,631,0,1,0,0,0,0,0,0,0,0,0,0,0,0,0,0,39,55,4,1,7,19,0,21,66,9,3,7,19,6,6,42,5,0,42,32,15,7,38,10,37,84,16,32,9,0,0,0,0,0,0,0,0,0,0,0,0,0,0,0,0,0,0,0,224,180,226,0,1
2009,Korea,GFATM,TLS,Timor-Leste,0,15,0,0,0,0,0,0,0,0,0,0,0,0,0,0,0,0,1,1,0,0,0,0,0,1,2,0,0,0,0,0,0,1,0,0,1,1,0,0,1,0,1,2,0,1,0,0,0,0,0,0,0,0,0,0,0,0,0,0,0,0,0,0,0,0,5,4,5,0,0
2009,Luxembourg,GFATM,TLS,Timor-Leste,0,14,0,0,0,0,0,0,0,0,0,0,0,0,0,0,0,0,1,1,0,0,0,0,0,0,1,0,0,0,0,0,0,1,0,0,1,1,0,0,1,0,1,2,0,1,0,0,0,0,0,0,0,0,0,0,0,0,0,0,0,0,0,0,0,0,5,4,5,0,0
2009,Netherlands,GFATM,TLS,Timor-Leste,0,290,0,0,0,0,0,0,0,0,0,0,0,0,0,0,0,0,18,25,2,0,3,9,0,10,31,4,1,3,9,3,3,19,2,0,20,15,7,3,17,5,17,39,7,15,4,0,0,0,0,0,0,0,0,0,0,0,0,0,0,0,0,0,0,0,103,83,104,0,0
2009,Non_OECD_DAC_countries,GFATM,TLS,Timor-Leste,0,21,0,0,0,0,0,0,0,0,0,0,0,0,0,0,0,0,1,2,0,0,0,1,0,1,2,0,0,0,1,0,0,1,0,0,1,1,1,0,1,0,1,3,1,1,0,0,0,0,0,0,0,0,0,0,0,0,0,0,0,0,0,0,0,0,7,6,7,0,0
2009,Non_OECD_non_DAC_countries,GFATM,TLS,Timor-Leste,0,196,0,0,0,0,0,0,0,0,0,0,0,0,0,0,0,0,12,17,1,0,2,6,0,7,21,3,1,2,6,2,2,13,2,0,13,10,5,2,12,3,11,26,5,10,3,0,0,0,0,0,0,0,0,0,0,0,0,0,0,0,0,0,0,0,70,56,70,0,0
2009,Norway,GFATM,TLS,Timor-Leste,0,221,0,0,0,0,0,0,0,0,0,0,0,0,0,0,0,0,13,19,1,0,2,7,0,7,23,3,1,2,7,2,2,15,2,0,15,11,5,2,13,4,13,29,5,11,3,0,0,0,0,0,0,0,0,0,0,0,0,0,0,0,0,0,0,0,78,63,79,0,0
2009,Other,GFATM,TLS,Timor-Leste,0,18,0,0,0,0,0,0,0,0,0,0,0,0,0,0,0,0,1,2,0,0,0,1,0,1,2,0,0,0,1,0,0,1,0,0,1,1,0,0,1,0,1,2,0,1,0,0,0,0,0,0,0,0,0,0,0,0,0,0,0,0,0,0,0,0,6,5,6,0,0
2009,Other_OECD_DAC_countries,GFATM,TLS,Timor-Leste,0,17,0,0,0,0,0,0,0,0,0,0,0,0,0,0,0,0,1,1,0,0,0,0,0,1,2,0,0,0,1,0,0,1,0,0,1,1,0,0,1,0,1,2,0,1,0,0,0,0,0,0,0,0,0,0,0,0,0,0,0,0,0,0,0,0,6,5,6,0,0
2009,Portugal,GFATM,TLS,Timor-Leste,0,14,0,0,0,0,0,0,0,0,0,0,0,0,0,0,0,0,1,1,0,0,0,0,0,0,1,0,0,0,0,0,0,1,0,0,1,1,0,0,1,0,1,2,0,1,0,0,0,0,0,0,0,0,0,0,0,0,0,0,0,0,0,0,0,0,5,4,5,0,0
2009,Private_other,GFATM,TLS,Timor-Leste,0,153,0,0,0,0,0,0,0,0,0,0,0,0,0,0,0,0,9,13,1,0,2,5,0,5,16,2,1,2,5,1,1,10,1,0,10,8,4,2,9,3,9,20,4,8,2,0,0,0,0,0,0,0,0,0,0,0,0,0,0,0,0,0,0,0,54,44,55,0,0
2009,Spain,GFATM,TLS,Timor-Leste,0,729,0,1,0,0,0,0,0,0,0,0,0,0,0,0,0,0,45,64,5,1,8,22,0,25,77,10,3,8,22,6,6,49,6,0,49,36,18,8,44,12,43,97,18,37,11,0,0,0,0,0,0,0,0,0,0,0,0,0,0,0,0,0,0,0,259,208,261,0,1
2009,Sweden,GFATM,TLS,Timor-Leste,0,300,0,1,0,0,0,0,0,0,0,0,0,0,0,0,0,0,18,26,2,0,3,9,0,10,31,4,1,3,9,3,3,20,3,0,20,15,7,3,18,5,17,40,7,15,4,0,0,0,0,0,0,0,0,0,0,0,0,0,0,0,0,0,0,0,106,86,107,0,1
2009,Switzerland,GFATM,TLS,Timor-Leste,0,22,0,0,0,0,0,0,0,0,0,0,0,0,0,0,0,0,1,2,0,0,0,1,0,1,2,0,0,0,1,0,0,1,0,0,1,1,1,0,1,0,1,3,1,1,0,0,0,0,0,0,0,0,0,0,0,0,0,0,0,0,0,0,0,0,8,6,8,0,0
2009,Unallocable,GFATM,TLS,Timor-Leste,0,6,0,0,0,0,0,0,0,0,0,0,0,0,0,0,0,0,0,1,0,0,0,0,0,0,1,0,0,0,0,0,0,0,0,0,0,0,0,0,0,0,0,1,0,0,0,0,0,0,0,0,0,0,0,0,0,0,0,0,0,0,0,0,0,0,2,2,2,0,0
2009,United_Kingdom,GFATM,TLS,Timor-Leste,0,718,0,1,0,0,0,0,0,0,0,0,0,0,0,0,0,0,44,63,5,1,8,21,0,24,75,10,3,7,21,6,6,48,6,0,48,36,18,8,43,12,42,96,18,36,11,0,0,0,0,0,0,0,0,0,0,0,0,0,0,0,0,0,0,0,255,205,257,0,1
2009,United_States,GFATM,TLS,Timor-Leste,0,3094,0,5,0,0,0,0,0,0,0,0,0,0,0,0,0,0,189,271,20,5,33,92,1,105,325,44,13,32,92,27,27,206,26,0,208,155,76,33,185,51,181,412,77,155,46,0,0,0,0,0,0,0,0,0,0,0,0,0,0,0,0,0,0,0,1098,883,1108,0,5
2009,Australia,INTLNGO,TLS,Timor-Leste,0,1434,31,0,11,0,0,0,0,0,0,0,0,0,0,0,0,0,0,0,0,0,0,0,0,1,0,56,0,0,0,0,0,0,0,0,0,0,0,0,0,0,0,0,0,0,0,0,0,0,0,0,0,0,0,0,0,0,0,0,0,1334,0,1,0,0,57,0,0,0,42
2009,Canada,INTLNGO,TLS,Timor-Leste,0,147,59,0,8,1,12,0,0,0,0,0,50,0,0,0,0,0,0,0,0,0,0,0,0,6,0,0,0,0,0,0,0,0,0,0,0,0,0,0,0,0,0,0,0,0,0,0,0,0,1,0,0,0,0,0,0,3,0,0,0,5,0,12,50,3,6,0,0,1,69
2009,Finland,INTLNGO,TLS,Timor-Leste,0,85,0,0,0,0,0,0,0,0,0,0,3,0,0,0,14,0,0,0,0,0,0,0,0,0,0,0,0,0,0,0,0,0,0,0,0,0,0,0,0,0,0,0,0,0,0,0,0,0,0,0,0,0,0,0,0,0,0,0,0,67,0,0,17,0,0,0,0,0,0
2009,Germany,INTLNGO,TLS,Timor-Leste,0,167,85,0,0,0,4,0,0,0,2,0,0,0,0,0,0,0,0,1,0,0,0,0,0,0,0,0,0,0,0,0,0,0,0,0,0,0,0,0,0,0,0,0,0,0,0,0,0,0,0,0,0,0,0,0,0,0,0,0,0,75,0,6,0,0,1,0,0,0,85
2009,Ireland,INTLNGO,TLS,Timor-Leste,0,195,0,0,0,0,0,0,78,0,0,0,0,0,0,0,0,0,0,0,0,0,0,0,0,117,0,0,0,0,0,0,0,0,0,0,0,0,0,0,0,0,0,0,0,0,0,0,0,0,0,0,0,0,0,0,0,0,0,0,0,0,0,78,0,0,117,0,0,0,0
2009,Japan,INTLNGO,TLS,Timor-Leste,0,386,0,0,384,0,0,0,0,0,0,0,0,0,0,0,0,0,0,0,0,0,0,0,0,1,0,0,0,0,0,0,0,0,0,0,0,0,0,0,0,0,0,0,0,0,0,0,0,0,0,0,0,0,0,0,0,0,0,0,0,0,0,1,0,0,1,0,0,0,384
2009,Korea,INTLNGO,TLS,Timor-Leste,0,183,0,0,0,0,0,0,0,0,0,0,0,0,0,0,0,0,0,0,0,0,0,0,0,0,0,0,0,0,0,0,0,0,0,0,0,0,0,0,0,0,0,0,0,0,0,0,0,0,0,0,0,0,0,0,0,0,0,0,0,183,0,0,0,0,0,0,0,0,0
2009,Netherlands,INTLNGO,TLS,Timor-Leste,0,8,0,0,0,0,0,0,0,0,0,0,0,0,0,0,0,0,0,0,0,0,0,0,0,8,0,0,0,0,0,0,0,0,0,0,0,0,0,0,0,0,0,0,0,0,0,0,0,0,0,0,0,0,0,0,0,0,0,0,0,0,0,0,0,0,8,0,0,0,0
2009,New_Zealand,INTLNGO,TLS,Timor-Leste,0,102,0,0,0,0,0,0,0,0,0,0,0,0,0,0,0,0,0,0,0,0,0,0,0,0,0,0,0,0,0,0,0,0,0,0,0,0,0,0,0,0,0,0,0,0,0,0,0,0,0,0,0,0,0,0,102,0,0,0,0,0,0,0,0,102,0,0,0,0,0
2009,Portugal,INTLNGO,TLS,Timor-Leste,0,133,37,0,0,0,0,43,0,0,29,0,0,0,0,0,24,0,0,0,0,0,0,0,0,0,0,0,0,0,0,0,0,0,0,0,0,0,0,0,0,0,0,0,0,0,0,0,0,0,0,0,0,0,0,0,0,0,0,0,0,0,0,72,24,0,0,0,0,0,37
2009,Sweden,INTLNGO,TLS,Timor-Leste,0,6,0,0,0,0,0,0,0,0,0,0,2,0,0,0,2,0,0,0,0,0,0,0,0,1,0,1,0,0,0,0,0,0,0,0,0,0,0,0,0,0,0,0,0,0,0,0,0,0,0,0,0,0,0,0,0,0,0,0,0,0,0,0,3,0,2,0,0,0,0
2009,United_States,INTLNGO,TLS,Timor-Leste,0,22,0,0,0,0,1,1,0,1,0,0,1,0,0,0,0,0,0,0,0,2,0,0,0,1,2,0,0,0,0,0,0,6,0,0,0,3,0,0,2,0,2,0,0,0,0,0,0,0,0,0,0,0,0,0,0,0,0,0,0,0,0,2,1,0,6,8,4,0,0
2009,Corporate_donations,NGO,TLS,Timor-Leste,0,120,1,0,1,0,0,0,0,1,3,0,26,2,7,4,11,0,1,1,0,0,0,0,0,0,0,1,0,0,0,1,0,0,0,0,0,0,0,0,0,0,0,0,0,0,0,0,0,0,0,1,1,0,0,1,2,2,16,0,0,34,0,5,50,21,3,2,0,3,2
2009,Gates Foundation,NGO,TLS,Timor-Leste,0,110,0,0,0,0,0,0,0,20,10,10,6,0,0,4,2,2,10,10,3,3,3,3,0,0,7,3,3,0,0,0,0,0,0,0,0,0,0,0,0,0,0,0,0,0,0,0,0,0,0,3,2,2,0,0,0,0,0,0,0,0,0,41,14,0,48,0,0,7,0
2009,Private_other,NGO,TLS,Timor-Leste,0,924,11,0,2,0,168,32,1,34,36,12,58,5,72,41,104,10,19,14,3,7,5,14,0,0,12,11,6,12,2,12,4,13,19,0,0,7,27,25,5,4,0,0,2,2,2,1,0,0,0,7,5,2,1,4,6,5,42,5,0,33,0,283,289,63,91,122,16,15,13
2009,United_States,NGO,TLS,Timor-Leste,0,2298,0,0,0,0,1389,321,0,2,0,0,137,46,125,2,0,0,1,0,0,9,0,0,0,3,9,0,0,0,0,0,0,1,0,0,0,1,0,0,0,0,0,0,0,0,0,0,0,0,13,0,0,0,0,0,0,0,0,0,0,240,0,1712,309,0,21,2,1,13,0
2009,Australia,UNAIDS,TLS,Timor-Leste,0,5,0,0,0,0,0,0,0,0,0,0,0,0,0,0,0,0,0,0,0,0,0,0,0,1,3,0,0,0,0,0,0,0,0,0,0,0,0,0,0,0,0,0,0,0,0,0,0,0,0,0,0,0,0,0,0,0,0,0,0,0,0,0,0,0,5,0,0,0,0
2009,Belgium,UNAIDS,TLS,Timor-Leste,0,4,0,0,0,0,0,0,0,0,0,0,0,0,0,0,0,0,0,0,0,0,0,0,0,0,3,0,0,0,0,0,0,0,0,0,0,0,0,0,0,0,0,0,0,0,0,0,0,0,0,0,0,0,0,0,0,0,0,0,0,0,0,0,0,0,4,0,0,0,0
2009,Canada,UNAIDS,TLS,Timor-Leste,0,3,0,0,0,0,0,0,0,0,0,0,0,0,0,0,0,0,0,0,0,0,0,0,0,0,2,0,0,0,0,0,0,0,0,0,0,0,0,0,0,0,0,0,0,0,0,0,0,0,0,0,0,0,0,0,0,0,0,0,0,0,0,0,0,0,3,0,0,0,0
2009,Denmark,UNAIDS,TLS,Timor-Leste,0,7,0,0,0,0,0,0,0,0,0,0,0,0,0,0,0,0,0,1,0,0,0,0,0,1,5,0,0,0,0,0,0,0,0,0,0,0,0,0,0,0,0,0,0,0,0,0,0,0,0,0,0,0,0,0,0,0,0,0,0,0,0,0,0,0,7,0,0,0,0
2009,Finland,UNAIDS,TLS,Timor-Leste,0,8,0,0,0,0,0,0,0,0,0,0,0,0,0,0,0,0,0,1,0,0,0,0,0,1,5,0,0,0,0,0,0,0,0,0,0,0,0,0,0,0,0,0,0,0,0,0,0,0,0,0,0,0,0,0,0,0,0,0,0,0,0,0,0,0,8,0,0,0,0
2009,France,UNAIDS,TLS,Timor-Leste,0,2,0,0,0,0,0,0,0,0,0,0,0,0,0,0,0,0,0,0,0,0,0,0,0,0,1,0,0,0,0,0,0,0,0,0,0,0,0,0,0,0,0,0,0,0,0,0,0,0,0,0,0,0,0,0,0,0,0,0,0,0,0,0,0,0,2,0,0,0,0
2009,Gates Foundation,UNAIDS,TLS,Timor-Leste,0,1,0,0,0,0,0,0,0,0,0,0,0,0,0,0,0,0,0,0,0,0,0,0,0,0,1,0,0,0,0,0,0,0,0,0,0,0,0,0,0,0,0,0,0,0,0,0,0,0,0,0,0,0,0,0,0,0,0,0,0,0,0,0,0,0,1,0,0,0,0
2009,Germany,UNAIDS,TLS,Timor-Leste,0,3,0,0,0,0,0,0,0,0,0,0,0,0,0,0,0,0,0,0,0,0,0,0,0,0,2,0,0,0,0,0,0,0,0,0,0,0,0,0,0,0,0,0,0,0,0,0,0,0,0,0,0,0,0,0,0,0,0,0,0,0,0,0,0,0,3,0,0,0,0
2009,Ireland,UNAIDS,TLS,Timor-Leste,0,5,0,0,0,0,0,0,0,0,0,0,0,0,0,0,0,0,0,0,0,0,0,0,0,1,4,0,0,0,0,0,0,0,0,0,0,0,0,0,0,0,0,0,0,0,0,0,0,0,0,0,0,0,0,0,0,0,0,0,0,0,0,0,0,0,5,0,0,0,0
2009,Japan,UNAIDS,TLS,Timor-Leste,0,2,0,0,0,0,0,0,0,0,0,0,0,0,0,0,0,0,0,0,0,0,0,0,0,0,1,0,0,0,0,0,0,0,0,0,0,0,0,0,0,0,0,0,0,0,0,0,0,0,0,0,0,0,0,0,0,0,0,0,0,0,0,0,0,0,2,0,0,0,0
2009,Luxembourg,UNAIDS,TLS,Timor-Leste,0,3,0,0,0,0,0,0,0,0,0,0,0,0,0,0,0,0,0,0,0,0,0,0,0,0,2,0,0,0,0,0,0,0,0,0,0,0,0,0,0,0,0,0,0,0,0,0,0,0,0,0,0,0,0,0,0,0,0,0,0,0,0,0,0,0,3,0,0,0,0
2009,Netherlands,UNAIDS,TLS,Timor-Leste,0,32,0,0,0,0,0,0,0,0,0,0,0,0,0,0,0,0,1,3,1,0,1,1,0,4,22,0,0,0,0,0,0,0,0,0,0,0,0,0,0,0,0,0,0,0,0,0,0,0,0,0,0,0,0,0,0,0,0,0,0,0,0,0,0,0,32,0,0,0,0
2009,New_Zealand,UNAIDS,TLS,Timor-Leste,0,1,0,0,0,0,0,0,0,0,0,0,0,0,0,0,0,0,0,0,0,0,0,0,0,0,1,0,0,0,0,0,0,0,0,0,0,0,0,0,0,0,0,0,0,0,0,0,0,0,0,0,0,0,0,0,0,0,0,0,0,0,0,0,0,0,1,0,0,0,0
2009,Norway,UNAIDS,TLS,Timor-Leste,0,17,0,0,0,0,0,0,0,0,0,0,0,0,0,0,0,0,1,1,0,0,0,0,0,2,11,0,0,0,0,0,0,0,0,0,0,0,0,0,0,0,0,0,0,0,0,0,0,0,0,0,0,0,0,0,0,0,0,0,0,0,0,0,0,0,17,0,0,0,0
2009,Other,UNAIDS,TLS,Timor-Leste,0,7,0,0,0,0,0,0,0,0,0,0,0,0,0,0,0,0,0,1,0,0,0,0,0,1,5,0,0,0,0,0,0,0,0,0,0,0,0,0,0,0,0,0,0,0,0,0,0,0,0,0,0,0,0,0,0,0,0,0,0,0,0,0,0,0,7,0,0,0,0
2009,Spain,UNAIDS,TLS,Timor-Leste,0,5,0,0,0,0,0,0,0,0,0,0,0,0,0,0,0,0,0,0,0,0,0,0,0,1,3,0,0,0,0,0,0,0,0,0,0,0,0,0,0,0,0,0,0,0,0,0,0,0,0,0,0,0,0,0,0,0,0,0,0,0,0,0,0,0,5,0,0,0,0
2009,Sweden,UNAIDS,TLS,Timor-Leste,0,28,0,0,0,0,0,0,0,0,0,0,0,0,0,0,0,0,1,2,1,0,1,1,0,3,19,0,0,0,0,0,0,0,0,0,0,0,0,0,0,0,0,0,0,0,0,0,0,0,0,0,0,0,0,0,0,0,0,0,0,0,0,0,0,0,28,0,0,0,0
2009,Switzerland,UNAIDS,TLS,Timor-Leste,0,3,0,0,0,0,0,0,0,0,0,0,0,0,0,0,0,0,0,0,0,0,0,0,0,0,2,0,0,0,0,0,0,0,0,0,0,0,0,0,0,0,0,0,0,0,0,0,0,0,0,0,0,0,0,0,0,0,0,0,0,0,0,0,0,0,3,0,0,0,0
2009,Unallocable,UNAIDS,TLS,Timor-Leste,0,4,0,0,0,0,0,0,0,0,0,0,0,0,0,0,0,0,0,0,0,0,0,0,0,0,3,0,0,0,0,0,0,0,0,0,0,0,0,0,0,0,0,0,0,0,0,0,0,0,0,0,0,0,0,0,0,0,0,0,0,0,0,0,0,0,4,0,0,0,0
2009,United_Kingdom,UNAIDS,TLS,Timor-Leste,0,13,0,0,0,0,0,0,0,0,0,0,0,0,0,0,0,0,1,1,0,0,0,0,0,1,9,0,0,0,0,0,0,0,0,0,0,0,0,0,0,0,0,0,0,0,0,0,0,0,0,0,0,0,0,0,0,0,0,0,0,0,0,0,0,0,12,0,0,0,0
2009,United_States,UNAIDS,TLS,Timor-Leste,0,37,0,0,0,0,0,0,0,0,0,0,0,0,0,0,0,0,2,3,1,0,1,1,0,4,25,0,0,0,0,0,0,0,0,0,0,0,0,0,0,0,0,0,0,0,0,0,0,0,0,0,0,0,0,0,0,0,0,0,0,0,0,0,0,0,36,0,0,0,0
2009,Australia,UNFPA,TLS,Timor-Leste,0,37,0,0,0,0,10,17,5,5,0,0,0,0,0,0,0,0,0,0,0,0,0,0,0,0,0,0,0,0,0,0,0,0,0,0,0,0,0,0,0,0,0,0,0,0,0,0,0,0,0,0,0,0,0,0,0,0,0,0,0,0,0,37,0,0,0,0,0,0,0
2009,Austria,UNFPA,TLS,Timor-Leste,0,8,0,0,0,0,2,4,1,1,0,0,0,0,0,0,0,0,0,0,0,0,0,0,0,0,0,0,0,0,0,0,0,0,0,0,0,0,0,0,0,0,0,0,0,0,0,0,0,0,0,0,0,0,0,0,0,0,0,0,0,0,0,8,0,0,0,0,0,0,0
2009,Belgium,UNFPA,TLS,Timor-Leste,0,19,0,0,0,0,5,9,3,3,0,0,0,0,0,0,0,0,0,0,0,0,0,0,0,0,0,0,0,0,0,0,0,0,0,0,0,0,0,0,0,0,0,0,0,0,0,0,0,0,0,0,0,0,0,0,0,0,0,0,0,0,0,19,0,0,0,0,0,0,0
2009,Canada,UNFPA,TLS,Timor-Leste,0,69,0,0,0,0,19,32,9,9,0,0,0,0,0,0,0,0,0,0,0,0,0,0,0,0,0,0,0,0,0,0,0,0,0,0,0,0,0,0,0,0,0,0,0,0,0,0,0,0,0,0,0,0,0,0,0,0,0,0,0,0,0,69,0,0,0,0,0,0,0
2009,China,UNFPA,TLS,Timor-Leste,0,3,0,0,0,0,1,2,0,0,0,0,0,0,0,0,0,0,0,0,0,0,0,0,0,0,0,0,0,0,0,0,0,0,0,0,0,0,0,0,0,0,0,0,0,0,0,0,0,0,0,0,0,0,0,0,0,0,0,0,0,0,0,3,0,0,0,0,0,0,0
2009,Denmark,UNFPA,TLS,Timor-Leste,0,171,0,0,0,0,47,79,23,23,0,0,0,0,0,0,0,0,0,0,0,0,0,0,0,0,0,0,0,0,0,0,0,0,0,0,0,0,0,0,0,0,0,0,0,0,0,0,0,0,0,0,0,0,0,0,0,0,0,0,0,0,0,171,0,0,0,0,0,0,0
2009,Finland,UNFPA,TLS,Timor-Leste,0,104,0,0,0,0,28,48,14,14,0,0,0,0,0,0,0,0,0,0,0,0,0,0,0,0,0,0,0,0,0,0,0,0,0,0,0,0,0,0,0,0,0,0,0,0,0,0,0,0,0,0,0,0,0,0,0,0,0,0,0,0,0,104,0,0,0,0,0,0,0
2009,France,UNFPA,TLS,Timor-Leste,0,26,0,0,0,0,7,12,3,3,0,0,0,0,0,0,0,0,0,0,0,0,0,0,0,0,0,0,0,0,0,0,0,0,0,0,0,0,0,0,0,0,0,0,0,0,0,0,0,0,0,0,0,0,0,0,0,0,0,0,0,0,0,26,0,0,0,0,0,0,0
2009,Gates Foundation,UNFPA,TLS,Timor-Leste,0,2,0,0,0,0,1,1,0,0,0,0,0,0,0,0,0,0,0,0,0,0,0,0,0,0,0,0,0,0,0,0,0,0,0,0,0,0,0,0,0,0,0,0,0,0,0,0,0,0,0,0,0,0,0,0,0,0,0,0,0,0,0,2,0,0,0,0,0,0,0
2009,Germany,UNFPA,TLS,Timor-Leste,0,114,0,0,0,0,31,52,15,15,0,0,0,0,0,0,0,0,0,0,0,0,0,0,0,0,0,0,0,0,0,0,0,0,0,0,0,0,0,0,0,0,0,0,0,0,0,0,0,0,0,0,0,0,0,0,0,0,0,0,0,0,0,114,0,0,0,0,0,0,0
2009,Greece,UNFPA,TLS,Timor-Leste,0,1,0,0,0,0,0,1,0,0,0,0,0,0,0,0,0,0,0,0,0,0,0,0,0,0,0,0,0,0,0,0,0,0,0,0,0,0,0,0,0,0,0,0,0,0,0,0,0,0,0,0,0,0,0,0,0,0,0,0,0,0,0,1,0,0,0,0,0,0,0
2009,Ireland,UNFPA,TLS,Timor-Leste,0,27,0,0,0,0,7,12,4,4,0,0,0,0,0,0,0,0,0,0,0,0,0,0,0,0,0,0,0,0,0,0,0,0,0,0,0,0,0,0,0,0,0,0,0,0,0,0,0,0,0,0,0,0,0,0,0,0,0,0,0,0,0,27,0,0,0,0,0,0,0
2009,Italy,UNFPA,TLS,Timor-Leste,0,12,0,0,0,0,3,6,2,2,0,0,0,0,0,0,0,0,0,0,0,0,0,0,0,0,0,0,0,0,0,0,0,0,0,0,0,0,0,0,0,0,0,0,0,0,0,0,0,0,0,0,0,0,0,0,0,0,0,0,0,0,0,12,0,0,0,0,0,0,0
2009,Japan,UNFPA,TLS,Timor-Leste,0,122,0,0,0,0,33,57,16,16,0,0,0,0,0,0,0,0,0,0,0,0,0,0,0,0,0,0,0,0,0,0,0,0,0,0,0,0,0,0,0,0,0,0,0,0,0,0,0,0,0,0,0,0,0,0,0,0,0,0,0,0,0,122,0,0,0,0,0,0,0
2009,Korea,UNFPA,TLS,Timor-Leste,0,6,0,0,0,0,2,3,1,1,0,0,0,0,0,0,0,0,0,0,0,0,0,0,0,0,0,0,0,0,0,0,0,0,0,0,0,0,0,0,0,0,0,0,0,0,0,0,0,0,0,0,0,0,0,0,0,0,0,0,0,0,0,6,0,0,0,0,0,0,0
2009,Luxembourg,UNFPA,TLS,Timor-Leste,0,43,0,0,0,0,12,20,6,6,0,0,0,0,0,0,0,0,0,0,0,0,0,0,0,0,0,0,0,0,0,0,0,0,0,0,0,0,0,0,0,0,0,0,0,0,0,0,0,0,0,0,0,0,0,0,0,0,0,0,0,0,0,43,0,0,0,0,0,0,0
2009,Netherlands,UNFPA,TLS,Timor-Leste,0,303,0,0,0,0,82,140,40,40,0,0,0,0,0,0,0,0,0,0,0,0,0,0,0,0,0,0,0,0,0,0,0,0,0,0,0,0,0,0,0,0,0,0,0,0,0,0,0,0,0,0,0,0,0,0,0,0,0,0,0,0,0,303,0,0,0,0,0,0,0
2009,New_Zealand,UNFPA,TLS,Timor-Leste,0,15,0,0,0,0,4,7,2,2,0,0,0,0,0,0,0,0,0,0,0,0,0,0,0,0,0,0,0,0,0,0,0,0,0,0,0,0,0,0,0,0,0,0,0,0,0,0,0,0,0,0,0,0,0,0,0,0,0,0,0,0,0,15,0,0,0,0,0,0,0
2009,Non_OECD_DAC_countries,UNFPA,TLS,Timor-Leste,0,1,0,0,0,0,0,1,0,0,0,0,0,0,0,0,0,0,0,0,0,0,0,0,0,0,0,0,0,0,0,0,0,0,0,0,0,0,0,0,0,0,0,0,0,0,0,0,0,0,0,0,0,0,0,0,0,0,0,0,0,0,0,1,0,0,0,0,0,0,0
2009,Non_OECD_non_DAC_countries,UNFPA,TLS,Timor-Leste,0,76,0,0,0,0,21,35,10,10,0,0,0,0,0,0,0,0,0,0,0,0,0,0,0,0,0,0,0,0,0,0,0,0,0,0,0,0,0,0,0,0,0,0,0,0,0,0,0,0,0,0,0,0,0,0,0,0,0,0,0,0,0,76,0,0,0,0,0,0,0
2009,Norway,UNFPA,TLS,Timor-Leste,0,198,0,0,0,0,54,92,26,26,0,0,0,0,0,0,0,0,0,0,0,0,0,0,0,0,0,0,0,0,0,0,0,0,0,0,0,0,0,0,0,0,0,0,0,0,0,0,0,0,0,0,0,0,0,0,0,0,0,0,0,0,0,198,0,0,0,0,0,0,0
2009,Other,UNFPA,TLS,Timor-Leste,0,550,0,0,0,0,150,254,73,73,0,0,0,0,0,0,0,0,0,0,0,0,0,0,0,0,0,0,0,0,0,0,0,0,0,0,0,0,0,0,0,0,0,0,0,0,0,0,0,0,0,0,0,0,0,0,0,0,0,0,0,0,0,550,0,0,0,0,0,0,0
2009,Other_OECD_DAC_countries,UNFPA,TLS,Timor-Leste,0,1,0,0,0,0,0,1,0,0,0,0,0,0,0,0,0,0,0,0,0,0,0,0,0,0,0,0,0,0,0,0,0,0,0,0,0,0,0,0,0,0,0,0,0,0,0,0,0,0,0,0,0,0,0,0,0,0,0,0,0,0,0,1,0,0,0,0,0,0,0
2009,Private_other,UNFPA,TLS,Timor-Leste,0,12,0,0,0,0,3,5,2,2,0,0,0,0,0,0,0,0,0,0,0,0,0,0,0,0,0,0,0,0,0,0,0,0,0,0,0,0,0,0,0,0,0,0,0,0,0,0,0,0,0,0,0,0,0,0,0,0,0,0,0,0,0,12,0,0,0,0,0,0,0
2009,Spain,UNFPA,TLS,Timor-Leste,0,140,0,0,0,0,38,65,19,19,0,0,0,0,0,0,0,0,0,0,0,0,0,0,0,0,0,0,0,0,0,0,0,0,0,0,0,0,0,0,0,0,0,0,0,0,0,0,0,0,0,0,0,0,0,0,0,0,0,0,0,0,0,140,0,0,0,0,0,0,0
2009,Sweden,UNFPA,TLS,Timor-Leste,0,234,0,0,0,0,64,108,31,31,0,0,0,0,0,0,0,0,0,0,0,0,0,0,0,0,0,0,0,0,0,0,0,0,0,0,0,0,0,0,0,0,0,0,0,0,0,0,0,0,0,0,0,0,0,0,0,0,0,0,0,0,0,234,0,0,0,0,0,0,0
2009,Switzerland,UNFPA,TLS,Timor-Leste,0,45,0,0,0,0,12,21,6,6,0,0,0,0,0,0,0,0,0,0,0,0,0,0,0,0,0,0,0,0,0,0,0,0,0,0,0,0,0,0,0,0,0,0,0,0,0,0,0,0,0,0,0,0,0,0,0,0,0,0,0,0,0,45,0,0,0,0,0,0,0
2009,United_Kingdom,UNFPA,TLS,Timor-Leste,0,159,0,0,0,0,43,74,21,21,0,0,0,0,0,0,0,0,0,0,0,0,0,0,0,0,0,0,0,0,0,0,0,0,0,0,0,0,0,0,0,0,0,0,0,0,0,0,0,0,0,0,0,0,0,0,0,0,0,0,0,0,0,159,0,0,0,0,0,0,0
2009,United_States,UNFPA,TLS,Timor-Leste,0,91,0,0,0,0,25,42,12,12,0,0,0,0,0,0,0,0,0,0,0,0,0,0,0,0,0,0,0,0,0,0,0,0,0,0,0,0,0,0,0,0,0,0,0,0,0,0,0,0,0,0,0,0,0,0,0,0,0,0,0,0,0,91,0,0,0,0,0,0,0
2009,Australia,UNICEF,TLS,Timor-Leste,0,23,0,0,0,0,0,0,1,0,0,0,7,5,8,2,0,0,0,0,0,0,0,0,0,1,0,0,0,0,0,0,0,0,0,0,0,0,0,0,0,0,0,0,0,0,0,0,0,0,0,0,0,0,0,0,0,0,0,0,0,0,0,1,21,0,1,0,0,0,0
2009,Austria,UNICEF,TLS,Timor-Leste,0,1,0,0,0,0,0,0,0,0,0,0,0,0,0,0,0,0,0,0,0,0,0,0,0,0,0,0,0,0,0,0,0,0,0,0,0,0,0,0,0,0,0,0,0,0,0,0,0,0,0,0,0,0,0,0,0,0,0,0,0,0,0,0,1,0,0,0,0,0,0
2009,Belgium,UNICEF,TLS,Timor-Leste,0,8,0,0,0,0,0,0,0,0,0,0,2,2,3,1,0,0,0,0,0,0,0,0,0,0,0,0,0,0,0,0,0,0,0,0,0,0,0,0,0,0,0,0,0,0,0,0,0,0,0,0,0,0,0,0,0,0,0,0,0,0,0,0,8,0,0,0,0,0,0
2009,Canada,UNICEF,TLS,Timor-Leste,0,42,0,0,0,0,0,0,1,0,0,0,12,9,14,3,0,0,0,0,0,0,0,0,0,1,0,0,0,0,0,0,0,0,0,0,0,0,0,0,0,0,0,0,0,0,0,0,0,0,0,0,0,0,0,0,0,0,0,0,0,0,0,1,38,0,2,0,0,0,0
2009,Denmark,UNICEF,TLS,Timor-Leste,0,21,0,0,0,0,0,0,1,0,0,0,6,5,7,2,0,0,0,0,0,0,0,0,0,0,0,0,0,0,0,0,0,0,0,0,0,0,0,0,0,0,0,0,0,0,0,0,0,0,0,0,0,0,0,0,0,0,0,0,0,0,0,1,19,0,1,0,0,0,0
2009,Finland,UNICEF,TLS,Timor-Leste,0,8,0,0,0,0,0,0,0,0,0,0,2,2,2,1,0,0,0,0,0,0,0,0,0,0,0,0,0,0,0,0,0,0,0,0,0,0,0,0,0,0,0,0,0,0,0,0,0,0,0,0,0,0,0,0,0,0,0,0,0,0,0,0,7,0,0,0,0,0,0
2009,France,UNICEF,TLS,Timor-Leste,0,14,0,0,0,0,0,0,0,0,0,0,4,3,5,1,0,0,0,0,0,0,0,0,0,0,0,0,0,0,0,0,0,0,0,0,0,0,0,0,0,0,0,0,0,0,0,0,0,0,0,0,0,0,0,0,0,0,0,0,0,0,0,0,13,0,1,0,0,0,0
2009,Germany,UNICEF,TLS,Timor-Leste,0,15,0,0,0,0,0,0,0,0,0,0,4,3,5,1,0,0,0,0,0,0,0,0,0,0,0,0,0,0,0,0,0,0,0,0,0,0,0,0,0,0,0,0,0,0,0,0,0,0,0,0,0,0,0,0,0,0,0,0,0,0,0,0,14,0,1,0,0,0,0
2009,Greece,UNICEF,TLS,Timor-Leste,0,1,0,0,0,0,0,0,0,0,0,0,0,0,0,0,0,0,0,0,0,0,0,0,0,0,0,0,0,0,0,0,0,0,0,0,0,0,0,0,0,0,0,0,0,0,0,0,0,0,0,0,0,0,0,0,0,0,0,0,0,0,0,0,1,0,0,0,0,0,0
2009,Ireland,UNICEF,TLS,Timor-Leste,0,6,0,0,0,0,0,0,0,0,0,0,2,1,2,0,0,0,0,0,0,0,0,0,0,0,0,0,0,0,0,0,0,0,0,0,0,0,0,0,0,0,0,0,0,0,0,0,0,0,0,0,0,0,0,0,0,0,0,0,0,0,0,0,6,0,0,0,0,0,0
2009,Italy,UNICEF,TLS,Timor-Leste,0,17,0,0,0,0,0,0,1,0,0,0,5,4,6,1,0,0,0,0,0,0,0,0,0,0,0,0,0,0,0,0,0,0,0,0,0,0,0,0,0,0,0,0,0,0,0,0,0,0,0,0,0,0,0,0,0,0,0,0,0,0,0,1,16,0,1,0,0,0,0
2009,Japan,UNICEF,TLS,Timor-Leste,0,53,0,0,0,0,0,0,2,0,0,0,15,12,18,4,0,0,0,0,0,0,0,0,0,1,0,0,0,0,0,0,0,0,0,0,0,0,0,0,0,0,0,0,0,0,0,0,0,0,0,0,0,0,0,0,0,0,0,0,0,0,0,2,48,0,3,0,0,0,0
2009,Korea,UNICEF,TLS,Timor-Leste,0,3,0,0,0,0,0,0,0,0,0,0,1,1,1,0,0,0,0,0,0,0,0,0,0,0,0,0,0,0,0,0,0,0,0,0,0,0,0,0,0,0,0,0,0,0,0,0,0,0,0,0,0,0,0,0,0,0,0,0,0,0,0,0,2,0,0,0,0,0,0
2009,Luxembourg,UNICEF,TLS,Timor-Leste,0,3,0,0,0,0,0,0,0,0,0,0,1,1,1,0,0,0,0,0,0,0,0,0,0,0,0,0,0,0,0,0,0,0,0,0,0,0,0,0,0,0,0,0,0,0,0,0,0,0,0,0,0,0,0,0,0,0,0,0,0,0,0,0,3,0,0,0,0,0,0
2009,Netherlands,UNICEF,TLS,Timor-Leste,0,62,0,0,0,0,0,0,2,0,0,0,18,14,21,5,0,0,0,1,1,1,0,0,0,1,0,0,0,0,0,0,0,0,0,0,0,0,0,0,0,0,0,0,0,0,0,0,0,0,0,0,0,0,0,0,0,0,0,0,0,0,0,2,57,0,3,0,0,0,0
2009,New_Zealand,UNICEF,TLS,Timor-Leste,0,2,0,0,0,0,0,0,0,0,0,0,0,0,1,0,0,0,0,0,0,0,0,0,0,0,0,0,0,0,0,0,0,0,0,0,0,0,0,0,0,0,0,0,0,0,0,0,0,0,0,0,0,0,0,0,0,0,0,0,0,0,0,0,1,0,0,0,0,0,0
2009,Non_OECD_DAC_countries,UNICEF,TLS,Timor-Leste,0,4,0,0,0,0,0,0,0,0,0,0,1,1,1,0,0,0,0,0,0,0,0,0,0,0,0,0,0,0,0,0,0,0,0,0,0,0,0,0,0,0,0,0,0,0,0,0,0,0,0,0,0,0,0,0,0,0,0,0,0,0,0,0,3,0,0,0,0,0,0
2009,Non_OECD_non_DAC_countries,UNICEF,TLS,Timor-Leste,0,6,0,0,0,0,0,0,0,0,0,0,2,1,2,1,0,0,0,0,0,0,0,0,0,0,0,0,0,0,0,0,0,0,0,0,0,0,0,0,0,0,0,0,0,0,0,0,0,0,0,0,0,0,0,0,0,0,0,0,0,0,0,0,6,0,0,0,0,0,0
2009,Norway,UNICEF,TLS,Timor-Leste,0,59,0,0,0,0,0,0,2,0,0,0,17,13,19,5,0,0,0,1,1,0,0,0,0,1,0,0,0,0,0,0,0,0,0,0,0,0,0,0,0,0,0,0,0,0,0,0,0,0,0,0,0,0,0,0,0,0,0,0,0,0,0,2,54,0,3,0,0,0,0
2009,Other,UNICEF,TLS,Timor-Leste,0,97,0,0,0,0,0,0,3,0,0,0,28,21,32,8,0,0,0,1,1,1,0,0,0,2,0,0,0,0,0,0,0,0,0,0,0,0,0,0,0,0,0,0,0,0,0,0,0,0,0,0,0,0,0,0,0,0,0,0,0,0,0,3,89,0,5,0,0,0,0
2009,Private_other,UNICEF,TLS,Timor-Leste,0,270,0,0,0,0,0,0,9,0,0,0,78,59,89,21,0,0,1,2,2,2,1,0,0,6,0,0,0,0,0,0,0,0,0,0,0,0,0,0,0,0,0,0,0,0,0,0,0,0,0,0,0,0,0,0,0,0,0,0,0,0,0,9,247,0,14,0,0,0,0
2009,Spain,UNICEF,TLS,Timor-Leste,0,38,0,0,0,0,0,0,1,0,0,0,11,8,13,3,0,0,0,0,0,0,0,0,0,1,0,0,0,0,0,0,0,0,0,0,0,0,0,0,0,0,0,0,0,0,0,0,0,0,0,0,0,0,0,0,0,0,0,0,0,0,0,1,35,0,2,0,0,0,0
2009,Sweden,UNICEF,TLS,Timor-Leste,0,50,0,0,0,0,0,0,2,0,0,0,14,11,17,4,0,0,0,0,0,0,0,0,0,1,0,0,0,0,0,0,0,0,0,0,0,0,0,0,0,0,0,0,0,0,0,0,0,0,0,0,0,0,0,0,0,0,0,0,0,0,0,2,46,0,3,0,0,0,0
2009,Switzerland,UNICEF,TLS,Timor-Leste,0,5,0,0,0,0,0,0,0,0,0,0,2,1,2,0,0,0,0,0,0,0,0,0,0,0,0,0,0,0,0,0,0,0,0,0,0,0,0,0,0,0,0,0,0,0,0,0,0,0,0,0,0,0,0,0,0,0,0,0,0,0,0,0,5,0,0,0,0,0,0
2009,Unallocable,UNICEF,TLS,Timor-Leste,0,3,0,0,0,0,0,0,0,0,0,0,1,1,1,0,0,0,0,0,0,0,0,0,0,0,0,0,0,0,0,0,0,0,0,0,0,0,0,0,0,0,0,0,0,0,0,0,0,0,0,0,0,0,0,0,0,0,0,0,0,0,0,0,3,0,0,0,0,0,0
2009,United_Kingdom,UNICEF,TLS,Timor-Leste,0,70,0,0,0,0,0,0,2,0,0,0,20,15,23,6,0,0,0,1,1,1,0,0,0,2,0,0,0,0,0,0,0,0,0,0,0,0,0,0,0,0,0,0,0,0,0,0,0,0,0,0,0,0,0,0,0,0,0,0,0,0,0,2,64,0,4,0,0,0,0
2009,United_States,UNICEF,TLS,Timor-Leste,0,86,0,0,0,0,0,0,3,0,0,0,25,19,28,7,0,0,0,1,1,1,0,0,0,2,0,0,0,0,0,0,0,0,0,0,0,0,0,0,0,0,0,0,0,0,0,0,0,0,0,0,0,0,0,0,0,0,0,0,0,0,0,3,79,0,5,0,0,0,0
2009,Private_other,US_FOUND,TLS,Timor-Leste,0,13,1,6,0,0,1,0,0,0,0,0,0,0,0,0,0,0,1,1,0,0,0,0,0,1,0,0,0,0,0,0,0,0,0,0,0,0,0,0,0,0,0,0,0,0,0,0,0,0,1,0,0,0,0,0,0,0,0,0,0,1,0,1,0,0,3,0,0,1,7
2009,Austria,WB_IDA,TLS,Timor-Leste,0,2,0,0,1,0,0,0,0,0,0,0,0,0,0,0,0,0,0,0,0,0,0,0,0,0,0,0,0,0,0,0,0,0,0,0,0,0,0,0,0,0,0,0,0,0,0,0,0,0,0,0,0,0,0,0,0,0,0,0,0,0,0,0,1,0,0,0,0,0,1
2009,Belgium,WB_IDA,TLS,Timor-Leste,0,3,0,0,1,0,0,0,0,0,0,0,0,0,0,0,0,0,0,0,0,0,0,0,0,0,0,0,0,0,0,0,0,0,0,0,0,0,0,0,0,0,0,0,0,0,0,0,0,0,0,0,0,0,0,0,0,0,0,0,0,0,0,0,1,0,0,0,0,0,1
2009,Debt_repayments,WB_IDA,TLS,Timor-Leste,0,29,0,0,10,0,0,0,5,0,0,0,3,0,5,0,0,0,0,0,0,0,0,0,0,0,0,0,0,0,0,0,0,0,0,0,5,0,0,0,0,0,0,0,0,0,0,0,0,0,0,0,0,0,0,0,0,0,0,0,0,0,0,5,8,0,0,5,0,0,10
2009,Denmark,WB_IDA,TLS,Timor-Leste,0,1,0,0,0,0,0,0,0,0,0,0,0,0,0,0,0,0,0,0,0,0,0,0,0,0,0,0,0,0,0,0,0,0,0,0,0,0,0,0,0,0,0,0,0,0,0,0,0,0,0,0,0,0,0,0,0,0,0,0,0,0,0,0,0,0,0,0,0,0,0
2009,Germany,WB_IDA,TLS,Timor-Leste,0,10,0,0,3,0,0,0,2,0,0,0,1,0,2,0,0,0,0,0,0,0,0,0,0,0,0,0,0,0,0,0,0,0,0,0,2,0,0,0,0,0,0,0,0,0,0,0,0,0,0,0,0,0,0,0,0,0,0,0,0,0,0,2,3,0,0,2,0,0,3
2009,Japan,WB_IDA,TLS,Timor-Leste,0,17,0,0,6,0,0,0,3,0,0,0,2,0,3,0,0,0,0,0,0,0,0,0,0,0,0,0,0,0,0,0,0,0,0,0,3,0,0,0,0,0,0,0,0,0,0,0,0,0,0,0,0,0,0,0,0,0,0,0,0,0,0,3,5,0,0,3,0,0,6
2009,Korea,WB_IDA,TLS,Timor-Leste,0,3,0,0,1,0,0,0,0,0,0,0,0,0,0,0,0,0,0,0,0,0,0,0,0,0,0,0,0,0,0,0,0,0,0,0,0,0,0,0,0,0,0,0,0,0,0,0,0,0,0,0,0,0,0,0,0,0,0,0,0,0,0,0,1,0,0,0,0,0,1
2009,Netherlands,WB_IDA,TLS,Timor-Leste,0,2,0,0,1,0,0,0,0,0,0,0,0,0,0,0,0,0,0,0,0,0,0,0,0,0,0,0,0,0,0,0,0,0,0,0,0,0,0,0,0,0,0,0,0,0,0,0,0,0,0,0,0,0,0,0,0,0,0,0,0,0,0,0,0,0,0,0,0,0,1
2009,Norway,WB_IDA,TLS,Timor-Leste,0,3,0,0,1,0,0,0,1,0,0,0,0,0,1,0,0,0,0,0,0,0,0,0,0,0,0,0,0,0,0,0,0,0,0,0,1,0,0,0,0,0,0,0,0,0,0,0,0,0,0,0,0,0,0,0,0,0,0,0,0,0,0,1,1,0,0,1,0,0,1
2009,Other,WB_IDA,TLS,Timor-Leste,0,10,0,0,3,0,0,0,2,0,0,0,1,0,2,0,0,0,0,0,0,0,0,0,0,0,0,0,0,0,0,0,0,0,0,0,2,0,0,0,0,0,0,0,0,0,0,0,0,0,0,0,0,0,0,0,0,0,0,0,0,0,0,2,3,0,0,2,0,0,3
2009,Spain,WB_IDA,TLS,Timor-Leste,0,4,0,0,1,0,0,0,1,0,0,0,0,0,1,0,0,0,0,0,0,0,0,0,0,0,0,0,0,0,0,0,0,0,0,0,1,0,0,0,0,0,0,0,0,0,0,0,0,0,0,0,0,0,0,0,0,0,0,0,0,0,0,1,1,0,0,1,0,0,1
2009,Sweden,WB_IDA,TLS,Timor-Leste,0,3,0,0,1,0,0,0,1,0,0,0,0,0,1,0,0,0,0,0,0,0,0,0,0,0,0,0,0,0,0,0,0,0,0,0,1,0,0,0,0,0,0,0,0,0,0,0,0,0,0,0,0,0,0,0,0,0,0,0,0,0,0,1,1,0,0,1,0,0,1
2009,Switzerland,WB_IDA,TLS,Timor-Leste,0,9,0,0,3,0,0,0,2,0,0,0,1,0,2,0,0,0,0,0,0,0,0,0,0,0,0,0,0,0,0,0,0,0,0,0,2,0,0,0,0,0,0,0,0,0,0,0,0,0,0,0,0,0,0,0,0,0,0,0,0,0,0,2,3,0,0,2,0,0,3
2009,United_Kingdom,WB_IDA,TLS,Timor-Leste,0,11,0,0,4,0,0,0,2,0,0,0,1,0,2,0,0,0,0,0,0,0,0,0,0,0,0,0,0,0,0,0,0,0,0,0,2,0,0,0,0,0,0,0,0,0,0,0,0,0,0,0,0,0,0,0,0,0,0,0,0,0,0,2,3,0,0,2,0,0,4
2009,United_States,WB_IDA,TLS,Timor-Leste,0,16,0,0,6,0,0,0,3,0,0,0,2,0,3,0,0,0,0,0,0,0,0,0,0,0,0,0,0,0,0,0,0,0,0,0,3,0,0,0,0,0,0,0,0,0,0,0,0,0,0,0,0,0,0,0,0,0,0,0,0,0,0,3,4,0,0,3,0,0,6
2009,Australia,WHO,TLS,Timor-Leste,0,45,0,0,14,2,0,0,1,0,0,0,1,0,2,0,0,0,0,0,0,0,0,0,0,2,0,0,0,0,0,0,0,0,0,0,2,0,0,0,0,0,0,2,0,0,0,0,0,0,14,0,0,0,0,0,1,0,0,0,0,5,0,1,3,1,2,2,2,14,16
2009,Austria,WHO,TLS,Timor-Leste,0,7,0,0,2,0,0,0,0,0,0,0,0,0,0,0,0,0,0,0,0,0,0,0,0,0,0,0,0,0,0,0,0,0,0,0,0,0,0,0,0,0,0,0,0,0,0,0,0,0,2,0,0,0,0,0,0,0,0,0,0,1,0,0,0,0,0,0,0,2,2
2009,Belgium,WHO,TLS,Timor-Leste,0,20,0,0,6,1,0,0,1,0,0,0,0,0,1,0,0,0,0,0,0,0,0,0,0,1,0,0,0,0,0,0,0,0,0,0,1,0,0,0,0,0,0,1,0,0,0,0,0,0,6,0,0,0,0,0,0,0,0,0,0,2,0,1,1,0,1,1,1,6,7
2009,Canada,WHO,TLS,Timor-Leste,0,86,0,0,26,4,0,0,2,0,0,0,1,0,4,0,0,0,0,0,0,0,0,0,0,4,0,0,0,0,0,0,0,0,0,0,4,0,0,0,0,0,0,4,0,0,0,0,0,0,26,0,0,0,1,0,1,0,0,0,0,9,0,2,5,2,4,4,4,26,30
2009,China,WHO,TLS,Timor-Leste,0,18,0,0,6,1,0,0,0,0,0,0,0,0,1,0,0,0,0,0,0,0,0,0,0,1,0,0,0,0,0,0,0,0,0,0,1,0,0,0,0,0,0,1,0,0,0,0,0,0,6,0,0,0,0,0,0,0,0,0,0,2,0,0,1,0,1,1,1,6,6
2009,Corporate_donations,WHO,TLS,Timor-Leste,0,71,0,0,22,3,0,0,2,0,0,0,1,0,3,0,0,0,0,0,0,0,0,0,0,3,0,0,0,0,0,0,0,0,0,0,3,0,0,0,0,0,0,3,0,0,0,0,0,0,22,0,0,0,0,0,1,0,0,0,0,7,0,2,4,2,3,3,3,22,25
2009,Denmark,WHO,TLS,Timor-Leste,0,16,0,0,5,1,0,0,0,0,0,0,0,0,1,0,0,0,0,0,0,0,0,0,0,1,0,0,0,0,0,0,0,0,0,0,1,0,0,0,0,0,0,1,0,0,0,0,0,0,5,0,0,0,0,0,0,0,0,0,0,2,0,0,1,0,1,1,1,5,6
2009,Finland,WHO,TLS,Timor-Leste,0,17,0,0,5,1,0,0,0,0,0,0,0,0,1,0,0,0,0,0,0,0,0,0,0,1,0,0,0,0,0,0,0,0,0,0,1,0,0,0,0,0,0,1,0,0,0,0,0,0,5,0,0,0,0,0,0,0,0,0,0,2,0,0,1,0,1,1,1,5,6
2009,France,WHO,TLS,Timor-Leste,0,89,0,0,27,4,0,0,2,0,0,0,1,0,4,0,0,0,0,0,0,0,0,0,0,4,0,0,0,0,0,0,0,0,0,0,4,0,0,0,0,0,0,4,0,0,0,0,0,0,28,0,0,0,1,0,1,0,0,0,0,9,0,2,5,2,4,4,4,28,32
2009,Gates Foundation,WHO,TLS,Timor-Leste,0,205,0,0,62,10,0,0,5,0,0,0,3,0,9,0,0,0,0,0,0,0,0,0,0,9,0,0,0,0,0,0,0,0,0,0,9,0,0,0,0,0,0,9,0,0,0,0,0,0,63,0,0,0,1,0,3,0,0,0,0,22,0,5,11,5,9,9,9,63,73
2009,Germany,WHO,TLS,Timor-Leste,0,93,0,0,28,5,0,0,2,0,0,0,1,0,4,0,0,0,0,0,0,0,0,0,0,4,0,0,0,0,0,0,0,0,0,0,4,0,0,0,0,0,0,4,0,0,0,0,0,0,29,0,0,0,1,0,2,0,0,0,0,10,0,2,5,2,4,4,4,29,33
2009,Greece,WHO,TLS,Timor-Leste,0,5,0,0,2,0,0,0,0,0,0,0,0,0,0,0,0,0,0,0,0,0,0,0,0,0,0,0,0,0,0,0,0,0,0,0,0,0,0,0,0,0,0,0,0,0,0,0,0,0,2,0,0,0,0,0,0,0,0,0,0,1,0,0,0,0,0,0,0,2,2
2009,Ireland,WHO,TLS,Timor-Leste,0,13,0,0,4,1,0,0,0,0,0,0,0,0,1,0,0,0,0,0,0,0,0,0,0,1,0,0,0,0,0,0,0,0,0,0,1,0,0,0,0,0,0,1,0,0,0,0,0,0,4,0,0,0,0,0,0,0,0,0,0,1,0,0,1,0,1,1,1,4,5
2009,Italy,WHO,TLS,Timor-Leste,0,64,0,0,19,3,0,0,2,0,0,0,1,0,3,0,0,0,0,0,0,0,0,0,0,3,0,0,0,0,0,0,0,0,0,0,3,0,0,0,0,0,0,3,0,0,0,0,0,0,20,0,0,0,0,0,1,0,0,0,0,7,0,2,4,1,3,3,3,20,23
2009,Japan,WHO,TLS,Timor-Leste,0,117,0,0,36,6,0,0,3,0,0,0,1,0,5,0,0,0,0,0,0,0,0,0,0,5,0,0,0,0,0,0,0,0,0,0,5,0,0,0,0,0,0,5,0,0,0,0,0,0,36,0,0,0,1,0,2,0,0,0,0,12,0,3,7,3,5,5,5,36,41
2009,Korea,WHO,TLS,Timor-Leste,0,28,0,0,8,1,0,0,1,0,0,0,0,0,1,0,0,0,0,0,0,0,0,0,0,1,0,0,0,0,0,0,0,0,0,0,1,0,0,0,0,0,0,1,0,0,0,0,0,0,8,0,0,0,0,0,0,0,0,0,0,3,0,1,2,1,1,1,1,8,10
2009,Luxembourg,WHO,TLS,Timor-Leste,0,19,0,0,6,1,0,0,0,0,0,0,0,0,1,0,0,0,0,0,0,0,0,0,0,1,0,0,0,0,0,0,0,0,0,0,1,0,0,0,0,0,0,1,0,0,0,0,0,0,6,0,0,0,0,0,0,0,0,0,0,2,0,0,1,0,1,1,1,6,7
2009,Netherlands,WHO,TLS,Timor-Leste,0,67,0,0,20,3,0,0,2,0,0,0,1,0,3,0,0,0,0,0,0,0,0,0,0,3,0,0,0,0,0,0,0,0,0,0,3,0,0,0,0,0,0,3,0,0,0,0,0,0,21,0,0,0,0,0,1,0,0,0,0,7,0,2,4,2,3,3,3,21,24
2009,New_Zealand,WHO,TLS,Timor-Leste,0,4,0,0,1,0,0,0,0,0,0,0,0,0,0,0,0,0,0,0,0,0,0,0,0,0,0,0,0,0,0,0,0,0,0,0,0,0,0,0,0,0,0,0,0,0,0,0,0,0,1,0,0,0,0,0,0,0,0,0,0,0,0,0,0,0,0,0,0,1,1
2009,Non_OECD_DAC_countries,WHO,TLS,Timor-Leste,0,11,0,0,3,1,0,0,0,0,0,0,0,0,0,0,0,0,0,0,0,0,0,0,0,0,0,0,0,0,0,0,0,0,0,0,0,0,0,0,0,0,0,0,0,0,0,0,0,0,4,0,0,0,0,0,0,0,0,0,0,1,0,0,1,0,0,0,0,4,4
2009,Non_OECD_non_DAC_countries,WHO,TLS,Timor-Leste,0,85,0,0,26,4,0,0,2,0,0,0,1,0,4,0,0,0,0,0,0,0,0,0,0,4,0,0,0,0,0,0,0,0,0,0,4,0,0,0,0,0,0,4,0,0,0,0,0,0,26,0,0,0,1,0,1,0,0,0,0,9,0,2,5,2,4,4,4,26,30
2009,Norway,WHO,TLS,Timor-Leste,0,76,0,0,23,4,0,0,2,0,0,0,1,0,3,0,0,0,0,0,0,0,0,0,0,3,0,0,0,0,0,0,0,0,0,0,3,0,0,0,0,0,0,3,0,0,0,0,0,0,23,0,0,0,1,0,1,0,0,0,0,8,0,2,4,2,3,3,3,23,27
2009,Other,WHO,TLS,Timor-Leste,0,134,0,0,41,7,0,0,3,0,0,0,2,0,6,0,0,0,0,0,0,0,0,0,0,6,0,0,0,0,0,0,0,0,0,0,6,0,0,0,0,0,0,6,0,0,0,0,0,0,41,0,0,0,1,0,2,0,0,0,0,14,0,3,7,3,6,6,6,41,47
2009,Other_OECD_DAC_countries,WHO,TLS,Timor-Leste,0,7,0,0,2,0,0,0,0,0,0,0,0,0,0,0,0,0,0,0,0,0,0,0,0,0,0,0,0,0,0,0,0,0,0,0,0,0,0,0,0,0,0,0,0,0,0,0,0,0,2,0,0,0,0,0,0,0,0,0,0,1,0,0,0,0,0,0,0,2,3
2009,Portugal,WHO,TLS,Timor-Leste,0,3,0,0,1,0,0,0,0,0,0,0,0,0,0,0,0,0,0,0,0,0,0,0,0,0,0,0,0,0,0,0,0,0,0,0,0,0,0,0,0,0,0,0,0,0,0,0,0,0,1,0,0,0,0,0,0,0,0,0,0,0,0,0,0,0,0,0,0,1,1
2009,Private_other,WHO,TLS,Timor-Leste,0,164,0,0,50,8,0,0,4,0,0,0,2,0,7,0,0,0,0,0,0,0,0,0,0,7,0,0,0,0,0,0,0,0,0,0,7,0,0,0,0,0,0,7,0,0,0,0,0,0,50,0,0,0,1,0,3,0,0,0,0,17,0,4,9,4,7,7,7,50,58
2009,Spain,WHO,TLS,Timor-Leste,0,64,0,0,19,3,0,0,2,0,0,0,1,0,3,0,0,0,0,0,0,0,0,0,0,3,0,0,0,0,0,0,0,0,0,0,3,0,0,0,0,0,0,3,0,0,0,0,0,0,20,0,0,0,0,0,1,0,0,0,0,7,0,2,4,1,3,3,3,20,22
2009,Sweden,WHO,TLS,Timor-Leste,0,44,0,0,13,2,0,0,1,0,0,0,1,0,2,0,0,0,0,0,0,0,0,0,0,2,0,0,0,0,0,0,0,0,0,0,2,0,0,0,0,0,0,2,0,0,0,0,0,0,13,0,0,0,0,0,1,0,0,0,0,5,0,1,2,1,2,2,2,13,15
2009,Switzerland,WHO,TLS,Timor-Leste,0,21,0,0,6,1,0,0,1,0,0,0,0,0,1,0,0,0,0,0,0,0,0,0,0,1,0,0,0,0,0,0,0,0,0,0,1,0,0,0,0,0,0,1,0,0,0,0,0,0,6,0,0,0,0,0,0,0,0,0,0,2,0,1,1,0,1,1,1,6,7
2009,Unallocable,WHO,TLS,Timor-Leste,0,70,0,0,21,3,0,0,2,0,0,0,1,0,3,0,0,0,0,0,0,0,0,0,0,3,0,0,0,0,0,0,0,0,0,0,3,0,0,0,0,0,0,3,0,0,0,0,0,0,22,0,0,0,0,0,1,0,0,0,0,7,0,2,4,2,3,3,3,22,25
2009,United_Kingdom,WHO,TLS,Timor-Leste,0,201,0,0,61,10,0,0,5,0,0,0,2,0,9,0,0,0,0,0,0,0,0,0,0,9,0,0,0,0,0,0,0,0,0,0,9,0,0,0,0,0,0,9,0,0,0,0,0,0,62,0,0,0,1,0,3,0,0,0,0,21,0,5,11,5,9,9,9,62,71
2009,United_States,WHO,TLS,Timor-Leste,0,371,0,0,113,18,0,0,9,0,0,0,5,0,16,0,0,0,0,0,0,0,0,0,0,16,0,0,0,0,0,0,0,0,0,0,16,0,0,0,0,0,0,16,0,0,0,0,0,0,114,0,0,0,3,0,6,0,0,0,0,39,0,9,21,9,16,16,16,114,131
2010,Australia,BIL_AUS,TLS,Timor-Leste,0,8355,886,43,0,0,6257,0,0,0,0,0,0,0,0,0,0,0,0,0,0,0,0,0,0,17,0,0,0,0,0,0,0,0,0,0,0,0,0,0,0,0,0,0,0,0,0,0,0,0,1148,0,0,0,0,0,0,0,0,0,0,4,0,6257,0,0,17,0,0,1148,929
2010,Canada,BIL_CAN,TLS,Timor-Leste,0,30,0,0,0,4,0,0,0,0,0,0,0,0,0,0,0,0,0,0,0,0,0,0,0,0,0,0,0,0,0,0,0,0,0,0,0,0,0,0,0,0,0,0,0,0,0,0,0,0,0,14,7,3,1,0,0,0,0,0,0,1,0,0,0,1,0,0,0,23,4
2010,Germany,BIL_DEU,TLS,Timor-Leste,0,5,0,0,0,0,0,2,0,0,3,0,0,0,0,0,0,0,0,0,0,0,0,0,0,0,0,0,0,0,0,0,0,0,0,0,0,0,0,0,0,0,0,0,0,0,0,0,0,0,0,0,0,0,0,0,0,0,0,0,0,0,0,5,0,0,0,0,0,0,0
2010,Denmark,BIL_DNK,TLS,Timor-Leste,0,3,0,0,0,0,0,0,0,0,0,0,0,0,0,0,0,0,0,0,0,0,0,0,0,0,0,0,0,0,0,0,0,0,0,0,0,0,0,0,0,0,0,0,0,0,0,0,0,0,0,0,0,0,0,0,0,0,0,0,0,3,0,0,0,0,0,0,0,0,0
2010,United_Kingdom,BIL_GBR,TLS,Timor-Leste,0,6,0,0,0,0,0,0,0,0,0,0,0,0,0,0,0,0,0,0,0,0,0,0,0,6,0,0,0,0,0,0,0,0,0,0,0,0,0,0,0,0,0,0,0,0,0,0,0,0,0,0,0,0,0,0,0,0,0,0,0,0,0,0,0,0,6,0,0,0,0
2010,Ireland,BIL_IRL,TLS,Timor-Leste,0,533,0,0,0,0,0,0,267,0,0,0,267,0,0,0,0,0,0,0,0,0,0,0,0,0,0,0,0,0,0,0,0,0,0,0,0,0,0,0,0,0,0,0,0,0,0,0,0,0,0,0,0,0,0,0,0,0,0,0,0,0,0,267,267,0,0,0,0,0,0
2010,Italy,BIL_ITA,TLS,Timor-Leste,0,38,0,0,0,0,0,0,0,0,0,0,0,0,0,38,0,0,0,0,0,0,0,0,0,0,0,0,0,0,0,0,0,0,0,0,0,0,0,0,0,0,0,0,0,0,0,0,0,0,0,0,0,0,0,0,0,0,0,0,0,0,0,0,38,0,0,0,0,0,0
2010,Japan,BIL_JPN,TLS,Timor-Leste,0,253,0,0,140,0,0,42,0,0,0,0,0,0,0,0,0,0,0,0,0,0,0,0,0,0,0,0,0,0,0,0,41,0,0,0,0,0,27,0,0,0,0,0,0,0,0,0,0,0,0,0,0,0,0,0,0,0,1,0,0,1,0,42,0,1,0,69,0,0,140
2010,Korea,BIL_KOR,TLS,Timor-Leste,0,18,0,0,0,0,0,0,0,0,0,0,0,0,0,0,0,0,0,0,0,0,0,0,0,0,0,0,0,0,0,0,0,0,0,0,0,0,0,0,0,0,0,0,0,0,0,0,0,0,0,0,0,0,0,0,0,0,0,0,0,18,0,0,0,0,0,0,0,0,0
2010,Netherlands,BIL_NLD,TLS,Timor-Leste,0,9,0,0,0,0,0,0,0,0,0,0,0,0,0,0,0,0,0,0,0,0,0,0,0,1,0,0,0,0,0,0,0,0,0,0,5,0,0,0,0,0,0,2,0,0,0,0,0,0,0,0,0,0,0,0,0,0,0,0,0,0,0,0,0,0,1,5,2,0,0
2010,Norway,BIL_NOR,TLS,Timor-Leste,0,2,2,0,0,0,0,0,0,0,0,0,0,0,0,0,0,0,0,0,0,0,0,0,0,0,0,0,0,0,0,0,0,0,0,0,0,0,0,0,0,0,0,0,0,0,0,0,0,0,0,0,0,0,0,0,0,0,0,0,0,0,0,0,0,0,0,0,0,0,2
2010,Portugal,BIL_PRT,TLS,Timor-Leste,0,323,0,0,0,0,0,0,0,0,0,0,0,0,0,0,0,0,0,0,0,0,0,0,0,0,0,0,0,0,0,0,0,0,0,0,0,0,0,0,0,0,0,0,0,0,0,0,0,0,0,0,0,0,0,0,0,0,0,0,0,323,0,0,0,0,0,0,0,0,0
2010,United_States,BIL_USA,TLS,Timor-Leste,0,3651,21,0,0,1,1303,1139,0,0,0,88,637,197,134,0,0,46,13,31,0,12,0,0,0,0,0,1,1,0,0,0,4,9,0,0,0,5,0,2,0,0,1,0,0,0,4,0,0,0,3,0,0,0,0,0,0,0,0,0,0,0,0,2529,1014,0,58,20,5,3,22
2010,Austria,EC,TLS,Timor-Leste,0,14,0,0,3,0,0,8,0,3,0,0,0,0,0,0,0,0,0,0,0,0,0,0,0,0,0,0,0,0,0,0,0,0,0,0,0,0,0,0,0,0,0,0,0,0,0,0,0,0,0,0,0,0,0,0,0,0,0,0,0,0,0,11,0,0,0,0,0,0,3
2010,Belgium,EC,TLS,Timor-Leste,0,25,1,1,5,0,0,14,0,5,0,0,0,0,0,0,0,0,0,0,0,0,0,0,0,0,0,0,0,0,0,0,0,0,0,0,0,0,0,0,0,0,0,0,0,0,0,0,0,0,0,0,0,0,0,0,0,0,0,0,0,1,0,19,0,0,0,0,0,0,6
2010,Denmark,EC,TLS,Timor-Leste,0,12,0,0,2,0,0,7,0,2,0,0,0,0,0,0,0,0,0,0,0,0,0,0,0,0,0,0,0,0,0,0,0,0,0,0,0,0,0,0,0,0,0,0,0,0,0,0,0,0,0,0,0,0,0,0,0,0,0,0,0,0,0,10,0,0,0,0,0,0,3
2010,Finland,EC,TLS,Timor-Leste,0,9,0,0,2,0,0,5,0,2,0,0,0,0,0,0,0,0,0,0,0,0,0,0,0,0,0,0,0,0,0,0,0,0,0,0,0,0,0,0,0,0,0,0,0,0,0,0,0,0,0,0,0,0,0,0,0,0,0,0,0,0,0,7,0,0,0,0,0,0,2
2010,France,EC,TLS,Timor-Leste,0,123,3,3,22,0,0,69,0,23,0,0,0,0,0,0,0,0,0,0,0,0,0,0,0,0,0,0,0,0,0,0,0,0,0,0,1,0,0,0,0,0,0,0,0,0,0,0,0,0,0,0,0,0,0,0,0,0,0,0,0,3,0,92,0,0,0,1,0,0,28
2010,Germany,EC,TLS,Timor-Leste,0,136,3,3,25,0,0,76,0,25,0,0,0,0,0,0,0,0,0,0,0,0,0,0,0,0,0,0,0,0,0,0,0,0,0,0,2,0,0,0,0,0,0,0,0,0,0,0,0,0,0,0,0,0,0,0,0,0,0,0,0,3,0,101,0,0,0,2,0,0,30
2010,Greece,EC,TLS,Timor-Leste,0,12,0,0,2,0,0,7,0,2,0,0,0,0,0,0,0,0,0,0,0,0,0,0,0,0,0,0,0,0,0,0,0,0,0,0,0,0,0,0,0,0,0,0,0,0,0,0,0,0,0,0,0,0,0,0,0,0,0,0,0,0,0,9,0,0,0,0,0,0,3
2010,Ireland,EC,TLS,Timor-Leste,0,7,0,0,1,0,0,4,0,1,0,0,0,0,0,0,0,0,0,0,0,0,0,0,0,0,0,0,0,0,0,0,0,0,0,0,0,0,0,0,0,0,0,0,0,0,0,0,0,0,0,0,0,0,0,0,0,0,0,0,0,0,0,6,0,0,0,0,0,0,2
2010,Italy,EC,TLS,Timor-Leste,0,72,2,2,13,0,0,40,0,13,0,0,0,0,0,0,0,0,0,0,0,0,0,0,0,0,0,0,0,0,0,0,0,0,0,0,1,0,0,0,0,0,0,0,0,0,0,0,0,0,0,0,0,0,0,0,0,0,0,0,0,2,0,54,0,0,0,1,0,0,16
2010,Luxembourg,EC,TLS,Timor-Leste,0,1,0,0,0,0,0,1,0,0,0,0,0,0,0,0,0,0,0,0,0,0,0,0,0,0,0,0,0,0,0,0,0,0,0,0,0,0,0,0,0,0,0,0,0,0,0,0,0,0,0,0,0,0,0,0,0,0,0,0,0,0,0,1,0,0,0,0,0,0,0
2010,Netherlands,EC,TLS,Timor-Leste,0,28,1,1,5,0,0,16,0,5,0,0,0,0,0,0,0,0,0,0,0,0,0,0,0,0,0,0,0,0,0,0,0,0,0,0,0,0,0,0,0,0,0,0,0,0,0,0,0,0,0,0,0,0,0,0,0,0,0,0,0,1,0,21,0,0,0,0,0,0,6
2010,Other_OECD_DAC_countries,EC,TLS,Timor-Leste,0,21,0,0,3,0,0,13,0,4,0,0,0,0,0,0,0,0,0,0,0,0,0,0,0,0,0,0,0,0,0,0,0,0,0,0,0,0,0,0,0,0,0,0,0,0,0,0,0,0,0,0,0,0,0,0,0,0,0,0,0,0,0,17,0,0,0,0,0,0,4
2010,Portugal,EC,TLS,Timor-Leste,0,8,0,0,2,0,0,5,0,2,0,0,0,0,0,0,0,0,0,0,0,0,0,0,0,0,0,0,0,0,0,0,0,0,0,0,0,0,0,0,0,0,0,0,0,0,0,0,0,0,0,0,0,0,0,0,0,0,0,0,0,0,0,6,0,0,0,0,0,0,2
2010,Spain,EC,TLS,Timor-Leste,0,47,1,1,8,0,0,26,0,9,0,0,0,0,0,0,0,0,0,0,0,0,0,0,0,0,0,0,0,0,0,0,0,0,0,0,1,0,0,0,0,0,0,0,0,0,0,0,0,0,0,0,0,0,0,0,0,0,0,0,0,1,0,35,0,0,0,1,0,0,10
2010,Sweden,EC,TLS,Timor-Leste,0,18,0,0,3,0,0,10,0,3,0,0,0,0,0,0,0,0,0,0,0,0,0,0,0,0,0,0,0,0,0,0,0,0,0,0,0,0,0,0,0,0,0,0,0,0,0,0,0,0,0,0,0,0,0,0,0,0,0,0,0,0,0,13,0,0,0,0,0,0,4
2010,United_Kingdom,EC,TLS,Timor-Leste,0,93,2,2,17,0,0,52,0,17,0,0,0,0,0,0,0,0,0,0,0,0,0,0,0,0,0,0,0,0,0,0,0,0,0,0,1,0,0,0,0,0,0,0,0,0,0,0,0,0,0,0,0,0,0,0,0,0,0,0,0,2,0,69,0,0,0,1,0,0,21
2010,Gates Foundation,GATES,TLS,Timor-Leste,0,435,0,0,0,0,0,0,0,0,0,0,0,5,1,1,0,0,0,0,0,0,0,0,0,0,0,0,0,0,0,0,0,24,0,0,0,0,0,0,0,0,0,0,0,0,0,0,0,0,0,15,0,0,0,0,0,0,0,0,0,389,0,0,7,0,0,24,0,15,0
2010,Australia,GFATM,TLS,Timor-Leste,0,90,0,0,0,0,0,0,0,0,0,0,0,0,0,0,0,0,5,8,1,0,1,3,0,3,9,1,0,1,3,1,1,6,1,0,6,4,2,1,5,1,5,12,2,5,1,0,0,0,0,0,0,0,0,0,0,0,0,0,0,0,0,0,0,0,32,26,32,0,0
2010,Austria,GFATM,TLS,Timor-Leste,0,6,0,0,0,0,0,0,0,0,0,0,0,0,0,0,0,0,0,1,0,0,0,0,0,0,1,0,0,0,0,0,0,0,0,0,0,0,0,0,0,0,0,1,0,0,0,0,0,0,0,0,0,0,0,0,0,0,0,0,0,0,0,0,0,0,2,2,2,0,0
2010,Belgium,GFATM,TLS,Timor-Leste,0,65,0,0,0,0,0,0,0,0,0,0,0,0,0,0,0,0,4,6,0,0,1,2,0,2,7,1,0,1,2,1,1,4,1,0,4,3,2,1,4,1,4,9,2,3,1,0,0,0,0,0,0,0,0,0,0,0,0,0,0,0,0,0,0,0,23,19,23,0,0
2010,Canada,GFATM,TLS,Timor-Leste,0,284,0,0,0,0,0,0,0,0,0,0,0,0,0,0,0,0,17,25,2,0,3,8,0,10,30,4,1,3,8,2,2,19,2,0,19,14,7,3,17,5,17,38,7,14,4,0,0,0,0,0,0,0,0,0,0,0,0,0,0,0,0,0,0,0,101,81,102,0,0
2010,China,GFATM,TLS,Timor-Leste,0,4,0,0,0,0,0,0,0,0,0,0,0,0,0,0,0,0,0,0,0,0,0,0,0,0,0,0,0,0,0,0,0,0,0,0,0,0,0,0,0,0,0,1,0,0,0,0,0,0,0,0,0,0,0,0,0,0,0,0,0,0,0,0,0,0,1,1,1,0,0
2010,Denmark,GFATM,TLS,Timor-Leste,0,66,0,0,0,0,0,0,0,0,0,0,0,0,0,0,0,0,4,6,0,0,1,2,0,2,7,1,0,1,2,1,1,4,1,0,4,3,2,1,4,1,4,9,2,3,1,0,0,0,0,0,0,0,0,0,0,0,0,0,0,0,0,0,0,0,23,19,24,0,0
2010,Finland,GFATM,TLS,Timor-Leste,0,13,0,0,0,0,0,0,0,0,0,0,0,0,0,0,0,0,1,1,0,0,0,0,0,0,1,0,0,0,0,0,0,1,0,0,1,1,0,0,1,0,1,2,0,1,0,0,0,0,0,0,0,0,0,0,0,0,0,0,0,0,0,0,0,0,5,4,5,0,0
2010,France,GFATM,TLS,Timor-Leste,0,817,0,1,0,0,0,0,0,0,0,0,0,0,0,0,0,0,50,71,5,1,9,24,0,28,86,12,3,8,24,7,7,54,7,0,55,41,20,9,49,13,48,109,20,41,12,0,0,0,0,0,0,0,0,0,0,0,0,0,0,0,0,0,0,0,290,233,292,0,1
2010,Gates Foundation,GFATM,TLS,Timor-Leste,0,233,0,0,0,0,0,0,0,0,0,0,0,0,0,0,0,0,14,20,1,0,3,7,0,8,24,3,1,2,7,2,2,15,2,0,16,12,6,2,14,4,14,31,6,12,3,0,0,0,0,0,0,0,0,0,0,0,0,0,0,0,0,0,0,0,83,66,83,0,0
2010,Germany,GFATM,TLS,Timor-Leste,0,601,0,1,0,0,0,0,0,0,0,0,0,0,0,0,0,0,37,53,4,1,6,18,0,20,63,9,3,6,18,5,5,40,5,0,40,30,15,6,36,10,35,80,15,30,9,0,0,0,0,0,0,0,0,0,0,0,0,0,0,0,0,0,0,0,213,172,215,0,1
2010,Greece,GFATM,TLS,Timor-Leste,0,5,0,0,0,0,0,0,0,0,0,0,0,0,0,0,0,0,0,0,0,0,0,0,0,0,1,0,0,0,0,0,0,0,0,0,0,0,0,0,0,0,0,1,0,0,0,0,0,0,0,0,0,0,0,0,0,0,0,0,0,0,0,0,0,0,2,2,2,0,0
2010,Ireland,GFATM,TLS,Timor-Leste,0,91,0,0,0,0,0,0,0,0,0,0,0,0,0,0,0,0,6,8,1,0,1,3,0,3,10,1,0,1,3,1,1,6,1,0,6,5,2,1,5,2,5,12,2,5,1,0,0,0,0,0,0,0,0,0,0,0,0,0,0,0,0,0,0,0,32,26,33,0,0
2010,Italy,GFATM,TLS,Timor-Leste,0,32,0,0,0,0,0,0,0,0,0,0,0,0,0,0,0,0,2,3,0,0,0,1,0,1,3,0,0,0,1,0,0,2,0,0,2,2,1,0,2,1,2,4,1,2,0,0,0,0,0,0,0,0,0,0,0,0,0,0,0,0,0,0,0,0,11,9,11,0,0
2010,Japan,GFATM,TLS,Timor-Leste,0,486,0,1,0,0,0,0,0,0,0,0,0,0,0,0,0,0,30,43,3,1,5,14,0,16,51,7,2,5,15,4,4,32,4,0,33,24,12,5,29,8,28,65,12,24,7,0,0,0,0,0,0,0,0,0,0,0,0,0,0,0,0,0,0,0,172,139,174,0,1
2010,Korea,GFATM,TLS,Timor-Leste,0,4,0,0,0,0,0,0,0,0,0,0,0,0,0,0,0,0,0,0,0,0,0,0,0,0,0,0,0,0,0,0,0,0,0,0,0,0,0,0,0,0,0,1,0,0,0,0,0,0,0,0,0,0,0,0,0,0,0,0,0,0,0,0,0,0,1,1,1,0,0
2010,Luxembourg,GFATM,TLS,Timor-Leste,0,6,0,0,0,0,0,0,0,0,0,0,0,0,0,0,0,0,0,1,0,0,0,0,0,0,1,0,0,0,0,0,0,0,0,0,0,0,0,0,0,0,0,1,0,0,0,0,0,0,0,0,0,0,0,0,0,0,0,0,0,0,0,0,0,0,2,2,2,0,0
2010,Netherlands,GFATM,TLS,Timor-Leste,0,210,0,0,0,0,0,0,0,0,0,0,0,0,0,0,0,0,13,18,1,0,2,6,0,7,22,3,1,2,6,2,2,14,2,0,14,11,5,2,13,3,12,28,5,11,3,0,0,0,0,0,0,0,0,0,0,0,0,0,0,0,0,0,0,0,75,60,75,0,0
2010,New_Zealand,GFATM,TLS,Timor-Leste,0,1,0,0,0,0,0,0,0,0,0,0,0,0,0,0,0,0,0,0,0,0,0,0,0,0,0,0,0,0,0,0,0,0,0,0,0,0,0,0,0,0,0,0,0,0,0,0,0,0,0,0,0,0,0,0,0,0,0,0,0,0,0,0,0,0,0,0,0,0,0
2010,Non_OECD_DAC_countries,GFATM,TLS,Timor-Leste,0,13,0,0,0,0,0,0,0,0,0,0,0,0,0,0,0,0,1,1,0,0,0,0,0,0,1,0,0,0,0,0,0,1,0,0,1,1,0,0,1,0,1,2,0,1,0,0,0,0,0,0,0,0,0,0,0,0,0,0,0,0,0,0,0,0,5,4,5,0,0
2010,Non_OECD_non_DAC_countries,GFATM,TLS,Timor-Leste,0,18,0,0,0,0,0,0,0,0,0,0,0,0,0,0,0,0,1,2,0,0,0,1,0,1,2,0,0,0,1,0,0,1,0,0,1,1,0,0,1,0,1,2,0,1,0,0,0,0,0,0,0,0,0,0,0,0,0,0,0,0,0,0,0,0,6,5,6,0,0
2010,Norway,GFATM,TLS,Timor-Leste,0,124,0,0,0,0,0,0,0,0,0,0,0,0,0,0,0,0,8,11,1,0,1,4,0,4,13,2,1,1,4,1,1,8,1,0,8,6,3,1,7,2,7,17,3,6,2,0,0,0,0,0,0,0,0,0,0,0,0,0,0,0,0,0,0,0,44,36,45,0,0
2010,Other,GFATM,TLS,Timor-Leste,0,11,0,0,0,0,0,0,0,0,0,0,0,0,0,0,0,0,1,1,0,0,0,0,0,0,1,0,0,0,0,0,0,1,0,0,1,1,0,0,1,0,1,2,0,1,0,0,0,0,0,0,0,0,0,0,0,0,0,0,0,0,0,0,0,0,4,3,4,0,0
2010,Other_OECD_DAC_countries,GFATM,TLS,Timor-Leste,0,9,0,0,0,0,0,0,0,0,0,0,0,0,0,0,0,0,1,1,0,0,0,0,0,0,1,0,0,0,0,0,0,1,0,0,1,0,0,0,1,0,0,1,0,0,0,0,0,0,0,0,0,0,0,0,0,0,0,0,0,0,0,0,0,0,3,2,3,0,0
2010,Portugal,GFATM,TLS,Timor-Leste,0,8,0,0,0,0,0,0,0,0,0,0,0,0,0,0,0,0,1,1,0,0,0,0,0,0,1,0,0,0,0,0,0,1,0,0,1,0,0,0,1,0,0,1,0,0,0,0,0,0,0,0,0,0,0,0,0,0,0,0,0,0,0,0,0,0,3,2,3,0,0
2010,Private_other,GFATM,TLS,Timor-Leste,0,71,0,0,0,0,0,0,0,0,0,0,0,0,0,0,0,0,4,6,0,0,1,2,0,2,7,1,0,1,2,1,1,5,1,0,5,4,2,1,4,1,4,9,2,4,1,0,0,0,0,0,0,0,0,0,0,0,0,0,0,0,0,0,0,0,25,20,25,0,0
2010,Spain,GFATM,TLS,Timor-Leste,0,282,0,0,0,0,0,0,0,0,0,0,0,0,0,0,0,0,17,25,2,0,3,8,0,10,30,4,1,3,8,2,2,19,2,0,19,14,7,3,17,5,16,38,7,14,4,0,0,0,0,0,0,0,0,0,0,0,0,0,0,0,0,0,0,0,100,80,101,0,0
2010,Sweden,GFATM,TLS,Timor-Leste,0,153,0,0,0,0,0,0,0,0,0,0,0,0,0,0,0,0,9,13,1,0,2,5,0,5,16,2,1,2,5,1,1,10,1,0,10,8,4,2,9,3,9,20,4,8,2,0,0,0,0,0,0,0,0,0,0,0,0,0,0,0,0,0,0,0,54,44,55,0,0
2010,Switzerland,GFATM,TLS,Timor-Leste,0,14,0,0,0,0,0,0,0,0,0,0,0,0,0,0,0,0,1,1,0,0,0,0,0,0,1,0,0,0,0,0,0,1,0,0,1,1,0,0,1,0,1,2,0,1,0,0,0,0,0,0,0,0,0,0,0,0,0,0,0,0,0,0,0,0,5,4,5,0,0
2010,United_Kingdom,GFATM,TLS,Timor-Leste,0,744,0,1,0,0,0,0,0,0,0,0,0,0,0,0,0,0,45,65,5,1,8,22,0,25,78,11,3,8,22,7,7,50,6,0,50,37,18,8,45,12,43,99,18,37,11,0,0,0,0,0,0,0,0,0,0,0,0,0,0,0,0,0,0,0,264,212,266,0,1
2010,United_States,GFATM,TLS,Timor-Leste,0,1966,0,3,0,0,0,0,0,0,0,0,0,0,0,0,0,0,120,172,12,3,21,58,1,67,207,28,8,20,59,17,17,131,17,0,132,98,48,21,118,32,115,262,49,99,30,0,0,0,0,0,0,0,0,0,0,0,0,0,0,0,0,0,0,0,698,561,704,0,3
2010,Australia,INTLNGO,TLS,Timor-Leste,0,3257,729,0,0,0,791,1,0,0,0,0,19,0,0,0,0,0,0,0,0,0,0,0,0,28,0,84,0,0,0,0,0,0,0,0,0,0,0,0,0,0,0,0,0,0,0,0,0,0,0,0,0,0,0,0,0,0,0,0,0,1604,0,792,19,0,112,0,0,0,729
2010,Canada,INTLNGO,TLS,Timor-Leste,0,216,2,0,18,0,0,2,0,5,5,0,156,0,0,0,0,0,0,0,0,0,0,0,0,0,7,0,0,0,0,0,0,0,0,0,0,0,1,0,0,0,0,0,0,0,0,0,0,0,0,0,0,0,0,1,0,13,4,0,0,0,0,13,157,18,8,1,0,0,20
2010,Finland,INTLNGO,TLS,Timor-Leste,0,135,135,0,0,0,0,0,0,0,0,0,0,0,0,0,0,0,0,0,0,0,0,0,0,0,0,0,0,0,0,0,0,0,0,0,0,0,0,0,0,0,0,0,0,0,0,0,0,0,0,0,0,0,0,0,0,0,0,0,0,0,0,0,0,0,0,0,0,0,135
2010,Germany,INTLNGO,TLS,Timor-Leste,0,317,314,0,0,0,0,0,0,0,0,0,0,0,0,0,0,0,0,2,0,0,0,0,0,0,0,0,0,0,0,0,0,0,0,0,0,0,0,0,0,0,0,0,0,0,0,0,0,0,0,0,0,0,0,0,0,0,0,0,0,1,0,0,0,0,2,0,0,0,314
2010,Italy,INTLNGO,TLS,Timor-Leste,0,29,0,0,0,0,0,0,0,0,0,0,0,0,0,29,0,0,0,0,0,0,0,0,0,0,0,0,0,0,0,0,0,0,0,0,0,0,0,0,0,0,0,0,0,0,0,0,0,0,0,0,0,0,0,0,0,0,0,0,0,0,0,0,29,0,0,0,0,0,0
2010,Japan,INTLNGO,TLS,Timor-Leste,0,685,0,0,0,0,0,85,0,0,0,0,0,0,0,0,0,0,0,0,0,0,0,0,0,0,0,0,0,0,0,0,0,0,0,0,0,0,0,0,0,0,0,0,0,0,0,0,0,0,0,0,0,0,0,0,0,0,0,0,0,600,0,85,0,0,0,0,0,0,0
2010,Netherlands,INTLNGO,TLS,Timor-Leste,0,8,0,0,0,0,0,0,0,0,0,0,0,0,0,0,0,0,0,0,0,0,0,0,0,8,0,0,0,0,0,0,0,0,0,0,0,0,0,0,0,0,0,0,0,0,0,0,0,0,0,0,0,0,0,0,0,0,0,0,0,0,0,0,0,0,8,0,0,0,0
2010,New_Zealand,INTLNGO,TLS,Timor-Leste,0,291,0,0,0,0,0,0,0,0,0,0,0,0,0,0,0,0,0,0,0,0,0,0,0,0,0,0,0,0,0,0,0,0,0,0,0,0,0,0,0,0,0,0,0,0,0,0,0,0,0,0,0,0,0,0,0,0,151,0,0,140,0,0,0,151,0,0,0,0,0
2010,Portugal,INTLNGO,TLS,Timor-Leste,0,126,119,0,0,0,0,0,0,0,0,0,3,3,0,0,0,0,0,0,0,0,0,0,0,0,0,0,0,0,0,0,0,0,0,0,0,0,0,0,0,0,0,0,0,0,0,0,0,0,0,0,0,0,0,0,0,0,0,0,0,0,0,0,7,0,0,0,0,0,119
2010,Sweden,INTLNGO,TLS,Timor-Leste,0,5,0,0,0,0,0,0,0,0,0,0,2,0,0,0,2,0,0,0,0,0,0,0,0,0,0,1,0,0,0,0,0,0,0,0,0,0,0,0,0,0,0,0,0,0,0,0,0,0,0,0,0,0,0,0,0,0,0,0,0,0,0,0,4,0,1,0,0,0,0
2010,United_Kingdom,INTLNGO,TLS,Timor-Leste,0,9,0,0,0,0,4,5,0,0,0,0,0,0,0,0,0,0,0,0,0,0,0,0,0,0,0,0,0,0,0,0,0,0,0,0,0,0,0,0,0,0,0,0,0,0,0,0,0,0,0,0,0,0,0,0,0,0,0,0,0,0,0,9,0,0,0,0,0,0,0
2010,United_States,INTLNGO,TLS,Timor-Leste,0,7,0,0,0,0,0,0,0,0,0,0,0,0,0,0,0,0,0,0,0,0,0,0,0,0,0,0,0,0,0,0,0,0,0,0,0,0,1,0,2,0,2,0,0,0,0,0,0,0,0,0,0,0,0,0,0,0,0,0,0,0,0,0,0,0,1,1,5,0,0
2010,Corporate_donations,NGO,TLS,Timor-Leste,0,89,19,0,3,0,1,0,1,0,1,0,1,1,4,1,2,0,3,1,0,0,1,0,0,1,6,0,0,0,0,0,0,0,0,0,0,0,0,0,0,0,0,0,0,0,0,0,0,0,0,0,0,0,0,0,21,0,2,0,0,18,0,3,9,24,12,1,0,0,22
2010,Gates Foundation,NGO,TLS,Timor-Leste,0,47,0,0,1,0,4,0,0,0,0,0,0,15,2,5,0,10,1,0,0,0,0,0,0,4,1,0,0,0,0,0,0,0,2,0,0,0,0,0,0,0,0,0,0,0,0,0,0,0,0,0,0,0,0,0,0,0,1,0,0,0,0,4,33,1,6,2,0,0,1
2010,Private_other,NGO,TLS,Timor-Leste,0,3655,149,1,26,6,18,35,20,0,82,0,62,159,74,18,163,25,51,7,4,29,2,7,0,32,78,7,0,0,0,0,2,1,9,0,0,5,1,2,5,0,0,1,0,0,0,0,0,0,1,0,15,2,3,23,93,10,220,3,0,2202,0,156,501,352,218,20,7,18,182
2010,United_States,NGO,TLS,Timor-Leste,0,400,0,0,0,5,291,24,0,0,0,0,0,0,26,0,0,0,6,5,0,0,2,0,0,0,1,25,0,0,0,0,0,2,4,0,0,4,0,0,0,0,0,0,1,0,0,0,0,0,5,0,1,0,0,0,0,0,0,0,0,0,0,315,26,0,38,10,1,5,5
2010,Australia,UNFPA,TLS,Timor-Leste,0,67,0,0,0,0,14,32,8,13,0,0,0,0,0,0,0,0,0,0,0,0,0,0,0,0,0,0,0,0,0,0,0,0,0,0,0,0,0,0,0,0,0,0,0,0,0,0,0,0,0,0,0,0,0,0,0,0,0,0,0,0,0,67,0,0,0,0,0,0,0
2010,Austria,UNFPA,TLS,Timor-Leste,0,5,0,0,0,0,1,2,1,1,0,0,0,0,0,0,0,0,0,0,0,0,0,0,0,0,0,0,0,0,0,0,0,0,0,0,0,0,0,0,0,0,0,0,0,0,0,0,0,0,0,0,0,0,0,0,0,0,0,0,0,0,0,5,0,0,0,0,0,0,0
2010,Belgium,UNFPA,TLS,Timor-Leste,0,31,0,0,0,0,6,15,4,6,0,0,0,0,0,0,0,0,0,0,0,0,0,0,0,0,0,0,0,0,0,0,0,0,0,0,0,0,0,0,0,0,0,0,0,0,0,0,0,0,0,0,0,0,0,0,0,0,0,0,0,0,0,31,0,0,0,0,0,0,0
2010,Canada,UNFPA,TLS,Timor-Leste,0,73,0,0,0,0,15,35,9,14,0,0,0,0,0,0,0,0,0,0,0,0,0,0,0,0,0,0,0,0,0,0,0,0,0,0,0,0,0,0,0,0,0,0,0,0,0,0,0,0,0,0,0,0,0,0,0,0,0,0,0,0,0,73,0,0,0,0,0,0,0
2010,China,UNFPA,TLS,Timor-Leste,0,4,0,0,0,0,1,2,0,1,0,0,0,0,0,0,0,0,0,0,0,0,0,0,0,0,0,0,0,0,0,0,0,0,0,0,0,0,0,0,0,0,0,0,0,0,0,0,0,0,0,0,0,0,0,0,0,0,0,0,0,0,0,4,0,0,0,0,0,0,0
2010,Corporate_donations,UNFPA,TLS,Timor-Leste,0,4,0,0,0,0,1,2,1,1,0,0,0,0,0,0,0,0,0,0,0,0,0,0,0,0,0,0,0,0,0,0,0,0,0,0,0,0,0,0,0,0,0,0,0,0,0,0,0,0,0,0,0,0,0,0,0,0,0,0,0,0,0,4,0,0,0,0,0,0,0
2010,Denmark,UNFPA,TLS,Timor-Leste,0,155,0,0,0,0,33,75,19,30,0,0,0,0,0,0,0,0,0,0,0,0,0,0,0,0,0,0,0,0,0,0,0,0,0,0,0,0,0,0,0,0,0,0,0,0,0,0,0,0,0,0,0,0,0,0,0,0,0,0,0,0,0,155,0,0,0,0,0,0,0
2010,Finland,UNFPA,TLS,Timor-Leste,0,149,0,0,0,0,31,71,18,28,0,0,0,0,0,0,0,0,0,0,0,0,0,0,0,0,0,0,0,0,0,0,0,0,0,0,0,0,0,0,0,0,0,0,0,0,0,0,0,0,0,0,0,0,0,0,0,0,0,0,0,0,0,149,0,0,0,0,0,0,0
2010,France,UNFPA,TLS,Timor-Leste,0,24,0,0,0,0,5,11,3,5,0,0,0,0,0,0,0,0,0,0,0,0,0,0,0,0,0,0,0,0,0,0,0,0,0,0,0,0,0,0,0,0,0,0,0,0,0,0,0,0,0,0,0,0,0,0,0,0,0,0,0,0,0,24,0,0,0,0,0,0,0
2010,Gates Foundation,UNFPA,TLS,Timor-Leste,0,3,0,0,0,0,1,1,0,1,0,0,0,0,0,0,0,0,0,0,0,0,0,0,0,0,0,0,0,0,0,0,0,0,0,0,0,0,0,0,0,0,0,0,0,0,0,0,0,0,0,0,0,0,0,0,0,0,0,0,0,0,0,3,0,0,0,0,0,0,0
2010,Germany,UNFPA,TLS,Timor-Leste,0,94,0,0,0,0,20,45,11,18,0,0,0,0,0,0,0,0,0,0,0,0,0,0,0,0,0,0,0,0,0,0,0,0,0,0,0,0,0,0,0,0,0,0,0,0,0,0,0,0,0,0,0,0,0,0,0,0,0,0,0,0,0,94,0,0,0,0,0,0,0
2010,Ireland,UNFPA,TLS,Timor-Leste,0,16,0,0,0,0,3,8,2,3,0,0,0,0,0,0,0,0,0,0,0,0,0,0,0,0,0,0,0,0,0,0,0,0,0,0,0,0,0,0,0,0,0,0,0,0,0,0,0,0,0,0,0,0,0,0,0,0,0,0,0,0,0,16,0,0,0,0,0,0,0
2010,Italy,UNFPA,TLS,Timor-Leste,0,10,0,0,0,0,2,5,1,2,0,0,0,0,0,0,0,0,0,0,0,0,0,0,0,0,0,0,0,0,0,0,0,0,0,0,0,0,0,0,0,0,0,0,0,0,0,0,0,0,0,0,0,0,0,0,0,0,0,0,0,0,0,10,0,0,0,0,0,0,0
2010,Japan,UNFPA,TLS,Timor-Leste,0,105,0,0,0,0,22,51,13,20,0,0,0,0,0,0,0,0,0,0,0,0,0,0,0,0,0,0,0,0,0,0,0,0,0,0,0,0,0,0,0,0,0,0,0,0,0,0,0,0,0,0,0,0,0,0,0,0,0,0,0,0,0,105,0,0,0,0,0,0,0
2010,Luxembourg,UNFPA,TLS,Timor-Leste,0,26,0,0,0,0,5,12,3,5,0,0,0,0,0,0,0,0,0,0,0,0,0,0,0,0,0,0,0,0,0,0,0,0,0,0,0,0,0,0,0,0,0,0,0,0,0,0,0,0,0,0,0,0,0,0,0,0,0,0,0,0,0,26,0,0,0,0,0,0,0
2010,Netherlands,UNFPA,TLS,Timor-Leste,0,266,0,0,0,0,56,128,32,51,0,0,0,0,0,0,0,0,0,0,0,0,0,0,0,0,0,0,0,0,0,0,0,0,0,0,0,0,0,0,0,0,0,0,0,0,0,0,0,0,0,0,0,0,0,0,0,0,0,0,0,0,0,266,0,0,0,0,0,0,0
2010,New_Zealand,UNFPA,TLS,Timor-Leste,0,17,0,0,0,0,4,8,2,3,0,0,0,0,0,0,0,0,0,0,0,0,0,0,0,0,0,0,0,0,0,0,0,0,0,0,0,0,0,0,0,0,0,0,0,0,0,0,0,0,0,0,0,0,0,0,0,0,0,0,0,0,0,17,0,0,0,0,0,0,0
2010,Non_OECD_DAC_countries,UNFPA,TLS,Timor-Leste,0,5,0,0,0,0,1,2,1,1,0,0,0,0,0,0,0,0,0,0,0,0,0,0,0,0,0,0,0,0,0,0,0,0,0,0,0,0,0,0,0,0,0,0,0,0,0,0,0,0,0,0,0,0,0,0,0,0,0,0,0,0,0,5,0,0,0,0,0,0,0
2010,Non_OECD_non_DAC_countries,UNFPA,TLS,Timor-Leste,0,51,0,0,0,0,11,24,6,10,0,0,0,0,0,0,0,0,0,0,0,0,0,0,0,0,0,0,0,0,0,0,0,0,0,0,0,0,0,0,0,0,0,0,0,0,0,0,0,0,0,0,0,0,0,0,0,0,0,0,0,0,0,51,0,0,0,0,0,0,0
2010,Norway,UNFPA,TLS,Timor-Leste,0,231,0,0,0,0,49,111,28,44,0,0,0,0,0,0,0,0,0,0,0,0,0,0,0,0,0,0,0,0,0,0,0,0,0,0,0,0,0,0,0,0,0,0,0,0,0,0,0,0,0,0,0,0,0,0,0,0,0,0,0,0,0,231,0,0,0,0,0,0,0
2010,Other,UNFPA,TLS,Timor-Leste,0,661,0,0,0,0,139,317,79,126,0,0,0,0,0,0,0,0,0,0,0,0,0,0,0,0,0,0,0,0,0,0,0,0,0,0,0,0,0,0,0,0,0,0,0,0,0,0,0,0,0,0,0,0,0,0,0,0,0,0,0,0,0,661,0,0,0,0,0,0,0
2010,Portugal,UNFPA,TLS,Timor-Leste,0,1,0,0,0,0,0,1,0,0,0,0,0,0,0,0,0,0,0,0,0,0,0,0,0,0,0,0,0,0,0,0,0,0,0,0,0,0,0,0,0,0,0,0,0,0,0,0,0,0,0,0,0,0,0,0,0,0,0,0,0,0,0,1,0,0,0,0,0,0,0
2010,Private_other,UNFPA,TLS,Timor-Leste,0,18,0,0,0,0,4,9,2,3,0,0,0,0,0,0,0,0,0,0,0,0,0,0,0,0,0,0,0,0,0,0,0,0,0,0,0,0,0,0,0,0,0,0,0,0,0,0,0,0,0,0,0,0,0,0,0,0,0,0,0,0,0,18,0,0,0,0,0,0,0
2010,Spain,UNFPA,TLS,Timor-Leste,0,104,0,0,0,0,22,50,12,20,0,0,0,0,0,0,0,0,0,0,0,0,0,0,0,0,0,0,0,0,0,0,0,0,0,0,0,0,0,0,0,0,0,0,0,0,0,0,0,0,0,0,0,0,0,0,0,0,0,0,0,0,0,104,0,0,0,0,0,0,0
2010,Sweden,UNFPA,TLS,Timor-Leste,0,269,0,0,0,0,56,129,32,51,0,0,0,0,0,0,0,0,0,0,0,0,0,0,0,0,0,0,0,0,0,0,0,0,0,0,0,0,0,0,0,0,0,0,0,0,0,0,0,0,0,0,0,0,0,0,0,0,0,0,0,0,0,269,0,0,0,0,0,0,0
2010,Switzerland,UNFPA,TLS,Timor-Leste,0,56,0,0,0,0,12,27,7,11,0,0,0,0,0,0,0,0,0,0,0,0,0,0,0,0,0,0,0,0,0,0,0,0,0,0,0,0,0,0,0,0,0,0,0,0,0,0,0,0,0,0,0,0,0,0,0,0,0,0,0,0,0,56,0,0,0,0,0,0,0
2010,Unallocable,UNFPA,TLS,Timor-Leste,0,5,0,0,0,0,1,2,1,1,0,0,0,0,0,0,0,0,0,0,0,0,0,0,0,0,0,0,0,0,0,0,0,0,0,0,0,0,0,0,0,0,0,0,0,0,0,0,0,0,0,0,0,0,0,0,0,0,0,0,0,0,0,5,0,0,0,0,0,0,0
2010,United_Kingdom,UNFPA,TLS,Timor-Leste,0,193,0,0,0,0,41,93,23,37,0,0,0,0,0,0,0,0,0,0,0,0,0,0,0,0,0,0,0,0,0,0,0,0,0,0,0,0,0,0,0,0,0,0,0,0,0,0,0,0,0,0,0,0,0,0,0,0,0,0,0,0,0,193,0,0,0,0,0,0,0
2010,United_States,UNFPA,TLS,Timor-Leste,0,188,0,0,0,0,40,90,23,36,0,0,0,0,0,0,0,0,0,0,0,0,0,0,0,0,0,0,0,0,0,0,0,0,0,0,0,0,0,0,0,0,0,0,0,0,0,0,0,0,0,0,0,0,0,0,0,0,0,0,0,0,0,188,0,0,0,0,0,0,0
2010,Australia,UNICEF,TLS,Timor-Leste,0,71,0,0,0,0,0,0,2,0,0,0,20,15,23,6,0,0,0,1,1,1,0,0,0,2,0,0,0,0,0,0,0,0,0,0,0,0,0,0,0,0,0,0,0,0,0,0,0,0,0,0,0,0,0,0,0,0,0,0,0,0,0,2,65,0,4,0,0,0,0
2010,Austria,UNICEF,TLS,Timor-Leste,0,5,0,0,0,0,0,0,0,0,0,0,1,1,2,0,0,0,0,0,0,0,0,0,0,0,0,0,0,0,0,0,0,0,0,0,0,0,0,0,0,0,0,0,0,0,0,0,0,0,0,0,0,0,0,0,0,0,0,0,0,0,0,0,4,0,0,0,0,0,0
2010,Belgium,UNICEF,TLS,Timor-Leste,0,28,0,0,0,0,0,0,1,0,0,0,8,6,9,2,0,0,0,0,0,0,0,0,0,1,0,0,0,0,0,0,0,0,0,0,0,0,0,0,0,0,0,0,0,0,0,0,0,0,0,0,0,0,0,0,0,0,0,0,0,0,0,1,26,0,2,0,0,0,0
2010,Canada,UNICEF,TLS,Timor-Leste,0,71,0,0,0,0,0,0,2,0,0,0,21,16,24,6,0,0,0,1,1,1,0,0,0,2,0,0,0,0,0,0,0,0,0,0,0,0,0,0,0,0,0,0,0,0,0,0,0,0,0,0,0,0,0,0,0,0,0,0,0,0,0,2,65,0,4,0,0,0,0
2010,Denmark,UNICEF,TLS,Timor-Leste,0,33,0,0,0,0,0,0,1,0,0,0,9,7,11,3,0,0,0,0,0,0,0,0,0,1,0,0,0,0,0,0,0,0,0,0,0,0,0,0,0,0,0,0,0,0,0,0,0,0,0,0,0,0,0,0,0,0,0,0,0,0,0,1,30,0,2,0,0,0,0
2010,Finland,UNICEF,TLS,Timor-Leste,0,25,0,0,0,0,0,0,1,0,0,0,7,5,8,2,0,0,0,0,0,0,0,0,0,1,0,0,0,0,0,0,0,0,0,0,0,0,0,0,0,0,0,0,0,0,0,0,0,0,0,0,0,0,0,0,0,0,0,0,0,0,0,1,23,0,1,0,0,0,0
2010,France,UNICEF,TLS,Timor-Leste,0,28,0,0,0,0,0,0,1,0,0,0,8,6,9,2,0,0,0,0,0,0,0,0,0,1,0,0,0,0,0,0,0,0,0,0,0,0,0,0,0,0,0,0,0,0,0,0,0,0,0,0,0,0,0,0,0,0,0,0,0,0,0,1,26,0,2,0,0,0,0
2010,Germany,UNICEF,TLS,Timor-Leste,0,33,0,0,0,0,0,0,1,0,0,0,10,7,11,3,0,0,0,0,0,0,0,0,0,1,0,0,0,0,0,0,0,0,0,0,0,0,0,0,0,0,0,0,0,0,0,0,0,0,0,0,0,0,0,0,0,0,0,0,0,0,0,1,30,0,2,0,0,0,0
2010,Greece,UNICEF,TLS,Timor-Leste,0,2,0,0,0,0,0,0,0,0,0,0,1,0,1,0,0,0,0,0,0,0,0,0,0,0,0,0,0,0,0,0,0,0,0,0,0,0,0,0,0,0,0,0,0,0,0,0,0,0,0,0,0,0,0,0,0,0,0,0,0,0,0,0,2,0,0,0,0,0,0
2010,Ireland,UNICEF,TLS,Timor-Leste,0,12,0,0,0,0,0,0,0,0,0,0,3,3,4,1,0,0,0,0,0,0,0,0,0,0,0,0,0,0,0,0,0,0,0,0,0,0,0,0,0,0,0,0,0,0,0,0,0,0,0,0,0,0,0,0,0,0,0,0,0,0,0,0,11,0,1,0,0,0,0
2010,Italy,UNICEF,TLS,Timor-Leste,0,19,0,0,0,0,0,0,1,0,0,0,5,4,6,2,0,0,0,0,0,0,0,0,0,0,0,0,0,0,0,0,0,0,0,0,0,0,0,0,0,0,0,0,0,0,0,0,0,0,0,0,0,0,0,0,0,0,0,0,0,0,0,1,17,0,1,0,0,0,0
2010,Japan,UNICEF,TLS,Timor-Leste,0,99,0,0,0,0,0,0,3,0,0,0,29,22,33,8,0,0,0,1,1,1,0,0,0,2,0,0,0,0,0,0,0,0,0,0,0,0,0,0,0,0,0,0,0,0,0,0,0,0,0,0,0,0,0,0,0,0,0,0,0,0,0,3,91,0,5,0,0,0,0
2010,Korea,UNICEF,TLS,Timor-Leste,0,6,0,0,0,0,0,0,0,0,0,0,2,1,2,0,0,0,0,0,0,0,0,0,0,0,0,0,0,0,0,0,0,0,0,0,0,0,0,0,0,0,0,0,0,0,0,0,0,0,0,0,0,0,0,0,0,0,0,0,0,0,0,0,5,0,0,0,0,0,0
2010,Luxembourg,UNICEF,TLS,Timor-Leste,0,5,0,0,0,0,0,0,0,0,0,0,2,1,2,0,0,0,0,0,0,0,0,0,0,0,0,0,0,0,0,0,0,0,0,0,0,0,0,0,0,0,0,0,0,0,0,0,0,0,0,0,0,0,0,0,0,0,0,0,0,0,0,0,5,0,0,0,0,0,0
2010,Netherlands,UNICEF,TLS,Timor-Leste,0,90,0,0,0,0,0,0,3,0,0,0,26,19,30,7,0,0,0,1,1,1,0,0,0,2,0,0,0,0,0,0,0,0,0,0,0,0,0,0,0,0,0,0,0,0,0,0,0,0,0,0,0,0,0,0,0,0,0,0,0,0,0,3,82,0,5,0,0,0,0
2010,New_Zealand,UNICEF,TLS,Timor-Leste,0,4,0,0,0,0,0,0,0,0,0,0,1,1,1,0,0,0,0,0,0,0,0,0,0,0,0,0,0,0,0,0,0,0,0,0,0,0,0,0,0,0,0,0,0,0,0,0,0,0,0,0,0,0,0,0,0,0,0,0,0,0,0,0,4,0,0,0,0,0,0
2010,Non_OECD_DAC_countries,UNICEF,TLS,Timor-Leste,0,9,0,0,0,0,0,0,0,0,0,0,3,2,3,1,0,0,0,0,0,0,0,0,0,0,0,0,0,0,0,0,0,0,0,0,0,0,0,0,0,0,0,0,0,0,0,0,0,0,0,0,0,0,0,0,0,0,0,0,0,0,0,0,8,0,0,0,0,0,0
2010,Non_OECD_non_DAC_countries,UNICEF,TLS,Timor-Leste,0,14,0,0,0,0,0,0,0,0,0,0,4,3,5,1,0,0,0,0,0,0,0,0,0,0,0,0,0,0,0,0,0,0,0,0,0,0,0,0,0,0,0,0,0,0,0,0,0,0,0,0,0,0,0,0,0,0,0,0,0,0,0,0,13,0,1,0,0,0,0
2010,Norway,UNICEF,TLS,Timor-Leste,0,122,0,0,0,0,0,0,4,0,0,0,35,26,40,10,0,0,0,1,1,1,0,0,0,3,0,0,0,0,0,0,0,0,0,0,0,0,0,0,0,0,0,0,0,0,0,0,0,0,0,0,0,0,0,0,0,0,0,0,0,0,0,4,111,0,7,0,0,0,0
2010,Other,UNICEF,TLS,Timor-Leste,0,11,0,0,0,0,0,0,0,0,0,0,3,2,4,1,0,0,0,0,0,0,0,0,0,0,0,0,0,0,0,0,0,0,0,0,0,0,0,0,0,0,0,0,0,0,0,0,0,0,0,0,0,0,0,0,0,0,0,0,0,0,0,0,10,0,1,0,0,0,0
2010,Other_OECD_DAC_countries,UNICEF,TLS,Timor-Leste,0,2,0,0,0,0,0,0,0,0,0,0,1,0,1,0,0,0,0,0,0,0,0,0,0,0,0,0,0,0,0,0,0,0,0,0,0,0,0,0,0,0,0,0,0,0,0,0,0,0,0,0,0,0,0,0,0,0,0,0,0,0,0,0,2,0,0,0,0,0,0
2010,Portugal,UNICEF,TLS,Timor-Leste,0,1,0,0,0,0,0,0,0,0,0,0,0,0,0,0,0,0,0,0,0,0,0,0,0,0,0,0,0,0,0,0,0,0,0,0,0,0,0,0,0,0,0,0,0,0,0,0,0,0,0,0,0,0,0,0,0,0,0,0,0,0,0,0,1,0,0,0,0,0,0
2010,Private_other,UNICEF,TLS,Timor-Leste,0,530,0,0,0,0,0,0,17,0,0,0,153,115,175,42,0,0,1,5,5,4,2,0,0,12,0,0,0,0,0,0,0,0,0,0,0,0,0,0,0,0,0,0,0,0,0,0,0,0,0,0,0,0,0,0,0,0,0,0,0,0,0,17,485,0,28,0,0,0,0
2010,Spain,UNICEF,TLS,Timor-Leste,0,57,0,0,0,0,0,0,2,0,0,0,16,12,19,4,0,0,0,0,0,0,0,0,0,1,0,0,0,0,0,0,0,0,0,0,0,0,0,0,0,0,0,0,0,0,0,0,0,0,0,0,0,0,0,0,0,0,0,0,0,0,0,2,52,0,3,0,0,0,0
2010,Sweden,UNICEF,TLS,Timor-Leste,0,91,0,0,0,0,0,0,3,0,0,0,26,20,30,7,0,0,0,1,1,1,0,0,0,2,0,0,0,0,0,0,0,0,0,0,0,0,0,0,0,0,0,0,0,0,0,0,0,0,0,0,0,0,0,0,0,0,0,0,0,0,0,3,83,0,5,0,0,0,0
2010,Switzerland,UNICEF,TLS,Timor-Leste,0,16,0,0,0,0,0,0,1,0,0,0,5,4,5,1,0,0,0,0,0,0,0,0,0,0,0,0,0,0,0,0,0,0,0,0,0,0,0,0,0,0,0,0,0,0,0,0,0,0,0,0,0,0,0,0,0,0,0,0,0,0,0,1,15,0,1,0,0,0,0
2010,United_Kingdom,UNICEF,TLS,Timor-Leste,0,164,0,0,0,0,0,0,5,0,0,0,47,36,54,13,0,0,0,1,1,1,0,0,0,4,0,0,0,0,0,0,0,0,0,0,0,0,0,0,0,0,0,0,0,0,0,0,0,0,0,0,0,0,0,0,0,0,0,0,0,0,0,5,150,0,9,0,0,0,0
2010,United_States,UNICEF,TLS,Timor-Leste,0,184,0,0,0,0,0,0,6,0,0,0,53,40,61,15,0,0,0,2,2,1,1,0,0,4,0,0,0,0,0,0,0,0,0,0,0,0,0,0,0,0,0,0,0,0,0,0,0,0,0,0,0,0,0,0,0,0,0,0,0,0,0,6,168,0,10,0,0,0,0
2010,Private_other,US_FOUND,TLS,Timor-Leste,0,41,1,0,0,0,3,0,1,0,0,0,0,0,8,0,0,0,4,1,0,0,0,0,0,0,0,0,0,0,0,0,0,0,0,0,0,0,0,0,0,0,0,0,0,0,0,0,0,0,1,0,0,0,0,17,0,0,0,0,0,4,0,5,8,17,6,0,0,1,1
2010,Australia,WB_IDA,TLS,Timor-Leste,0,4,0,0,1,0,0,0,1,0,0,0,0,0,1,0,0,0,0,0,0,0,0,0,0,0,0,0,0,0,0,0,0,0,0,0,1,0,0,0,0,0,0,0,0,0,0,0,0,0,0,0,0,0,0,0,0,0,0,0,0,0,0,1,1,0,0,1,0,0,1
2010,Austria,WB_IDA,TLS,Timor-Leste,0,4,0,0,1,0,0,0,1,0,0,0,0,0,1,0,0,0,0,0,0,0,0,0,0,0,0,0,0,0,0,0,0,0,0,0,1,0,0,0,0,0,0,0,0,0,0,0,0,0,0,0,0,0,0,0,0,0,0,0,0,0,0,1,1,0,0,1,0,0,1
2010,Belgium,WB_IDA,TLS,Timor-Leste,0,3,0,0,1,0,0,0,1,0,0,0,0,0,1,0,0,0,0,0,0,0,0,0,0,0,0,0,0,0,0,0,0,0,0,0,1,0,0,0,0,0,0,0,0,0,0,0,0,0,0,0,0,0,0,0,0,0,0,0,0,0,0,1,1,0,0,1,0,0,1
2010,Canada,WB_IDA,TLS,Timor-Leste,0,9,0,0,3,0,0,0,2,0,0,0,1,0,2,0,0,0,0,0,0,0,0,0,0,0,0,0,0,0,0,0,0,0,0,0,2,0,0,0,0,0,0,0,0,0,0,0,0,0,0,0,0,0,0,0,0,0,0,0,0,0,0,2,2,0,0,2,0,0,3
2010,Debt_repayments,WB_IDA,TLS,Timor-Leste,0,55,0,0,20,0,0,0,10,0,0,0,5,0,10,0,0,0,0,0,0,0,0,0,0,0,0,0,0,0,0,0,0,0,0,0,10,0,0,0,0,0,0,0,0,0,0,0,0,0,0,0,0,0,0,0,0,0,0,0,0,0,0,10,16,0,0,10,0,0,20
2010,Denmark,WB_IDA,TLS,Timor-Leste,0,2,0,0,1,0,0,0,0,0,0,0,0,0,0,0,0,0,0,0,0,0,0,0,0,0,0,0,0,0,0,0,0,0,0,0,0,0,0,0,0,0,0,0,0,0,0,0,0,0,0,0,0,0,0,0,0,0,0,0,0,0,0,0,1,0,0,0,0,0,1
2010,Finland,WB_IDA,TLS,Timor-Leste,0,8,0,0,3,0,0,0,1,0,0,0,1,0,1,0,0,0,0,0,0,0,0,0,0,0,0,0,0,0,0,0,0,0,0,0,1,0,0,0,0,0,0,0,0,0,0,0,0,0,0,0,0,0,0,0,0,0,0,0,0,0,0,1,2,0,0,1,0,0,3
2010,Germany,WB_IDA,TLS,Timor-Leste,0,19,0,0,7,0,0,0,3,0,0,0,2,0,4,0,0,0,0,0,0,0,0,0,0,0,0,0,0,0,0,0,0,0,0,0,4,0,0,0,0,0,0,0,0,0,0,0,0,0,0,0,0,0,0,0,0,0,0,0,0,0,0,3,5,0,0,4,0,0,7
2010,Italy,WB_IDA,TLS,Timor-Leste,0,9,0,0,3,0,0,0,2,0,0,0,1,0,2,0,0,0,0,0,0,0,0,0,0,0,0,0,0,0,0,0,0,0,0,0,2,0,0,0,0,0,0,0,0,0,0,0,0,0,0,0,0,0,0,0,0,0,0,0,0,0,0,2,2,0,0,2,0,0,3
2010,Japan,WB_IDA,TLS,Timor-Leste,0,32,0,0,12,0,0,0,6,0,0,0,3,0,6,0,0,0,0,0,0,0,0,0,0,0,0,0,0,0,0,0,0,0,0,0,6,0,0,0,0,0,0,0,0,0,0,0,0,0,0,0,0,0,0,0,0,0,0,0,0,0,0,6,9,0,0,6,0,0,12
2010,Netherlands,WB_IDA,TLS,Timor-Leste,0,2,0,0,1,0,0,0,0,0,0,0,0,0,0,0,0,0,0,0,0,0,0,0,0,0,0,0,0,0,0,0,0,0,0,0,0,0,0,0,0,0,0,0,0,0,0,0,0,0,0,0,0,0,0,0,0,0,0,0,0,0,0,0,0,0,0,0,0,0,1
2010,Other,WB_IDA,TLS,Timor-Leste,0,20,0,0,7,0,0,0,3,0,0,0,2,0,4,0,0,0,0,0,0,0,0,0,0,0,0,0,0,0,0,0,0,0,0,0,4,0,0,0,0,0,0,0,0,0,0,0,0,0,0,0,0,0,0,0,0,0,0,0,0,0,0,3,6,0,0,4,0,0,7
2010,Spain,WB_IDA,TLS,Timor-Leste,0,6,0,0,2,0,0,0,1,0,0,0,1,0,1,0,0,0,0,0,0,0,0,0,0,0,0,0,0,0,0,0,0,0,0,0,1,0,0,0,0,0,0,0,0,0,0,0,0,0,0,0,0,0,0,0,0,0,0,0,0,0,0,1,2,0,0,1,0,0,2
2010,United_Kingdom,WB_IDA,TLS,Timor-Leste,0,32,0,0,11,0,0,0,6,0,0,0,3,0,6,0,0,0,0,0,0,0,0,0,0,0,0,0,0,0,0,0,0,0,0,0,6,0,0,0,0,0,0,0,0,0,0,0,0,0,0,0,0,0,0,0,0,0,0,0,0,0,0,6,9,0,0,6,0,0,11
2010,Australia,WHO,TLS,Timor-Leste,0,71,0,0,20,3,0,0,2,0,0,0,1,0,3,0,0,0,0,0,0,0,0,0,0,3,0,0,0,0,0,0,0,0,0,0,3,0,0,0,0,0,0,3,0,0,0,0,0,0,28,0,0,0,0,0,1,0,0,0,0,5,0,2,4,2,3,3,3,28,23
2010,Austria,WHO,TLS,Timor-Leste,0,6,0,0,2,0,0,0,0,0,0,0,0,0,0,0,0,0,0,0,0,0,0,0,0,0,0,0,0,0,0,0,0,0,0,0,0,0,0,0,0,0,0,0,0,0,0,0,0,0,2,0,0,0,0,0,0,0,0,0,0,0,0,0,0,0,0,0,0,2,2
2010,Belgium,WHO,TLS,Timor-Leste,0,24,0,0,7,1,0,0,1,0,0,0,0,0,1,0,0,0,0,0,0,0,0,0,0,1,0,0,0,0,0,0,0,0,0,0,1,0,0,0,0,0,0,1,0,0,0,0,0,0,9,0,0,0,0,0,0,0,0,0,0,2,0,1,1,1,1,1,1,9,8
2010,Canada,WHO,TLS,Timor-Leste,0,162,0,0,46,6,0,0,4,0,0,0,2,0,7,0,0,0,0,0,0,0,0,0,0,6,0,0,0,0,0,0,0,0,0,0,6,0,0,0,0,0,0,6,0,0,0,0,0,0,63,0,0,0,1,0,3,0,0,0,0,11,0,4,10,4,6,6,6,63,53
2010,China,WHO,TLS,Timor-Leste,0,15,0,0,4,1,0,0,0,0,0,0,0,0,1,0,0,0,0,0,0,0,0,0,0,1,0,0,0,0,0,0,0,0,0,0,1,0,0,0,0,0,0,1,0,0,0,0,0,0,6,0,0,0,0,0,0,0,0,0,0,1,0,0,1,0,1,1,1,6,5
2010,Corporate_donations,WHO,TLS,Timor-Leste,0,14,0,0,4,1,0,0,0,0,0,0,0,0,1,0,0,0,0,0,0,0,0,0,0,1,0,0,0,0,0,0,0,0,0,0,1,0,0,0,0,0,0,1,0,0,0,0,0,0,6,0,0,0,0,0,0,0,0,0,0,1,0,0,1,0,1,1,1,6,5
2010,Denmark,WHO,TLS,Timor-Leste,0,14,0,0,4,1,0,0,0,0,0,0,0,0,1,0,0,0,0,0,0,0,0,0,0,1,0,0,0,0,0,0,0,0,0,0,1,0,0,0,0,0,0,1,0,0,0,0,0,0,6,0,0,0,0,0,0,0,0,0,0,1,0,0,1,0,1,1,1,6,5
2010,Finland,WHO,TLS,Timor-Leste,0,21,0,0,6,1,0,0,0,0,0,0,0,0,1,0,0,0,0,0,0,0,0,0,0,1,0,0,0,0,0,0,0,0,0,0,1,0,0,0,0,0,0,1,0,0,0,0,0,0,8,0,0,0,0,0,0,0,0,0,0,1,0,0,1,0,1,1,1,8,7
2010,France,WHO,TLS,Timor-Leste,0,91,0,0,26,3,0,0,2,0,0,0,1,0,4,0,0,0,0,0,0,0,0,0,0,3,0,0,0,0,0,0,0,0,0,0,3,0,0,0,0,0,0,3,0,0,0,0,0,0,36,0,0,0,1,0,2,0,0,0,0,6,0,2,6,2,3,3,3,36,29
2010,Gates Foundation,WHO,TLS,Timor-Leste,0,353,0,0,101,14,0,0,8,0,0,0,5,0,16,0,0,0,0,0,0,0,0,0,0,13,0,0,0,0,0,0,0,0,0,0,13,0,0,0,0,0,0,13,0,0,0,0,0,0,138,0,0,0,2,0,6,0,0,0,0,25,0,8,21,8,13,13,13,138,114
2010,Germany,WHO,TLS,Timor-Leste,0,79,0,0,22,3,0,0,2,0,0,0,1,0,4,0,0,0,0,0,0,0,0,0,0,3,0,0,0,0,0,0,0,0,0,0,3,0,0,0,0,0,0,3,0,0,0,0,0,0,31,0,0,0,1,0,1,0,0,0,0,6,0,2,5,2,3,3,3,31,25
2010,Greece,WHO,TLS,Timor-Leste,0,5,0,0,1,0,0,0,0,0,0,0,0,0,0,0,0,0,0,0,0,0,0,0,0,0,0,0,0,0,0,0,0,0,0,0,0,0,0,0,0,0,0,0,0,0,0,0,0,0,2,0,0,0,0,0,0,0,0,0,0,0,0,0,0,0,0,0,0,2,1
2010,Ireland,WHO,TLS,Timor-Leste,0,5,0,0,1,0,0,0,0,0,0,0,0,0,0,0,0,0,0,0,0,0,0,0,0,0,0,0,0,0,0,0,0,0,0,0,0,0,0,0,0,0,0,0,0,0,0,0,0,0,2,0,0,0,0,0,0,0,0,0,0,0,0,0,0,0,0,0,0,2,2
2010,Italy,WHO,TLS,Timor-Leste,0,46,0,0,13,2,0,0,1,0,0,0,1,0,2,0,0,0,0,0,0,0,0,0,0,2,0,0,0,0,0,0,0,0,0,0,2,0,0,0,0,0,0,2,0,0,0,0,0,0,18,0,0,0,0,0,1,0,0,0,0,3,0,1,3,1,2,2,2,18,15
2010,Japan,WHO,TLS,Timor-Leste,0,112,0,0,32,4,0,0,3,0,0,0,2,0,5,0,0,0,0,0,0,0,0,0,0,4,0,0,0,0,0,0,0,0,0,0,4,0,0,0,0,0,0,4,0,0,0,0,0,0,44,0,0,0,1,0,2,0,0,0,0,8,0,3,7,3,4,4,4,44,36
2010,Korea,WHO,TLS,Timor-Leste,0,15,0,0,4,1,0,0,0,0,0,0,0,0,1,0,0,0,0,0,0,0,0,0,0,1,0,0,0,0,0,0,0,0,0,0,1,0,0,0,0,0,0,1,0,0,0,0,0,0,6,0,0,0,0,0,0,0,0,0,0,1,0,0,1,0,1,1,1,6,5
2010,Luxembourg,WHO,TLS,Timor-Leste,0,14,0,0,4,1,0,0,0,0,0,0,0,0,1,0,0,0,0,0,0,0,0,0,0,0,0,0,0,0,0,0,0,0,0,0,0,0,0,0,0,0,0,0,0,0,0,0,0,0,5,0,0,0,0,0,0,0,0,0,0,1,0,0,1,0,0,0,0,5,4
2010,Netherlands,WHO,TLS,Timor-Leste,0,55,0,0,16,2,0,0,1,0,0,0,1,0,3,0,0,0,0,0,0,0,0,0,0,2,0,0,0,0,0,0,0,0,0,0,2,0,0,0,0,0,0,2,0,0,0,0,0,0,22,0,0,0,0,0,1,0,0,0,0,4,0,1,3,1,2,2,2,22,18
2010,New_Zealand,WHO,TLS,Timor-Leste,0,4,0,0,1,0,0,0,0,0,0,0,0,0,0,0,0,0,0,0,0,0,0,0,0,0,0,0,0,0,0,0,0,0,0,0,0,0,0,0,0,0,0,0,0,0,0,0,0,0,2,0,0,0,0,0,0,0,0,0,0,0,0,0,0,0,0,0,0,2,1
2010,Non_OECD_DAC_countries,WHO,TLS,Timor-Leste,0,50,0,0,14,2,0,0,1,0,0,0,1,0,2,0,0,0,0,0,0,0,0,0,0,2,0,0,0,0,0,0,0,0,0,0,2,0,0,0,0,0,0,2,0,0,0,0,0,0,19,0,0,0,0,0,1,0,0,0,0,3,0,1,3,1,2,2,2,19,16
2010,Non_OECD_non_DAC_countries,WHO,TLS,Timor-Leste,0,82,0,0,23,3,0,0,2,0,0,0,1,0,4,0,0,0,0,0,0,0,0,0,0,3,0,0,0,0,0,0,0,0,0,0,3,0,0,0,0,0,0,3,0,0,0,0,0,0,32,0,0,0,1,0,1,0,0,0,0,6,0,2,5,2,3,3,3,32,26
2010,Norway,WHO,TLS,Timor-Leste,0,83,0,0,24,3,0,0,2,0,0,0,1,0,4,0,0,0,0,0,0,0,0,0,0,3,0,0,0,0,0,0,0,0,0,0,3,0,0,0,0,0,0,3,0,0,0,0,0,0,32,0,0,0,1,0,1,0,0,0,0,6,0,2,5,2,3,3,3,32,27
2010,Other,WHO,TLS,Timor-Leste,0,178,0,0,51,7,0,0,4,0,0,0,3,0,8,0,0,0,0,0,0,0,0,0,0,6,0,0,0,0,0,0,0,0,0,0,6,0,0,0,0,0,0,6,0,0,0,0,0,0,70,0,0,0,1,0,3,0,0,0,0,12,0,4,11,4,6,6,6,70,58
2010,Other_OECD_DAC_countries,WHO,TLS,Timor-Leste,0,7,0,0,2,0,0,0,0,0,0,0,0,0,0,0,0,0,0,0,0,0,0,0,0,0,0,0,0,0,0,0,0,0,0,0,0,0,0,0,0,0,0,0,0,0,0,0,0,0,3,0,0,0,0,0,0,0,0,0,0,0,0,0,0,0,0,0,0,3,2
2010,Portugal,WHO,TLS,Timor-Leste,0,4,0,0,1,0,0,0,0,0,0,0,0,0,0,0,0,0,0,0,0,0,0,0,0,0,0,0,0,0,0,0,0,0,0,0,0,0,0,0,0,0,0,0,0,0,0,0,0,0,2,0,0,0,0,0,0,0,0,0,0,0,0,0,0,0,0,0,0,2,1
2010,Private_other,WHO,TLS,Timor-Leste,0,159,0,0,45,6,0,0,4,0,0,0,2,0,7,0,0,0,0,0,0,0,0,0,0,6,0,0,0,0,0,0,0,0,0,0,6,0,0,0,0,0,0,6,0,0,0,0,0,0,62,0,0,0,1,0,3,0,0,0,0,11,0,4,10,4,6,6,6,62,51
2010,Spain,WHO,TLS,Timor-Leste,0,51,0,0,15,2,0,0,1,0,0,0,1,0,2,0,0,0,0,0,0,0,0,0,0,2,0,0,0,0,0,0,0,0,0,0,2,0,0,0,0,0,0,2,0,0,0,0,0,0,20,0,0,0,0,0,1,0,0,0,0,4,0,1,3,1,2,2,2,20,17
2010,Sweden,WHO,TLS,Timor-Leste,0,34,0,0,10,1,0,0,1,0,0,0,1,0,2,0,0,0,0,0,0,0,0,0,0,1,0,0,0,0,0,0,0,0,0,0,1,0,0,0,0,0,0,1,0,0,0,0,0,0,13,0,0,0,0,0,1,0,0,0,0,2,0,1,2,1,1,1,1,13,11
2010,Switzerland,WHO,TLS,Timor-Leste,0,14,0,0,4,1,0,0,0,0,0,0,0,0,1,0,0,0,0,0,0,0,0,0,0,1,0,0,0,0,0,0,0,0,0,0,1,0,0,0,0,0,0,1,0,0,0,0,0,0,6,0,0,0,0,0,0,0,0,0,0,1,0,0,1,0,1,1,1,6,5
2010,Unallocable,WHO,TLS,Timor-Leste,0,6,0,0,2,0,0,0,0,0,0,0,0,0,0,0,0,0,0,0,0,0,0,0,0,0,0,0,0,0,0,0,0,0,0,0,0,0,0,0,0,0,0,0,0,0,0,0,0,0,3,0,0,0,0,0,0,0,0,0,0,0,0,0,0,0,0,0,0,3,2
2010,United_Kingdom,WHO,TLS,Timor-Leste,0,313,0,0,89,12,0,0,7,0,0,0,5,0,14,0,0,0,0,0,0,0,0,0,0,11,0,0,0,0,0,0,0,0,0,0,11,0,0,0,0,0,0,11,0,0,0,0,0,0,122,0,0,0,2,0,5,0,0,0,0,22,0,7,19,7,11,11,11,122,101
2010,United_States,WHO,TLS,Timor-Leste,0,448,0,0,128,17,0,0,10,0,0,0,7,0,21,0,0,0,0,0,0,0,0,0,0,16,0,0,0,0,0,0,0,0,0,0,16,0,0,0,0,0,0,16,0,0,0,0,0,0,175,0,0,0,3,0,7,0,0,0,0,31,0,10,27,10,16,16,16,175,145
2011,Australia,BIL_AUS,TLS,Timor-Leste,0,193,1,0,0,0,0,0,0,0,0,0,0,0,181,0,0,0,0,0,0,0,0,0,0,9,0,0,0,0,0,0,0,0,0,0,0,0,0,0,0,0,0,0,0,0,0,0,0,0,3,0,0,0,0,0,0,0,0,0,0,0,0,0,181,0,9,0,0,3,1
2011,Canada,BIL_CAN,TLS,Timor-Leste,0,62,1,0,0,3,0,0,0,2,1,0,10,0,0,0,0,0,0,0,0,0,0,0,0,0,0,0,0,0,0,0,0,0,0,0,0,0,0,0,0,0,0,0,0,0,0,0,0,0,0,16,8,5,0,0,0,0,0,0,0,14,0,3,10,0,0,0,0,29,5
2011,Germany,BIL_DEU,TLS,Timor-Leste,0,6,3,0,0,0,0,0,0,0,0,0,0,0,0,0,0,0,0,0,0,0,0,0,0,0,0,0,0,0,0,0,0,0,0,0,0,0,0,0,0,0,0,0,0,0,0,0,0,0,0,0,0,0,0,0,0,0,0,0,0,3,0,0,0,0,0,0,0,0,3
2011,Finland,BIL_FIN,TLS,Timor-Leste,0,46,0,0,0,0,0,2,0,0,7,2,4,0,0,0,23,8,0,0,0,0,0,0,0,0,0,0,0,0,0,0,0,0,0,0,0,0,0,0,0,0,0,0,0,0,0,0,0,0,0,0,0,0,0,0,0,0,0,0,0,0,0,12,35,0,0,0,0,0,0
2011,United_Kingdom,BIL_GBR,TLS,Timor-Leste,0,4,0,0,0,0,0,0,0,0,0,0,0,0,0,0,0,0,0,0,0,0,0,0,0,4,0,0,0,0,0,0,0,0,0,0,0,0,0,0,0,0,0,0,0,0,0,0,0,0,0,0,0,0,0,0,0,0,0,0,0,0,0,0,0,0,4,0,0,0,0
2011,Korea,BIL_KOR,TLS,Timor-Leste,0,123,0,0,19,0,2,11,0,9,0,0,0,0,0,5,0,0,0,0,0,0,0,0,0,0,0,0,0,0,0,0,0,0,0,0,0,0,0,0,0,0,0,0,0,0,0,0,0,0,31,0,0,0,0,0,0,0,0,0,0,47,0,23,5,0,0,0,0,31,19
2011,Portugal,BIL_PRT,TLS,Timor-Leste,0,320,9,0,0,0,0,0,0,0,0,0,0,0,0,0,0,0,0,0,0,0,0,0,0,0,0,0,0,0,0,0,0,0,0,0,0,0,0,0,0,0,0,0,0,0,0,0,0,0,0,0,0,0,0,0,0,0,0,0,0,310,0,0,0,0,0,0,0,0,9
2011,United_States,BIL_USA,TLS,Timor-Leste,0,4434,25,8,0,32,1234,1357,0,0,7,183,722,223,157,0,14,216,1,1,0,0,0,0,0,18,0,0,1,0,0,0,1,7,0,1,0,2,2,2,0,0,2,0,0,0,5,0,0,9,1,0,6,33,0,0,0,0,0,0,0,167,0,2780,1330,0,22,15,6,50,65
2011,Austria,EC,TLS,Timor-Leste,0,15,0,0,1,0,0,8,0,3,0,0,0,0,0,0,0,0,0,0,0,0,0,0,0,0,0,0,0,0,0,0,0,0,0,0,0,0,0,0,0,0,0,0,0,0,0,0,0,0,0,0,0,0,0,0,0,0,0,0,0,3,0,11,0,0,0,0,0,0,1
2011,Belgium,EC,TLS,Timor-Leste,0,26,0,0,1,0,0,14,0,5,0,0,0,0,0,0,0,0,0,0,0,0,0,0,0,0,0,0,0,0,0,0,0,0,0,0,0,0,0,0,0,0,0,0,0,0,0,0,0,0,0,0,0,0,0,0,0,0,0,0,0,6,0,18,0,0,0,0,0,0,1
2011,Denmark,EC,TLS,Timor-Leste,0,13,0,0,1,0,0,7,0,2,0,0,0,0,0,0,0,0,0,0,0,0,0,0,0,0,0,0,0,0,0,0,0,0,0,0,0,0,0,0,0,0,0,0,0,0,0,0,0,0,0,0,0,0,0,0,0,0,0,0,0,3,0,10,0,0,0,0,0,0,1
2011,Finland,EC,TLS,Timor-Leste,0,10,0,0,1,0,0,6,0,2,0,0,0,0,0,0,0,0,0,0,0,0,0,0,0,0,0,0,0,0,0,0,0,0,0,0,0,0,0,0,0,0,0,0,0,0,0,0,0,0,0,0,0,0,0,0,0,0,0,0,0,2,0,7,0,0,0,0,0,0,1
2011,France,EC,TLS,Timor-Leste,0,122,0,0,6,0,0,65,0,21,0,0,0,0,0,0,0,0,0,0,0,0,0,0,0,0,0,0,0,0,0,0,0,0,0,0,0,0,0,0,0,0,0,0,0,0,0,0,0,0,0,0,0,0,0,0,0,0,0,0,0,30,0,86,0,0,0,0,0,0,6
2011,Germany,EC,TLS,Timor-Leste,0,136,0,0,7,0,0,72,0,24,0,0,0,0,0,0,0,0,0,0,0,0,0,0,0,0,0,0,0,0,0,0,0,0,0,0,0,0,0,0,0,0,0,0,0,0,0,0,0,0,0,0,0,0,0,0,0,0,0,0,0,33,0,96,0,0,0,0,0,0,7
2011,Greece,EC,TLS,Timor-Leste,0,12,0,0,1,0,0,7,0,2,0,0,0,0,0,0,0,0,0,0,0,0,0,0,0,0,0,0,0,0,0,0,0,0,0,0,0,0,0,0,0,0,0,0,0,0,0,0,0,0,0,0,0,0,0,0,0,0,0,0,0,2,0,9,0,0,0,0,0,0,1
2011,Ireland,EC,TLS,Timor-Leste,0,7,0,0,0,0,0,4,0,1,0,0,0,0,0,0,0,0,0,0,0,0,0,0,0,0,0,0,0,0,0,0,0,0,0,0,0,0,0,0,0,0,0,0,0,0,0,0,0,0,0,0,0,0,0,0,0,0,0,0,0,1,0,5,0,0,0,0,0,0,0
2011,Italy,EC,TLS,Timor-Leste,0,96,0,0,5,0,0,50,0,17,0,0,0,0,0,0,0,0,0,0,0,0,0,0,0,0,0,0,0,0,0,0,0,0,0,0,0,0,0,0,0,0,0,0,0,0,0,0,0,0,0,0,0,0,0,0,0,0,0,0,0,24,0,67,0,0,0,0,0,0,5
2011,Luxembourg,EC,TLS,Timor-Leste,0,1,0,0,0,0,0,1,0,0,0,0,0,0,0,0,0,0,0,0,0,0,0,0,0,0,0,0,0,0,0,0,0,0,0,0,0,0,0,0,0,0,0,0,0,0,0,0,0,0,0,0,0,0,0,0,0,0,0,0,0,0,0,1,0,0,0,0,0,0,0
2011,Netherlands,EC,TLS,Timor-Leste,0,34,0,0,2,0,0,18,0,6,0,0,0,0,0,0,0,0,0,0,0,0,0,0,0,0,0,0,0,0,0,0,0,0,0,0,0,0,0,0,0,0,0,0,0,0,0,0,0,0,0,0,0,0,0,0,0,0,0,0,0,8,0,24,0,0,0,0,0,0,2
2011,Other_OECD_DAC_countries,EC,TLS,Timor-Leste,0,29,0,0,1,0,0,17,0,6,0,0,0,0,0,0,0,0,0,0,0,0,0,0,0,0,0,0,0,0,0,0,0,0,0,0,0,0,0,0,0,0,0,0,0,0,0,0,0,0,0,0,0,0,0,0,0,0,0,0,0,5,0,22,0,0,0,0,0,0,1
2011,Portugal,EC,TLS,Timor-Leste,0,8,0,0,0,0,0,5,0,2,0,0,0,0,0,0,0,0,0,0,0,0,0,0,0,0,0,0,0,0,0,0,0,0,0,0,0,0,0,0,0,0,0,0,0,0,0,0,0,0,0,0,0,0,0,0,0,0,0,0,0,2,0,6,0,0,0,0,0,0,0
2011,Spain,EC,TLS,Timor-Leste,0,58,0,0,3,0,0,30,0,10,0,0,0,0,0,0,0,0,0,0,0,0,0,0,0,0,0,0,0,0,0,0,0,0,0,0,0,0,0,0,0,0,0,0,0,0,0,0,0,0,0,0,0,0,0,0,0,0,0,0,0,14,0,40,0,0,0,0,0,0,3
2011,Sweden,EC,TLS,Timor-Leste,0,18,0,0,1,0,0,10,0,3,0,0,0,0,0,0,0,0,0,0,0,0,0,0,0,0,0,0,0,0,0,0,0,0,0,0,0,0,0,0,0,0,0,0,0,0,0,0,0,0,0,0,0,0,0,0,0,0,0,0,0,4,0,13,0,0,0,0,0,0,1
2011,United_Kingdom,EC,TLS,Timor-Leste,0,95,0,0,5,0,0,50,0,17,0,0,0,0,0,0,0,0,0,0,0,0,0,0,0,0,0,0,0,0,0,0,0,0,0,0,0,0,0,0,0,0,0,0,0,0,0,0,0,0,0,0,0,0,0,0,0,0,0,0,0,23,0,66,0,0,0,0,0,0,5
2011,Gates Foundation,GATES,TLS,Timor-Leste,0,20,0,0,0,0,0,0,0,0,0,0,0,4,0,1,0,0,0,0,0,0,0,0,0,0,0,0,0,0,0,0,0,0,0,0,0,0,0,0,0,0,0,0,0,0,0,0,0,0,3,12,0,0,0,0,0,0,0,0,0,0,0,0,6,0,0,0,0,14,0
2011,Australia,GAVI,TLS,Timor-Leste,0,18,0,0,0,0,0,0,0,0,0,0,0,18,0,0,0,0,0,0,0,0,0,0,0,0,0,0,0,0,0,0,0,0,0,0,0,0,0,0,0,0,0,0,0,0,0,0,0,0,0,0,0,0,0,0,0,0,0,0,0,0,0,0,18,0,0,0,0,0,0
2011,Canada,GAVI,TLS,Timor-Leste,0,13,0,0,0,0,0,0,0,0,0,0,0,13,0,0,0,0,0,0,0,0,0,0,0,0,0,0,0,0,0,0,0,0,0,0,0,0,0,0,0,0,0,0,0,0,0,0,0,0,0,0,0,0,0,0,0,0,0,0,0,0,0,0,13,0,0,0,0,0,0
2011,Denmark,GAVI,TLS,Timor-Leste,0,3,0,0,0,0,0,0,0,0,0,0,0,3,0,0,0,0,0,0,0,0,0,0,0,0,0,0,0,0,0,0,0,0,0,0,0,0,0,0,0,0,0,0,0,0,0,0,0,0,0,0,0,0,0,0,0,0,0,0,0,0,0,0,3,0,0,0,0,0,0
2011,France,GAVI,TLS,Timor-Leste,0,31,0,0,0,0,0,0,0,0,0,0,0,31,0,0,0,0,0,0,0,0,0,0,0,0,0,0,0,0,0,0,0,0,0,0,0,0,0,0,0,0,0,0,0,0,0,0,0,0,0,0,0,0,0,0,0,0,0,0,0,0,0,0,31,0,0,0,0,0,0
2011,Gates Foundation,GAVI,TLS,Timor-Leste,0,87,0,0,0,0,0,0,0,0,0,0,0,87,0,0,0,0,0,0,0,0,0,0,0,0,0,0,0,0,0,0,0,0,0,0,0,0,0,0,0,0,0,0,0,0,0,0,0,0,0,0,0,0,0,0,0,0,0,0,0,0,0,0,87,0,0,0,0,0,0
2011,Germany,GAVI,TLS,Timor-Leste,0,3,0,0,0,0,0,0,0,0,0,0,0,3,0,0,0,0,0,0,0,0,0,0,0,0,0,0,0,0,0,0,0,0,0,0,0,0,0,0,0,0,0,0,0,0,0,0,0,0,0,0,0,0,0,0,0,0,0,0,0,0,0,0,3,0,0,0,0,0,0
2011,Ireland,GAVI,TLS,Timor-Leste,0,2,0,0,0,0,0,0,0,0,0,0,0,2,0,0,0,0,0,0,0,0,0,0,0,0,0,0,0,0,0,0,0,0,0,0,0,0,0,0,0,0,0,0,0,0,0,0,0,0,0,0,0,0,0,0,0,0,0,0,0,0,0,0,2,0,0,0,0,0,0
2011,Italy,GAVI,TLS,Timor-Leste,0,25,0,0,0,0,0,0,0,0,0,0,0,25,0,0,0,0,0,0,0,0,0,0,0,0,0,0,0,0,0,0,0,0,0,0,0,0,0,0,0,0,0,0,0,0,0,0,0,0,0,0,0,0,0,0,0,0,0,0,0,0,0,0,25,0,0,0,0,0,0
2011,Japan,GAVI,TLS,Timor-Leste,0,3,0,0,0,0,0,0,0,0,0,0,0,3,0,0,0,0,0,0,0,0,0,0,0,0,0,0,0,0,0,0,0,0,0,0,0,0,0,0,0,0,0,0,0,0,0,0,0,0,0,0,0,0,0,0,0,0,0,0,0,0,0,0,3,0,0,0,0,0,0
2011,Netherlands,GAVI,TLS,Timor-Leste,0,9,0,0,0,0,0,0,0,0,0,0,0,9,0,0,0,0,0,0,0,0,0,0,0,0,0,0,0,0,0,0,0,0,0,0,0,0,0,0,0,0,0,0,0,0,0,0,0,0,0,0,0,0,0,0,0,0,0,0,0,0,0,0,9,0,0,0,0,0,0
2011,Non_OECD_non_DAC_countries,GAVI,TLS,Timor-Leste,0,2,0,0,0,0,0,0,0,0,0,0,0,2,0,0,0,0,0,0,0,0,0,0,0,0,0,0,0,0,0,0,0,0,0,0,0,0,0,0,0,0,0,0,0,0,0,0,0,0,0,0,0,0,0,0,0,0,0,0,0,0,0,0,2,0,0,0,0,0,0
2011,Norway,GAVI,TLS,Timor-Leste,0,30,0,0,0,0,0,0,0,0,0,0,0,30,0,0,0,0,0,0,0,0,0,0,0,0,0,0,0,0,0,0,0,0,0,0,0,0,0,0,0,0,0,0,0,0,0,0,0,0,0,0,0,0,0,0,0,0,0,0,0,0,0,0,30,0,0,0,0,0,0
2011,Other,GAVI,TLS,Timor-Leste,0,13,0,0,0,0,0,0,0,0,0,0,0,13,0,0,0,0,0,0,0,0,0,0,0,0,0,0,0,0,0,0,0,0,0,0,0,0,0,0,0,0,0,0,0,0,0,0,0,0,0,0,0,0,0,0,0,0,0,0,0,0,0,0,13,0,0,0,0,0,0
2011,Private_other,GAVI,TLS,Timor-Leste,0,7,0,0,0,0,0,0,0,0,0,0,0,7,0,0,0,0,0,0,0,0,0,0,0,0,0,0,0,0,0,0,0,0,0,0,0,0,0,0,0,0,0,0,0,0,0,0,0,0,0,0,0,0,0,0,0,0,0,0,0,0,0,0,7,0,0,0,0,0,0
2011,Spain,GAVI,TLS,Timor-Leste,0,3,0,0,0,0,0,0,0,0,0,0,0,3,0,0,0,0,0,0,0,0,0,0,0,0,0,0,0,0,0,0,0,0,0,0,0,0,0,0,0,0,0,0,0,0,0,0,0,0,0,0,0,0,0,0,0,0,0,0,0,0,0,0,3,0,0,0,0,0,0
2011,Sweden,GAVI,TLS,Timor-Leste,0,31,0,0,0,0,0,0,0,0,0,0,0,31,0,0,0,0,0,0,0,0,0,0,0,0,0,0,0,0,0,0,0,0,0,0,0,0,0,0,0,0,0,0,0,0,0,0,0,0,0,0,0,0,0,0,0,0,0,0,0,0,0,0,31,0,0,0,0,0,0
2011,United_Kingdom,GAVI,TLS,Timor-Leste,0,73,0,0,0,0,0,0,0,0,0,0,0,73,0,0,0,0,0,0,0,0,0,0,0,0,0,0,0,0,0,0,0,0,0,0,0,0,0,0,0,0,0,0,0,0,0,0,0,0,0,0,0,0,0,0,0,0,0,0,0,0,0,0,73,0,0,0,0,0,0
2011,United_States,GAVI,TLS,Timor-Leste,0,30,0,0,0,0,0,0,0,0,0,0,0,30,0,0,0,0,0,0,0,0,0,0,0,0,0,0,0,0,0,0,0,0,0,0,0,0,0,0,0,0,0,0,0,0,0,0,0,0,0,0,0,0,0,0,0,0,0,0,0,0,0,0,30,0,0,0,0,0,0
2011,Australia,GFATM,TLS,Timor-Leste,0,80,0,0,0,0,0,0,0,0,0,0,0,0,0,0,0,0,5,7,1,0,1,2,0,3,8,1,0,1,2,1,1,5,1,0,5,4,2,1,5,1,5,11,2,4,1,0,0,0,0,0,0,0,0,0,0,0,0,0,0,0,0,0,0,0,28,23,29,0,0
2011,Austria,GFATM,TLS,Timor-Leste,0,6,0,0,0,0,0,0,0,0,0,0,0,0,0,0,0,0,0,1,0,0,0,0,0,0,1,0,0,0,0,0,0,0,0,0,0,0,0,0,0,0,0,1,0,0,0,0,0,0,0,0,0,0,0,0,0,0,0,0,0,0,0,0,0,0,2,2,2,0,0
2011,Belgium,GFATM,TLS,Timor-Leste,0,56,0,0,0,0,0,0,0,0,0,0,0,0,0,0,0,0,3,5,0,0,1,2,0,2,6,1,0,1,2,0,0,4,0,0,4,3,1,1,3,1,3,8,1,3,1,0,0,0,0,0,0,0,0,0,0,0,0,0,0,0,0,0,0,0,20,16,20,0,0
2011,Canada,GFATM,TLS,Timor-Leste,0,307,0,1,0,0,0,0,0,0,0,0,0,0,0,0,0,0,19,27,2,0,3,9,0,10,32,4,1,3,9,3,3,20,3,0,21,15,8,3,18,5,18,41,8,15,5,0,0,0,0,0,0,0,0,0,0,0,0,0,0,0,0,0,0,0,109,88,110,0,1
2011,China,GFATM,TLS,Timor-Leste,0,7,0,0,0,0,0,0,0,0,0,0,0,0,0,0,0,0,0,1,0,0,0,0,0,0,1,0,0,0,0,0,0,0,0,0,0,0,0,0,0,0,0,1,0,0,0,0,0,0,0,0,0,0,0,0,0,0,0,0,0,0,0,0,0,0,2,2,2,0,0
2011,Denmark,GFATM,TLS,Timor-Leste,0,58,0,0,0,0,0,0,0,0,0,0,0,0,0,0,0,0,4,5,0,0,1,2,0,2,6,1,0,1,2,1,1,4,0,0,4,3,1,1,4,1,3,8,1,3,1,0,0,0,0,0,0,0,0,0,0,0,0,0,0,0,0,0,0,0,21,17,21,0,0
2011,Finland,GFATM,TLS,Timor-Leste,0,13,0,0,0,0,0,0,0,0,0,0,0,0,0,0,0,0,1,1,0,0,0,0,0,0,1,0,0,0,0,0,0,1,0,0,1,1,0,0,1,0,1,2,0,1,0,0,0,0,0,0,0,0,0,0,0,0,0,0,0,0,0,0,0,0,5,4,5,0,0
2011,France,GFATM,TLS,Timor-Leste,0,871,0,1,0,0,0,0,0,0,0,0,0,0,0,0,0,0,53,76,5,1,9,26,0,30,92,13,4,9,26,8,8,58,7,0,59,44,21,9,52,14,51,116,22,44,13,0,0,0,0,0,0,0,0,0,0,0,0,0,0,0,0,0,0,0,309,249,312,0,1
2011,Gates Foundation,GFATM,TLS,Timor-Leste,0,261,0,0,0,0,0,0,0,0,0,0,0,0,0,0,0,0,16,23,2,0,3,8,0,9,27,4,1,3,8,2,2,17,2,0,18,13,6,3,16,4,15,35,6,13,4,0,0,0,0,0,0,0,0,0,0,0,0,0,0,0,0,0,0,0,93,74,93,0,0
2011,Germany,GFATM,TLS,Timor-Leste,0,557,0,1,0,0,0,0,0,0,0,0,0,0,0,0,0,0,34,49,4,1,6,17,0,19,59,8,2,6,17,5,5,37,5,0,37,28,14,6,33,9,32,74,14,28,8,0,0,0,0,0,0,0,0,0,0,0,0,0,0,0,0,0,0,0,198,159,199,0,1
2011,Greece,GFATM,TLS,Timor-Leste,0,5,0,0,0,0,0,0,0,0,0,0,0,0,0,0,0,0,0,0,0,0,0,0,0,0,0,0,0,0,0,0,0,0,0,0,0,0,0,0,0,0,0,1,0,0,0,0,0,0,0,0,0,0,0,0,0,0,0,0,0,0,0,0,0,0,2,1,2,0,0
2011,Ireland,GFATM,TLS,Timor-Leste,0,3,0,0,0,0,0,0,0,0,0,0,0,0,0,0,0,0,0,0,0,0,0,0,0,0,0,0,0,0,0,0,0,0,0,0,0,0,0,0,0,0,0,0,0,0,0,0,0,0,0,0,0,0,0,0,0,0,0,0,0,0,0,0,0,0,1,1,1,0,0
2011,Italy,GFATM,TLS,Timor-Leste,0,36,0,0,0,0,0,0,0,0,0,0,0,0,0,0,0,0,2,3,0,0,0,1,0,1,4,1,0,0,1,0,0,2,0,0,2,2,1,0,2,1,2,5,1,2,1,0,0,0,0,0,0,0,0,0,0,0,0,0,0,0,0,0,0,0,13,10,13,0,0
2011,Japan,GFATM,TLS,Timor-Leste,0,199,0,0,0,0,0,0,0,0,0,0,0,0,0,0,0,0,12,17,1,0,2,6,0,7,21,3,1,2,6,2,2,13,2,0,13,10,5,2,12,3,12,26,5,10,3,0,0,0,0,0,0,0,0,0,0,0,0,0,0,0,0,0,0,0,70,57,71,0,0
2011,Korea,GFATM,TLS,Timor-Leste,0,3,0,0,0,0,0,0,0,0,0,0,0,0,0,0,0,0,0,0,0,0,0,0,0,0,0,0,0,0,0,0,0,0,0,0,0,0,0,0,0,0,0,0,0,0,0,0,0,0,0,0,0,0,0,0,0,0,0,0,0,0,0,0,0,0,1,1,1,0,0
2011,Luxembourg,GFATM,TLS,Timor-Leste,0,6,0,0,0,0,0,0,0,0,0,0,0,0,0,0,0,0,0,1,0,0,0,0,0,0,1,0,0,0,0,0,0,0,0,0,0,0,0,0,0,0,0,1,0,0,0,0,0,0,0,0,0,0,0,0,0,0,0,0,0,0,0,0,0,0,2,2,2,0,0
2011,Netherlands,GFATM,TLS,Timor-Leste,0,166,0,0,0,0,0,0,0,0,0,0,0,0,0,0,0,0,10,15,1,0,2,5,0,6,17,2,1,2,5,1,1,11,1,0,11,8,4,2,10,3,10,22,4,8,2,0,0,0,0,0,0,0,0,0,0,0,0,0,0,0,0,0,0,0,59,48,60,0,0
2011,Non_OECD_non_DAC_countries,GFATM,TLS,Timor-Leste,0,42,0,0,0,0,0,0,0,0,0,0,0,0,0,0,0,0,3,4,0,0,0,1,0,1,4,1,0,0,1,0,0,3,0,0,3,2,1,0,2,1,2,6,1,2,1,0,0,0,0,0,0,0,0,0,0,0,0,0,0,0,0,0,0,0,15,12,15,0,0
2011,Norway,GFATM,TLS,Timor-Leste,0,132,0,0,0,0,0,0,0,0,0,0,0,0,0,0,0,0,8,12,1,0,1,4,0,4,14,2,1,1,4,1,1,9,1,0,9,7,3,1,8,2,8,18,3,7,2,0,0,0,0,0,0,0,0,0,0,0,0,0,0,0,0,0,0,0,47,38,47,0,0
2011,Other_OECD_DAC_countries,GFATM,TLS,Timor-Leste,0,11,0,0,0,0,0,0,0,0,0,0,0,0,0,0,0,0,1,1,0,0,0,0,0,0,1,0,0,0,0,0,0,1,0,0,1,1,0,0,1,0,1,1,0,1,0,0,0,0,0,0,0,0,0,0,0,0,0,0,0,0,0,0,0,0,4,3,4,0,0
2011,Portugal,GFATM,TLS,Timor-Leste,0,3,0,0,0,0,0,0,0,0,0,0,0,0,0,0,0,0,0,0,0,0,0,0,0,0,0,0,0,0,0,0,0,0,0,0,0,0,0,0,0,0,0,0,0,0,0,0,0,0,0,0,0,0,0,0,0,0,0,0,0,0,0,0,0,0,1,1,1,0,0
2011,Private_other,GFATM,TLS,Timor-Leste,0,60,0,0,0,0,0,0,0,0,0,0,0,0,0,0,0,0,4,5,0,0,1,2,0,2,6,1,0,1,2,1,1,4,1,0,4,3,1,1,4,1,4,8,1,3,1,0,0,0,0,0,0,0,0,0,0,0,0,0,0,0,0,0,0,0,21,17,22,0,0
2011,Spain,GFATM,TLS,Timor-Leste,0,21,0,0,0,0,0,0,0,0,0,0,0,0,0,0,0,0,1,2,0,0,0,1,0,1,2,0,0,0,1,0,0,1,0,0,1,1,1,0,1,0,1,3,1,1,0,0,0,0,0,0,0,0,0,0,0,0,0,0,0,0,0,0,0,0,8,6,8,0,0
2011,Sweden,GFATM,TLS,Timor-Leste,0,159,0,0,0,0,0,0,0,0,0,0,0,0,0,0,0,0,10,14,1,0,2,5,0,5,17,2,1,2,5,1,1,11,1,0,11,8,4,2,9,3,9,21,4,8,2,0,0,0,0,0,0,0,0,0,0,0,0,0,0,0,0,0,0,0,56,45,57,0,0
2011,Switzerland,GFATM,TLS,Timor-Leste,0,15,0,0,0,0,0,0,0,0,0,0,0,0,0,0,0,0,1,1,0,0,0,0,0,1,2,0,0,0,0,0,0,1,0,0,1,1,0,0,1,0,1,2,0,1,0,0,0,0,0,0,0,0,0,0,0,0,0,0,0,0,0,0,0,0,5,4,5,0,0
2011,United_Kingdom,GFATM,TLS,Timor-Leste,0,450,0,1,0,0,0,0,0,0,0,0,0,0,0,0,0,0,27,39,3,1,5,13,0,15,47,6,2,5,13,4,4,30,4,0,30,23,11,5,27,7,26,60,11,23,7,0,0,0,0,0,0,0,0,0,0,0,0,0,0,0,0,0,0,0,160,128,161,0,1
2011,United_States,GFATM,TLS,Timor-Leste,0,1728,0,3,0,0,0,0,0,0,0,0,0,0,0,0,0,0,106,151,11,3,19,51,1,59,182,25,7,18,52,15,15,115,15,0,116,86,42,18,103,28,101,230,43,87,26,0,0,0,0,0,0,0,0,0,0,0,0,0,0,0,0,0,0,0,613,493,619,0,3
2011,Australia,INTLNGO,TLS,Timor-Leste,0,3842,2505,0,0,0,1337,0,0,0,0,0,0,0,0,0,0,0,0,0,0,0,0,0,0,0,0,0,0,0,0,0,0,0,0,0,0,0,0,0,0,0,0,0,0,0,0,0,0,0,0,0,0,0,0,0,0,0,0,0,0,0,0,1337,0,0,0,0,0,0,2505
2011,Canada,INTLNGO,TLS,Timor-Leste,0,135,1,0,10,0,0,2,0,1,0,0,109,0,0,0,0,0,0,0,0,0,0,0,0,0,5,0,0,0,0,0,0,0,0,0,0,0,0,0,0,0,0,0,0,0,0,0,0,0,0,0,0,0,0,0,0,6,0,0,0,0,0,3,109,6,6,0,0,0,11
2011,Finland,INTLNGO,TLS,Timor-Leste,0,117,0,0,0,0,0,0,0,0,0,0,0,0,0,0,0,0,0,0,0,0,0,0,0,0,0,0,0,0,0,0,0,0,0,0,0,0,0,0,0,0,0,0,0,0,0,0,0,0,0,0,0,0,0,0,0,0,0,0,0,117,0,0,0,0,0,0,0,0,0
2011,Germany,INTLNGO,TLS,Timor-Leste,0,469,423,0,0,0,0,0,0,0,0,0,0,0,0,0,0,0,0,2,0,0,0,0,0,0,0,0,0,0,0,0,0,0,0,0,0,0,0,0,0,0,0,0,0,0,0,0,0,0,0,0,0,0,0,0,0,0,0,0,0,44,0,0,0,0,2,0,0,0,423
2011,Japan,INTLNGO,TLS,Timor-Leste,0,485,0,0,0,0,0,258,0,0,0,0,0,0,0,0,0,0,0,0,0,0,0,0,0,0,0,0,0,0,0,0,0,0,0,0,0,0,0,0,0,0,0,0,0,0,0,0,0,0,0,0,0,0,0,0,0,0,0,0,0,227,0,258,0,0,0,0,0,0,0
2011,Netherlands,INTLNGO,TLS,Timor-Leste,0,4,0,0,0,0,0,0,0,0,0,0,0,0,0,0,0,0,0,0,0,0,0,0,0,4,0,0,0,0,0,0,0,0,0,0,0,0,0,0,0,0,0,0,0,0,0,0,0,0,0,0,0,0,0,0,0,0,0,0,0,0,0,0,0,0,4,0,0,0,0
2011,Norway,INTLNGO,TLS,Timor-Leste,0,1,0,0,0,0,0,0,0,0,0,0,0,0,0,0,0,0,0,1,0,0,0,0,0,0,0,0,0,0,0,0,0,0,0,0,0,0,0,0,0,0,0,0,0,0,0,0,0,0,0,0,0,0,0,0,0,0,0,0,0,0,0,0,0,0,1,0,0,0,0
2011,Portugal,INTLNGO,TLS,Timor-Leste,0,113,0,0,0,0,0,51,0,0,34,0,0,0,0,0,28,0,0,0,0,0,0,0,0,0,0,0,0,0,0,0,0,0,0,0,0,0,0,0,0,0,0,0,0,0,0,0,0,0,0,0,0,0,0,0,0,0,0,0,0,0,0,85,28,0,0,0,0,0,0
2011,Sweden,INTLNGO,TLS,Timor-Leste,0,5,0,0,0,0,0,0,0,0,0,0,2,0,0,0,2,0,0,0,0,0,0,0,0,0,0,1,0,0,0,0,0,0,0,0,0,0,0,0,0,0,0,0,0,0,0,0,0,0,0,0,0,0,0,0,0,0,0,0,0,0,0,0,4,0,1,0,0,0,0
2011,United_Kingdom,INTLNGO,TLS,Timor-Leste,0,6,0,0,0,0,1,5,0,0,0,0,0,0,0,0,0,0,0,0,0,0,0,0,0,0,0,0,0,0,0,0,0,0,0,0,0,0,0,0,0,0,0,0,0,0,0,0,0,0,0,0,0,0,0,0,0,0,0,0,0,0,0,6,0,0,0,0,0,0,0
2011,Corporate_donations,NGO,TLS,Timor-Leste,0,315,30,0,10,0,2,4,0,2,19,1,11,9,6,5,20,0,10,5,1,7,8,5,0,3,8,26,2,0,0,0,1,1,0,0,1,0,4,0,0,0,0,0,0,0,0,0,0,0,20,0,0,0,0,1,3,18,39,1,0,33,0,27,51,62,73,8,0,21,40
2011,Gates Foundation,NGO,TLS,Timor-Leste,0,54,1,0,1,0,5,0,0,0,0,0,0,14,2,3,4,7,0,0,0,0,0,0,0,5,1,0,0,0,0,0,1,1,0,0,2,1,0,0,0,0,0,0,0,0,0,0,0,0,0,0,1,0,0,0,0,0,3,0,0,3,0,5,30,3,6,4,0,1,2
2011,Private_other,NGO,TLS,Timor-Leste,0,3074,155,3,36,4,37,43,26,3,133,2,103,222,98,59,231,66,66,14,3,45,13,11,0,57,89,52,4,1,0,0,9,5,5,0,16,10,10,1,6,0,0,3,1,1,1,0,0,0,34,2,7,1,30,13,66,25,272,3,0,978,0,243,778,409,354,58,12,45,198
2011,United_States,NGO,TLS,Timor-Leste,0,1600,0,0,0,5,432,538,0,62,15,0,1,0,88,417,5,0,4,3,0,0,2,0,0,0,3,3,0,0,0,0,1,5,3,0,0,7,2,0,0,0,0,0,1,0,0,0,0,0,5,0,0,0,0,0,0,0,0,0,0,0,0,1046,512,0,15,16,1,5,5
2011,Australia,UNFPA,TLS,Timor-Leste,0,65,0,0,0,0,14,28,8,15,0,0,0,0,0,0,0,0,0,0,0,0,0,0,0,0,0,0,0,0,0,0,0,0,0,0,0,0,0,0,0,0,0,0,0,0,0,0,0,0,0,0,0,0,0,0,0,0,0,0,0,0,0,65,0,0,0,0,0,0,0
2011,Austria,UNFPA,TLS,Timor-Leste,0,5,0,0,0,0,1,2,1,1,0,0,0,0,0,0,0,0,0,0,0,0,0,0,0,0,0,0,0,0,0,0,0,0,0,0,0,0,0,0,0,0,0,0,0,0,0,0,0,0,0,0,0,0,0,0,0,0,0,0,0,0,0,5,0,0,0,0,0,0,0
2011,Belgium,UNFPA,TLS,Timor-Leste,0,29,0,0,0,0,6,13,3,7,0,0,0,0,0,0,0,0,0,0,0,0,0,0,0,0,0,0,0,0,0,0,0,0,0,0,0,0,0,0,0,0,0,0,0,0,0,0,0,0,0,0,0,0,0,0,0,0,0,0,0,0,0,29,0,0,0,0,0,0,0
2011,Canada,UNFPA,TLS,Timor-Leste,0,69,0,0,0,0,15,31,8,16,0,0,0,0,0,0,0,0,0,0,0,0,0,0,0,0,0,0,0,0,0,0,0,0,0,0,0,0,0,0,0,0,0,0,0,0,0,0,0,0,0,0,0,0,0,0,0,0,0,0,0,0,0,69,0,0,0,0,0,0,0
2011,China,UNFPA,TLS,Timor-Leste,0,4,0,0,0,0,1,2,0,1,0,0,0,0,0,0,0,0,0,0,0,0,0,0,0,0,0,0,0,0,0,0,0,0,0,0,0,0,0,0,0,0,0,0,0,0,0,0,0,0,0,0,0,0,0,0,0,0,0,0,0,0,0,4,0,0,0,0,0,0,0
2011,Corporate_donations,UNFPA,TLS,Timor-Leste,0,4,0,0,0,0,1,2,1,1,0,0,0,0,0,0,0,0,0,0,0,0,0,0,0,0,0,0,0,0,0,0,0,0,0,0,0,0,0,0,0,0,0,0,0,0,0,0,0,0,0,0,0,0,0,0,0,0,0,0,0,0,0,4,0,0,0,0,0,0,0
2011,Denmark,UNFPA,TLS,Timor-Leste,0,147,0,0,0,0,31,65,18,34,0,0,0,0,0,0,0,0,0,0,0,0,0,0,0,0,0,0,0,0,0,0,0,0,0,0,0,0,0,0,0,0,0,0,0,0,0,0,0,0,0,0,0,0,0,0,0,0,0,0,0,0,0,147,0,0,0,0,0,0,0
2011,Finland,UNFPA,TLS,Timor-Leste,0,141,0,0,0,0,30,62,17,32,0,0,0,0,0,0,0,0,0,0,0,0,0,0,0,0,0,0,0,0,0,0,0,0,0,0,0,0,0,0,0,0,0,0,0,0,0,0,0,0,0,0,0,0,0,0,0,0,0,0,0,0,0,141,0,0,0,0,0,0,0
2011,France,UNFPA,TLS,Timor-Leste,0,23,0,0,0,0,5,10,3,5,0,0,0,0,0,0,0,0,0,0,0,0,0,0,0,0,0,0,0,0,0,0,0,0,0,0,0,0,0,0,0,0,0,0,0,0,0,0,0,0,0,0,0,0,0,0,0,0,0,0,0,0,0,23,0,0,0,0,0,0,0
2011,Gates Foundation,UNFPA,TLS,Timor-Leste,0,3,0,0,0,0,1,1,0,1,0,0,0,0,0,0,0,0,0,0,0,0,0,0,0,0,0,0,0,0,0,0,0,0,0,0,0,0,0,0,0,0,0,0,0,0,0,0,0,0,0,0,0,0,0,0,0,0,0,0,0,0,0,3,0,0,0,0,0,0,0
2011,Germany,UNFPA,TLS,Timor-Leste,0,89,0,0,0,0,19,39,11,21,0,0,0,0,0,0,0,0,0,0,0,0,0,0,0,0,0,0,0,0,0,0,0,0,0,0,0,0,0,0,0,0,0,0,0,0,0,0,0,0,0,0,0,0,0,0,0,0,0,0,0,0,0,89,0,0,0,0,0,0,0
2011,Ireland,UNFPA,TLS,Timor-Leste,0,15,0,0,0,0,3,7,2,4,0,0,0,0,0,0,0,0,0,0,0,0,0,0,0,0,0,0,0,0,0,0,0,0,0,0,0,0,0,0,0,0,0,0,0,0,0,0,0,0,0,0,0,0,0,0,0,0,0,0,0,0,0,15,0,0,0,0,0,0,0
2011,Italy,UNFPA,TLS,Timor-Leste,0,10,0,0,0,0,2,5,1,2,0,0,0,0,0,0,0,0,0,0,0,0,0,0,0,0,0,0,0,0,0,0,0,0,0,0,0,0,0,0,0,0,0,0,0,0,0,0,0,0,0,0,0,0,0,0,0,0,0,0,0,0,0,10,0,0,0,0,0,0,0
2011,Japan,UNFPA,TLS,Timor-Leste,0,100,0,0,0,0,21,44,12,23,0,0,0,0,0,0,0,0,0,0,0,0,0,0,0,0,0,0,0,0,0,0,0,0,0,0,0,0,0,0,0,0,0,0,0,0,0,0,0,0,0,0,0,0,0,0,0,0,0,0,0,0,0,100,0,0,0,0,0,0,0
2011,Luxembourg,UNFPA,TLS,Timor-Leste,0,25,0,0,0,0,5,11,3,6,0,0,0,0,0,0,0,0,0,0,0,0,0,0,0,0,0,0,0,0,0,0,0,0,0,0,0,0,0,0,0,0,0,0,0,0,0,0,0,0,0,0,0,0,0,0,0,0,0,0,0,0,0,25,0,0,0,0,0,0,0
2011,Netherlands,UNFPA,TLS,Timor-Leste,0,252,0,0,0,0,53,111,30,58,0,0,0,0,0,0,0,0,0,0,0,0,0,0,0,0,0,0,0,0,0,0,0,0,0,0,0,0,0,0,0,0,0,0,0,0,0,0,0,0,0,0,0,0,0,0,0,0,0,0,0,0,0,252,0,0,0,0,0,0,0
2011,New_Zealand,UNFPA,TLS,Timor-Leste,0,16,0,0,0,0,3,7,2,4,0,0,0,0,0,0,0,0,0,0,0,0,0,0,0,0,0,0,0,0,0,0,0,0,0,0,0,0,0,0,0,0,0,0,0,0,0,0,0,0,0,0,0,0,0,0,0,0,0,0,0,0,0,16,0,0,0,0,0,0,0
2011,Non_OECD_DAC_countries,UNFPA,TLS,Timor-Leste,0,5,0,0,0,0,1,2,1,1,0,0,0,0,0,0,0,0,0,0,0,0,0,0,0,0,0,0,0,0,0,0,0,0,0,0,0,0,0,0,0,0,0,0,0,0,0,0,0,0,0,0,0,0,0,0,0,0,0,0,0,0,0,5,0,0,0,0,0,0,0
2011,Non_OECD_non_DAC_countries,UNFPA,TLS,Timor-Leste,0,49,0,0,0,0,10,21,6,11,0,0,0,0,0,0,0,0,0,0,0,0,0,0,0,0,0,0,0,0,0,0,0,0,0,0,0,0,0,0,0,0,0,0,0,0,0,0,0,0,0,0,0,0,0,0,0,0,0,0,0,0,0,49,0,0,0,0,0,0,0
2011,Norway,UNFPA,TLS,Timor-Leste,0,219,0,0,0,0,46,96,26,50,0,0,0,0,0,0,0,0,0,0,0,0,0,0,0,0,0,0,0,0,0,0,0,0,0,0,0,0,0,0,0,0,0,0,0,0,0,0,0,0,0,0,0,0,0,0,0,0,0,0,0,0,0,219,0,0,0,0,0,0,0
2011,Other,UNFPA,TLS,Timor-Leste,0,652,0,0,0,0,137,287,78,150,0,0,0,0,0,0,0,0,0,0,0,0,0,0,0,0,0,0,0,0,0,0,0,0,0,0,0,0,0,0,0,0,0,0,0,0,0,0,0,0,0,0,0,0,0,0,0,0,0,0,0,0,0,652,0,0,0,0,0,0,0
2011,Portugal,UNFPA,TLS,Timor-Leste,0,1,0,0,0,0,0,1,0,0,0,0,0,0,0,0,0,0,0,0,0,0,0,0,0,0,0,0,0,0,0,0,0,0,0,0,0,0,0,0,0,0,0,0,0,0,0,0,0,0,0,0,0,0,0,0,0,0,0,0,0,0,0,1,0,0,0,0,0,0,0
2011,Private_other,UNFPA,TLS,Timor-Leste,0,18,0,0,0,0,4,8,2,4,0,0,0,0,0,0,0,0,0,0,0,0,0,0,0,0,0,0,0,0,0,0,0,0,0,0,0,0,0,0,0,0,0,0,0,0,0,0,0,0,0,0,0,0,0,0,0,0,0,0,0,0,0,18,0,0,0,0,0,0,0
2011,Spain,UNFPA,TLS,Timor-Leste,0,100,0,0,0,0,21,44,12,23,0,0,0,0,0,0,0,0,0,0,0,0,0,0,0,0,0,0,0,0,0,0,0,0,0,0,0,0,0,0,0,0,0,0,0,0,0,0,0,0,0,0,0,0,0,0,0,0,0,0,0,0,0,100,0,0,0,0,0,0,0
2011,Sweden,UNFPA,TLS,Timor-Leste,0,254,0,0,0,0,53,112,31,59,0,0,0,0,0,0,0,0,0,0,0,0,0,0,0,0,0,0,0,0,0,0,0,0,0,0,0,0,0,0,0,0,0,0,0,0,0,0,0,0,0,0,0,0,0,0,0,0,0,0,0,0,0,254,0,0,0,0,0,0,0
2011,Switzerland,UNFPA,TLS,Timor-Leste,0,53,0,0,0,0,11,23,6,12,0,0,0,0,0,0,0,0,0,0,0,0,0,0,0,0,0,0,0,0,0,0,0,0,0,0,0,0,0,0,0,0,0,0,0,0,0,0,0,0,0,0,0,0,0,0,0,0,0,0,0,0,0,53,0,0,0,0,0,0,0
2011,Unallocable,UNFPA,TLS,Timor-Leste,0,4,0,0,0,0,1,2,1,1,0,0,0,0,0,0,0,0,0,0,0,0,0,0,0,0,0,0,0,0,0,0,0,0,0,0,0,0,0,0,0,0,0,0,0,0,0,0,0,0,0,0,0,0,0,0,0,0,0,0,0,0,0,4,0,0,0,0,0,0,0
2011,United_Kingdom,UNFPA,TLS,Timor-Leste,0,185,0,0,0,0,39,82,22,43,0,0,0,0,0,0,0,0,0,0,0,0,0,0,0,0,0,0,0,0,0,0,0,0,0,0,0,0,0,0,0,0,0,0,0,0,0,0,0,0,0,0,0,0,0,0,0,0,0,0,0,0,0,185,0,0,0,0,0,0,0
2011,United_States,UNFPA,TLS,Timor-Leste,0,178,0,0,0,0,37,79,21,41,0,0,0,0,0,0,0,0,0,0,0,0,0,0,0,0,0,0,0,0,0,0,0,0,0,0,0,0,0,0,0,0,0,0,0,0,0,0,0,0,0,0,0,0,0,0,0,0,0,0,0,0,0,178,0,0,0,0,0,0,0
2011,Australia,UNICEF,TLS,Timor-Leste,0,88,0,0,0,0,0,0,3,0,0,0,25,19,29,7,0,0,0,1,1,1,0,0,0,2,0,0,0,0,0,0,0,0,0,0,0,0,0,0,0,0,0,0,0,0,0,0,0,0,0,0,0,0,0,0,0,0,0,0,0,0,0,3,80,0,5,0,0,0,0
2011,Austria,UNICEF,TLS,Timor-Leste,0,6,0,0,0,0,0,0,0,0,0,0,2,1,2,0,0,0,0,0,0,0,0,0,0,0,0,0,0,0,0,0,0,0,0,0,0,0,0,0,0,0,0,0,0,0,0,0,0,0,0,0,0,0,0,0,0,0,0,0,0,0,0,0,5,0,0,0,0,0,0
2011,Belgium,UNICEF,TLS,Timor-Leste,0,34,0,0,0,0,0,0,1,0,0,0,10,7,11,3,0,0,0,0,0,0,0,0,0,1,0,0,0,0,0,0,0,0,0,0,0,0,0,0,0,0,0,0,0,0,0,0,0,0,0,0,0,0,0,0,0,0,0,0,0,0,0,1,31,0,2,0,0,0,0
2011,Canada,UNICEF,TLS,Timor-Leste,0,90,0,0,0,0,0,0,3,0,0,0,26,20,30,7,0,0,0,1,1,1,0,0,0,2,0,0,0,0,0,0,0,0,0,0,0,0,0,0,0,0,0,0,0,0,0,0,0,0,0,0,0,0,0,0,0,0,0,0,0,0,0,3,82,0,5,0,0,0,0
2011,China,UNICEF,TLS,Timor-Leste,0,1,0,0,0,0,0,0,0,0,0,0,0,0,0,0,0,0,0,0,0,0,0,0,0,0,0,0,0,0,0,0,0,0,0,0,0,0,0,0,0,0,0,0,0,0,0,0,0,0,0,0,0,0,0,0,0,0,0,0,0,0,0,0,1,0,0,0,0,0,0
2011,Denmark,UNICEF,TLS,Timor-Leste,0,40,0,0,0,0,0,0,1,0,0,0,11,9,13,3,0,0,0,0,0,0,0,0,0,1,0,0,0,0,0,0,0,0,0,0,0,0,0,0,0,0,0,0,0,0,0,0,0,0,0,0,0,0,0,0,0,0,0,0,0,0,0,1,36,0,2,0,0,0,0
2011,Finland,UNICEF,TLS,Timor-Leste,0,30,0,0,0,0,0,0,1,0,0,0,9,7,10,2,0,0,0,0,0,0,0,0,0,1,0,0,0,0,0,0,0,0,0,0,0,0,0,0,0,0,0,0,0,0,0,0,0,0,0,0,0,0,0,0,0,0,0,0,0,0,0,1,28,0,2,0,0,0,0
2011,France,UNICEF,TLS,Timor-Leste,0,33,0,0,0,0,0,0,1,0,0,0,10,7,11,3,0,0,0,0,0,0,0,0,0,1,0,0,0,0,0,0,0,0,0,0,0,0,0,0,0,0,0,0,0,0,0,0,0,0,0,0,0,0,0,0,0,0,0,0,0,0,0,1,30,0,2,0,0,0,0
2011,Germany,UNICEF,TLS,Timor-Leste,0,41,0,0,0,0,0,0,1,0,0,0,12,9,13,3,0,0,0,0,0,0,0,0,0,1,0,0,0,0,0,0,0,0,0,0,0,0,0,0,0,0,0,0,0,0,0,0,0,0,0,0,0,0,0,0,0,0,0,0,0,0,0,1,37,0,2,0,0,0,0
2011,Greece,UNICEF,TLS,Timor-Leste,0,2,0,0,0,0,0,0,0,0,0,0,1,0,1,0,0,0,0,0,0,0,0,0,0,0,0,0,0,0,0,0,0,0,0,0,0,0,0,0,0,0,0,0,0,0,0,0,0,0,0,0,0,0,0,0,0,0,0,0,0,0,0,0,2,0,0,0,0,0,0
2011,Ireland,UNICEF,TLS,Timor-Leste,0,14,0,0,0,0,0,0,0,0,0,0,4,3,5,1,0,0,0,0,0,0,0,0,0,0,0,0,0,0,0,0,0,0,0,0,0,0,0,0,0,0,0,0,0,0,0,0,0,0,0,0,0,0,0,0,0,0,0,0,0,0,0,0,13,0,1,0,0,0,0
2011,Italy,UNICEF,TLS,Timor-Leste,0,27,0,0,0,0,0,0,1,0,0,0,8,6,9,2,0,0,0,0,0,0,0,0,0,1,0,0,0,0,0,0,0,0,0,0,0,0,0,0,0,0,0,0,0,0,0,0,0,0,0,0,0,0,0,0,0,0,0,0,0,0,0,1,25,0,1,0,0,0,0
2011,Japan,UNICEF,TLS,Timor-Leste,0,125,0,0,0,0,0,0,4,0,0,0,36,27,41,10,0,0,0,1,1,1,0,0,0,3,0,0,0,0,0,0,0,0,0,0,0,0,0,0,0,0,0,0,0,0,0,0,0,0,0,0,0,0,0,0,0,0,0,0,0,0,0,4,114,0,7,0,0,0,0
2011,Korea,UNICEF,TLS,Timor-Leste,0,7,0,0,0,0,0,0,0,0,0,0,2,2,2,1,0,0,0,0,0,0,0,0,0,0,0,0,0,0,0,0,0,0,0,0,0,0,0,0,0,0,0,0,0,0,0,0,0,0,0,0,0,0,0,0,0,0,0,0,0,0,0,0,6,0,0,0,0,0,0
2011,Luxembourg,UNICEF,TLS,Timor-Leste,0,7,0,0,0,0,0,0,0,0,0,0,2,1,2,1,0,0,0,0,0,0,0,0,0,0,0,0,0,0,0,0,0,0,0,0,0,0,0,0,0,0,0,0,0,0,0,0,0,0,0,0,0,0,0,0,0,0,0,0,0,0,0,0,6,0,0,0,0,0,0
2011,Netherlands,UNICEF,TLS,Timor-Leste,0,111,0,0,0,0,0,0,4,0,0,0,32,24,37,9,0,0,0,1,1,1,0,0,0,3,0,0,0,0,0,0,0,0,0,0,0,0,0,0,0,0,0,0,0,0,0,0,0,0,0,0,0,0,0,0,0,0,0,0,0,0,0,4,102,0,6,0,0,0,0
2011,New_Zealand,UNICEF,TLS,Timor-Leste,0,5,0,0,0,0,0,0,0,0,0,0,2,1,2,0,0,0,0,0,0,0,0,0,0,0,0,0,0,0,0,0,0,0,0,0,0,0,0,0,0,0,0,0,0,0,0,0,0,0,0,0,0,0,0,0,0,0,0,0,0,0,0,0,5,0,0,0,0,0,0
2011,Non_OECD_DAC_countries,UNICEF,TLS,Timor-Leste,0,12,0,0,0,0,0,0,0,0,0,0,3,3,4,1,0,0,0,0,0,0,0,0,0,0,0,0,0,0,0,0,0,0,0,0,0,0,0,0,0,0,0,0,0,0,0,0,0,0,0,0,0,0,0,0,0,0,0,0,0,0,0,0,11,0,1,0,0,0,0
2011,Non_OECD_non_DAC_countries,UNICEF,TLS,Timor-Leste,0,18,0,0,0,0,0,0,1,0,0,0,5,4,6,1,0,0,0,0,0,0,0,0,0,0,0,0,0,0,0,0,0,0,0,0,0,0,0,0,0,0,0,0,0,0,0,0,0,0,0,0,0,0,0,0,0,0,0,0,0,0,0,1,17,0,1,0,0,0,0
2011,Norway,UNICEF,TLS,Timor-Leste,0,149,0,0,0,0,0,0,5,0,0,0,43,32,49,12,0,0,0,1,1,1,0,0,0,3,0,0,0,0,0,0,0,0,0,0,0,0,0,0,0,0,0,0,0,0,0,0,0,0,0,0,0,0,0,0,0,0,0,0,0,0,0,5,137,0,8,0,0,0,0
2011,Other,UNICEF,TLS,Timor-Leste,0,12,0,0,0,0,0,0,0,0,0,0,4,3,4,1,0,0,0,0,0,0,0,0,0,0,0,0,0,0,0,0,0,0,0,0,0,0,0,0,0,0,0,0,0,0,0,0,0,0,0,0,0,0,0,0,0,0,0,0,0,0,0,0,11,0,1,0,0,0,0
2011,Other_OECD_DAC_countries,UNICEF,TLS,Timor-Leste,0,4,0,0,0,0,0,0,0,0,0,0,1,1,1,0,0,0,0,0,0,0,0,0,0,0,0,0,0,0,0,0,0,0,0,0,0,0,0,0,0,0,0,0,0,0,0,0,0,0,0,0,0,0,0,0,0,0,0,0,0,0,0,0,4,0,0,0,0,0,0
2011,Portugal,UNICEF,TLS,Timor-Leste,0,2,0,0,0,0,0,0,0,0,0,0,0,0,1,0,0,0,0,0,0,0,0,0,0,0,0,0,0,0,0,0,0,0,0,0,0,0,0,0,0,0,0,0,0,0,0,0,0,0,0,0,0,0,0,0,0,0,0,0,0,0,0,0,1,0,0,0,0,0,0
2011,Private_other,UNICEF,TLS,Timor-Leste,0,680,0,0,0,0,0,0,22,0,0,0,196,148,225,54,0,0,2,6,6,6,2,0,0,16,0,0,0,0,0,0,0,0,0,0,0,0,0,0,0,0,0,0,0,0,0,0,0,0,0,0,0,0,0,0,0,0,0,0,0,0,0,22,622,0,36,0,0,0,0
2011,Spain,UNICEF,TLS,Timor-Leste,0,71,0,0,0,0,0,0,2,0,0,0,20,15,23,6,0,0,0,1,1,1,0,0,0,2,0,0,0,0,0,0,0,0,0,0,0,0,0,0,0,0,0,0,0,0,0,0,0,0,0,0,0,0,0,0,0,0,0,0,0,0,0,2,65,0,4,0,0,0,0
2011,Sweden,UNICEF,TLS,Timor-Leste,0,111,0,0,0,0,0,0,4,0,0,0,32,24,37,9,0,0,0,1,1,1,0,0,0,3,0,0,0,0,0,0,0,0,0,0,0,0,0,0,0,0,0,0,0,0,0,0,0,0,0,0,0,0,0,0,0,0,0,0,0,0,0,4,101,0,6,0,0,0,0
2011,Switzerland,UNICEF,TLS,Timor-Leste,0,19,0,0,0,0,0,0,1,0,0,0,5,4,6,2,0,0,0,0,0,0,0,0,0,0,0,0,0,0,0,0,0,0,0,0,0,0,0,0,0,0,0,0,0,0,0,0,0,0,0,0,0,0,0,0,0,0,0,0,0,0,0,1,17,0,1,0,0,0,0
2011,United_Kingdom,UNICEF,TLS,Timor-Leste,0,205,0,0,0,0,0,0,7,0,0,0,59,44,68,16,0,0,1,2,2,2,1,0,0,5,0,0,0,0,0,0,0,0,0,0,0,0,0,0,0,0,0,0,0,0,0,0,0,0,0,0,0,0,0,0,0,0,0,0,0,0,0,7,187,0,11,0,0,0,0
2011,United_States,UNICEF,TLS,Timor-Leste,0,227,0,0,0,0,0,0,7,0,0,0,65,49,75,18,0,0,1,2,2,2,1,0,0,5,0,0,0,0,0,0,0,0,0,0,0,0,0,0,0,0,0,0,0,0,0,0,0,0,0,0,0,0,0,0,0,0,0,0,0,0,0,7,208,0,12,0,0,0,0
2011,Private_other,US_FOUND,TLS,Timor-Leste,0,32,1,18,0,0,0,0,1,0,1,0,0,0,0,0,3,0,0,2,0,0,0,0,0,0,0,0,0,0,0,0,0,0,0,0,0,0,0,0,0,0,0,0,0,0,0,0,0,0,0,0,0,0,0,0,0,0,0,0,0,3,0,3,3,0,2,0,0,1,20
2011,Australia,WB_IDA,TLS,Timor-Leste,0,5,0,0,2,0,0,0,1,0,0,0,0,0,1,0,0,0,0,0,0,0,0,0,0,0,0,0,0,0,0,0,0,0,0,0,1,0,0,0,0,0,0,0,0,0,0,0,0,0,0,0,0,0,0,0,0,0,0,0,0,0,0,1,1,0,0,1,0,0,2
2011,Austria,WB_IDA,TLS,Timor-Leste,0,4,0,0,2,0,0,0,1,0,0,0,0,0,1,0,0,0,0,0,0,0,0,0,0,0,0,0,0,0,0,0,0,0,0,0,1,0,0,0,0,0,0,0,0,0,0,0,0,0,0,0,0,0,0,0,0,0,0,0,0,0,0,1,1,0,0,1,0,0,2
2011,Belgium,WB_IDA,TLS,Timor-Leste,0,5,0,0,2,0,0,0,1,0,0,0,0,0,1,0,0,0,0,0,0,0,0,0,0,0,0,0,0,0,0,0,0,0,0,0,1,0,0,0,0,0,0,0,0,0,0,0,0,0,0,0,0,0,0,0,0,0,0,0,0,0,0,1,1,0,0,1,0,0,2
2011,Canada,WB_IDA,TLS,Timor-Leste,0,11,0,0,4,0,0,0,2,0,0,0,1,0,2,0,0,0,0,0,0,0,0,0,0,0,0,0,0,0,0,0,0,0,0,0,2,0,0,0,0,0,0,0,0,0,0,0,0,0,0,0,0,0,0,0,0,0,0,0,0,0,0,2,3,0,0,2,0,0,4
2011,China,WB_IDA,TLS,Timor-Leste,0,1,0,0,0,0,0,0,0,0,0,0,0,0,0,0,0,0,0,0,0,0,0,0,0,0,0,0,0,0,0,0,0,0,0,0,0,0,0,0,0,0,0,0,0,0,0,0,0,0,0,0,0,0,0,0,0,0,0,0,0,0,0,0,0,0,0,0,0,0,0
2011,Debt_repayments,WB_IDA,TLS,Timor-Leste,0,68,0,0,24,0,0,0,12,0,0,0,7,0,13,0,0,0,0,0,0,0,0,0,0,0,0,0,0,0,0,0,0,0,0,0,13,0,0,0,0,0,0,0,0,0,0,0,0,0,0,0,0,0,0,0,0,0,0,0,0,0,0,12,19,0,0,13,0,0,24
2011,Denmark,WB_IDA,TLS,Timor-Leste,0,2,0,0,1,0,0,0,0,0,0,0,0,0,0,0,0,0,0,0,0,0,0,0,0,0,0,0,0,0,0,0,0,0,0,0,0,0,0,0,0,0,0,0,0,0,0,0,0,0,0,0,0,0,0,0,0,0,0,0,0,0,0,0,1,0,0,0,0,0,1
2011,Germany,WB_IDA,TLS,Timor-Leste,0,46,0,0,16,0,0,0,8,0,0,0,4,0,8,0,0,0,0,0,0,0,0,0,0,0,0,0,0,0,0,0,0,0,0,0,8,0,0,0,0,0,0,0,0,0,0,0,0,0,0,0,0,0,0,0,0,0,0,0,0,0,0,8,13,0,0,8,0,0,16
2011,Italy,WB_IDA,TLS,Timor-Leste,0,4,0,0,2,0,0,0,1,0,0,0,0,0,1,0,0,0,0,0,0,0,0,0,0,0,0,0,0,0,0,0,0,0,0,0,1,0,0,0,0,0,0,0,0,0,0,0,0,0,0,0,0,0,0,0,0,0,0,0,0,0,0,1,1,0,0,1,0,0,2
2011,Japan,WB_IDA,TLS,Timor-Leste,0,37,0,0,13,0,0,0,6,0,0,0,4,0,7,0,0,0,0,0,0,0,0,0,0,0,0,0,0,0,0,0,0,0,0,0,7,0,0,0,0,0,0,0,0,0,0,0,0,0,0,0,0,0,0,0,0,0,0,0,0,0,0,6,10,0,0,7,0,0,13
2011,Netherlands,WB_IDA,TLS,Timor-Leste,0,13,0,0,5,0,0,0,2,0,0,0,1,0,2,0,0,0,0,0,0,0,0,0,0,0,0,0,0,0,0,0,0,0,0,0,2,0,0,0,0,0,0,0,0,0,0,0,0,0,0,0,0,0,0,0,0,0,0,0,0,0,0,2,4,0,0,2,0,0,5
2011,Non_OECD_DAC_countries,WB_IDA,TLS,Timor-Leste,0,2,0,0,1,0,0,0,0,0,0,0,0,0,0,0,0,0,0,0,0,0,0,0,0,0,0,0,0,0,0,0,0,0,0,0,0,0,0,0,0,0,0,0,0,0,0,0,0,0,0,0,0,0,0,0,0,0,0,0,0,0,0,0,1,0,0,0,0,0,1
2011,Norway,WB_IDA,TLS,Timor-Leste,0,13,0,0,5,0,0,0,2,0,0,0,1,0,2,0,0,0,0,0,0,0,0,0,0,0,0,0,0,0,0,0,0,0,0,0,2,0,0,0,0,0,0,0,0,0,0,0,0,0,0,0,0,0,0,0,0,0,0,0,0,0,0,2,4,0,0,2,0,0,5
2011,Other,WB_IDA,TLS,Timor-Leste,0,14,0,0,5,0,0,0,2,0,0,0,1,0,3,0,0,0,0,0,0,0,0,0,0,0,0,0,0,0,0,0,0,0,0,0,3,0,0,0,0,0,0,0,0,0,0,0,0,0,0,0,0,0,0,0,0,0,0,0,0,0,0,2,4,0,0,3,0,0,5
2011,Spain,WB_IDA,TLS,Timor-Leste,0,7,0,0,3,0,0,0,1,0,0,0,1,0,1,0,0,0,0,0,0,0,0,0,0,0,0,0,0,0,0,0,0,0,0,0,1,0,0,0,0,0,0,0,0,0,0,0,0,0,0,0,0,0,0,0,0,0,0,0,0,0,0,1,2,0,0,1,0,0,3
2011,Sweden,WB_IDA,TLS,Timor-Leste,0,10,0,0,4,0,0,0,2,0,0,0,1,0,2,0,0,0,0,0,0,0,0,0,0,0,0,0,0,0,0,0,0,0,0,0,2,0,0,0,0,0,0,0,0,0,0,0,0,0,0,0,0,0,0,0,0,0,0,0,0,0,0,2,3,0,0,2,0,0,4
2011,Switzerland,WB_IDA,TLS,Timor-Leste,0,18,0,0,7,0,0,0,3,0,0,0,2,0,3,0,0,0,0,0,0,0,0,0,0,0,0,0,0,0,0,0,0,0,0,0,3,0,0,0,0,0,0,0,0,0,0,0,0,0,0,0,0,0,0,0,0,0,0,0,0,0,0,3,5,0,0,3,0,0,7
2011,United_Kingdom,WB_IDA,TLS,Timor-Leste,0,28,0,0,10,0,0,0,5,0,0,0,3,0,5,0,0,0,0,0,0,0,0,0,0,0,0,0,0,0,0,0,0,0,0,0,5,0,0,0,0,0,0,0,0,0,0,0,0,0,0,0,0,0,0,0,0,0,0,0,0,0,0,5,8,0,0,5,0,0,10
2011,United_States,WB_IDA,TLS,Timor-Leste,0,33,0,0,12,0,0,0,6,0,0,0,3,0,6,0,0,0,0,0,0,0,0,0,0,0,0,0,0,0,0,0,0,0,0,0,6,0,0,0,0,0,0,0,0,0,0,0,0,0,0,0,0,0,0,0,0,0,0,0,0,0,0,6,9,0,0,6,0,0,12
2011,Australia,WHO,TLS,Timor-Leste,0,74,0,0,21,3,0,0,2,0,0,0,1,0,3,0,0,0,0,0,0,0,0,0,0,3,0,0,0,0,0,0,0,0,0,0,3,0,0,0,0,0,0,3,0,0,0,0,0,0,29,0,0,0,1,0,1,0,0,0,0,5,0,2,4,2,3,3,3,29,24
2011,Austria,WHO,TLS,Timor-Leste,0,6,0,0,2,0,0,0,0,0,0,0,0,0,0,0,0,0,0,0,0,0,0,0,0,0,0,0,0,0,0,0,0,0,0,0,0,0,0,0,0,0,0,0,0,0,0,0,0,0,3,0,0,0,0,0,0,0,0,0,0,0,0,0,0,0,0,0,0,3,2
2011,Belgium,WHO,TLS,Timor-Leste,0,23,0,0,7,1,0,0,1,0,0,0,0,0,1,0,0,0,0,0,0,0,0,0,0,1,0,0,0,0,0,0,0,0,0,0,1,0,0,0,0,0,0,1,0,0,0,0,0,0,9,0,0,0,0,0,0,0,0,0,0,2,0,1,1,1,1,1,1,9,8
2011,Canada,WHO,TLS,Timor-Leste,0,163,0,0,47,6,0,0,4,0,0,0,2,0,8,0,0,0,0,0,0,0,0,0,0,6,0,0,0,0,0,0,0,0,0,0,6,0,0,0,0,0,0,6,0,0,0,0,0,0,64,0,0,0,1,0,3,0,0,0,0,11,0,4,10,4,6,6,6,64,53
2011,China,WHO,TLS,Timor-Leste,0,18,0,0,5,1,0,0,0,0,0,0,0,0,1,0,0,0,0,0,0,0,0,0,0,1,0,0,0,0,0,0,0,0,0,0,1,0,0,0,0,0,0,1,0,0,0,0,0,0,7,0,0,0,0,0,0,0,0,0,0,1,0,0,1,0,1,1,1,7,6
2011,Corporate_donations,WHO,TLS,Timor-Leste,0,14,0,0,4,1,0,0,0,0,0,0,0,0,1,0,0,0,0,0,0,0,0,0,0,1,0,0,0,0,0,0,0,0,0,0,1,0,0,0,0,0,0,1,0,0,0,0,0,0,5,0,0,0,0,0,0,0,0,0,0,1,0,0,1,0,1,1,1,5,4
2011,Denmark,WHO,TLS,Timor-Leste,0,14,0,0,4,1,0,0,0,0,0,0,0,0,1,0,0,0,0,0,0,0,0,0,0,1,0,0,0,0,0,0,0,0,0,0,1,0,0,0,0,0,0,1,0,0,0,0,0,0,6,0,0,0,0,0,0,0,0,0,0,1,0,0,1,0,1,1,1,6,5
2011,Finland,WHO,TLS,Timor-Leste,0,21,0,0,6,1,0,0,0,0,0,0,0,0,1,0,0,0,0,0,0,0,0,0,0,1,0,0,0,0,0,0,0,0,0,0,1,0,0,0,0,0,0,1,0,0,0,0,0,0,8,0,0,0,0,0,0,0,0,0,0,1,0,0,1,0,1,1,1,8,7
2011,France,WHO,TLS,Timor-Leste,0,83,0,0,24,3,0,0,2,0,0,0,1,0,4,0,0,0,0,0,0,0,0,0,0,3,0,0,0,0,0,0,0,0,0,0,3,0,0,0,0,0,0,3,0,0,0,0,0,0,33,0,0,0,1,0,1,0,0,0,0,6,0,2,5,2,3,3,3,33,27
2011,Gates Foundation,WHO,TLS,Timor-Leste,0,356,0,0,102,14,0,0,8,0,0,0,5,0,16,0,0,0,0,0,0,0,0,0,0,13,0,0,0,0,0,0,0,0,0,0,13,0,0,0,0,0,0,13,0,0,0,0,0,0,139,0,0,0,2,0,6,0,0,0,0,25,0,8,22,8,13,13,13,139,115
2011,Germany,WHO,TLS,Timor-Leste,0,78,0,0,22,3,0,0,2,0,0,0,1,0,4,0,0,0,0,0,0,0,0,0,0,3,0,0,0,0,0,0,0,0,0,0,3,0,0,0,0,0,0,3,0,0,0,0,0,0,30,0,0,0,1,0,1,0,0,0,0,5,0,2,5,2,3,3,3,30,25
2011,Greece,WHO,TLS,Timor-Leste,0,2,0,0,0,0,0,0,0,0,0,0,0,0,0,0,0,0,0,0,0,0,0,0,0,0,0,0,0,0,0,0,0,0,0,0,0,0,0,0,0,0,0,0,0,0,0,0,0,0,1,0,0,0,0,0,0,0,0,0,0,0,0,0,0,0,0,0,0,1,0
2011,Ireland,WHO,TLS,Timor-Leste,0,5,0,0,2,0,0,0,0,0,0,0,0,0,0,0,0,0,0,0,0,0,0,0,0,0,0,0,0,0,0,0,0,0,0,0,0,0,0,0,0,0,0,0,0,0,0,0,0,0,2,0,0,0,0,0,0,0,0,0,0,0,0,0,0,0,0,0,0,2,2
2011,Italy,WHO,TLS,Timor-Leste,0,49,0,0,14,2,0,0,1,0,0,0,1,0,2,0,0,0,0,0,0,0,0,0,0,2,0,0,0,0,0,0,0,0,0,0,2,0,0,0,0,0,0,2,0,0,0,0,0,0,19,0,0,0,0,0,1,0,0,0,0,3,0,1,3,1,2,2,2,19,16
2011,Japan,WHO,TLS,Timor-Leste,0,96,0,0,27,4,0,0,2,0,0,0,1,0,4,0,0,0,0,0,0,0,0,0,0,3,0,0,0,0,0,0,0,0,0,0,3,0,0,0,0,0,0,3,0,0,0,0,0,0,37,0,0,0,1,0,2,0,0,0,0,7,0,2,6,2,3,3,3,37,31
2011,Korea,WHO,TLS,Timor-Leste,0,17,0,0,5,1,0,0,0,0,0,0,0,0,1,0,0,0,0,0,0,0,0,0,0,1,0,0,0,0,0,0,0,0,0,0,1,0,0,0,0,0,0,1,0,0,0,0,0,0,7,0,0,0,0,0,0,0,0,0,0,1,0,0,1,0,1,1,1,7,5
2011,Luxembourg,WHO,TLS,Timor-Leste,0,13,0,0,4,1,0,0,0,0,0,0,0,0,1,0,0,0,0,0,0,0,0,0,0,0,0,0,0,0,0,0,0,0,0,0,0,0,0,0,0,0,0,0,0,0,0,0,0,0,5,0,0,0,0,0,0,0,0,0,0,1,0,0,1,0,0,0,0,5,4
2011,Netherlands,WHO,TLS,Timor-Leste,0,54,0,0,15,2,0,0,1,0,0,0,1,0,2,0,0,0,0,0,0,0,0,0,0,2,0,0,0,0,0,0,0,0,0,0,2,0,0,0,0,0,0,2,0,0,0,0,0,0,21,0,0,0,0,0,1,0,0,0,0,4,0,1,3,1,2,2,2,21,18
2011,New_Zealand,WHO,TLS,Timor-Leste,0,4,0,0,1,0,0,0,0,0,0,0,0,0,0,0,0,0,0,0,0,0,0,0,0,0,0,0,0,0,0,0,0,0,0,0,0,0,0,0,0,0,0,0,0,0,0,0,0,0,2,0,0,0,0,0,0,0,0,0,0,0,0,0,0,0,0,0,0,2,1
2011,Non_OECD_DAC_countries,WHO,TLS,Timor-Leste,0,49,0,0,14,2,0,0,1,0,0,0,1,0,2,0,0,0,0,0,0,0,0,0,0,2,0,0,0,0,0,0,0,0,0,0,2,0,0,0,0,0,0,2,0,0,0,0,0,0,19,0,0,0,0,0,1,0,0,0,0,3,0,1,3,1,2,2,2,19,16
2011,Non_OECD_non_DAC_countries,WHO,TLS,Timor-Leste,0,93,0,0,26,4,0,0,2,0,0,0,1,0,4,0,0,0,0,0,0,0,0,0,0,3,0,0,0,0,0,0,0,0,0,0,3,0,0,0,0,0,0,3,0,0,0,0,0,0,36,0,0,0,1,0,2,0,0,0,0,6,0,2,6,2,3,3,3,36,30
2011,Norway,WHO,TLS,Timor-Leste,0,79,0,0,23,3,0,0,2,0,0,0,1,0,4,0,0,0,0,0,0,0,0,0,0,3,0,0,0,0,0,0,0,0,0,0,3,0,0,0,0,0,0,3,0,0,0,0,0,0,31,0,0,0,1,0,1,0,0,0,0,6,0,2,5,2,3,3,3,31,26
2011,Other,WHO,TLS,Timor-Leste,0,170,0,0,48,6,0,0,4,0,0,0,3,0,8,0,0,0,0,0,0,0,0,0,0,6,0,0,0,0,0,0,0,0,0,0,6,0,0,0,0,0,0,6,0,0,0,0,0,0,66,0,0,0,1,0,3,0,0,0,0,12,0,4,10,4,6,6,6,66,55
2011,Other_OECD_DAC_countries,WHO,TLS,Timor-Leste,0,9,0,0,3,0,0,0,0,0,0,0,0,0,0,0,0,0,0,0,0,0,0,0,0,0,0,0,0,0,0,0,0,0,0,0,0,0,0,0,0,0,0,0,0,0,0,0,0,0,4,0,0,0,0,0,0,0,0,0,0,1,0,0,1,0,0,0,0,4,3
2011,Portugal,WHO,TLS,Timor-Leste,0,4,0,0,1,0,0,0,0,0,0,0,0,0,0,0,0,0,0,0,0,0,0,0,0,0,0,0,0,0,0,0,0,0,0,0,0,0,0,0,0,0,0,0,0,0,0,0,0,0,2,0,0,0,0,0,0,0,0,0,0,0,0,0,0,0,0,0,0,2,1
2011,Private_other,WHO,TLS,Timor-Leste,0,155,0,0,44,6,0,0,4,0,0,0,2,0,7,0,0,0,0,0,0,0,0,0,0,6,0,0,0,0,0,0,0,0,0,0,6,0,0,0,0,0,0,6,0,0,0,0,0,0,61,0,0,0,1,0,3,0,0,0,0,11,0,4,9,4,6,6,6,61,50
2011,Spain,WHO,TLS,Timor-Leste,0,38,0,0,11,1,0,0,1,0,0,0,1,0,2,0,0,0,0,0,0,0,0,0,0,1,0,0,0,0,0,0,0,0,0,0,1,0,0,0,0,0,0,1,0,0,0,0,0,0,15,0,0,0,0,0,1,0,0,0,0,3,0,1,2,1,1,1,1,15,12
2011,Sweden,WHO,TLS,Timor-Leste,0,36,0,0,10,1,0,0,1,0,0,0,1,0,2,0,0,0,0,0,0,0,0,0,0,1,0,0,0,0,0,0,0,0,0,0,1,0,0,0,0,0,0,1,0,0,0,0,0,0,14,0,0,0,0,0,1,0,0,0,0,3,0,1,2,1,1,1,1,14,12
2011,Switzerland,WHO,TLS,Timor-Leste,0,14,0,0,4,1,0,0,0,0,0,0,0,0,1,0,0,0,0,0,0,0,0,0,0,1,0,0,0,0,0,0,0,0,0,0,1,0,0,0,0,0,0,1,0,0,0,0,0,0,5,0,0,0,0,0,0,0,0,0,0,1,0,0,1,0,1,1,1,5,5
2011,Unallocable,WHO,TLS,Timor-Leste,0,6,0,0,2,0,0,0,0,0,0,0,0,0,0,0,0,0,0,0,0,0,0,0,0,0,0,0,0,0,0,0,0,0,0,0,0,0,0,0,0,0,0,0,0,0,0,0,0,0,2,0,0,0,0,0,0,0,0,0,0,0,0,0,0,0,0,0,0,2,2
2011,United_Kingdom,WHO,TLS,Timor-Leste,0,304,0,0,87,12,0,0,7,0,0,0,5,0,14,0,0,0,0,0,0,0,0,0,0,11,0,0,0,0,0,0,0,0,0,0,11,0,0,0,0,0,0,11,0,0,0,0,0,0,119,0,0,0,2,0,5,0,0,0,0,21,0,7,18,7,11,11,11,119,98
2011,United_States,WHO,TLS,Timor-Leste,0,417,0,0,119,16,0,0,10,0,0,0,6,0,19,0,0,0,0,0,0,0,0,0,0,15,0,0,0,0,0,0,0,0,0,0,15,0,0,0,0,0,0,15,0,0,0,0,0,0,163,0,0,0,3,0,7,0,0,0,0,29,0,10,25,10,15,15,15,163,135
2012,Australia,BIL_AUS,TLS,Timor-Leste,0,393,2,1,0,0,138,0,0,0,13,126,0,0,2,0,8,99,0,0,0,0,0,0,0,0,0,0,0,0,0,0,0,0,0,0,0,0,0,0,0,0,0,0,0,0,0,0,0,0,5,0,0,0,0,0,0,0,0,0,0,0,0,277,109,0,0,0,0,5,3
2012,Canada,BIL_CAN,TLS,Timor-Leste,0,98,1,0,1,5,0,0,0,1,1,0,46,0,0,0,0,0,0,0,0,0,0,0,0,0,0,0,0,0,0,0,0,0,0,0,0,0,0,0,0,0,0,0,0,0,0,0,0,0,0,21,12,8,0,0,0,0,0,0,0,3,0,2,47,0,0,0,0,40,7
2012,Germany,BIL_DEU,TLS,Timor-Leste,0,58,2,0,0,0,0,0,0,0,0,0,0,0,0,0,0,0,0,0,0,0,0,0,0,0,0,0,0,0,0,0,0,0,0,0,0,0,0,0,0,0,0,0,0,0,0,0,0,0,0,0,0,0,0,0,0,0,0,0,0,57,0,0,0,0,0,0,0,0,2
2012,Finland,BIL_FIN,TLS,Timor-Leste,0,84,0,0,0,0,0,4,0,0,13,4,7,0,0,0,42,14,0,0,0,0,0,0,0,0,0,0,0,0,0,0,0,0,0,0,0,0,0,0,0,0,0,0,0,0,0,0,0,0,0,0,0,0,0,0,0,0,0,0,0,0,0,21,63,0,0,0,0,0,0
2012,United_Kingdom,BIL_GBR,TLS,Timor-Leste,0,5,0,0,0,0,0,0,0,0,0,0,0,0,0,0,0,0,0,0,0,0,0,0,0,5,0,0,0,0,0,0,0,0,0,0,0,0,0,0,0,0,0,0,0,0,0,0,0,0,0,0,0,0,0,0,0,0,0,0,0,0,0,0,0,0,5,0,0,0,0
2012,Ireland,BIL_IRL,TLS,Timor-Leste,0,843,422,0,422,0,0,0,0,0,0,0,0,0,0,0,0,0,0,0,0,0,0,0,0,0,0,0,0,0,0,0,0,0,0,0,0,0,0,0,0,0,0,0,0,0,0,0,0,0,0,0,0,0,0,0,0,0,0,0,0,0,0,0,0,0,0,0,0,0,843
2012,Korea,BIL_KOR,TLS,Timor-Leste,0,27,0,0,27,0,0,0,0,0,0,0,0,0,0,0,0,0,0,0,0,0,0,0,0,0,0,0,0,0,0,0,0,0,0,0,0,0,0,0,0,0,0,0,0,0,0,0,0,0,0,0,0,0,0,0,0,0,0,0,0,0,0,0,0,0,0,0,0,0,27
2012,Norway,BIL_NOR,TLS,Timor-Leste,0,3,3,0,0,0,0,0,0,0,0,0,0,0,0,0,0,0,0,0,0,0,0,0,0,0,0,0,0,0,0,0,0,0,0,0,0,0,0,0,0,0,0,0,0,0,0,0,0,0,0,0,0,0,0,0,0,0,0,0,0,0,0,0,0,0,0,0,0,0,3
2012,Portugal,BIL_PRT,TLS,Timor-Leste,0,219,0,0,0,0,0,0,0,0,0,0,0,0,0,0,0,0,0,0,0,0,0,0,0,0,0,0,0,0,0,0,0,0,0,0,0,0,0,0,0,0,0,0,0,0,0,0,0,0,0,0,0,0,0,0,0,0,0,0,0,219,0,0,0,0,0,0,0,0,0
2012,Sweden,BIL_SWE,TLS,Timor-Leste,0,6,0,0,0,0,0,0,0,0,0,0,2,0,0,0,2,0,0,0,0,0,0,0,0,0,0,1,0,0,0,0,0,0,0,0,0,0,0,0,0,0,0,0,0,0,0,0,0,0,0,0,0,0,0,0,0,0,0,0,0,0,0,0,5,0,1,0,0,0,0
2012,United_States,BIL_USA,TLS,Timor-Leste,0,1044,57,0,0,3,479,197,0,3,0,0,9,3,131,0,0,0,3,5,0,0,2,0,0,10,0,2,1,0,3,0,90,7,0,1,0,4,2,3,0,0,5,0,0,0,13,0,0,0,10,0,0,0,0,0,0,0,0,0,0,0,0,679,143,0,24,110,18,10,60
2012,Gates Foundation,GATES,TLS,Timor-Leste,0,83,0,0,0,0,0,0,0,0,0,0,0,14,0,1,0,0,0,0,0,0,0,0,0,0,0,0,0,0,0,0,0,22,0,0,0,0,0,0,0,0,0,0,0,0,0,0,0,0,0,17,0,0,0,0,0,0,0,0,0,28,0,0,15,0,0,22,0,17,0
2012,Australia,GAVI,TLS,Timor-Leste,0,9,0,0,0,0,0,0,0,0,0,0,0,9,0,0,0,0,0,0,0,0,0,0,0,0,0,0,0,0,0,0,0,0,0,0,0,0,0,0,0,0,0,0,0,0,0,0,0,0,0,0,0,0,0,0,0,0,0,0,0,0,0,0,9,0,0,0,0,0,0
2012,Canada,GAVI,TLS,Timor-Leste,0,6,0,0,0,0,0,0,0,0,0,0,0,6,0,0,0,0,0,0,0,0,0,0,0,0,0,0,0,0,0,0,0,0,0,0,0,0,0,0,0,0,0,0,0,0,0,0,0,0,0,0,0,0,0,0,0,0,0,0,0,0,0,0,6,0,0,0,0,0,0
2012,France,GAVI,TLS,Timor-Leste,0,19,0,0,0,0,0,0,0,0,0,0,0,19,0,0,0,0,0,0,0,0,0,0,0,0,0,0,0,0,0,0,0,0,0,0,0,0,0,0,0,0,0,0,0,0,0,0,0,0,0,0,0,0,0,0,0,0,0,0,0,0,0,0,19,0,0,0,0,0,0
2012,Gates Foundation,GAVI,TLS,Timor-Leste,0,38,0,0,0,0,0,0,0,0,0,0,0,38,0,0,0,0,0,0,0,0,0,0,0,0,0,0,0,0,0,0,0,0,0,0,0,0,0,0,0,0,0,0,0,0,0,0,0,0,0,0,0,0,0,0,0,0,0,0,0,0,0,0,38,0,0,0,0,0,0
2012,Germany,GAVI,TLS,Timor-Leste,0,5,0,0,0,0,0,0,0,0,0,0,0,5,0,0,0,0,0,0,0,0,0,0,0,0,0,0,0,0,0,0,0,0,0,0,0,0,0,0,0,0,0,0,0,0,0,0,0,0,0,0,0,0,0,0,0,0,0,0,0,0,0,0,5,0,0,0,0,0,0
2012,Italy,GAVI,TLS,Timor-Leste,0,19,0,0,0,0,0,0,0,0,0,0,0,19,0,0,0,0,0,0,0,0,0,0,0,0,0,0,0,0,0,0,0,0,0,0,0,0,0,0,0,0,0,0,0,0,0,0,0,0,0,0,0,0,0,0,0,0,0,0,0,0,0,0,19,0,0,0,0,0,0
2012,Japan,GAVI,TLS,Timor-Leste,0,1,0,0,0,0,0,0,0,0,0,0,0,1,0,0,0,0,0,0,0,0,0,0,0,0,0,0,0,0,0,0,0,0,0,0,0,0,0,0,0,0,0,0,0,0,0,0,0,0,0,0,0,0,0,0,0,0,0,0,0,0,0,0,1,0,0,0,0,0,0
2012,Netherlands,GAVI,TLS,Timor-Leste,0,2,0,0,0,0,0,0,0,0,0,0,0,2,0,0,0,0,0,0,0,0,0,0,0,0,0,0,0,0,0,0,0,0,0,0,0,0,0,0,0,0,0,0,0,0,0,0,0,0,0,0,0,0,0,0,0,0,0,0,0,0,0,0,2,0,0,0,0,0,0
2012,Non_OECD_non_DAC_countries,GAVI,TLS,Timor-Leste,0,2,0,0,0,0,0,0,0,0,0,0,0,2,0,0,0,0,0,0,0,0,0,0,0,0,0,0,0,0,0,0,0,0,0,0,0,0,0,0,0,0,0,0,0,0,0,0,0,0,0,0,0,0,0,0,0,0,0,0,0,0,0,0,2,0,0,0,0,0,0
2012,Norway,GAVI,TLS,Timor-Leste,0,18,0,0,0,0,0,0,0,0,0,0,0,18,0,0,0,0,0,0,0,0,0,0,0,0,0,0,0,0,0,0,0,0,0,0,0,0,0,0,0,0,0,0,0,0,0,0,0,0,0,0,0,0,0,0,0,0,0,0,0,0,0,0,18,0,0,0,0,0,0
2012,Other,GAVI,TLS,Timor-Leste,0,8,0,0,0,0,0,0,0,0,0,0,0,8,0,0,0,0,0,0,0,0,0,0,0,0,0,0,0,0,0,0,0,0,0,0,0,0,0,0,0,0,0,0,0,0,0,0,0,0,0,0,0,0,0,0,0,0,0,0,0,0,0,0,8,0,0,0,0,0,0
2012,Private_other,GAVI,TLS,Timor-Leste,0,3,0,0,0,0,0,0,0,0,0,0,0,3,0,0,0,0,0,0,0,0,0,0,0,0,0,0,0,0,0,0,0,0,0,0,0,0,0,0,0,0,0,0,0,0,0,0,0,0,0,0,0,0,0,0,0,0,0,0,0,0,0,0,3,0,0,0,0,0,0
2012,Spain,GAVI,TLS,Timor-Leste,0,2,0,0,0,0,0,0,0,0,0,0,0,2,0,0,0,0,0,0,0,0,0,0,0,0,0,0,0,0,0,0,0,0,0,0,0,0,0,0,0,0,0,0,0,0,0,0,0,0,0,0,0,0,0,0,0,0,0,0,0,0,0,0,2,0,0,0,0,0,0
2012,United_Kingdom,GAVI,TLS,Timor-Leste,0,65,0,0,0,0,0,0,0,0,0,0,0,65,0,0,0,0,0,0,0,0,0,0,0,0,0,0,0,0,0,0,0,0,0,0,0,0,0,0,0,0,0,0,0,0,0,0,0,0,0,0,0,0,0,0,0,0,0,0,0,0,0,0,65,0,0,0,0,0,0
2012,United_States,GAVI,TLS,Timor-Leste,0,18,0,0,0,0,0,0,0,0,0,0,0,18,0,0,0,0,0,0,0,0,0,0,0,0,0,0,0,0,0,0,0,0,0,0,0,0,0,0,0,0,0,0,0,0,0,0,0,0,0,0,0,0,0,0,0,0,0,0,0,0,0,0,18,0,0,0,0,0,0
2012,Australia,GFATM,TLS,Timor-Leste,0,220,0,0,0,0,0,0,0,0,0,0,0,0,0,0,0,0,12,22,2,0,2,5,0,1,28,0,0,12,40,0,5,4,2,0,0,22,39,0,0,0,0,7,4,9,2,0,0,0,0,0,0,0,0,0,0,0,0,0,0,0,0,0,0,0,73,124,23,0,0
2012,Austria,GFATM,TLS,Timor-Leste,0,9,0,0,0,0,0,0,0,0,0,0,0,0,0,0,0,0,1,1,0,0,0,0,0,0,1,0,0,0,2,0,0,0,0,0,0,1,2,0,0,0,0,0,0,0,0,0,0,0,0,0,0,0,0,0,0,0,0,0,0,0,0,0,0,0,3,5,1,0,0
2012,Belgium,GFATM,TLS,Timor-Leste,0,104,0,0,0,0,0,0,0,0,0,0,0,0,0,0,0,0,6,11,1,0,1,2,0,1,13,0,0,5,19,0,2,2,1,0,0,10,19,0,0,0,0,3,2,4,1,0,0,0,0,0,0,0,0,0,0,0,0,0,0,0,0,0,0,0,35,59,11,0,0
2012,Canada,GFATM,TLS,Timor-Leste,0,662,0,0,0,0,0,0,0,0,0,0,0,0,0,0,0,0,35,66,6,1,6,16,0,4,84,0,0,35,120,0,15,13,7,0,1,65,118,0,1,0,1,20,13,26,8,0,0,0,0,0,0,0,0,0,0,0,0,0,0,0,0,0,0,0,219,374,69,0,0
2012,China,GFATM,TLS,Timor-Leste,0,18,0,0,0,0,0,0,0,0,0,0,0,0,0,0,0,0,1,2,0,0,0,0,0,0,2,0,0,1,3,0,0,0,0,0,0,2,3,0,0,0,0,1,0,1,0,0,0,0,0,0,0,0,0,0,0,0,0,0,0,0,0,0,0,0,6,10,2,0,0
2012,Denmark,GFATM,TLS,Timor-Leste,0,90,0,0,0,0,0,0,0,0,0,0,0,0,0,0,0,0,5,9,1,0,1,2,0,1,12,0,0,5,16,0,2,2,1,0,0,9,16,0,0,0,0,3,2,4,1,0,0,0,0,0,0,0,0,0,0,0,0,0,0,0,0,0,0,0,30,51,9,0,0
2012,Finland,GFATM,TLS,Timor-Leste,0,25,0,0,0,0,0,0,0,0,0,0,0,0,0,0,0,0,1,2,0,0,0,1,0,0,3,0,0,1,4,0,1,0,0,0,0,2,4,0,0,0,0,1,0,1,0,0,0,0,0,0,0,0,0,0,0,0,0,0,0,0,0,0,0,0,8,14,3,0,0
2012,France,GFATM,TLS,Timor-Leste,0,1527,0,0,0,0,0,0,0,0,0,0,0,0,0,0,0,0,81,153,14,2,14,36,0,10,195,1,0,80,278,0,34,31,16,0,3,149,271,0,3,1,2,46,29,60,17,0,0,0,0,0,0,0,0,0,0,0,0,0,0,0,0,0,0,0,506,863,159,0,0
2012,Gates Foundation,GFATM,TLS,Timor-Leste,0,508,0,0,0,0,0,0,0,0,0,0,0,0,0,0,0,0,27,51,5,1,5,12,0,3,65,0,0,27,92,0,11,10,5,0,1,50,90,0,1,0,1,15,10,20,6,0,0,0,0,0,0,0,0,0,0,0,0,0,0,0,0,0,0,0,168,287,53,0,0
2012,Germany,GFATM,TLS,Timor-Leste,0,964,0,0,0,0,0,0,0,0,0,0,0,0,0,0,0,0,51,97,9,1,9,23,0,6,123,0,0,51,175,0,21,19,10,0,2,94,171,0,2,0,2,29,18,38,11,0,0,0,0,0,0,0,0,0,0,0,0,0,0,0,0,0,0,0,319,545,100,0,0
2012,Greece,GFATM,TLS,Timor-Leste,0,7,0,0,0,0,0,0,0,0,0,0,0,0,0,0,0,0,0,1,0,0,0,0,0,0,1,0,0,0,1,0,0,0,0,0,0,1,1,0,0,0,0,0,0,0,0,0,0,0,0,0,0,0,0,0,0,0,0,0,0,0,0,0,0,0,2,4,1,0,0
2012,Ireland,GFATM,TLS,Timor-Leste,0,4,0,0,0,0,0,0,0,0,0,0,0,0,0,0,0,0,0,0,0,0,0,0,0,0,1,0,0,0,1,0,0,0,0,0,0,0,1,0,0,0,0,0,0,0,0,0,0,0,0,0,0,0,0,0,0,0,0,0,0,0,0,0,0,0,1,2,0,0,0
2012,Italy,GFATM,TLS,Timor-Leste,0,55,0,0,0,0,0,0,0,0,0,0,0,0,0,0,0,0,3,6,1,0,0,1,0,0,7,0,0,3,10,0,1,1,1,0,0,5,10,0,0,0,0,2,1,2,1,0,0,0,0,0,0,0,0,0,0,0,0,0,0,0,0,0,0,0,18,31,6,0,0
2012,Japan,GFATM,TLS,Timor-Leste,0,1111,0,0,0,0,0,0,0,0,0,0,0,0,0,0,0,0,59,112,10,1,10,26,0,7,142,0,0,58,202,0,25,22,12,0,2,109,197,0,2,1,2,34,21,44,13,0,0,0,0,0,0,0,0,0,0,0,0,0,0,0,0,0,0,0,368,627,115,0,0
2012,Korea,GFATM,TLS,Timor-Leste,0,8,0,0,0,0,0,0,0,0,0,0,0,0,0,0,0,0,0,1,0,0,0,0,0,0,1,0,0,0,1,0,0,0,0,0,0,1,1,0,0,0,0,0,0,0,0,0,0,0,0,0,0,0,0,0,0,0,0,0,0,0,0,0,0,0,3,4,1,0,0
2012,Luxembourg,GFATM,TLS,Timor-Leste,0,11,0,0,0,0,0,0,0,0,0,0,0,0,0,0,0,0,1,1,0,0,0,0,0,0,1,0,0,1,2,0,0,0,0,0,0,1,2,0,0,0,0,0,0,0,0,0,0,0,0,0,0,0,0,0,0,0,0,0,0,0,0,0,0,0,4,6,1,0,0
2012,Netherlands,GFATM,TLS,Timor-Leste,0,123,0,0,0,0,0,0,0,0,0,0,0,0,0,0,0,0,7,12,1,0,1,3,0,1,16,0,0,6,22,0,3,2,1,0,0,12,22,0,0,0,0,4,2,5,1,0,0,0,0,0,0,0,0,0,0,0,0,0,0,0,0,0,0,0,41,69,13,0,0
2012,Non_OECD_DAC_countries,GFATM,TLS,Timor-Leste,0,28,0,0,0,0,0,0,0,0,0,0,0,0,0,0,0,0,2,3,0,0,0,1,0,0,4,0,0,1,5,0,1,1,0,0,0,3,5,0,0,0,0,1,1,1,0,0,0,0,0,0,0,0,0,0,0,0,0,0,0,0,0,0,0,0,9,16,3,0,0
2012,Non_OECD_non_DAC_countries,GFATM,TLS,Timor-Leste,0,75,0,0,0,0,0,0,0,0,0,0,0,0,0,0,0,0,4,8,1,0,1,2,0,0,10,0,0,4,14,0,2,2,1,0,0,7,13,0,0,0,0,2,1,3,1,0,0,0,0,0,0,0,0,0,0,0,0,0,0,0,0,0,0,0,25,42,8,0,0
2012,Norway,GFATM,TLS,Timor-Leste,0,248,0,0,0,0,0,0,0,0,0,0,0,0,0,0,0,0,13,25,2,0,2,6,0,2,32,0,0,13,45,0,5,5,3,0,0,24,44,0,0,0,0,7,5,10,3,0,0,0,0,0,0,0,0,0,0,0,0,0,0,0,0,0,0,0,82,140,26,0,0
2012,Other,GFATM,TLS,Timor-Leste,0,16,0,0,0,0,0,0,0,0,0,0,0,0,0,0,0,0,1,2,0,0,0,0,0,0,2,0,0,1,3,0,0,0,0,0,0,2,3,0,0,0,0,0,0,1,0,0,0,0,0,0,0,0,0,0,0,0,0,0,0,0,0,0,0,0,5,9,2,0,0
2012,Other_OECD_DAC_countries,GFATM,TLS,Timor-Leste,0,19,0,0,0,0,0,0,0,0,0,0,0,0,0,0,0,0,1,2,0,0,0,0,0,0,2,0,0,1,4,0,0,0,0,0,0,2,3,0,0,0,0,1,0,1,0,0,0,0,0,0,0,0,0,0,0,0,0,0,0,0,0,0,0,0,6,11,2,0,0
2012,Portugal,GFATM,TLS,Timor-Leste,0,5,0,0,0,0,0,0,0,0,0,0,0,0,0,0,0,0,0,1,0,0,0,0,0,0,1,0,0,0,1,0,0,0,0,0,0,1,1,0,0,0,0,0,0,0,0,0,0,0,0,0,0,0,0,0,0,0,0,0,0,0,0,0,0,0,2,3,1,0,0
2012,Private_other,GFATM,TLS,Timor-Leste,0,113,0,0,0,0,0,0,0,0,0,0,0,0,0,0,0,0,6,11,1,0,1,3,0,1,14,0,0,6,21,0,2,2,1,0,0,11,20,0,0,0,0,3,2,4,1,0,0,0,0,0,0,0,0,0,0,0,0,0,0,0,0,0,0,0,37,64,12,0,0
2012,Spain,GFATM,TLS,Timor-Leste,0,33,0,0,0,0,0,0,0,0,0,0,0,0,0,0,0,0,2,3,0,0,0,1,0,0,4,0,0,2,6,0,1,1,0,0,0,3,6,0,0,0,0,1,1,1,0,0,0,0,0,0,0,0,0,0,0,0,0,0,0,0,0,0,0,0,11,18,3,0,0
2012,Sweden,GFATM,TLS,Timor-Leste,0,351,0,0,0,0,0,0,0,0,0,0,0,0,0,0,0,0,19,35,3,0,3,8,0,2,45,0,0,18,64,0,8,7,4,0,1,34,62,0,1,0,1,11,7,14,4,0,0,0,0,0,0,0,0,0,0,0,0,0,0,0,0,0,0,0,116,198,36,0,0
2012,Switzerland,GFATM,TLS,Timor-Leste,0,29,0,0,0,0,0,0,0,0,0,0,0,0,0,0,0,0,2,3,0,0,0,1,0,0,4,0,0,2,5,0,1,1,0,0,0,3,5,0,0,0,0,1,1,1,0,0,0,0,0,0,0,0,0,0,0,0,0,0,0,0,0,0,0,0,10,17,3,0,0
2012,United_Kingdom,GFATM,TLS,Timor-Leste,0,1545,0,0,0,0,0,0,0,0,0,0,0,0,0,0,0,0,82,155,14,2,14,37,0,10,197,1,0,81,281,0,34,31,16,0,3,151,275,0,3,1,3,47,29,61,18,0,0,0,0,0,0,0,0,0,0,0,0,0,0,0,0,0,0,0,512,873,160,0,0
2012,United_States,GFATM,TLS,Timor-Leste,0,3941,0,0,0,0,0,0,0,0,0,0,0,0,0,0,0,0,210,396,36,5,35,94,0,25,503,2,0,207,717,1,87,79,41,0,7,385,700,1,7,2,6,119,75,156,45,0,0,0,0,0,0,0,0,0,0,0,0,0,0,0,0,0,0,0,1305,2226,409,0,0
2012,Australia,INTLNGO,TLS,Timor-Leste,0,5942,572,0,0,0,2030,401,0,451,226,0,150,0,0,301,150,0,0,0,0,0,0,0,0,331,0,0,0,0,0,0,0,0,0,0,0,0,0,0,0,0,0,0,0,0,0,0,0,0,0,0,0,0,0,0,0,0,1329,0,0,0,0,3108,602,1329,331,0,0,0,572
2012,Canada,INTLNGO,TLS,Timor-Leste,0,142,0,0,0,0,0,5,0,4,6,0,114,0,0,0,0,0,0,0,0,0,0,0,0,0,0,0,0,0,0,0,0,0,0,0,0,0,0,0,0,0,0,0,0,0,0,0,0,0,0,0,0,0,0,1,0,7,2,0,0,1,0,16,114,10,1,0,0,0,0
2012,Finland,INTLNGO,TLS,Timor-Leste,0,106,0,0,0,0,0,0,0,0,0,0,0,0,0,0,0,0,0,0,0,0,0,0,0,0,0,0,0,0,0,0,0,0,0,0,0,0,0,0,0,0,0,0,0,0,0,0,0,0,0,0,0,0,0,0,0,0,0,0,0,106,0,0,0,0,0,0,0,0,0
2012,Germany,INTLNGO,TLS,Timor-Leste,0,329,252,0,0,0,0,0,0,0,0,0,0,0,0,0,0,0,0,0,0,0,0,0,0,0,0,0,0,0,0,0,0,0,0,0,0,0,0,0,0,0,0,0,0,0,0,0,0,0,0,0,0,0,0,0,0,0,0,0,0,77,0,0,0,0,0,0,0,0,252
2012,Japan,INTLNGO,TLS,Timor-Leste,0,447,0,0,0,0,0,351,0,0,0,0,0,0,0,0,0,0,0,0,0,0,0,0,0,0,0,0,0,0,0,0,0,0,0,0,0,0,0,0,0,0,0,0,0,0,0,0,0,0,0,0,0,0,0,0,0,0,0,0,0,96,0,351,0,0,0,0,0,0,0
2012,Norway,INTLNGO,TLS,Timor-Leste,0,257,0,0,0,0,0,0,0,0,0,0,257,0,0,0,0,0,0,0,0,0,0,0,0,0,0,0,0,0,0,0,0,0,0,0,0,0,0,0,0,0,0,0,0,0,0,0,0,0,0,0,0,0,0,0,0,0,0,0,0,0,0,0,257,0,0,0,0,0,0
2012,Sweden,INTLNGO,TLS,Timor-Leste,0,22,0,0,0,0,0,0,0,0,0,0,0,0,3,0,0,0,0,0,0,0,0,0,0,20,0,0,0,0,0,0,0,0,0,0,0,0,0,0,0,0,0,0,0,0,0,0,0,0,0,0,0,0,0,0,0,0,0,0,0,0,0,0,3,0,20,0,0,0,0
2012,United_Kingdom,INTLNGO,TLS,Timor-Leste,0,39,0,0,0,0,9,30,0,0,0,0,0,0,0,0,0,0,0,0,0,0,0,0,0,0,0,0,0,0,0,0,0,0,0,0,0,0,0,0,0,0,0,0,0,0,0,0,0,0,0,0,0,0,0,0,0,0,0,0,0,0,0,39,0,0,0,0,0,0,0
2012,United_States,INTLNGO,TLS,Timor-Leste,0,33,0,0,0,0,0,0,0,0,0,0,0,0,0,0,0,0,0,6,0,0,0,0,0,0,0,0,0,0,0,0,15,0,7,0,0,0,0,0,0,0,0,5,0,0,0,0,0,0,0,0,0,0,0,0,0,0,0,0,0,0,0,0,0,0,6,22,5,0,0
2012,Corporate_donations,NGO,TLS,Timor-Leste,0,280,30,0,7,0,0,2,0,0,8,0,21,4,5,1,19,3,4,5,1,1,2,2,0,1,7,9,3,0,0,0,0,1,0,0,0,1,0,0,0,0,0,0,0,0,0,0,0,0,0,0,0,0,0,3,12,0,80,10,0,32,0,11,53,106,36,4,1,1,37
2012,Gates Foundation,NGO,TLS,Timor-Leste,0,80,5,0,1,0,1,1,0,0,0,0,3,3,1,1,0,2,10,8,1,0,1,3,0,0,4,0,5,1,1,0,1,2,0,0,0,1,0,0,2,0,0,0,1,0,0,0,0,0,0,19,0,0,0,0,0,0,0,0,0,3,0,1,11,0,31,5,3,19,6
2012,Private_other,NGO,TLS,Timor-Leste,0,2376,147,1,60,2,2,31,13,5,133,15,161,176,47,46,318,73,70,23,2,18,5,9,0,18,101,36,10,2,2,0,3,6,4,0,0,10,4,0,5,2,0,5,3,0,1,0,0,0,2,6,11,1,30,35,92,8,365,17,0,238,0,199,821,548,293,32,16,20,210
2012,United_States,NGO,TLS,Timor-Leste,0,5377,0,0,0,35,810,1454,0,653,544,0,56,0,0,1247,278,0,7,5,0,0,24,0,0,3,99,98,0,0,0,0,0,5,4,0,0,12,0,0,0,0,0,29,0,0,0,0,0,0,13,0,0,0,0,0,0,0,0,0,0,0,0,3462,1580,0,236,21,29,13,36
2012,Australia,UNFPA,TLS,Timor-Leste,0,49,0,0,0,0,10,16,16,6,0,0,0,0,0,0,0,0,0,1,0,0,0,0,0,0,0,0,0,0,0,0,0,0,0,0,0,0,0,0,0,0,0,0,0,0,0,0,0,0,0,0,0,0,0,0,0,0,0,0,0,0,0,48,0,0,1,0,0,0,0
2012,Belgium,UNFPA,TLS,Timor-Leste,0,26,0,0,0,0,5,8,9,3,0,0,0,0,0,0,0,0,0,1,0,0,0,0,0,0,0,0,0,0,0,0,0,0,0,0,0,0,0,0,0,0,0,0,0,0,0,0,0,0,0,0,0,0,0,0,0,0,0,0,0,0,0,25,0,0,1,0,0,0,0
2012,Canada,UNFPA,TLS,Timor-Leste,0,83,0,0,0,0,17,27,28,10,0,0,0,0,0,0,0,0,0,2,0,0,0,0,0,0,0,0,0,0,0,0,0,0,0,0,0,0,0,0,0,0,0,0,0,0,0,0,0,0,0,0,0,0,0,0,0,0,0,0,0,0,0,81,0,0,2,0,0,0,0
2012,China,UNFPA,TLS,Timor-Leste,0,3,0,0,0,0,1,1,1,0,0,0,0,0,0,0,0,0,0,0,0,0,0,0,0,0,0,0,0,0,0,0,0,0,0,0,0,0,0,0,0,0,0,0,0,0,0,0,0,0,0,0,0,0,0,0,0,0,0,0,0,0,0,3,0,0,0,0,0,0,0
2012,Corporate_donations,UNFPA,TLS,Timor-Leste,0,20,0,0,0,0,4,7,7,2,0,0,0,0,0,0,0,0,0,0,0,0,0,0,0,0,0,0,0,0,0,0,0,0,0,0,0,0,0,0,0,0,0,0,0,0,0,0,0,0,0,0,0,0,0,0,0,0,0,0,0,0,0,20,0,0,0,0,0,0,0
2012,Denmark,UNFPA,TLS,Timor-Leste,0,139,0,0,0,0,28,45,46,16,0,0,0,0,0,0,0,0,0,3,0,0,0,0,0,0,0,0,0,0,0,0,0,0,0,0,0,0,0,0,0,0,0,0,0,0,0,0,0,0,0,0,0,0,0,0,0,0,0,0,0,0,0,135,0,0,3,0,0,0,0
2012,Finland,UNFPA,TLS,Timor-Leste,0,106,0,0,0,0,21,35,35,12,0,0,0,0,0,0,0,0,0,2,0,0,0,0,0,0,0,0,0,0,0,0,0,0,0,0,0,0,0,0,0,0,0,0,0,0,0,0,0,0,0,0,0,0,0,0,0,0,0,0,0,0,0,104,0,0,2,0,0,0,0
2012,France,UNFPA,TLS,Timor-Leste,0,19,0,0,0,0,4,6,6,2,0,0,0,0,0,0,0,0,0,0,0,0,0,0,0,0,0,0,0,0,0,0,0,0,0,0,0,0,0,0,0,0,0,0,0,0,0,0,0,0,0,0,0,0,0,0,0,0,0,0,0,0,0,19,0,0,0,0,0,0,0
2012,Germany,UNFPA,TLS,Timor-Leste,0,69,0,0,0,0,14,23,23,8,0,0,0,0,0,0,0,0,0,2,0,0,0,0,0,0,0,0,0,0,0,0,0,0,0,0,0,0,0,0,0,0,0,0,0,0,0,0,0,0,0,0,0,0,0,0,0,0,0,0,0,0,0,68,0,0,2,0,0,0,0
2012,Ireland,UNFPA,TLS,Timor-Leste,0,13,0,0,0,0,3,4,4,2,0,0,0,0,0,0,0,0,0,0,0,0,0,0,0,0,0,0,0,0,0,0,0,0,0,0,0,0,0,0,0,0,0,0,0,0,0,0,0,0,0,0,0,0,0,0,0,0,0,0,0,0,0,13,0,0,0,0,0,0,0
2012,Italy,UNFPA,TLS,Timor-Leste,0,6,0,0,0,0,1,2,2,1,0,0,0,0,0,0,0,0,0,0,0,0,0,0,0,0,0,0,0,0,0,0,0,0,0,0,0,0,0,0,0,0,0,0,0,0,0,0,0,0,0,0,0,0,0,0,0,0,0,0,0,0,0,6,0,0,0,0,0,0,0
2012,Japan,UNFPA,TLS,Timor-Leste,0,95,0,0,0,0,19,31,32,11,0,0,0,0,0,0,0,0,0,2,0,0,0,0,0,0,0,0,0,0,0,0,0,0,0,0,0,0,0,0,0,0,0,0,0,0,0,0,0,0,0,0,0,0,0,0,0,0,0,0,0,0,0,92,0,0,2,0,0,0,0
2012,Korea,UNFPA,TLS,Timor-Leste,0,3,0,0,0,0,1,1,1,0,0,0,0,0,0,0,0,0,0,0,0,0,0,0,0,0,0,0,0,0,0,0,0,0,0,0,0,0,0,0,0,0,0,0,0,0,0,0,0,0,0,0,0,0,0,0,0,0,0,0,0,0,0,3,0,0,0,0,0,0,0
2012,Luxembourg,UNFPA,TLS,Timor-Leste,0,21,0,0,0,0,4,7,7,2,0,0,0,0,0,0,0,0,0,0,0,0,0,0,0,0,0,0,0,0,0,0,0,0,0,0,0,0,0,0,0,0,0,0,0,0,0,0,0,0,0,0,0,0,0,0,0,0,0,0,0,0,0,21,0,0,0,0,0,0,0
2012,Netherlands,UNFPA,TLS,Timor-Leste,0,165,0,0,0,0,33,54,55,19,0,0,0,0,0,0,0,0,0,4,0,0,0,0,0,0,0,0,0,0,0,0,0,0,0,0,0,0,0,0,0,0,0,0,0,0,0,0,0,0,0,0,0,0,0,0,0,0,0,0,0,0,0,161,0,0,4,0,0,0,0
2012,New_Zealand,UNFPA,TLS,Timor-Leste,0,16,0,0,0,0,3,5,5,2,0,0,0,0,0,0,0,0,0,0,0,0,0,0,0,0,0,0,0,0,0,0,0,0,0,0,0,0,0,0,0,0,0,0,0,0,0,0,0,0,0,0,0,0,0,0,0,0,0,0,0,0,0,16,0,0,0,0,0,0,0
2012,Non_OECD_DAC_countries,UNFPA,TLS,Timor-Leste,0,1,0,0,0,0,0,0,0,0,0,0,0,0,0,0,0,0,0,0,0,0,0,0,0,0,0,0,0,0,0,0,0,0,0,0,0,0,0,0,0,0,0,0,0,0,0,0,0,0,0,0,0,0,0,0,0,0,0,0,0,0,0,1,0,0,0,0,0,0,0
2012,Non_OECD_non_DAC_countries,UNFPA,TLS,Timor-Leste,0,39,0,0,0,0,8,13,13,5,0,0,0,0,0,0,0,0,0,1,0,0,0,0,0,0,0,0,0,0,0,0,0,0,0,0,0,0,0,0,0,0,0,0,0,0,0,0,0,0,0,0,0,0,0,0,0,0,0,0,0,0,0,38,0,0,1,0,0,0,0
2012,Norway,UNFPA,TLS,Timor-Leste,0,178,0,0,0,0,36,58,59,21,0,0,0,0,0,0,0,0,0,4,0,0,0,0,0,0,0,0,0,0,0,0,0,0,0,0,0,0,0,0,0,0,0,0,0,0,0,0,0,0,0,0,0,0,0,0,0,0,0,0,0,0,0,174,0,0,4,0,0,0,0
2012,Other,UNFPA,TLS,Timor-Leste,0,615,0,0,0,0,124,201,205,71,0,0,0,0,0,0,0,0,0,14,0,0,0,0,0,0,0,0,0,0,0,0,0,0,0,0,0,0,0,0,0,0,0,0,0,0,0,0,0,0,0,0,0,0,0,0,0,0,0,0,0,0,0,602,0,0,14,0,0,0,0
2012,Private_other,UNFPA,TLS,Timor-Leste,0,12,0,0,0,0,2,4,4,1,0,0,0,0,0,0,0,0,0,0,0,0,0,0,0,0,0,0,0,0,0,0,0,0,0,0,0,0,0,0,0,0,0,0,0,0,0,0,0,0,0,0,0,0,0,0,0,0,0,0,0,0,0,11,0,0,0,0,0,0,0
2012,Spain,UNFPA,TLS,Timor-Leste,0,10,0,0,0,0,2,3,3,1,0,0,0,0,0,0,0,0,0,0,0,0,0,0,0,0,0,0,0,0,0,0,0,0,0,0,0,0,0,0,0,0,0,0,0,0,0,0,0,0,0,0,0,0,0,0,0,0,0,0,0,0,0,10,0,0,0,0,0,0,0
2012,Sweden,UNFPA,TLS,Timor-Leste,0,196,0,0,0,0,40,64,65,23,0,0,0,0,0,0,0,0,0,4,0,0,0,0,0,0,0,0,0,0,0,0,0,0,0,0,0,0,0,0,0,0,0,0,0,0,0,0,0,0,0,0,0,0,0,0,0,0,0,0,0,0,0,192,0,0,4,0,0,0,0
2012,Switzerland,UNFPA,TLS,Timor-Leste,0,78,0,0,0,0,16,26,26,9,0,0,0,0,0,0,0,0,0,2,0,0,0,0,0,0,0,0,0,0,0,0,0,0,0,0,0,0,0,0,0,0,0,0,0,0,0,0,0,0,0,0,0,0,0,0,0,0,0,0,0,0,0,76,0,0,2,0,0,0,0
2012,Unallocable,UNFPA,TLS,Timor-Leste,0,2,0,0,0,0,0,1,1,0,0,0,0,0,0,0,0,0,0,0,0,0,0,0,0,0,0,0,0,0,0,0,0,0,0,0,0,0,0,0,0,0,0,0,0,0,0,0,0,0,0,0,0,0,0,0,0,0,0,0,0,0,0,2,0,0,0,0,0,0,0
2012,United_Kingdom,UNFPA,TLS,Timor-Leste,0,162,0,0,0,0,33,53,54,19,0,0,0,0,0,0,0,0,0,4,0,0,0,0,0,0,0,0,0,0,0,0,0,0,0,0,0,0,0,0,0,0,0,0,0,0,0,0,0,0,0,0,0,0,0,0,0,0,0,0,0,0,0,158,0,0,4,0,0,0,0
2012,United_States,UNFPA,TLS,Timor-Leste,0,96,0,0,0,0,19,31,32,11,0,0,0,0,0,0,0,0,0,2,0,0,0,0,0,0,0,0,0,0,0,0,0,0,0,0,0,0,0,0,0,0,0,0,0,0,0,0,0,0,0,0,0,0,0,0,0,0,0,0,0,0,0,94,0,0,2,0,0,0,0
2012,Australia,UNICEF,TLS,Timor-Leste,0,54,0,0,0,0,0,0,2,0,0,0,16,12,18,4,0,0,0,0,0,0,0,0,0,1,0,0,0,0,0,0,0,0,0,0,0,0,0,0,0,0,0,0,0,0,0,0,0,0,0,0,0,0,0,0,0,0,0,0,0,0,0,2,49,0,3,0,0,0,0
2012,Austria,UNICEF,TLS,Timor-Leste,0,6,0,0,0,0,0,0,0,0,0,0,2,1,2,0,0,0,0,0,0,0,0,0,0,0,0,0,0,0,0,0,0,0,0,0,0,0,0,0,0,0,0,0,0,0,0,0,0,0,0,0,0,0,0,0,0,0,0,0,0,0,0,0,5,0,0,0,0,0,0
2012,Belgium,UNICEF,TLS,Timor-Leste,0,27,0,0,0,0,0,0,1,0,0,0,8,6,9,2,0,0,0,0,0,0,0,0,0,1,0,0,0,0,0,0,0,0,0,0,0,0,0,0,0,0,0,0,0,0,0,0,0,0,0,0,0,0,0,0,0,0,0,0,0,0,0,1,25,0,1,0,0,0,0
2012,Canada,UNICEF,TLS,Timor-Leste,0,118,0,0,0,0,0,0,4,0,0,0,34,26,39,9,0,0,0,1,1,1,0,0,0,3,0,0,0,0,0,0,0,0,0,0,0,0,0,0,0,0,0,0,0,0,0,0,0,0,0,0,0,0,0,0,0,0,0,0,0,0,0,4,108,0,6,0,0,0,0
2012,Denmark,UNICEF,TLS,Timor-Leste,0,34,0,0,0,0,0,0,1,0,0,0,10,7,11,3,0,0,0,0,0,0,0,0,0,1,0,0,0,0,0,0,0,0,0,0,0,0,0,0,0,0,0,0,0,0,0,0,0,0,0,0,0,0,0,0,0,0,0,0,0,0,0,1,31,0,2,0,0,0,0
2012,Finland,UNICEF,TLS,Timor-Leste,0,28,0,0,0,0,0,0,1,0,0,0,8,6,9,2,0,0,0,0,0,0,0,0,0,1,0,0,0,0,0,0,0,0,0,0,0,0,0,0,0,0,0,0,0,0,0,0,0,0,0,0,0,0,0,0,0,0,0,0,0,0,0,1,25,0,1,0,0,0,0
2012,France,UNICEF,TLS,Timor-Leste,0,40,0,0,0,0,0,0,1,0,0,0,11,9,13,3,0,0,0,0,0,0,0,0,0,1,0,0,0,0,0,0,0,0,0,0,0,0,0,0,0,0,0,0,0,0,0,0,0,0,0,0,0,0,0,0,0,0,0,0,0,0,0,1,36,0,2,0,0,0,0
2012,Gates Foundation,UNICEF,TLS,Timor-Leste,0,58,0,0,0,0,0,0,2,0,0,0,17,12,19,5,0,0,0,0,0,0,0,0,0,1,0,0,0,0,0,0,0,0,0,0,0,0,0,0,0,0,0,0,0,0,0,0,0,0,0,0,0,0,0,0,0,0,0,0,0,0,0,2,53,0,3,0,0,0,0
2012,Germany,UNICEF,TLS,Timor-Leste,0,71,0,0,0,0,0,0,2,0,0,0,20,15,23,6,0,0,0,1,1,1,0,0,0,2,0,0,0,0,0,0,0,0,0,0,0,0,0,0,0,0,0,0,0,0,0,0,0,0,0,0,0,0,0,0,0,0,0,0,0,0,0,2,65,0,4,0,0,0,0
2012,Greece,UNICEF,TLS,Timor-Leste,0,3,0,0,0,0,0,0,0,0,0,0,1,1,1,0,0,0,0,0,0,0,0,0,0,0,0,0,0,0,0,0,0,0,0,0,0,0,0,0,0,0,0,0,0,0,0,0,0,0,0,0,0,0,0,0,0,0,0,0,0,0,0,0,2,0,0,0,0,0,0
2012,Ireland,UNICEF,TLS,Timor-Leste,0,17,0,0,0,0,0,0,1,0,0,0,5,4,6,1,0,0,0,0,0,0,0,0,0,0,0,0,0,0,0,0,0,0,0,0,0,0,0,0,0,0,0,0,0,0,0,0,0,0,0,0,0,0,0,0,0,0,0,0,0,0,0,1,16,0,1,0,0,0,0
2012,Italy,UNICEF,TLS,Timor-Leste,0,28,0,0,0,0,0,0,1,0,0,0,8,6,9,2,0,0,0,0,0,0,0,0,0,1,0,0,0,0,0,0,0,0,0,0,0,0,0,0,0,0,0,0,0,0,0,0,0,0,0,0,0,0,0,0,0,0,0,0,0,0,0,1,25,0,1,0,0,0,0
2012,Japan,UNICEF,TLS,Timor-Leste,0,133,0,0,0,0,0,0,4,0,0,0,38,29,44,11,0,0,0,1,1,1,0,0,0,3,0,0,0,0,0,0,0,0,0,0,0,0,0,0,0,0,0,0,0,0,0,0,0,0,0,0,0,0,0,0,0,0,0,0,0,0,0,4,122,0,7,0,0,0,0
2012,Korea,UNICEF,TLS,Timor-Leste,0,4,0,0,0,0,0,0,0,0,0,0,1,1,1,0,0,0,0,0,0,0,0,0,0,0,0,0,0,0,0,0,0,0,0,0,0,0,0,0,0,0,0,0,0,0,0,0,0,0,0,0,0,0,0,0,0,0,0,0,0,0,0,0,3,0,0,0,0,0,0
2012,Luxembourg,UNICEF,TLS,Timor-Leste,0,5,0,0,0,0,0,0,0,0,0,0,1,1,2,0,0,0,0,0,0,0,0,0,0,0,0,0,0,0,0,0,0,0,0,0,0,0,0,0,0,0,0,0,0,0,0,0,0,0,0,0,0,0,0,0,0,0,0,0,0,0,0,0,4,0,0,0,0,0,0
2012,Netherlands,UNICEF,TLS,Timor-Leste,0,87,0,0,0,0,0,0,3,0,0,0,25,19,29,7,0,0,0,1,1,1,0,0,0,2,0,0,0,0,0,0,0,0,0,0,0,0,0,0,0,0,0,0,0,0,0,0,0,0,0,0,0,0,0,0,0,0,0,0,0,0,0,3,80,0,5,0,0,0,0
2012,New_Zealand,UNICEF,TLS,Timor-Leste,0,3,0,0,0,0,0,0,0,0,0,0,1,1,1,0,0,0,0,0,0,0,0,0,0,0,0,0,0,0,0,0,0,0,0,0,0,0,0,0,0,0,0,0,0,0,0,0,0,0,0,0,0,0,0,0,0,0,0,0,0,0,0,0,3,0,0,0,0,0,0
2012,Non_OECD_DAC_countries,UNICEF,TLS,Timor-Leste,0,13,0,0,0,0,0,0,0,0,0,0,4,3,4,1,0,0,0,0,0,0,0,0,0,0,0,0,0,0,0,0,0,0,0,0,0,0,0,0,0,0,0,0,0,0,0,0,0,0,0,0,0,0,0,0,0,0,0,0,0,0,0,0,12,0,1,0,0,0,0
2012,Non_OECD_non_DAC_countries,UNICEF,TLS,Timor-Leste,0,6,0,0,0,0,0,0,0,0,0,0,2,1,2,0,0,0,0,0,0,0,0,0,0,0,0,0,0,0,0,0,0,0,0,0,0,0,0,0,0,0,0,0,0,0,0,0,0,0,0,0,0,0,0,0,0,0,0,0,0,0,0,0,6,0,0,0,0,0,0
2012,Norway,UNICEF,TLS,Timor-Leste,0,147,0,0,0,0,0,0,5,0,0,0,42,32,48,12,0,0,0,1,1,1,0,0,0,3,0,0,0,0,0,0,0,0,0,0,0,0,0,0,0,0,0,0,0,0,0,0,0,0,0,0,0,0,0,0,0,0,0,0,0,0,0,5,134,0,8,0,0,0,0
2012,Other,UNICEF,TLS,Timor-Leste,0,263,0,0,0,0,0,0,8,0,0,0,76,57,87,21,0,0,1,2,2,2,1,0,0,6,0,0,0,0,0,0,0,0,0,0,0,0,0,0,0,0,0,0,0,0,0,0,0,0,0,0,0,0,0,0,0,0,0,0,0,0,0,8,240,0,14,0,0,0,0
2012,Other_OECD_DAC_countries,UNICEF,TLS,Timor-Leste,0,6,0,0,0,0,0,0,0,0,0,0,2,1,2,0,0,0,0,0,0,0,0,0,0,0,0,0,0,0,0,0,0,0,0,0,0,0,0,0,0,0,0,0,0,0,0,0,0,0,0,0,0,0,0,0,0,0,0,0,0,0,0,0,6,0,0,0,0,0,0
2012,Portugal,UNICEF,TLS,Timor-Leste,0,2,0,0,0,0,0,0,0,0,0,0,1,0,1,0,0,0,0,0,0,0,0,0,0,0,0,0,0,0,0,0,0,0,0,0,0,0,0,0,0,0,0,0,0,0,0,0,0,0,0,0,0,0,0,0,0,0,0,0,0,0,0,0,2,0,0,0,0,0,0
2012,Private_other,UNICEF,TLS,Timor-Leste,0,362,0,0,0,0,0,0,12,0,0,0,104,79,120,29,0,0,1,3,3,3,1,0,0,8,0,0,0,0,0,0,0,0,0,0,0,0,0,0,0,0,0,0,0,0,0,0,0,0,0,0,0,0,0,0,0,0,0,0,0,0,0,12,331,0,19,0,0,0,0
2012,Spain,UNICEF,TLS,Timor-Leste,0,20,0,0,0,0,0,0,1,0,0,0,6,4,7,2,0,0,0,0,0,0,0,0,0,0,0,0,0,0,0,0,0,0,0,0,0,0,0,0,0,0,0,0,0,0,0,0,0,0,0,0,0,0,0,0,0,0,0,0,0,0,0,1,18,0,1,0,0,0,0
2012,Sweden,UNICEF,TLS,Timor-Leste,0,105,0,0,0,0,0,0,3,0,0,0,30,23,35,8,0,0,0,1,1,1,0,0,0,2,0,0,0,0,0,0,0,0,0,0,0,0,0,0,0,0,0,0,0,0,0,0,0,0,0,0,0,0,0,0,0,0,0,0,0,0,0,3,96,0,6,0,0,0,0
2012,Switzerland,UNICEF,TLS,Timor-Leste,0,18,0,0,0,0,0,0,1,0,0,0,5,4,6,1,0,0,0,0,0,0,0,0,0,0,0,0,0,0,0,0,0,0,0,0,0,0,0,0,0,0,0,0,0,0,0,0,0,0,0,0,0,0,0,0,0,0,0,0,0,0,0,1,16,0,1,0,0,0,0
2012,Unallocable,UNICEF,TLS,Timor-Leste,0,13,0,0,0,0,0,0,0,0,0,0,4,3,4,1,0,0,0,0,0,0,0,0,0,0,0,0,0,0,0,0,0,0,0,0,0,0,0,0,0,0,0,0,0,0,0,0,0,0,0,0,0,0,0,0,0,0,0,0,0,0,0,0,12,0,1,0,0,0,0
2012,United_Kingdom,UNICEF,TLS,Timor-Leste,0,243,0,0,0,0,0,0,8,0,0,0,70,53,80,19,0,0,1,2,2,2,1,0,0,6,0,0,0,0,0,0,0,0,0,0,0,0,0,0,0,0,0,0,0,0,0,0,0,0,0,0,0,0,0,0,0,0,0,0,0,0,0,8,222,0,13,0,0,0,0
2012,United_States,UNICEF,TLS,Timor-Leste,0,209,0,0,0,0,0,0,7,0,0,0,60,45,69,17,0,0,1,2,2,2,1,0,0,5,0,0,0,0,0,0,0,0,0,0,0,0,0,0,0,0,0,0,0,0,0,0,0,0,0,0,0,0,0,0,0,0,0,0,0,0,0,7,191,0,11,0,0,0,0
2012,Private_other,US_FOUND,TLS,Timor-Leste,0,27,2,0,0,1,2,0,2,0,0,0,0,0,0,0,0,0,0,0,0,0,0,0,0,1,0,0,0,0,0,0,0,0,0,0,0,0,0,0,0,0,0,0,0,0,0,0,0,0,0,0,0,2,0,0,0,0,0,0,0,17,0,4,0,0,1,0,0,2,4
2012,Australia,WB_IDA,TLS,Timor-Leste,0,3,0,0,1,0,0,0,0,0,0,0,0,0,0,0,0,0,0,0,0,0,0,0,0,0,0,0,0,0,0,0,0,0,0,0,0,0,0,0,0,0,0,0,0,0,0,0,0,0,0,0,0,0,0,0,0,0,0,0,0,0,0,0,1,0,0,0,0,0,1
2012,Austria,WB_IDA,TLS,Timor-Leste,0,3,0,0,1,0,0,0,1,0,0,0,0,0,1,0,0,0,0,0,0,0,0,0,0,0,0,0,0,0,0,0,0,0,0,0,1,0,0,0,0,0,0,0,0,0,0,0,0,0,0,0,0,0,0,0,0,0,0,0,0,0,0,1,1,0,0,1,0,0,1
2012,Belgium,WB_IDA,TLS,Timor-Leste,0,3,0,0,1,0,0,0,1,0,0,0,0,0,1,0,0,0,0,0,0,0,0,0,0,0,0,0,0,0,0,0,0,0,0,0,1,0,0,0,0,0,0,0,0,0,0,0,0,0,0,0,0,0,0,0,0,0,0,0,0,0,0,1,1,0,0,1,0,0,1
2012,Canada,WB_IDA,TLS,Timor-Leste,0,8,0,0,3,0,0,0,1,0,0,0,1,0,1,0,0,0,0,0,0,0,0,0,0,0,0,0,0,0,0,0,0,0,0,0,1,0,0,0,0,0,0,0,0,0,0,0,0,0,0,0,0,0,0,0,0,0,0,0,0,0,0,1,2,0,0,1,0,0,3
2012,Debt_repayments,WB_IDA,TLS,Timor-Leste,0,54,0,0,19,0,0,0,9,0,0,0,5,0,10,0,0,0,0,0,0,0,0,0,0,0,0,0,0,0,0,0,0,0,0,0,10,0,0,0,0,0,0,0,0,0,0,0,0,0,0,0,0,0,0,0,0,0,0,0,0,0,0,9,15,0,0,10,0,0,19
2012,Denmark,WB_IDA,TLS,Timor-Leste,0,1,0,0,0,0,0,0,0,0,0,0,0,0,0,0,0,0,0,0,0,0,0,0,0,0,0,0,0,0,0,0,0,0,0,0,0,0,0,0,0,0,0,0,0,0,0,0,0,0,0,0,0,0,0,0,0,0,0,0,0,0,0,0,0,0,0,0,0,0,0
2012,France,WB_IDA,TLS,Timor-Leste,0,9,0,0,3,0,0,0,2,0,0,0,1,0,2,0,0,0,0,0,0,0,0,0,0,0,0,0,0,0,0,0,0,0,0,0,2,0,0,0,0,0,0,0,0,0,0,0,0,0,0,0,0,0,0,0,0,0,0,0,0,0,0,2,3,0,0,2,0,0,3
2012,Italy,WB_IDA,TLS,Timor-Leste,0,3,0,0,1,0,0,0,0,0,0,0,0,0,0,0,0,0,0,0,0,0,0,0,0,0,0,0,0,0,0,0,0,0,0,0,0,0,0,0,0,0,0,0,0,0,0,0,0,0,0,0,0,0,0,0,0,0,0,0,0,0,0,0,1,0,0,0,0,0,1
2012,Japan,WB_IDA,TLS,Timor-Leste,0,24,0,0,9,0,0,0,4,0,0,0,2,0,4,0,0,0,0,0,0,0,0,0,0,0,0,0,0,0,0,0,0,0,0,0,4,0,0,0,0,0,0,0,0,0,0,0,0,0,0,0,0,0,0,0,0,0,0,0,0,0,0,4,7,0,0,4,0,0,9
2012,Korea,WB_IDA,TLS,Timor-Leste,0,6,0,0,2,0,0,0,1,0,0,0,1,0,1,0,0,0,0,0,0,0,0,0,0,0,0,0,0,0,0,0,0,0,0,0,1,0,0,0,0,0,0,0,0,0,0,0,0,0,0,0,0,0,0,0,0,0,0,0,0,0,0,1,2,0,0,1,0,0,2
2012,Netherlands,WB_IDA,TLS,Timor-Leste,0,4,0,0,1,0,0,0,1,0,0,0,0,0,1,0,0,0,0,0,0,0,0,0,0,0,0,0,0,0,0,0,0,0,0,0,1,0,0,0,0,0,0,0,0,0,0,0,0,0,0,0,0,0,0,0,0,0,0,0,0,0,0,1,1,0,0,1,0,0,1
2012,Other,WB_IDA,TLS,Timor-Leste,0,12,0,0,4,0,0,0,2,0,0,0,1,0,2,0,0,0,0,0,0,0,0,0,0,0,0,0,0,0,0,0,0,0,0,0,2,0,0,0,0,0,0,0,0,0,0,0,0,0,0,0,0,0,0,0,0,0,0,0,0,0,0,2,3,0,0,2,0,0,4
2012,Sweden,WB_IDA,TLS,Timor-Leste,0,6,0,0,2,0,0,0,1,0,0,0,1,0,1,0,0,0,0,0,0,0,0,0,0,0,0,0,0,0,0,0,0,0,0,0,1,0,0,0,0,0,0,0,0,0,0,0,0,0,0,0,0,0,0,0,0,0,0,0,0,0,0,1,2,0,0,1,0,0,2
2012,United_Kingdom,WB_IDA,TLS,Timor-Leste,0,21,0,0,7,0,0,0,4,0,0,0,2,0,4,0,0,0,0,0,0,0,0,0,0,0,0,0,0,0,0,0,0,0,0,0,4,0,0,0,0,0,0,0,0,0,0,0,0,0,0,0,0,0,0,0,0,0,0,0,0,0,0,4,6,0,0,4,0,0,7
2012,United_States,WB_IDA,TLS,Timor-Leste,0,23,0,0,8,0,0,0,4,0,0,0,2,0,4,0,0,0,0,0,0,0,0,0,0,0,0,0,0,0,0,0,0,0,0,0,4,0,0,0,0,0,0,0,0,0,0,0,0,0,0,0,0,0,0,0,0,0,0,0,0,0,0,4,7,0,0,4,0,0,8
2012,Australia,WHO,TLS,Timor-Leste,0,82,11,0,10,5,0,1,2,0,0,0,1,7,2,0,0,0,0,0,0,0,0,0,0,3,0,0,0,0,0,0,0,0,0,0,2,0,0,0,0,0,0,3,0,0,0,0,0,0,24,0,0,0,1,1,3,0,0,0,0,7,0,3,10,4,3,2,3,24,27
2012,Austria,WHO,TLS,Timor-Leste,0,6,1,0,1,0,0,0,0,0,0,0,0,1,0,0,0,0,0,0,0,0,0,0,0,0,0,0,0,0,0,0,0,0,0,0,0,0,0,0,0,0,0,0,0,0,0,0,0,0,2,0,0,0,0,0,0,0,0,0,0,1,0,0,1,0,0,0,0,2,2
2012,Belgium,WHO,TLS,Timor-Leste,0,24,3,0,3,2,0,0,1,0,0,0,0,2,1,0,0,0,0,0,0,0,0,0,0,1,0,0,0,0,0,0,0,0,0,0,1,0,0,0,0,0,0,1,0,0,0,0,0,0,7,0,0,0,0,0,1,0,0,0,0,2,0,1,3,1,1,1,1,7,8
2012,Canada,WHO,TLS,Timor-Leste,0,129,17,0,16,9,0,2,3,0,0,0,1,11,3,0,0,0,0,0,0,0,0,0,0,4,0,0,0,0,0,0,0,0,0,0,3,0,0,0,0,0,0,4,0,0,0,0,0,0,38,0,0,0,1,1,4,0,0,0,0,11,0,5,16,6,4,3,4,38,42
2012,China,WHO,TLS,Timor-Leste,0,19,3,0,2,1,0,0,0,0,0,0,0,2,0,0,0,0,0,0,0,0,0,0,0,1,0,0,0,0,0,0,0,0,0,0,0,0,0,0,0,0,0,1,0,0,0,0,0,0,6,0,0,0,0,0,1,0,0,0,0,2,0,1,2,1,1,0,1,6,6
2012,Corporate_donations,WHO,TLS,Timor-Leste,0,13,2,0,2,1,0,0,0,0,0,0,0,1,0,0,0,0,0,0,0,0,0,0,0,0,0,0,0,0,0,0,0,0,0,0,0,0,0,0,0,0,0,0,0,0,0,0,0,0,4,0,0,0,0,0,0,0,0,0,0,1,0,0,2,1,0,0,0,4,4
2012,Denmark,WHO,TLS,Timor-Leste,0,15,2,0,2,1,0,0,0,0,0,0,0,1,0,0,0,0,0,0,0,0,0,0,0,0,0,0,0,0,0,0,0,0,0,0,0,0,0,0,0,0,0,0,0,0,0,0,0,0,4,0,0,0,0,0,0,0,0,0,0,1,0,1,2,1,0,0,0,4,5
2012,Finland,WHO,TLS,Timor-Leste,0,19,2,0,2,1,0,0,0,0,0,0,0,2,0,0,0,0,0,0,0,0,0,0,0,1,0,0,0,0,0,0,0,0,0,0,0,0,0,0,0,0,0,1,0,0,0,0,0,0,5,0,0,0,0,0,1,0,0,0,0,2,0,1,2,1,1,0,1,5,6
2012,France,WHO,TLS,Timor-Leste,0,83,11,0,10,5,0,1,2,0,0,0,1,7,2,0,0,0,0,0,0,0,0,0,0,3,0,0,0,0,0,0,0,0,0,0,2,0,0,0,0,0,0,3,0,0,0,0,0,0,24,0,0,0,1,1,3,0,0,0,0,7,0,3,10,4,3,2,3,24,27
2012,Gates Foundation,WHO,TLS,Timor-Leste,0,290,39,0,36,19,0,4,7,0,0,0,3,25,7,0,0,0,0,0,0,0,0,0,0,10,0,0,0,0,0,0,0,0,0,0,7,0,0,0,0,0,0,9,0,0,0,0,0,0,85,0,0,0,2,2,10,0,0,0,0,25,0,11,35,14,10,7,9,85,94
2012,Germany,WHO,TLS,Timor-Leste,0,84,11,0,11,6,0,1,2,0,0,0,1,7,2,0,0,0,0,0,0,0,0,0,0,3,0,0,0,0,0,0,0,0,0,0,2,0,0,0,0,0,0,3,0,0,0,0,0,0,25,0,0,0,1,1,3,0,0,0,0,7,0,3,10,4,3,2,3,25,27
2012,Greece,WHO,TLS,Timor-Leste,0,1,0,0,0,0,0,0,0,0,0,0,0,0,0,0,0,0,0,0,0,0,0,0,0,0,0,0,0,0,0,0,0,0,0,0,0,0,0,0,0,0,0,0,0,0,0,0,0,0,0,0,0,0,0,0,0,0,0,0,0,0,0,0,0,0,0,0,0,0,0
2012,Ireland,WHO,TLS,Timor-Leste,0,6,1,0,1,0,0,0,0,0,0,0,0,1,0,0,0,0,0,0,0,0,0,0,0,0,0,0,0,0,0,0,0,0,0,0,0,0,0,0,0,0,0,0,0,0,0,0,0,0,2,0,0,0,0,0,0,0,0,0,0,1,0,0,1,0,0,0,0,2,2
2012,Italy,WHO,TLS,Timor-Leste,0,48,6,0,6,3,0,1,1,0,0,0,0,4,1,0,0,0,0,0,0,0,0,0,0,2,0,0,0,0,0,0,0,0,0,0,1,0,0,0,0,0,0,2,0,0,0,0,0,0,14,0,0,0,0,0,2,0,0,0,0,4,0,2,6,2,2,1,2,14,15
2012,Japan,WHO,TLS,Timor-Leste,0,85,11,0,11,6,0,1,2,0,0,0,1,7,2,0,0,0,0,0,0,0,0,0,0,3,0,0,0,0,0,0,0,0,0,0,2,0,0,0,0,0,0,3,0,0,0,0,0,0,25,0,0,0,1,1,3,0,0,0,0,7,0,3,10,4,3,2,3,25,28
2012,Korea,WHO,TLS,Timor-Leste,0,21,3,0,3,1,0,0,1,0,0,0,0,2,1,0,0,0,0,0,0,0,0,0,0,1,0,0,0,0,0,0,0,0,0,0,1,0,0,0,0,0,0,1,0,0,0,0,0,0,6,0,0,0,0,0,1,0,0,0,0,2,0,1,3,1,1,1,1,6,7
2012,Luxembourg,WHO,TLS,Timor-Leste,0,9,1,0,1,1,0,0,0,0,0,0,0,1,0,0,0,0,0,0,0,0,0,0,0,0,0,0,0,0,0,0,0,0,0,0,0,0,0,0,0,0,0,0,0,0,0,0,0,0,3,0,0,0,0,0,0,0,0,0,0,1,0,0,1,0,0,0,0,3,3
2012,Netherlands,WHO,TLS,Timor-Leste,0,42,6,0,5,3,0,1,1,0,0,0,0,4,1,0,0,0,0,0,0,0,0,0,0,1,0,0,0,0,0,0,0,0,0,0,1,0,0,0,0,0,0,1,0,0,0,0,0,0,12,0,0,0,0,0,1,0,0,0,0,4,0,2,5,2,1,1,1,12,14
2012,New_Zealand,WHO,TLS,Timor-Leste,0,4,1,0,0,0,0,0,0,0,0,0,0,0,0,0,0,0,0,0,0,0,0,0,0,0,0,0,0,0,0,0,0,0,0,0,0,0,0,0,0,0,0,0,0,0,0,0,0,0,1,0,0,0,0,0,0,0,0,0,0,0,0,0,0,0,0,0,0,1,1
2012,Non_OECD_DAC_countries,WHO,TLS,Timor-Leste,0,25,3,0,3,2,0,0,1,0,0,0,0,2,1,0,0,0,0,0,0,0,0,0,0,1,0,0,0,0,0,0,0,0,0,0,1,0,0,0,0,0,0,1,0,0,0,0,0,0,7,0,0,0,0,0,1,0,0,0,0,2,0,1,3,1,1,1,1,7,8
2012,Non_OECD_non_DAC_countries,WHO,TLS,Timor-Leste,0,83,11,0,10,5,0,1,2,0,0,0,1,7,2,0,0,0,0,0,0,0,0,0,0,3,0,0,0,0,0,0,0,0,0,0,2,0,0,0,0,0,0,3,0,0,0,0,0,0,24,0,0,0,1,1,3,0,0,0,0,7,0,3,10,4,3,2,3,24,27
2012,Norway,WHO,TLS,Timor-Leste,0,77,10,0,10,5,0,1,2,0,0,0,1,7,2,0,0,0,0,0,0,0,0,0,0,3,0,0,0,0,0,0,0,0,0,0,2,0,0,0,0,0,0,3,0,0,0,0,0,0,22,0,0,0,1,1,3,0,0,0,0,7,0,3,9,4,3,2,3,22,25
2012,Other,WHO,TLS,Timor-Leste,0,146,20,0,18,10,0,2,4,0,0,0,1,13,4,0,0,0,0,0,0,0,0,0,0,5,0,0,0,0,0,0,0,0,0,0,3,0,0,0,0,0,0,5,0,0,0,0,0,0,43,0,0,0,1,1,5,0,0,0,0,13,0,6,18,7,5,3,5,43,47
2012,Other_OECD_DAC_countries,WHO,TLS,Timor-Leste,0,8,1,0,1,1,0,0,0,0,0,0,0,1,0,0,0,0,0,0,0,0,0,0,0,0,0,0,0,0,0,0,0,0,0,0,0,0,0,0,0,0,0,0,0,0,0,0,0,0,2,0,0,0,0,0,0,0,0,0,0,1,0,0,1,0,0,0,0,2,3
2012,Private_other,WHO,TLS,Timor-Leste,0,125,17,0,16,8,0,2,3,0,0,0,1,11,3,0,0,0,0,0,0,0,0,0,0,4,0,0,0,0,0,0,0,0,0,0,3,0,0,0,0,0,0,4,0,0,0,0,0,0,36,0,0,0,1,1,4,0,0,0,0,11,0,5,15,6,4,3,4,36,41
2012,Spain,WHO,TLS,Timor-Leste,0,10,1,0,1,1,0,0,0,0,0,0,0,1,0,0,0,0,0,0,0,0,0,0,0,0,0,0,0,0,0,0,0,0,0,0,0,0,0,0,0,0,0,0,0,0,0,0,0,0,3,0,0,0,0,0,0,0,0,0,0,1,0,0,1,0,0,0,0,3,3
2012,Sweden,WHO,TLS,Timor-Leste,0,35,5,0,4,2,0,1,1,0,0,0,0,3,1,0,0,0,0,0,0,0,0,0,0,1,0,0,0,0,0,0,0,0,0,0,1,0,0,0,0,0,0,1,0,0,0,0,0,0,10,0,0,0,0,0,1,0,0,0,0,3,0,1,4,2,1,1,1,10,11
2012,Switzerland,WHO,TLS,Timor-Leste,0,14,2,0,2,1,0,0,0,0,0,0,0,1,0,0,0,0,0,0,0,0,0,0,0,0,0,0,0,0,0,0,0,0,0,0,0,0,0,0,0,0,0,0,0,0,0,0,0,0,4,0,0,0,0,0,0,0,0,0,0,1,0,1,2,1,0,0,0,4,5
2012,Unallocable,WHO,TLS,Timor-Leste,0,1,0,0,0,0,0,0,0,0,0,0,0,0,0,0,0,0,0,0,0,0,0,0,0,0,0,0,0,0,0,0,0,0,0,0,0,0,0,0,0,0,0,0,0,0,0,0,0,0,0,0,0,0,0,0,0,0,0,0,0,0,0,0,0,0,0,0,0,0,0
2012,United_Kingdom,WHO,TLS,Timor-Leste,0,217,29,0,27,14,0,3,5,0,0,0,2,19,5,0,0,0,0,0,0,0,0,0,0,7,0,0,0,0,0,0,0,0,0,0,5,0,0,0,0,0,0,7,0,0,0,0,0,0,63,0,0,0,1,1,7,0,0,0,0,19,0,8,26,10,7,5,7,63,70
2012,United_States,WHO,TLS,Timor-Leste,0,352,47,0,44,23,0,5,9,0,0,0,3,31,9,0,0,0,0,0,0,0,0,0,0,12,0,0,0,0,0,0,0,0,0,0,8,0,0,0,0,0,0,11,0,0,0,0,0,0,103,0,0,0,2,2,12,0,0,0,0,31,0,14,43,17,12,8,11,103,114
2013,Australia,BIL_AUS,TLS,Timor-Leste,0,1598,1,2,249,0,130,519,0,0,9,138,0,0,149,3,16,382,0,0,0,0,0,0,0,0,0,0,0,0,0,0,0,0,0,0,0,0,0,0,0,0,0,0,0,0,0,0,0,0,0,0,0,0,0,0,0,0,0,0,0,0,0,796,550,0,0,0,0,0,252
2013,Canada,BIL_CAN,TLS,Timor-Leste,0,10,1,0,0,0,0,1,0,1,1,0,4,0,0,0,0,0,0,0,0,0,0,0,0,0,0,0,0,0,0,0,0,0,0,0,0,0,0,0,0,0,0,0,0,0,0,0,0,0,0,1,0,0,0,0,0,0,0,0,0,0,0,3,4,0,0,0,0,2,1
2013,Germany,BIL_DEU,TLS,Timor-Leste,0,114,1,0,0,0,0,0,0,0,0,0,0,0,0,0,0,0,0,0,0,0,0,0,0,0,0,0,0,0,0,0,0,0,0,0,0,0,0,0,0,0,0,0,0,0,0,0,0,0,0,0,0,0,0,0,0,0,0,0,0,113,0,0,0,0,0,0,0,0,1
2013,Finland,BIL_FIN,TLS,Timor-Leste,0,36,0,0,0,0,0,2,0,0,5,2,3,0,0,0,18,6,0,0,0,0,0,0,0,0,0,0,0,0,0,0,0,0,0,0,0,0,0,0,0,0,0,0,0,0,0,0,0,0,0,0,0,0,0,0,0,0,0,0,0,0,0,9,27,0,0,0,0,0,0
2013,France,BIL_FRA,TLS,Timor-Leste,0,14,0,0,0,0,0,0,0,0,0,0,0,0,0,0,0,0,0,0,0,0,0,0,0,0,0,0,0,0,0,0,0,0,0,0,0,0,0,0,0,0,0,0,0,0,0,0,0,0,0,0,0,0,0,0,0,0,0,0,0,14,0,0,0,0,0,0,0,0,0
2013,United_Kingdom,BIL_GBR,TLS,Timor-Leste,0,2,0,0,0,0,0,0,0,0,0,0,0,0,0,0,0,0,0,0,0,0,0,0,0,0,0,0,0,0,0,0,0,2,0,0,0,0,0,0,0,0,0,0,0,0,0,0,0,0,0,0,0,0,0,0,0,0,0,0,0,0,0,0,0,0,0,2,0,0,0
2013,Japan,BIL_JPN,TLS,Timor-Leste,0,122,0,0,0,0,0,24,0,0,0,0,0,0,0,0,0,0,0,0,0,0,0,0,0,0,0,0,0,0,0,0,0,0,0,0,0,0,0,0,0,0,0,0,0,0,0,0,0,0,0,0,0,0,0,0,0,0,0,0,0,98,0,24,0,0,0,0,0,0,0
2013,Korea,BIL_KOR,TLS,Timor-Leste,0,72,0,0,71,0,0,0,0,0,0,0,0,0,0,0,0,0,0,0,0,0,0,0,0,0,0,0,0,0,0,0,0,0,0,0,0,0,0,0,0,1,0,0,0,1,0,0,0,0,0,0,0,0,0,0,0,0,0,0,0,0,0,0,0,0,0,0,2,0,71
2013,Norway,BIL_NOR,TLS,Timor-Leste,0,2,2,0,0,0,0,0,0,0,0,0,0,0,0,0,0,0,0,0,0,0,0,0,0,0,0,0,0,0,0,0,0,0,0,0,0,0,0,0,0,0,0,0,0,0,0,0,0,0,0,0,0,0,0,0,0,0,0,0,0,0,0,0,0,0,0,0,0,0,2
2013,Portugal,BIL_PRT,TLS,Timor-Leste,0,145,0,0,0,0,0,0,0,0,0,0,0,0,0,0,0,0,0,0,0,0,0,0,0,0,0,0,0,0,0,0,0,0,0,0,0,0,0,0,0,0,0,0,0,0,0,0,0,0,0,0,0,0,0,0,0,0,0,0,0,145,0,0,0,0,0,0,0,0,0
2013,Sweden,BIL_SWE,TLS,Timor-Leste,0,6,0,0,0,0,0,0,0,0,0,0,2,0,0,0,3,0,0,0,0,0,0,0,0,0,0,1,0,0,0,0,0,0,0,0,0,0,0,0,0,0,0,0,0,0,0,0,0,0,0,0,0,0,0,0,0,0,0,0,0,0,0,0,5,0,1,0,0,0,0
2013,United_States,BIL_USA,TLS,Timor-Leste,0,979,142,0,454,2,2,13,0,1,0,1,0,0,8,0,0,0,0,64,0,0,0,0,0,68,0,3,1,0,1,0,167,8,0,0,0,4,1,2,0,0,6,0,0,0,13,0,0,0,11,0,0,0,0,0,0,0,0,0,0,0,0,18,9,0,139,184,19,12,598
2013,Austria,EC,TLS,Timor-Leste,0,7,0,0,0,0,0,5,0,2,0,0,0,0,0,0,0,0,0,0,0,0,0,0,0,0,0,0,0,0,0,0,0,0,0,0,0,0,0,0,0,0,0,0,0,0,0,0,0,0,0,0,0,0,0,0,0,0,0,0,0,0,0,7,0,0,0,0,0,0,0
2013,Belgium,EC,TLS,Timor-Leste,0,12,0,0,0,0,0,9,0,3,0,0,0,0,0,0,0,0,0,0,0,0,0,0,0,0,0,0,0,0,0,0,0,0,0,0,0,0,0,0,0,0,0,0,0,0,0,0,0,0,0,0,0,0,0,0,0,0,0,0,0,0,0,12,0,0,0,0,0,0,0
2013,Denmark,EC,TLS,Timor-Leste,0,6,0,0,0,0,0,5,0,2,0,0,0,0,0,0,0,0,0,0,0,0,0,0,0,0,0,0,0,0,0,0,0,0,0,0,0,0,0,0,0,0,0,0,0,0,0,0,0,0,0,0,0,0,0,0,0,0,0,0,0,0,0,6,0,0,0,0,0,0,0
2013,Finland,EC,TLS,Timor-Leste,0,5,0,0,0,0,0,4,0,1,0,0,0,0,0,0,0,0,0,0,0,0,0,0,0,0,0,0,0,0,0,0,0,0,0,0,0,0,0,0,0,0,0,0,0,0,0,0,0,0,0,0,0,0,0,0,0,0,0,0,0,0,0,5,0,0,0,0,0,0,0
2013,France,EC,TLS,Timor-Leste,0,57,0,0,0,0,0,42,0,14,0,0,0,0,0,0,0,0,0,1,0,0,0,0,0,0,0,0,0,0,0,0,0,0,0,0,0,0,0,0,0,0,0,0,0,0,0,0,0,0,0,0,0,0,0,0,0,0,0,0,0,0,0,56,0,0,1,0,0,0,0
2013,Germany,EC,TLS,Timor-Leste,0,65,0,0,0,0,0,49,0,16,0,0,0,0,0,0,0,0,0,1,0,0,0,0,0,0,0,0,0,0,0,0,0,0,0,0,0,0,0,0,0,0,0,0,0,0,0,0,0,0,0,0,0,0,0,0,0,0,0,0,0,0,0,64,0,0,1,0,0,0,0
2013,Greece,EC,TLS,Timor-Leste,0,4,0,0,0,0,0,3,0,1,0,0,0,0,0,0,0,0,0,0,0,0,0,0,0,0,0,0,0,0,0,0,0,0,0,0,0,0,0,0,0,0,0,0,0,0,0,0,0,0,0,0,0,0,0,0,0,0,0,0,0,0,0,4,0,0,0,0,0,0,0
2013,Ireland,EC,TLS,Timor-Leste,0,3,0,0,0,0,0,2,0,1,0,0,0,0,0,0,0,0,0,0,0,0,0,0,0,0,0,0,0,0,0,0,0,0,0,0,0,0,0,0,0,0,0,0,0,0,0,0,0,0,0,0,0,0,0,0,0,0,0,0,0,0,0,3,0,0,0,0,0,0,0
2013,Italy,EC,TLS,Timor-Leste,0,40,0,0,0,0,0,30,0,10,0,0,0,0,0,0,0,0,0,0,0,0,0,0,0,0,0,0,0,0,0,0,0,0,0,0,0,0,0,0,0,0,0,0,0,0,0,0,0,0,0,0,0,0,0,0,0,0,0,0,0,0,0,39,0,0,1,0,0,0,0
2013,Netherlands,EC,TLS,Timor-Leste,0,16,0,0,0,0,0,12,0,4,0,0,0,0,0,0,0,0,0,0,0,0,0,0,0,0,0,0,0,0,0,0,0,0,0,0,0,0,0,0,0,0,0,0,0,0,0,0,0,0,0,0,0,0,0,0,0,0,0,0,0,0,0,16,0,0,0,0,0,0,0
2013,Other_OECD_DAC_countries,EC,TLS,Timor-Leste,0,14,0,0,0,0,0,11,0,4,0,0,0,0,0,0,0,0,0,0,0,0,0,0,0,0,0,0,0,0,0,0,0,0,0,0,0,0,0,0,0,0,0,0,0,0,0,0,0,0,0,0,0,0,0,0,0,0,0,0,0,0,0,14,0,0,0,0,0,0,0
2013,Portugal,EC,TLS,Timor-Leste,0,4,0,0,0,0,0,3,0,1,0,0,0,0,0,0,0,0,0,0,0,0,0,0,0,0,0,0,0,0,0,0,0,0,0,0,0,0,0,0,0,0,0,0,0,0,0,0,0,0,0,0,0,0,0,0,0,0,0,0,0,0,0,4,0,0,0,0,0,0,0
2013,Spain,EC,TLS,Timor-Leste,0,25,0,0,0,0,0,19,0,6,0,0,0,0,0,0,0,0,0,0,0,0,0,0,0,0,0,0,0,0,0,0,0,0,0,0,0,0,0,0,0,0,0,0,0,0,0,0,0,0,0,0,0,0,0,0,0,0,0,0,0,0,0,25,0,0,0,0,0,0,0
2013,Sweden,EC,TLS,Timor-Leste,0,9,0,0,0,0,0,7,0,2,0,0,0,0,0,0,0,0,0,0,0,0,0,0,0,0,0,0,0,0,0,0,0,0,0,0,0,0,0,0,0,0,0,0,0,0,0,0,0,0,0,0,0,0,0,0,0,0,0,0,0,0,0,9,0,0,0,0,0,0,0
2013,United_Kingdom,EC,TLS,Timor-Leste,0,48,0,0,0,0,0,35,0,12,0,0,0,0,0,0,0,0,0,0,0,0,0,0,0,0,0,0,0,0,0,0,0,0,0,0,0,0,0,0,0,0,0,0,0,0,0,0,0,0,0,0,0,0,0,0,0,0,0,0,0,0,0,47,0,0,1,0,0,0,0
2013,Gates Foundation,GATES,TLS,Timor-Leste,0,119,0,0,0,0,9,2,0,0,9,0,0,10,1,1,0,4,0,0,0,0,0,0,0,0,0,0,0,0,0,0,0,19,0,0,0,0,0,0,0,0,0,0,0,0,0,0,0,0,10,9,0,0,0,0,0,0,0,0,0,47,0,19,16,0,0,19,0,18,0
2013,Australia,GAVI,TLS,Timor-Leste,0,11,0,0,0,0,0,0,0,0,0,0,0,11,0,0,0,0,0,0,0,0,0,0,0,0,0,0,0,0,0,0,0,0,0,0,0,0,0,0,0,0,0,0,0,0,0,0,0,0,0,0,0,0,0,0,0,0,0,0,0,0,0,0,11,0,0,0,0,0,0
2013,Canada,GAVI,TLS,Timor-Leste,0,15,0,0,0,0,0,0,0,0,0,0,0,15,0,0,0,0,0,0,0,0,0,0,0,0,0,0,0,0,0,0,0,0,0,0,0,0,0,0,0,0,0,0,0,0,0,0,0,0,0,0,0,0,0,0,0,0,0,0,0,0,0,0,15,0,0,0,0,0,0
2013,Denmark,GAVI,TLS,Timor-Leste,0,1,0,0,0,0,0,0,0,0,0,0,0,1,0,0,0,0,0,0,0,0,0,0,0,0,0,0,0,0,0,0,0,0,0,0,0,0,0,0,0,0,0,0,0,0,0,0,0,0,0,0,0,0,0,0,0,0,0,0,0,0,0,0,1,0,0,0,0,0,0
2013,France,GAVI,TLS,Timor-Leste,0,21,0,0,0,0,0,0,0,0,0,0,0,21,0,0,0,0,0,0,0,0,0,0,0,0,0,0,0,0,0,0,0,0,0,0,0,0,0,0,0,0,0,0,0,0,0,0,0,0,0,0,0,0,0,0,0,0,0,0,0,0,0,0,21,0,0,0,0,0,0
2013,Gates Foundation,GAVI,TLS,Timor-Leste,0,63,0,0,0,0,0,0,0,0,0,0,0,63,0,0,0,0,0,0,0,0,0,0,0,0,0,0,0,0,0,0,0,0,0,0,0,0,0,0,0,0,0,0,0,0,0,0,0,0,0,0,0,0,0,0,0,0,0,0,0,0,0,0,63,0,0,0,0,0,0
2013,Germany,GAVI,TLS,Timor-Leste,0,8,0,0,0,0,0,0,0,0,0,0,0,8,0,0,0,0,0,0,0,0,0,0,0,0,0,0,0,0,0,0,0,0,0,0,0,0,0,0,0,0,0,0,0,0,0,0,0,0,0,0,0,0,0,0,0,0,0,0,0,0,0,0,8,0,0,0,0,0,0
2013,Italy,GAVI,TLS,Timor-Leste,0,25,0,0,0,0,0,0,0,0,0,0,0,25,0,0,0,0,0,0,0,0,0,0,0,0,0,0,0,0,0,0,0,0,0,0,0,0,0,0,0,0,0,0,0,0,0,0,0,0,0,0,0,0,0,0,0,0,0,0,0,0,0,0,25,0,0,0,0,0,0
2013,Japan,GAVI,TLS,Timor-Leste,0,2,0,0,0,0,0,0,0,0,0,0,0,2,0,0,0,0,0,0,0,0,0,0,0,0,0,0,0,0,0,0,0,0,0,0,0,0,0,0,0,0,0,0,0,0,0,0,0,0,0,0,0,0,0,0,0,0,0,0,0,0,0,0,2,0,0,0,0,0,0
2013,Netherlands,GAVI,TLS,Timor-Leste,0,8,0,0,0,0,0,0,0,0,0,0,0,8,0,0,0,0,0,0,0,0,0,0,0,0,0,0,0,0,0,0,0,0,0,0,0,0,0,0,0,0,0,0,0,0,0,0,0,0,0,0,0,0,0,0,0,0,0,0,0,0,0,0,8,0,0,0,0,0,0
2013,Non_OECD_non_DAC_countries,GAVI,TLS,Timor-Leste,0,3,0,0,0,0,0,0,0,0,0,0,0,3,0,0,0,0,0,0,0,0,0,0,0,0,0,0,0,0,0,0,0,0,0,0,0,0,0,0,0,0,0,0,0,0,0,0,0,0,0,0,0,0,0,0,0,0,0,0,0,0,0,0,3,0,0,0,0,0,0
2013,Norway,GAVI,TLS,Timor-Leste,0,31,0,0,0,0,0,0,0,0,0,0,0,31,0,0,0,0,0,0,0,0,0,0,0,0,0,0,0,0,0,0,0,0,0,0,0,0,0,0,0,0,0,0,0,0,0,0,0,0,0,0,0,0,0,0,0,0,0,0,0,0,0,0,31,0,0,0,0,0,0
2013,Other,GAVI,TLS,Timor-Leste,0,6,0,0,0,0,0,0,0,0,0,0,0,6,0,0,0,0,0,0,0,0,0,0,0,0,0,0,0,0,0,0,0,0,0,0,0,0,0,0,0,0,0,0,0,0,0,0,0,0,0,0,0,0,0,0,0,0,0,0,0,0,0,0,6,0,0,0,0,0,0
2013,Private_other,GAVI,TLS,Timor-Leste,0,7,0,0,0,0,0,0,0,0,0,0,0,7,0,0,0,0,0,0,0,0,0,0,0,0,0,0,0,0,0,0,0,0,0,0,0,0,0,0,0,0,0,0,0,0,0,0,0,0,0,0,0,0,0,0,0,0,0,0,0,0,0,0,7,0,0,0,0,0,0
2013,Spain,GAVI,TLS,Timor-Leste,0,2,0,0,0,0,0,0,0,0,0,0,0,2,0,0,0,0,0,0,0,0,0,0,0,0,0,0,0,0,0,0,0,0,0,0,0,0,0,0,0,0,0,0,0,0,0,0,0,0,0,0,0,0,0,0,0,0,0,0,0,0,0,0,2,0,0,0,0,0,0
2013,Sweden,GAVI,TLS,Timor-Leste,0,16,0,0,0,0,0,0,0,0,0,0,0,16,0,0,0,0,0,0,0,0,0,0,0,0,0,0,0,0,0,0,0,0,0,0,0,0,0,0,0,0,0,0,0,0,0,0,0,0,0,0,0,0,0,0,0,0,0,0,0,0,0,0,16,0,0,0,0,0,0
2013,United_Kingdom,GAVI,TLS,Timor-Leste,0,136,0,0,0,0,0,0,0,0,0,0,0,136,0,0,0,0,0,0,0,0,0,0,0,0,0,0,0,0,0,0,0,0,0,0,0,0,0,0,0,0,0,0,0,0,0,0,0,0,0,0,0,0,0,0,0,0,0,0,0,0,0,0,136,0,0,0,0,0,0
2013,United_States,GAVI,TLS,Timor-Leste,0,31,0,0,0,0,0,0,0,0,0,0,0,31,0,0,0,0,0,0,0,0,0,0,0,0,0,0,0,0,0,0,0,0,0,0,0,0,0,0,0,0,0,0,0,0,0,0,0,0,0,0,0,0,0,0,0,0,0,0,0,0,0,0,31,0,0,0,0,0,0
2013,Australia,GFATM,TLS,Timor-Leste,0,209,0,0,0,0,0,0,0,0,0,0,0,0,0,0,0,0,9,18,2,0,2,4,0,1,22,0,0,11,9,0,8,8,4,0,1,19,34,0,1,0,1,15,8,22,9,0,0,0,0,0,0,0,0,0,0,0,0,0,0,0,0,0,0,0,59,94,56,0,0
2013,Austria,GFATM,TLS,Timor-Leste,0,6,0,0,0,0,0,0,0,0,0,0,0,0,0,0,0,0,0,1,0,0,0,0,0,0,1,0,0,0,0,0,0,0,0,0,0,1,1,0,0,0,0,0,0,1,0,0,0,0,0,0,0,0,0,0,0,0,0,0,0,0,0,0,0,0,2,3,2,0,0
2013,Belgium,GFATM,TLS,Timor-Leste,0,43,0,0,0,0,0,0,0,0,0,0,0,0,0,0,0,0,2,4,0,0,0,1,0,0,5,0,0,2,2,0,2,2,1,0,0,4,7,0,0,0,0,3,2,4,2,0,0,0,0,0,0,0,0,0,0,0,0,0,0,0,0,0,0,0,12,19,11,0,0
2013,Canada,GFATM,TLS,Timor-Leste,0,411,0,0,0,0,0,0,0,0,0,0,0,0,0,0,0,0,19,34,3,0,3,8,0,3,44,0,0,22,17,0,15,17,8,0,2,37,68,0,2,0,2,30,17,42,17,0,0,0,0,0,0,0,0,0,0,0,0,0,0,0,0,0,0,0,115,186,110,0,0
2013,China,GFATM,TLS,Timor-Leste,0,11,0,0,0,0,0,0,0,0,0,0,0,0,0,0,0,0,0,1,0,0,0,0,0,0,1,0,0,1,0,0,0,0,0,0,0,1,2,0,0,0,0,1,0,1,0,0,0,0,0,0,0,0,0,0,0,0,0,0,0,0,0,0,0,0,3,5,3,0,0
2013,Denmark,GFATM,TLS,Timor-Leste,0,59,0,0,0,0,0,0,0,0,0,0,0,0,0,0,0,0,3,5,0,0,0,1,0,0,6,0,0,3,2,0,2,2,1,0,0,5,10,0,0,0,0,4,2,6,2,0,0,0,0,0,0,0,0,0,0,0,0,0,0,0,0,0,0,0,16,26,16,0,0
2013,Finland,GFATM,TLS,Timor-Leste,0,10,0,0,0,0,0,0,0,0,0,0,0,0,0,0,0,0,0,1,0,0,0,0,0,0,1,0,0,1,0,0,0,0,0,0,0,1,2,0,0,0,0,1,0,1,0,0,0,0,0,0,0,0,0,0,0,0,0,0,0,0,0,0,0,0,3,4,3,0,0
2013,France,GFATM,TLS,Timor-Leste,0,965,0,0,0,0,0,0,0,0,0,0,0,0,0,0,0,0,44,81,7,1,7,20,0,7,102,1,0,52,40,1,35,39,18,0,5,86,159,1,4,1,4,71,39,100,40,0,0,0,0,0,0,0,0,0,0,0,0,0,0,0,0,0,0,0,270,436,259,0,0
2013,Gates Foundation,GFATM,TLS,Timor-Leste,0,333,0,0,0,0,0,0,0,0,0,0,0,0,0,0,0,0,15,28,2,0,3,7,0,2,35,0,0,18,14,0,12,13,6,0,2,30,55,0,1,0,1,24,13,34,14,0,0,0,0,0,0,0,0,0,0,0,0,0,0,0,0,0,0,0,93,150,89,0,0
2013,Germany,GFATM,TLS,Timor-Leste,0,614,0,0,0,0,0,0,0,0,0,0,0,0,0,0,0,0,28,52,5,1,5,12,0,4,65,1,0,33,26,0,22,25,11,0,3,55,101,0,3,1,3,45,25,63,25,0,0,0,0,0,0,0,0,0,0,0,0,0,0,0,0,0,0,0,172,277,165,0,0
2013,Greece,GFATM,TLS,Timor-Leste,0,4,0,0,0,0,0,0,0,0,0,0,0,0,0,0,0,0,0,0,0,0,0,0,0,0,0,0,0,0,0,0,0,0,0,0,0,0,1,0,0,0,0,0,0,0,0,0,0,0,0,0,0,0,0,0,0,0,0,0,0,0,0,0,0,0,1,2,1,0,0
2013,Ireland,GFATM,TLS,Timor-Leste,0,3,0,0,0,0,0,0,0,0,0,0,0,0,0,0,0,0,0,0,0,0,0,0,0,0,0,0,0,0,0,0,0,0,0,0,0,0,0,0,0,0,0,0,0,0,0,0,0,0,0,0,0,0,0,0,0,0,0,0,0,0,0,0,0,0,1,1,1,0,0
2013,Italy,GFATM,TLS,Timor-Leste,0,32,0,0,0,0,0,0,0,0,0,0,0,0,0,0,0,0,1,3,0,0,0,1,0,0,3,0,0,2,1,0,1,1,1,0,0,3,5,0,0,0,0,2,1,3,1,0,0,0,0,0,0,0,0,0,0,0,0,0,0,0,0,0,0,0,9,15,9,0,0
2013,Japan,GFATM,TLS,Timor-Leste,0,260,0,0,0,0,0,0,0,0,0,0,0,0,0,0,0,0,12,22,2,0,2,5,0,2,28,0,0,14,11,0,10,10,5,0,1,23,43,0,1,0,1,19,11,27,11,0,0,0,0,0,0,0,0,0,0,0,0,0,0,0,0,0,0,0,73,117,70,0,0
2013,Korea,GFATM,TLS,Timor-Leste,0,9,0,0,0,0,0,0,0,0,0,0,0,0,0,0,0,0,0,1,0,0,0,0,0,0,1,0,0,0,0,0,0,0,0,0,0,1,1,0,0,0,0,1,0,1,0,0,0,0,0,0,0,0,0,0,0,0,0,0,0,0,0,0,0,0,2,4,2,0,0
2013,Luxembourg,GFATM,TLS,Timor-Leste,0,7,0,0,0,0,0,0,0,0,0,0,0,0,0,0,0,0,0,1,0,0,0,0,0,0,1,0,0,0,0,0,0,0,0,0,0,1,1,0,0,0,0,0,0,1,0,0,0,0,0,0,0,0,0,0,0,0,0,0,0,0,0,0,0,0,2,3,2,0,0
2013,Netherlands,GFATM,TLS,Timor-Leste,0,204,0,0,0,0,0,0,0,0,0,0,0,0,0,0,0,0,9,17,2,0,2,4,0,1,22,0,0,11,8,0,7,8,4,0,1,18,34,0,1,0,1,15,8,21,8,0,0,0,0,0,0,0,0,0,0,0,0,0,0,0,0,0,0,0,57,92,55,0,0
2013,Non_OECD_DAC_countries,GFATM,TLS,Timor-Leste,0,35,0,0,0,0,0,0,0,0,0,0,0,0,0,0,0,0,2,3,0,0,0,1,0,0,4,0,0,2,1,0,1,1,1,0,0,3,6,0,0,0,0,3,1,4,1,0,0,0,0,0,0,0,0,0,0,0,0,0,0,0,0,0,0,0,10,16,9,0,0
2013,Non_OECD_non_DAC_countries,GFATM,TLS,Timor-Leste,0,49,0,0,0,0,0,0,0,0,0,0,0,0,0,0,0,0,2,4,0,0,0,1,0,0,5,0,0,3,2,0,2,2,1,0,0,4,8,0,0,0,0,4,2,5,2,0,0,0,0,0,0,0,0,0,0,0,0,0,0,0,0,0,0,0,14,22,13,0,0
2013,Norway,GFATM,TLS,Timor-Leste,0,164,0,0,0,0,0,0,0,0,0,0,0,0,0,0,0,0,7,14,1,0,1,3,0,1,17,0,0,9,7,0,6,7,3,0,1,15,27,0,1,0,1,12,7,17,7,0,0,0,0,0,0,0,0,0,0,0,0,0,0,0,0,0,0,0,46,74,44,0,0
2013,Other,GFATM,TLS,Timor-Leste,0,4,0,0,0,0,0,0,0,0,0,0,0,0,0,0,0,0,0,0,0,0,0,0,0,0,0,0,0,0,0,0,0,0,0,0,0,0,1,0,0,0,0,0,0,0,0,0,0,0,0,0,0,0,0,0,0,0,0,0,0,0,0,0,0,0,1,2,1,0,0
2013,Other_OECD_DAC_countries,GFATM,TLS,Timor-Leste,0,12,0,0,0,0,0,0,0,0,0,0,0,0,0,0,0,0,1,1,0,0,0,0,0,0,1,0,0,1,0,0,0,0,0,0,0,1,2,0,0,0,0,1,0,1,0,0,0,0,0,0,0,0,0,0,0,0,0,0,0,0,0,0,0,0,3,5,3,0,0
2013,Portugal,GFATM,TLS,Timor-Leste,0,3,0,0,0,0,0,0,0,0,0,0,0,0,0,0,0,0,0,0,0,0,0,0,0,0,0,0,0,0,0,0,0,0,0,0,0,0,1,0,0,0,0,0,0,0,0,0,0,0,0,0,0,0,0,0,0,0,0,0,0,0,0,0,0,0,1,1,1,0,0
2013,Private_other,GFATM,TLS,Timor-Leste,0,96,0,0,0,0,0,0,0,0,0,0,0,0,0,0,0,0,4,8,1,0,1,2,0,1,10,0,0,5,4,0,4,4,2,0,0,9,16,0,0,0,0,7,4,10,4,0,0,0,0,0,0,0,0,0,0,0,0,0,0,0,0,0,0,0,27,43,26,0,0
2013,Spain,GFATM,TLS,Timor-Leste,0,21,0,0,0,0,0,0,0,0,0,0,0,0,0,0,0,0,1,2,0,0,0,0,0,0,2,0,0,1,1,0,1,1,0,0,0,2,3,0,0,0,0,2,1,2,1,0,0,0,0,0,0,0,0,0,0,0,0,0,0,0,0,0,0,0,6,9,6,0,0
2013,Sweden,GFATM,TLS,Timor-Leste,0,328,0,0,0,0,0,0,0,0,0,0,0,0,0,0,0,0,15,28,2,0,2,7,0,2,35,0,0,18,14,0,12,13,6,0,2,29,54,0,1,0,1,24,13,34,14,0,0,0,0,0,0,0,0,0,0,0,0,0,0,0,0,0,0,0,92,148,88,0,0
2013,Switzerland,GFATM,TLS,Timor-Leste,0,22,0,0,0,0,0,0,0,0,0,0,0,0,0,0,0,0,1,2,0,0,0,0,0,0,2,0,0,1,1,0,1,1,0,0,0,2,4,0,0,0,0,2,1,2,1,0,0,0,0,0,0,0,0,0,0,0,0,0,0,0,0,0,0,0,6,10,6,0,0
2013,United_Kingdom,GFATM,TLS,Timor-Leste,0,2028,0,0,0,0,0,0,0,0,0,0,0,0,0,0,0,0,92,170,15,2,15,41,0,14,215,2,1,109,84,1,74,82,38,0,10,181,334,2,9,2,9,149,82,210,83,0,0,0,0,0,0,0,0,0,0,0,0,0,0,0,0,0,0,0,568,916,544,0,0
2013,United_States,GFATM,TLS,Timor-Leste,0,1833,0,0,0,0,0,0,0,0,0,0,0,0,0,0,0,0,83,154,14,2,14,37,0,12,195,2,1,99,76,1,67,74,34,0,9,164,302,1,8,2,8,134,74,189,75,0,0,0,0,0,0,0,0,0,0,0,0,0,0,0,0,0,0,0,513,828,492,0,0
2013,Australia,INTLNGO,TLS,Timor-Leste,0,8789,0,0,0,0,3447,0,0,766,383,0,255,0,0,511,255,0,0,0,0,0,0,0,0,0,5,2,0,0,0,0,0,0,0,0,0,0,0,0,0,0,0,0,0,0,0,0,0,0,0,0,0,0,0,0,0,619,2545,0,0,0,0,4596,1021,3164,7,0,0,0,0
2013,Canada,INTLNGO,TLS,Timor-Leste,0,121,0,0,0,0,0,6,0,8,8,0,88,0,0,0,0,0,0,0,0,0,0,0,0,0,0,0,0,0,0,0,0,0,0,0,0,0,0,0,0,0,0,0,0,0,0,0,0,0,0,0,0,0,0,1,2,5,3,0,0,0,0,22,88,11,0,0,0,0,0
2013,Finland,INTLNGO,TLS,Timor-Leste,0,61,61,0,0,0,0,0,0,0,0,0,0,0,0,0,0,0,0,0,0,0,0,0,0,0,0,0,0,0,0,0,0,0,0,0,0,0,0,0,0,0,0,0,0,0,0,0,0,0,0,0,0,0,0,0,0,0,0,0,0,0,0,0,0,0,0,0,0,0,61
2013,Germany,INTLNGO,TLS,Timor-Leste,0,95,0,0,0,0,0,0,0,0,0,0,0,0,0,0,0,0,0,0,0,0,0,0,0,0,0,0,0,0,0,0,0,0,0,0,0,0,0,0,0,0,0,0,0,0,0,0,0,0,0,0,0,0,0,0,0,0,0,0,0,95,0,0,0,0,0,0,0,0,0
2013,Italy,INTLNGO,TLS,Timor-Leste,0,30,0,0,15,0,0,15,0,0,0,0,0,0,0,0,0,0,0,0,0,0,0,0,0,0,0,0,0,0,0,0,0,0,0,0,0,0,0,0,0,0,0,0,0,0,0,0,0,0,0,0,0,0,0,0,0,0,0,0,0,0,0,15,0,0,0,0,0,0,15
2013,Japan,INTLNGO,TLS,Timor-Leste,0,514,318,0,0,0,0,196,0,0,0,0,0,0,0,0,0,0,0,0,0,0,0,0,0,0,0,0,0,0,0,0,0,0,0,0,0,0,0,0,0,0,0,0,0,0,0,0,0,0,0,0,0,0,0,0,0,0,0,0,0,0,0,196,0,0,0,0,0,0,318
2013,Portugal,INTLNGO,TLS,Timor-Leste,0,152,48,0,0,0,0,47,0,0,31,0,0,0,0,0,26,0,0,0,0,0,0,0,0,0,0,0,0,0,0,0,0,0,0,0,0,0,0,0,0,0,0,0,0,0,0,0,0,0,0,0,0,0,0,0,0,0,0,0,0,0,0,78,26,0,0,0,0,0,48
2013,Sweden,INTLNGO,TLS,Timor-Leste,0,48,0,0,0,0,0,0,0,0,0,0,0,0,11,0,0,0,0,0,0,0,0,0,0,36,0,0,0,0,0,0,0,0,0,0,0,0,0,0,0,0,0,0,0,0,0,0,0,0,0,0,0,0,0,0,0,0,0,0,0,0,0,0,12,0,36,0,0,0,0
2013,United_Kingdom,INTLNGO,TLS,Timor-Leste,0,43,0,0,0,0,10,33,0,0,0,0,0,0,0,0,0,0,0,0,0,0,0,0,0,0,0,0,0,0,0,0,0,0,0,0,0,0,0,0,0,0,0,0,0,0,0,0,0,0,0,0,0,0,0,0,0,0,0,0,0,0,0,43,0,0,0,0,0,0,0
2013,United_States,INTLNGO,TLS,Timor-Leste,0,57,0,0,0,0,0,0,0,0,0,0,0,0,0,0,0,0,2,43,0,0,0,0,0,0,1,3,0,0,0,0,0,0,0,0,0,0,0,0,0,0,0,8,0,0,0,0,0,0,0,0,0,0,0,0,0,0,0,0,0,0,0,0,0,0,49,0,8,0,0
2013,Corporate_donations,NGO,TLS,Timor-Leste,0,446,29,0,12,3,2,15,1,4,47,2,4,1,4,1,3,0,2,5,0,0,11,2,0,1,2,10,4,1,1,0,1,1,0,0,0,1,0,0,0,0,0,0,0,0,0,0,0,0,0,0,0,0,0,8,26,119,83,3,0,33,0,72,13,239,38,4,1,1,44
2013,Private_other,NGO,TLS,Timor-Leste,0,2527,81,4,47,6,248,126,11,25,165,4,80,138,45,57,276,46,19,122,6,16,22,7,0,24,25,39,25,6,4,0,7,13,2,0,2,11,2,1,6,2,0,2,7,5,3,0,0,0,3,3,6,1,19,23,94,141,199,8,0,296,0,578,643,483,303,47,26,13,138
2013,United_States,NGO,TLS,Timor-Leste,0,3414,2,0,0,0,702,585,0,535,537,0,59,0,0,296,296,0,1,0,0,0,19,0,0,1,99,98,0,0,0,0,23,19,0,0,0,46,54,0,0,0,0,41,0,0,0,0,0,0,0,0,0,0,0,0,0,0,0,0,0,0,0,2359,651,0,218,143,41,0,2
2013,Australia,UNFPA,TLS,Timor-Leste,0,33,0,0,0,0,10,11,7,3,0,0,0,0,0,0,0,0,0,1,0,0,0,0,0,0,0,0,0,0,0,0,0,0,0,0,0,0,0,0,0,0,0,0,0,0,0,0,0,0,0,0,0,0,0,0,0,0,0,0,0,0,0,32,0,0,1,0,0,0,0
2013,Belgium,UNFPA,TLS,Timor-Leste,0,14,0,0,0,0,4,5,3,1,0,0,0,0,0,0,0,0,0,0,0,0,0,0,0,0,0,0,0,0,0,0,0,0,0,0,0,0,0,0,0,0,0,0,0,0,0,0,0,0,0,0,0,0,0,0,0,0,0,0,0,0,0,14,0,0,0,0,0,0,0
2013,Canada,UNFPA,TLS,Timor-Leste,0,49,0,0,0,0,15,17,11,5,0,0,0,0,0,0,0,0,0,1,0,0,0,0,0,0,0,0,0,0,0,0,0,0,0,0,0,0,0,0,0,0,0,0,0,0,0,0,0,0,0,0,0,0,0,0,0,0,0,0,0,0,0,48,0,0,1,0,0,0,0
2013,China,UNFPA,TLS,Timor-Leste,0,2,0,0,0,0,1,1,0,0,0,0,0,0,0,0,0,0,0,0,0,0,0,0,0,0,0,0,0,0,0,0,0,0,0,0,0,0,0,0,0,0,0,0,0,0,0,0,0,0,0,0,0,0,0,0,0,0,0,0,0,0,0,2,0,0,0,0,0,0,0
2013,Corporate_donations,UNFPA,TLS,Timor-Leste,0,1,0,0,0,0,0,0,0,0,0,0,0,0,0,0,0,0,0,0,0,0,0,0,0,0,0,0,0,0,0,0,0,0,0,0,0,0,0,0,0,0,0,0,0,0,0,0,0,0,0,0,0,0,0,0,0,0,0,0,0,0,0,1,0,0,0,0,0,0,0
2013,Denmark,UNFPA,TLS,Timor-Leste,0,74,0,0,0,0,23,26,16,7,0,0,0,0,0,0,0,0,0,2,0,0,0,0,0,0,0,0,0,0,0,0,0,0,0,0,0,0,0,0,0,0,0,0,0,0,0,0,0,0,0,0,0,0,0,0,0,0,0,0,0,0,0,72,0,0,2,0,0,0,0
2013,Finland,UNFPA,TLS,Timor-Leste,0,80,0,0,0,0,25,28,17,8,0,0,0,0,0,0,0,0,0,2,0,0,0,0,0,0,0,0,0,0,0,0,0,0,0,0,0,0,0,0,0,0,0,0,0,0,0,0,0,0,0,0,0,0,0,0,0,0,0,0,0,0,0,78,0,0,2,0,0,0,0
2013,France,UNFPA,TLS,Timor-Leste,0,12,0,0,0,0,4,4,3,1,0,0,0,0,0,0,0,0,0,0,0,0,0,0,0,0,0,0,0,0,0,0,0,0,0,0,0,0,0,0,0,0,0,0,0,0,0,0,0,0,0,0,0,0,0,0,0,0,0,0,0,0,0,11,0,0,0,0,0,0,0
2013,Gates Foundation,UNFPA,TLS,Timor-Leste,0,10,0,0,0,0,3,3,2,1,0,0,0,0,0,0,0,0,0,0,0,0,0,0,0,0,0,0,0,0,0,0,0,0,0,0,0,0,0,0,0,0,0,0,0,0,0,0,0,0,0,0,0,0,0,0,0,0,0,0,0,0,0,9,0,0,0,0,0,0,0
2013,Germany,UNFPA,TLS,Timor-Leste,0,50,0,0,0,0,16,18,11,5,0,0,0,0,0,0,0,0,0,1,0,0,0,0,0,0,0,0,0,0,0,0,0,0,0,0,0,0,0,0,0,0,0,0,0,0,0,0,0,0,0,0,0,0,0,0,0,0,0,0,0,0,0,49,0,0,1,0,0,0,0
2013,Ireland,UNFPA,TLS,Timor-Leste,0,7,0,0,0,0,2,2,2,1,0,0,0,0,0,0,0,0,0,0,0,0,0,0,0,0,0,0,0,0,0,0,0,0,0,0,0,0,0,0,0,0,0,0,0,0,0,0,0,0,0,0,0,0,0,0,0,0,0,0,0,0,0,7,0,0,0,0,0,0,0
2013,Italy,UNFPA,TLS,Timor-Leste,0,10,0,0,0,0,3,3,2,1,0,0,0,0,0,0,0,0,0,0,0,0,0,0,0,0,0,0,0,0,0,0,0,0,0,0,0,0,0,0,0,0,0,0,0,0,0,0,0,0,0,0,0,0,0,0,0,0,0,0,0,0,0,9,0,0,0,0,0,0,0
2013,Japan,UNFPA,TLS,Timor-Leste,0,47,0,0,0,0,15,16,10,5,0,0,0,0,0,0,0,0,0,1,0,0,0,0,0,0,0,0,0,0,0,0,0,0,0,0,0,0,0,0,0,0,0,0,0,0,0,0,0,0,0,0,0,0,0,0,0,0,0,0,0,0,0,46,0,0,1,0,0,0,0
2013,Korea,UNFPA,TLS,Timor-Leste,0,6,0,0,0,0,2,2,1,1,0,0,0,0,0,0,0,0,0,0,0,0,0,0,0,0,0,0,0,0,0,0,0,0,0,0,0,0,0,0,0,0,0,0,0,0,0,0,0,0,0,0,0,0,0,0,0,0,0,0,0,0,0,6,0,0,0,0,0,0,0
2013,Luxembourg,UNFPA,TLS,Timor-Leste,0,7,0,0,0,0,2,3,2,1,0,0,0,0,0,0,0,0,0,0,0,0,0,0,0,0,0,0,0,0,0,0,0,0,0,0,0,0,0,0,0,0,0,0,0,0,0,0,0,0,0,0,0,0,0,0,0,0,0,0,0,0,0,7,0,0,0,0,0,0,0
2013,Netherlands,UNFPA,TLS,Timor-Leste,0,107,0,0,0,0,33,37,23,11,0,0,0,0,0,0,0,0,0,2,0,0,0,0,0,0,0,0,0,0,0,0,0,0,0,0,0,0,0,0,0,0,0,0,0,0,0,0,0,0,0,0,0,0,0,0,0,0,0,0,0,0,0,105,0,0,2,0,0,0,0
2013,New_Zealand,UNFPA,TLS,Timor-Leste,0,10,0,0,0,0,3,3,2,1,0,0,0,0,0,0,0,0,0,0,0,0,0,0,0,0,0,0,0,0,0,0,0,0,0,0,0,0,0,0,0,0,0,0,0,0,0,0,0,0,0,0,0,0,0,0,0,0,0,0,0,0,0,9,0,0,0,0,0,0,0
2013,Non_OECD_DAC_countries,UNFPA,TLS,Timor-Leste,0,6,0,0,0,0,2,2,1,1,0,0,0,0,0,0,0,0,0,0,0,0,0,0,0,0,0,0,0,0,0,0,0,0,0,0,0,0,0,0,0,0,0,0,0,0,0,0,0,0,0,0,0,0,0,0,0,0,0,0,0,0,0,6,0,0,0,0,0,0,0
2013,Non_OECD_non_DAC_countries,UNFPA,TLS,Timor-Leste,0,13,0,0,0,0,4,5,3,1,0,0,0,0,0,0,0,0,0,0,0,0,0,0,0,0,0,0,0,0,0,0,0,0,0,0,0,0,0,0,0,0,0,0,0,0,0,0,0,0,0,0,0,0,0,0,0,0,0,0,0,0,0,13,0,0,0,0,0,0,0
2013,Norway,UNFPA,TLS,Timor-Leste,0,132,0,0,0,0,41,46,29,13,0,0,0,0,0,0,0,0,0,3,0,0,0,0,0,0,0,0,0,0,0,0,0,0,0,0,0,0,0,0,0,0,0,0,0,0,0,0,0,0,0,0,0,0,0,0,0,0,0,0,0,0,0,130,0,0,3,0,0,0,0
2013,Other,UNFPA,TLS,Timor-Leste,0,431,0,0,0,0,135,151,94,43,0,0,0,0,0,0,0,0,0,9,0,0,0,0,0,0,0,0,0,0,0,0,0,0,0,0,0,0,0,0,0,0,0,0,0,0,0,0,0,0,0,0,0,0,0,0,0,0,0,0,0,0,0,422,0,0,9,0,0,0,0
2013,Spain,UNFPA,TLS,Timor-Leste,0,6,0,0,0,0,2,2,1,1,0,0,0,0,0,0,0,0,0,0,0,0,0,0,0,0,0,0,0,0,0,0,0,0,0,0,0,0,0,0,0,0,0,0,0,0,0,0,0,0,0,0,0,0,0,0,0,0,0,0,0,0,0,6,0,0,0,0,0,0,0
2013,Sweden,UNFPA,TLS,Timor-Leste,0,135,0,0,0,0,42,47,30,13,0,0,0,0,0,0,0,0,0,3,0,0,0,0,0,0,0,0,0,0,0,0,0,0,0,0,0,0,0,0,0,0,0,0,0,0,0,0,0,0,0,0,0,0,0,0,0,0,0,0,0,0,0,133,0,0,3,0,0,0,0
2013,Switzerland,UNFPA,TLS,Timor-Leste,0,46,0,0,0,0,14,16,10,5,0,0,0,0,0,0,0,0,0,1,0,0,0,0,0,0,0,0,0,0,0,0,0,0,0,0,0,0,0,0,0,0,0,0,0,0,0,0,0,0,0,0,0,0,0,0,0,0,0,0,0,0,0,45,0,0,1,0,0,0,0
2013,Unallocable,UNFPA,TLS,Timor-Leste,0,3,0,0,0,0,1,1,1,0,0,0,0,0,0,0,0,0,0,0,0,0,0,0,0,0,0,0,0,0,0,0,0,0,0,0,0,0,0,0,0,0,0,0,0,0,0,0,0,0,0,0,0,0,0,0,0,0,0,0,0,0,0,3,0,0,0,0,0,0,0
2013,United_Kingdom,UNFPA,TLS,Timor-Leste,0,89,0,0,0,0,28,31,19,9,0,0,0,0,0,0,0,0,0,2,0,0,0,0,0,0,0,0,0,0,0,0,0,0,0,0,0,0,0,0,0,0,0,0,0,0,0,0,0,0,0,0,0,0,0,0,0,0,0,0,0,0,0,87,0,0,2,0,0,0,0
2013,United_States,UNFPA,TLS,Timor-Leste,0,65,0,0,0,0,20,23,14,6,0,0,0,0,0,0,0,0,0,1,0,0,0,0,0,0,0,0,0,0,0,0,0,0,0,0,0,0,0,0,0,0,0,0,0,0,0,0,0,0,0,0,0,0,0,0,0,0,0,0,0,0,0,64,0,0,1,0,0,0,0
2013,Australia,UNICEF,TLS,Timor-Leste,0,31,0,0,0,0,0,0,1,0,0,0,9,7,10,2,0,0,0,0,0,0,0,0,0,1,0,0,0,0,0,0,0,0,0,0,0,0,0,0,0,0,0,0,0,0,0,0,0,0,0,0,0,0,0,0,0,0,0,0,0,0,0,1,28,0,2,0,0,0,0
2013,Austria,UNICEF,TLS,Timor-Leste,0,8,0,0,0,0,0,0,0,0,0,0,2,2,3,1,0,0,0,0,0,0,0,0,0,0,0,0,0,0,0,0,0,0,0,0,0,0,0,0,0,0,0,0,0,0,0,0,0,0,0,0,0,0,0,0,0,0,0,0,0,0,0,0,7,0,0,0,0,0,0
2013,Belgium,UNICEF,TLS,Timor-Leste,0,29,0,0,0,0,0,0,1,0,0,0,8,6,9,2,0,0,0,0,0,0,0,0,0,1,0,0,0,0,0,0,0,0,0,0,0,0,0,0,0,0,0,0,0,0,0,0,0,0,0,0,0,0,0,0,0,0,0,0,0,0,0,1,26,0,2,0,0,0,0
2013,Canada,UNICEF,TLS,Timor-Leste,0,92,0,0,0,0,0,0,3,0,0,0,27,20,30,7,0,0,0,1,1,1,0,0,0,2,0,0,0,0,0,0,0,0,0,0,0,0,0,0,0,0,0,0,0,0,0,0,0,0,0,0,0,0,0,0,0,0,0,0,0,0,0,3,84,0,5,0,0,0,0
2013,Denmark,UNICEF,TLS,Timor-Leste,0,38,0,0,0,0,0,0,1,0,0,0,11,8,13,3,0,0,0,0,0,0,0,0,0,1,0,0,0,0,0,0,0,0,0,0,0,0,0,0,0,0,0,0,0,0,0,0,0,0,0,0,0,0,0,0,0,0,0,0,0,0,0,1,35,0,2,0,0,0,0
2013,Finland,UNICEF,TLS,Timor-Leste,0,30,0,0,0,0,0,0,1,0,0,0,9,6,10,2,0,0,0,0,0,0,0,0,0,1,0,0,0,0,0,0,0,0,0,0,0,0,0,0,0,0,0,0,0,0,0,0,0,0,0,0,0,0,0,0,0,0,0,0,0,0,0,1,27,0,2,0,0,0,0
2013,France,UNICEF,TLS,Timor-Leste,0,53,0,0,0,0,0,0,2,0,0,0,15,12,18,4,0,0,0,0,0,0,0,0,0,1,0,0,0,0,0,0,0,0,0,0,0,0,0,0,0,0,0,0,0,0,0,0,0,0,0,0,0,0,0,0,0,0,0,0,0,0,0,2,49,0,3,0,0,0,0
2013,Gates Foundation,UNICEF,TLS,Timor-Leste,0,1,0,0,0,0,0,0,0,0,0,0,0,0,0,0,0,0,0,0,0,0,0,0,0,0,0,0,0,0,0,0,0,0,0,0,0,0,0,0,0,0,0,0,0,0,0,0,0,0,0,0,0,0,0,0,0,0,0,0,0,0,0,0,1,0,0,0,0,0,0
2013,Germany,UNICEF,TLS,Timor-Leste,0,85,0,0,0,0,0,0,3,0,0,0,24,18,28,7,0,0,0,1,1,1,0,0,0,2,0,0,0,0,0,0,0,0,0,0,0,0,0,0,0,0,0,0,0,0,0,0,0,0,0,0,0,0,0,0,0,0,0,0,0,0,0,3,77,0,5,0,0,0,0
2013,Greece,UNICEF,TLS,Timor-Leste,0,3,0,0,0,0,0,0,0,0,0,0,1,1,1,0,0,0,0,0,0,0,0,0,0,0,0,0,0,0,0,0,0,0,0,0,0,0,0,0,0,0,0,0,0,0,0,0,0,0,0,0,0,0,0,0,0,0,0,0,0,0,0,0,3,0,0,0,0,0,0
2013,Ireland,UNICEF,TLS,Timor-Leste,0,13,0,0,0,0,0,0,0,0,0,0,4,3,4,1,0,0,0,0,0,0,0,0,0,0,0,0,0,0,0,0,0,0,0,0,0,0,0,0,0,0,0,0,0,0,0,0,0,0,0,0,0,0,0,0,0,0,0,0,0,0,0,0,12,0,1,0,0,0,0
2013,Italy,UNICEF,TLS,Timor-Leste,0,39,0,0,0,0,0,0,1,0,0,0,11,8,13,3,0,0,0,0,0,0,0,0,0,1,0,0,0,0,0,0,0,0,0,0,0,0,0,0,0,0,0,0,0,0,0,0,0,0,0,0,0,0,0,0,0,0,0,0,0,0,0,1,35,0,2,0,0,0,0
2013,Japan,UNICEF,TLS,Timor-Leste,0,150,0,0,0,0,0,0,5,0,0,0,43,33,50,12,0,0,0,1,1,1,0,0,0,3,0,0,0,0,0,0,0,0,0,0,0,0,0,0,0,0,0,0,0,0,0,0,0,0,0,0,0,0,0,0,0,0,0,0,0,0,0,5,137,0,8,0,0,0,0
2013,Korea,UNICEF,TLS,Timor-Leste,0,15,0,0,0,0,0,0,0,0,0,0,4,3,5,1,0,0,0,0,0,0,0,0,0,0,0,0,0,0,0,0,0,0,0,0,0,0,0,0,0,0,0,0,0,0,0,0,0,0,0,0,0,0,0,0,0,0,0,0,0,0,0,0,14,0,1,0,0,0,0
2013,Luxembourg,UNICEF,TLS,Timor-Leste,0,5,0,0,0,0,0,0,0,0,0,0,2,1,2,0,0,0,0,0,0,0,0,0,0,0,0,0,0,0,0,0,0,0,0,0,0,0,0,0,0,0,0,0,0,0,0,0,0,0,0,0,0,0,0,0,0,0,0,0,0,0,0,0,5,0,0,0,0,0,0
2013,Netherlands,UNICEF,TLS,Timor-Leste,0,112,0,0,0,0,0,0,4,0,0,0,32,24,37,9,0,0,0,1,1,1,0,0,0,3,0,0,0,0,0,0,0,0,0,0,0,0,0,0,0,0,0,0,0,0,0,0,0,0,0,0,0,0,0,0,0,0,0,0,0,0,0,4,103,0,6,0,0,0,0
2013,New_Zealand,UNICEF,TLS,Timor-Leste,0,5,0,0,0,0,0,0,0,0,0,0,1,1,2,0,0,0,0,0,0,0,0,0,0,0,0,0,0,0,0,0,0,0,0,0,0,0,0,0,0,0,0,0,0,0,0,0,0,0,0,0,0,0,0,0,0,0,0,0,0,0,0,0,4,0,0,0,0,0,0
2013,Non_OECD_DAC_countries,UNICEF,TLS,Timor-Leste,0,43,0,0,0,0,0,0,1,0,0,0,12,9,14,3,0,0,0,0,0,0,0,0,0,1,0,0,0,0,0,0,0,0,0,0,0,0,0,0,0,0,0,0,0,0,0,0,0,0,0,0,0,0,0,0,0,0,0,0,0,0,0,1,39,0,2,0,0,0,0
2013,Non_OECD_non_DAC_countries,UNICEF,TLS,Timor-Leste,0,28,0,0,0,0,0,0,1,0,0,0,8,6,9,2,0,0,0,0,0,0,0,0,0,1,0,0,0,0,0,0,0,0,0,0,0,0,0,0,0,0,0,0,0,0,0,0,0,0,0,0,0,0,0,0,0,0,0,0,0,0,0,1,25,0,1,0,0,0,0
2013,Norway,UNICEF,TLS,Timor-Leste,0,137,0,0,0,0,0,0,4,0,0,0,40,30,45,11,0,0,0,1,1,1,0,0,0,3,0,0,0,0,0,0,0,0,0,0,0,0,0,0,0,0,0,0,0,0,0,0,0,0,0,0,0,0,0,0,0,0,0,0,0,0,0,4,125,0,7,0,0,0,0
2013,Other,UNICEF,TLS,Timor-Leste,0,302,0,0,0,0,0,0,10,0,0,0,87,65,100,24,0,0,1,3,3,2,1,0,0,7,0,0,0,0,0,0,0,0,0,0,0,0,0,0,0,0,0,0,0,0,0,0,0,0,0,0,0,0,0,0,0,0,0,0,0,0,0,10,276,0,16,0,0,0,0
2013,Other_OECD_DAC_countries,UNICEF,TLS,Timor-Leste,0,11,0,0,0,0,0,0,0,0,0,0,3,2,4,1,0,0,0,0,0,0,0,0,0,0,0,0,0,0,0,0,0,0,0,0,0,0,0,0,0,0,0,0,0,0,0,0,0,0,0,0,0,0,0,0,0,0,0,0,0,0,0,0,10,0,1,0,0,0,0
2013,Portugal,UNICEF,TLS,Timor-Leste,0,3,0,0,0,0,0,0,0,0,0,0,1,1,1,0,0,0,0,0,0,0,0,0,0,0,0,0,0,0,0,0,0,0,0,0,0,0,0,0,0,0,0,0,0,0,0,0,0,0,0,0,0,0,0,0,0,0,0,0,0,0,0,0,3,0,0,0,0,0,0
2013,Private_other,UNICEF,TLS,Timor-Leste,0,450,0,0,0,0,0,0,14,0,0,0,130,98,149,36,0,0,1,4,4,4,1,0,0,10,0,0,0,0,0,0,0,0,0,0,0,0,0,0,0,0,0,0,0,0,0,0,0,0,0,0,0,0,0,0,0,0,0,0,0,0,0,14,411,0,24,0,0,0,0
2013,Spain,UNICEF,TLS,Timor-Leste,0,27,0,0,0,0,0,0,1,0,0,0,8,6,9,2,0,0,0,0,0,0,0,0,0,1,0,0,0,0,0,0,0,0,0,0,0,0,0,0,0,0,0,0,0,0,0,0,0,0,0,0,0,0,0,0,0,0,0,0,0,0,0,1,24,0,1,0,0,0,0
2013,Sweden,UNICEF,TLS,Timor-Leste,0,125,0,0,0,0,0,0,4,0,0,0,36,27,41,10,0,0,0,1,1,1,0,0,0,3,0,0,0,0,0,0,0,0,0,0,0,0,0,0,0,0,0,0,0,0,0,0,0,0,0,0,0,0,0,0,0,0,0,0,0,0,0,4,114,0,7,0,0,0,0
2013,Switzerland,UNICEF,TLS,Timor-Leste,0,26,0,0,0,0,0,0,1,0,0,0,7,6,8,2,0,0,0,0,0,0,0,0,0,1,0,0,0,0,0,0,0,0,0,0,0,0,0,0,0,0,0,0,0,0,0,0,0,0,0,0,0,0,0,0,0,0,0,0,0,0,0,1,24,0,1,0,0,0,0
2013,United_Kingdom,UNICEF,TLS,Timor-Leste,0,353,0,0,0,0,0,0,11,0,0,0,102,77,117,28,0,0,1,3,3,3,1,0,0,8,0,0,0,0,0,0,0,0,0,0,0,0,0,0,0,0,0,0,0,0,0,0,0,0,0,0,0,0,0,0,0,0,0,0,0,0,0,11,323,0,19,0,0,0,0
2013,United_States,UNICEF,TLS,Timor-Leste,0,183,0,0,0,0,0,0,6,0,0,0,53,40,60,14,0,0,0,2,2,1,1,0,0,4,0,0,0,0,0,0,0,0,0,0,0,0,0,0,0,0,0,0,0,0,0,0,0,0,0,0,0,0,0,0,0,0,0,0,0,0,0,6,167,0,10,0,0,0,0
2013,Private_other,US_FOUND,TLS,Timor-Leste,0,14,0,0,0,0,1,0,9,0,0,0,0,0,0,0,0,0,0,0,0,0,0,0,0,0,0,0,0,0,0,0,0,0,0,0,0,0,0,0,0,0,0,0,0,0,0,0,0,0,0,0,0,0,0,0,0,0,0,0,0,3,0,10,0,0,0,0,0,0,0
2013,Australia,WB_IDA,TLS,Timor-Leste,0,2,0,0,1,0,0,0,0,0,0,0,0,0,0,0,0,0,0,0,0,0,0,0,0,0,0,0,0,0,0,0,0,0,0,0,0,0,0,0,0,0,0,0,0,0,0,0,0,0,0,0,0,0,0,0,0,0,0,0,0,0,0,0,1,0,0,0,0,0,1
2013,Austria,WB_IDA,TLS,Timor-Leste,0,3,0,0,1,0,0,0,1,0,0,0,0,0,1,0,0,0,0,0,0,0,0,0,0,0,0,0,0,0,0,0,0,0,0,0,1,0,0,0,0,0,0,0,0,0,0,0,0,0,0,0,0,0,0,0,0,0,0,0,0,0,0,1,1,0,0,1,0,0,1
2013,Belgium,WB_IDA,TLS,Timor-Leste,0,3,0,0,1,0,0,0,0,0,0,0,0,0,0,0,0,0,0,0,0,0,0,0,0,0,0,0,0,0,0,0,0,0,0,0,0,0,0,0,0,0,0,0,0,0,0,0,0,0,0,0,0,0,0,0,0,0,0,0,0,0,0,0,1,0,0,0,0,0,1
2013,Canada,WB_IDA,TLS,Timor-Leste,0,7,0,0,3,0,0,0,1,0,0,0,1,0,1,0,0,0,0,0,0,0,0,0,0,0,0,0,0,0,0,0,0,0,0,0,1,0,0,0,0,0,0,0,0,0,0,0,0,0,0,0,0,0,0,0,0,0,0,0,0,0,0,1,2,0,0,1,0,0,3
2013,Debt_repayments,WB_IDA,TLS,Timor-Leste,0,59,0,0,21,0,0,0,10,0,0,0,6,0,11,0,0,0,0,0,0,0,0,0,0,0,0,0,0,0,0,0,0,0,0,0,11,0,0,0,0,0,0,0,0,0,0,0,0,0,0,0,0,0,0,0,0,0,0,0,0,0,0,10,17,0,0,11,0,0,21
2013,Denmark,WB_IDA,TLS,Timor-Leste,0,1,0,0,0,0,0,0,0,0,0,0,0,0,0,0,0,0,0,0,0,0,0,0,0,0,0,0,0,0,0,0,0,0,0,0,0,0,0,0,0,0,0,0,0,0,0,0,0,0,0,0,0,0,0,0,0,0,0,0,0,0,0,0,0,0,0,0,0,0,0
2013,Finland,WB_IDA,TLS,Timor-Leste,0,5,0,0,2,0,0,0,1,0,0,0,1,0,1,0,0,0,0,0,0,0,0,0,0,0,0,0,0,0,0,0,0,0,0,0,1,0,0,0,0,0,0,0,0,0,0,0,0,0,0,0,0,0,0,0,0,0,0,0,0,0,0,1,1,0,0,1,0,0,2
2013,Germany,WB_IDA,TLS,Timor-Leste,0,4,0,0,1,0,0,0,1,0,0,0,0,0,1,0,0,0,0,0,0,0,0,0,0,0,0,0,0,0,0,0,0,0,0,0,1,0,0,0,0,0,0,0,0,0,0,0,0,0,0,0,0,0,0,0,0,0,0,0,0,0,0,1,1,0,0,1,0,0,1
2013,Italy,WB_IDA,TLS,Timor-Leste,0,5,0,0,2,0,0,0,1,0,0,0,1,0,1,0,0,0,0,0,0,0,0,0,0,0,0,0,0,0,0,0,0,0,0,0,1,0,0,0,0,0,0,0,0,0,0,0,0,0,0,0,0,0,0,0,0,0,0,0,0,0,0,1,2,0,0,1,0,0,2
2013,Japan,WB_IDA,TLS,Timor-Leste,0,19,0,0,7,0,0,0,3,0,0,0,2,0,3,0,0,0,0,0,0,0,0,0,0,0,0,0,0,0,0,0,0,0,0,0,3,0,0,0,0,0,0,0,0,0,0,0,0,0,0,0,0,0,0,0,0,0,0,0,0,0,0,3,5,0,0,3,0,0,7
2013,Netherlands,WB_IDA,TLS,Timor-Leste,0,4,0,0,1,0,0,0,1,0,0,0,0,0,1,0,0,0,0,0,0,0,0,0,0,0,0,0,0,0,0,0,0,0,0,0,1,0,0,0,0,0,0,0,0,0,0,0,0,0,0,0,0,0,0,0,0,0,0,0,0,0,0,1,1,0,0,1,0,0,1
2013,Other,WB_IDA,TLS,Timor-Leste,0,11,0,0,4,0,0,0,2,0,0,0,1,0,2,0,0,0,0,0,0,0,0,0,0,0,0,0,0,0,0,0,0,0,0,0,2,0,0,0,0,0,0,0,0,0,0,0,0,0,0,0,0,0,0,0,0,0,0,0,0,0,0,2,3,0,0,2,0,0,4
2013,Switzerland,WB_IDA,TLS,Timor-Leste,0,4,0,0,1,0,0,0,1,0,0,0,0,0,1,0,0,0,0,0,0,0,0,0,0,0,0,0,0,0,0,0,0,0,0,0,1,0,0,0,0,0,0,0,0,0,0,0,0,0,0,0,0,0,0,0,0,0,0,0,0,0,0,1,1,0,0,1,0,0,1
2013,United_Kingdom,WB_IDA,TLS,Timor-Leste,0,29,0,0,11,0,0,0,5,0,0,0,3,0,5,0,0,0,0,0,0,0,0,0,0,0,0,0,0,0,0,0,0,0,0,0,5,0,0,0,0,0,0,0,0,0,0,0,0,0,0,0,0,0,0,0,0,0,0,0,0,0,0,5,8,0,0,5,0,0,11
2013,United_States,WB_IDA,TLS,Timor-Leste,0,23,0,0,8,0,0,0,4,0,0,0,2,0,4,0,0,0,0,0,0,0,0,0,0,0,0,0,0,0,0,0,0,0,0,0,4,0,0,0,0,0,0,0,0,0,0,0,0,0,0,0,0,0,0,0,0,0,0,0,0,0,0,4,6,0,0,4,0,0,8
2013,Australia,WHO,TLS,Timor-Leste,0,63,8,0,8,4,0,1,2,0,0,0,1,6,2,0,0,0,0,0,0,0,0,0,0,2,0,0,0,0,0,0,0,0,0,0,1,0,0,0,0,0,0,2,0,0,0,0,0,0,18,0,0,0,0,0,2,0,0,0,0,5,0,2,8,3,2,1,2,18,20
2013,Austria,WHO,TLS,Timor-Leste,0,5,1,0,1,0,0,0,0,0,0,0,0,0,0,0,0,0,0,0,0,0,0,0,0,0,0,0,0,0,0,0,0,0,0,0,0,0,0,0,0,0,0,0,0,0,0,0,0,0,1,0,0,0,0,0,0,0,0,0,0,0,0,0,1,0,0,0,0,1,2
2013,Belgium,WHO,TLS,Timor-Leste,0,15,2,0,2,1,0,0,0,0,0,0,0,1,0,0,0,0,0,0,0,0,0,0,0,1,0,0,0,0,0,0,0,0,0,0,0,0,0,0,0,0,0,1,0,0,0,0,0,0,5,0,0,0,0,0,1,0,0,0,0,1,0,1,2,1,1,0,1,5,5
2013,Canada,WHO,TLS,Timor-Leste,0,117,16,0,15,8,0,2,3,0,0,0,1,10,3,0,0,0,0,0,0,0,0,0,0,4,0,0,0,0,0,0,0,0,0,0,3,0,0,0,0,0,0,4,0,0,0,0,0,0,34,0,0,0,1,1,4,0,0,0,0,10,0,5,14,5,4,3,4,34,38
2013,China,WHO,TLS,Timor-Leste,0,21,3,0,3,1,0,0,1,0,0,0,0,2,1,0,0,0,0,0,0,0,0,0,0,1,0,0,0,0,0,0,0,0,0,0,0,0,0,0,0,0,0,1,0,0,0,0,0,0,6,0,0,0,0,0,1,0,0,0,0,2,0,1,3,1,1,0,1,6,7
2013,Corporate_donations,WHO,TLS,Timor-Leste,0,20,3,0,3,1,0,0,0,0,0,0,0,2,0,0,0,0,0,0,0,0,0,0,0,1,0,0,0,0,0,0,0,0,0,0,0,0,0,0,0,0,0,1,0,0,0,0,0,0,6,0,0,0,0,0,1,0,0,0,0,2,0,1,2,1,1,0,1,6,7
2013,Denmark,WHO,TLS,Timor-Leste,0,9,1,0,1,1,0,0,0,0,0,0,0,1,0,0,0,0,0,0,0,0,0,0,0,0,0,0,0,0,0,0,0,0,0,0,0,0,0,0,0,0,0,0,0,0,0,0,0,0,3,0,0,0,0,0,0,0,0,0,0,1,0,0,1,0,0,0,0,3,3
2013,Finland,WHO,TLS,Timor-Leste,0,16,2,0,2,1,0,0,0,0,0,0,0,1,0,0,0,0,0,0,0,0,0,0,0,1,0,0,0,0,0,0,0,0,0,0,0,0,0,0,0,0,0,1,0,0,0,0,0,0,5,0,0,0,0,0,1,0,0,0,0,1,0,1,2,1,1,0,1,5,5
2013,France,WHO,TLS,Timor-Leste,0,77,10,0,10,5,0,1,2,0,0,0,1,7,2,0,0,0,0,0,0,0,0,0,0,3,0,0,0,0,0,0,0,0,0,0,2,0,0,0,0,0,0,2,0,0,0,0,0,0,22,0,0,0,1,1,3,0,0,0,0,7,0,3,9,4,3,2,2,22,25
2013,Gates Foundation,WHO,TLS,Timor-Leste,0,261,35,0,33,17,0,4,6,0,0,0,2,23,6,0,0,0,0,0,0,0,0,0,0,9,0,0,0,0,0,0,0,0,0,0,6,0,0,0,0,0,0,9,0,0,0,0,0,0,76,0,0,0,2,2,9,0,0,0,0,23,0,10,32,12,9,6,9,76,85
2013,Germany,WHO,TLS,Timor-Leste,0,85,11,0,11,6,0,1,2,0,0,0,1,7,2,0,0,0,0,0,0,0,0,0,0,3,0,0,0,0,0,0,0,0,0,0,2,0,0,0,0,0,0,3,0,0,0,0,0,0,25,0,0,0,1,1,3,0,0,0,0,7,0,3,10,4,3,2,3,25,28
2013,Greece,WHO,TLS,Timor-Leste,0,2,0,0,0,0,0,0,0,0,0,0,0,0,0,0,0,0,0,0,0,0,0,0,0,0,0,0,0,0,0,0,0,0,0,0,0,0,0,0,0,0,0,0,0,0,0,0,0,0,0,0,0,0,0,0,0,0,0,0,0,0,0,0,0,0,0,0,0,0,1
2013,Ireland,WHO,TLS,Timor-Leste,0,8,1,0,1,1,0,0,0,0,0,0,0,1,0,0,0,0,0,0,0,0,0,0,0,0,0,0,0,0,0,0,0,0,0,0,0,0,0,0,0,0,0,0,0,0,0,0,0,0,2,0,0,0,0,0,0,0,0,0,0,1,0,0,1,0,0,0,0,2,2
2013,Italy,WHO,TLS,Timor-Leste,0,40,5,0,5,3,0,1,1,0,0,0,0,3,1,0,0,0,0,0,0,0,0,0,0,1,0,0,0,0,0,0,0,0,0,0,1,0,0,0,0,0,0,1,0,0,0,0,0,0,12,0,0,0,0,0,1,0,0,0,0,3,0,2,5,2,1,1,1,12,13
2013,Japan,WHO,TLS,Timor-Leste,0,80,11,0,10,5,0,1,2,0,0,0,1,7,2,0,0,0,0,0,0,0,0,0,0,3,0,0,0,0,0,0,0,0,0,0,2,0,0,0,0,0,0,3,0,0,0,0,0,0,23,0,0,0,1,1,3,0,0,0,0,7,0,3,10,4,3,2,3,23,26
2013,Korea,WHO,TLS,Timor-Leste,0,22,3,0,3,1,0,0,1,0,0,0,0,2,1,0,0,0,0,0,0,0,0,0,0,1,0,0,0,0,0,0,0,0,0,0,1,0,0,0,0,0,0,1,0,0,0,0,0,0,6,0,0,0,0,0,1,0,0,0,0,2,0,1,3,1,1,1,1,6,7
2013,Luxembourg,WHO,TLS,Timor-Leste,0,10,1,0,1,1,0,0,0,0,0,0,0,1,0,0,0,0,0,0,0,0,0,0,0,0,0,0,0,0,0,0,0,0,0,0,0,0,0,0,0,0,0,0,0,0,0,0,0,0,3,0,0,0,0,0,0,0,0,0,0,1,0,0,1,0,0,0,0,3,3
2013,Netherlands,WHO,TLS,Timor-Leste,0,35,5,0,4,2,0,1,1,0,0,0,0,3,1,0,0,0,0,0,0,0,0,0,0,1,0,0,0,0,0,0,0,0,0,0,1,0,0,0,0,0,0,1,0,0,0,0,0,0,10,0,0,0,0,0,1,0,0,0,0,3,0,1,4,2,1,1,1,10,11
2013,New_Zealand,WHO,TLS,Timor-Leste,0,2,0,0,0,0,0,0,0,0,0,0,0,0,0,0,0,0,0,0,0,0,0,0,0,0,0,0,0,0,0,0,0,0,0,0,0,0,0,0,0,0,0,0,0,0,0,0,0,0,0,0,0,0,0,0,0,0,0,0,0,0,0,0,0,0,0,0,0,0,1
2013,Non_OECD_DAC_countries,WHO,TLS,Timor-Leste,0,51,7,0,6,3,0,1,1,0,0,0,0,4,1,0,0,0,0,0,0,0,0,0,0,2,0,0,0,0,0,0,0,0,0,0,1,0,0,0,0,0,0,2,0,0,0,0,0,0,15,0,0,0,0,0,2,0,0,0,0,4,0,2,6,2,2,1,2,15,16
2013,Non_OECD_non_DAC_countries,WHO,TLS,Timor-Leste,0,96,13,0,12,6,0,1,2,0,0,0,1,8,2,0,0,0,0,0,0,0,0,0,0,3,0,0,0,0,0,0,0,0,0,0,2,0,0,0,0,0,0,3,0,0,0,0,0,0,28,0,0,0,1,1,3,0,0,0,0,8,0,4,12,5,3,2,3,28,31
2013,Norway,WHO,TLS,Timor-Leste,0,75,10,0,9,5,0,1,2,0,0,0,1,7,2,0,0,0,0,0,0,0,0,0,0,2,0,0,0,0,0,0,0,0,0,0,2,0,0,0,0,0,0,2,0,0,0,0,0,0,22,0,0,0,1,0,3,0,0,0,0,6,0,3,9,4,2,2,2,22,24
2013,Other,WHO,TLS,Timor-Leste,0,119,16,0,15,8,0,2,3,0,0,0,1,10,3,0,0,0,0,0,0,0,0,0,0,4,0,0,0,0,0,0,0,0,0,0,3,0,0,0,0,0,0,4,0,0,0,0,0,0,35,0,0,0,1,1,4,0,0,0,0,10,0,5,14,6,4,3,4,35,39
2013,Other_OECD_DAC_countries,WHO,TLS,Timor-Leste,0,7,1,0,1,0,0,0,0,0,0,0,0,1,0,0,0,0,0,0,0,0,0,0,0,0,0,0,0,0,0,0,0,0,0,0,0,0,0,0,0,0,0,0,0,0,0,0,0,0,2,0,0,0,0,0,0,0,0,0,0,1,0,0,1,0,0,0,0,2,2
2013,Portugal,WHO,TLS,Timor-Leste,0,3,0,0,0,0,0,0,0,0,0,0,0,0,0,0,0,0,0,0,0,0,0,0,0,0,0,0,0,0,0,0,0,0,0,0,0,0,0,0,0,0,0,0,0,0,0,0,0,0,1,0,0,0,0,0,0,0,0,0,0,0,0,0,0,0,0,0,0,1,1
2013,Private_other,WHO,TLS,Timor-Leste,0,114,15,0,14,8,0,2,3,0,0,0,1,10,3,0,0,0,0,0,0,0,0,0,0,4,0,0,0,0,0,0,0,0,0,0,3,0,0,0,0,0,0,4,0,0,0,0,0,0,33,0,0,0,1,1,4,0,0,0,0,10,0,4,14,5,4,3,4,33,37
2013,Spain,WHO,TLS,Timor-Leste,0,21,3,0,3,1,0,0,1,0,0,0,0,2,1,0,0,0,0,0,0,0,0,0,0,1,0,0,0,0,0,0,0,0,0,0,0,0,0,0,0,0,0,1,0,0,0,0,0,0,6,0,0,0,0,0,1,0,0,0,0,2,0,1,2,1,1,0,1,6,7
2013,Sweden,WHO,TLS,Timor-Leste,0,32,4,0,4,2,0,0,1,0,0,0,0,3,1,0,0,0,0,0,0,0,0,0,0,1,0,0,0,0,0,0,0,0,0,0,1,0,0,0,0,0,0,1,0,0,0,0,0,0,9,0,0,0,0,0,1,0,0,0,0,3,0,1,4,2,1,1,1,9,10
2013,Switzerland,WHO,TLS,Timor-Leste,0,14,2,0,2,1,0,0,0,0,0,0,0,1,0,0,0,0,0,0,0,0,0,0,0,0,0,0,0,0,0,0,0,0,0,0,0,0,0,0,0,0,0,0,0,0,0,0,0,0,4,0,0,0,0,0,0,0,0,0,0,1,0,1,2,1,0,0,0,4,5
2013,Unallocable,WHO,TLS,Timor-Leste,0,1,0,0,0,0,0,0,0,0,0,0,0,0,0,0,0,0,0,0,0,0,0,0,0,0,0,0,0,0,0,0,0,0,0,0,0,0,0,0,0,0,0,0,0,0,0,0,0,0,0,0,0,0,0,0,0,0,0,0,0,0,0,0,0,0,0,0,0,0,0
2013,United_Kingdom,WHO,TLS,Timor-Leste,0,313,42,0,39,21,0,5,8,0,0,0,3,27,8,0,0,0,0,0,0,0,0,0,0,10,0,0,0,0,0,0,0,0,0,0,7,0,0,0,0,0,0,10,0,0,0,0,0,0,91,0,0,0,2,2,11,0,0,0,0,27,0,12,38,15,10,7,10,91,102
2013,United_States,WHO,TLS,Timor-Leste,0,225,30,0,28,15,0,3,6,0,0,0,2,20,6,0,0,0,0,0,0,0,0,0,0,7,0,0,0,0,0,0,0,0,0,0,5,0,0,0,0,0,0,7,0,0,0,0,0,0,66,0,0,0,2,1,8,0,0,0,0,20,0,9,27,11,7,5,7,66,73
2014,Australia,BIL_AUS,TLS,Timor-Leste,0,812,3,5,0,0,63,251,0,0,2,82,0,0,0,1,3,196,0,0,0,0,0,0,0,0,204,0,0,0,0,0,0,0,1,0,0,1,0,0,0,0,0,0,0,0,0,0,0,0,0,0,0,0,0,0,0,0,0,0,0,0,0,398,200,0,204,3,0,0,7
2014,Canada,BIL_CAN,TLS,Timor-Leste,0,7,3,0,2,0,0,0,0,0,0,0,1,0,0,0,0,0,0,0,0,0,0,0,0,0,0,0,0,0,0,0,0,0,0,0,0,0,0,0,0,0,0,0,0,0,0,0,0,0,0,0,0,0,0,0,0,0,0,0,0,0,0,0,1,0,0,0,0,0,5
2014,Germany,BIL_DEU,TLS,Timor-Leste,0,71,3,0,0,0,0,0,0,0,0,0,0,0,0,0,0,0,0,0,0,0,0,0,0,0,0,0,0,0,0,0,0,0,0,0,0,0,0,0,0,0,0,0,0,0,0,0,0,0,0,0,0,0,0,0,0,0,0,0,0,68,0,0,0,1,0,0,0,0,3
2014,United_Kingdom,BIL_GBR,TLS,Timor-Leste,0,3,0,0,0,0,0,0,0,0,0,0,0,0,0,0,0,0,0,0,0,0,0,0,0,0,0,0,0,0,0,0,0,3,0,0,0,0,0,0,0,0,0,0,0,0,0,0,0,0,0,0,0,0,0,0,0,0,0,0,0,0,0,0,0,0,0,3,0,0,0
2014,Japan,BIL_JPN,TLS,Timor-Leste,0,297,0,0,0,0,0,10,0,0,0,0,0,0,0,0,0,0,0,0,0,0,0,0,0,0,0,0,0,0,0,0,0,0,0,0,0,0,0,0,0,0,0,0,0,0,0,0,0,0,0,0,0,0,0,0,0,0,0,0,0,287,0,10,0,0,0,0,0,0,0
2014,Korea,BIL_KOR,TLS,Timor-Leste,0,923,0,0,0,0,0,0,0,0,0,0,0,0,0,0,0,0,0,0,0,0,0,0,0,0,0,0,0,0,0,0,0,0,0,0,0,0,0,0,0,281,0,0,0,562,0,0,0,0,11,0,0,0,0,0,35,0,0,0,0,35,0,0,0,35,0,0,843,11,0
2014,United_States,BIL_USA,TLS,Timor-Leste,0,1029,118,0,0,0,530,46,0,3,0,3,0,0,48,0,0,0,8,145,0,0,4,8,0,0,12,5,0,0,0,0,80,2,0,0,0,1,0,0,0,0,0,2,0,0,0,0,0,0,11,0,0,0,0,0,0,0,0,0,0,2,0,583,48,0,182,83,2,11,118
2014,Belgium,EC,TLS,Timor-Leste,0,1,0,0,0,0,0,0,0,0,0,0,0,0,0,0,0,0,0,0,0,0,0,0,0,0,0,0,0,0,0,0,0,0,0,0,0,0,0,0,0,0,0,0,0,0,0,0,0,0,1,0,0,0,0,0,0,0,0,0,0,0,0,0,0,0,0,0,0,1,0
2014,France,EC,TLS,Timor-Leste,0,6,0,0,0,0,0,1,0,0,0,0,0,0,0,0,0,0,0,0,0,0,0,0,0,0,0,0,0,0,0,0,0,0,0,0,0,0,0,0,0,0,0,0,0,0,0,0,0,0,5,0,0,0,0,0,0,0,0,0,0,0,0,1,0,0,0,0,0,5,0
2014,Germany,EC,TLS,Timor-Leste,0,7,0,0,0,0,0,1,0,0,0,0,0,0,0,0,0,0,0,0,0,0,0,0,0,0,0,0,0,0,0,0,0,0,0,0,0,0,0,0,0,0,0,0,0,0,0,0,0,0,6,0,0,0,0,0,0,0,0,0,0,0,0,1,0,0,0,0,0,6,0
2014,Italy,EC,TLS,Timor-Leste,0,4,0,0,0,0,0,1,0,0,0,0,0,0,0,0,0,0,0,0,0,0,0,0,0,0,0,0,0,0,0,0,0,0,0,0,0,0,0,0,0,0,0,0,0,0,0,0,0,0,3,0,0,0,0,0,0,0,0,0,0,0,0,1,0,0,0,0,0,3,0
2014,Netherlands,EC,TLS,Timor-Leste,0,2,0,0,0,0,0,0,0,0,0,0,0,0,0,0,0,0,0,0,0,0,0,0,0,0,0,0,0,0,0,0,0,0,0,0,0,0,0,0,0,0,0,0,0,0,0,0,0,0,1,0,0,0,0,0,0,0,0,0,0,0,0,0,0,0,0,0,0,1,0
2014,Spain,EC,TLS,Timor-Leste,0,3,0,0,0,0,0,0,0,0,0,0,0,0,0,0,0,0,0,0,0,0,0,0,0,0,0,0,0,0,0,0,0,0,0,0,0,0,0,0,0,0,0,0,0,0,0,0,0,0,2,0,0,0,0,0,0,0,0,0,0,0,0,0,0,0,0,0,0,2,0
2014,United_Kingdom,EC,TLS,Timor-Leste,0,5,0,0,0,0,0,1,0,0,0,0,0,0,0,0,0,0,0,0,0,0,0,0,0,0,0,0,0,0,0,0,0,0,0,0,0,0,0,0,0,0,0,0,0,0,0,0,0,0,4,0,0,0,0,0,0,0,0,0,0,0,0,1,0,0,0,0,0,4,0
2014,Gates Foundation,GATES,TLS,Timor-Leste,0,44,0,0,0,0,6,0,0,0,6,0,0,1,0,1,0,2,0,0,0,0,0,0,0,0,0,0,0,0,0,0,0,0,0,0,0,0,0,0,0,0,0,0,0,0,0,0,0,0,6,0,0,0,0,0,0,0,0,0,0,22,0,12,4,0,0,0,0,6,0
2014,Australia,GAVI,TLS,Timor-Leste,0,72,0,0,0,0,0,0,0,0,0,0,0,6,0,66,0,0,0,0,0,0,0,0,0,0,0,0,0,0,0,0,0,0,0,0,0,0,0,0,0,0,0,0,0,0,0,0,0,0,0,0,0,0,0,0,0,0,0,0,0,0,0,0,72,0,0,0,0,0,0
2014,Canada,GAVI,TLS,Timor-Leste,0,56,0,0,0,0,0,0,0,0,0,0,0,5,0,51,0,0,0,0,0,0,0,0,0,0,0,0,0,0,0,0,0,0,0,0,0,0,0,0,0,0,0,0,0,0,0,0,0,0,0,0,0,0,0,0,0,0,0,0,0,0,0,0,56,0,0,0,0,0,0
2014,France,GAVI,TLS,Timor-Leste,0,6,0,0,0,0,0,0,0,0,0,0,0,0,0,5,0,0,0,0,0,0,0,0,0,0,0,0,0,0,0,0,0,0,0,0,0,0,0,0,0,0,0,0,0,0,0,0,0,0,0,0,0,0,0,0,0,0,0,0,0,0,0,0,6,0,0,0,0,0,0
2014,Gates Foundation,GAVI,TLS,Timor-Leste,0,183,0,0,0,0,0,0,0,0,0,0,0,15,0,168,0,0,0,0,0,0,0,0,0,0,0,0,0,0,0,0,0,0,0,0,0,0,0,0,0,0,0,0,0,0,0,0,0,0,0,0,0,0,0,0,0,0,0,0,0,0,0,0,183,0,0,0,0,0,0
2014,Germany,GAVI,TLS,Timor-Leste,0,49,0,0,0,0,0,0,0,0,0,0,0,4,0,45,0,0,0,0,0,0,0,0,0,0,0,0,0,0,0,0,0,0,0,0,0,0,0,0,0,0,0,0,0,0,0,0,0,0,0,0,0,0,0,0,0,0,0,0,0,0,0,0,49,0,0,0,0,0,0
2014,Italy,GAVI,TLS,Timor-Leste,0,81,0,0,0,0,0,0,0,0,0,0,0,7,0,75,0,0,0,0,0,0,0,0,0,0,0,0,0,0,0,0,0,0,0,0,0,0,0,0,0,0,0,0,0,0,0,0,0,0,0,0,0,0,0,0,0,0,0,0,0,0,0,0,81,0,0,0,0,0,0
2014,Japan,GAVI,TLS,Timor-Leste,0,7,0,0,0,0,0,0,0,0,0,0,0,1,0,7,0,0,0,0,0,0,0,0,0,0,0,0,0,0,0,0,0,0,0,0,0,0,0,0,0,0,0,0,0,0,0,0,0,0,0,0,0,0,0,0,0,0,0,0,0,0,0,0,7,0,0,0,0,0,0
2014,Netherlands,GAVI,TLS,Timor-Leste,0,32,0,0,0,0,0,0,0,0,0,0,0,3,0,30,0,0,0,0,0,0,0,0,0,0,0,0,0,0,0,0,0,0,0,0,0,0,0,0,0,0,0,0,0,0,0,0,0,0,0,0,0,0,0,0,0,0,0,0,0,0,0,0,32,0,0,0,0,0,0
2014,Non_OECD_non_DAC_countries,GAVI,TLS,Timor-Leste,0,12,0,0,0,0,0,0,0,0,0,0,0,1,0,11,0,0,0,0,0,0,0,0,0,0,0,0,0,0,0,0,0,0,0,0,0,0,0,0,0,0,0,0,0,0,0,0,0,0,0,0,0,0,0,0,0,0,0,0,0,0,0,0,12,0,0,0,0,0,0
2014,Norway,GAVI,TLS,Timor-Leste,0,151,0,0,0,0,0,0,0,0,0,0,0,12,0,139,0,0,0,0,0,0,0,0,0,0,0,0,0,0,0,0,0,0,0,0,0,0,0,0,0,0,0,0,0,0,0,0,0,0,0,0,0,0,0,0,0,0,0,0,0,0,0,0,151,0,0,0,0,0,0
2014,Other,GAVI,TLS,Timor-Leste,0,35,0,0,0,0,0,0,0,0,0,0,0,3,0,33,0,0,0,0,0,0,0,0,0,0,0,0,0,0,0,0,0,0,0,0,0,0,0,0,0,0,0,0,0,0,0,0,0,0,0,0,0,0,0,0,0,0,0,0,0,0,0,0,35,0,0,0,0,0,0
2014,Private_other,GAVI,TLS,Timor-Leste,0,33,0,0,0,0,0,0,0,0,0,0,0,3,0,30,0,0,0,0,0,0,0,0,0,0,0,0,0,0,0,0,0,0,0,0,0,0,0,0,0,0,0,0,0,0,0,0,0,0,0,0,0,0,0,0,0,0,0,0,0,0,0,0,33,0,0,0,0,0,0
2014,Sweden,GAVI,TLS,Timor-Leste,0,40,0,0,0,0,0,0,0,0,0,0,0,3,0,37,0,0,0,0,0,0,0,0,0,0,0,0,0,0,0,0,0,0,0,0,0,0,0,0,0,0,0,0,0,0,0,0,0,0,0,0,0,0,0,0,0,0,0,0,0,0,0,0,40,0,0,0,0,0,0
2014,United_Kingdom,GAVI,TLS,Timor-Leste,0,307,0,0,0,0,0,0,0,0,0,0,0,25,0,282,0,0,0,0,0,0,0,0,0,0,0,0,0,0,0,0,0,0,0,0,0,0,0,0,0,0,0,0,0,0,0,0,0,0,0,0,0,0,0,0,0,0,0,0,0,0,0,0,307,0,0,0,0,0,0
2014,United_States,GAVI,TLS,Timor-Leste,0,142,0,0,0,0,0,0,0,0,0,0,0,11,0,130,0,0,0,0,0,0,0,0,0,0,0,0,0,0,0,0,0,0,0,0,0,0,0,0,0,0,0,0,0,0,0,0,0,0,0,0,0,0,0,0,0,0,0,0,0,0,0,0,142,0,0,0,0,0,0
2014,Australia,GFATM,TLS,Timor-Leste,0,75,0,0,0,0,0,0,0,0,0,0,0,0,0,0,0,0,5,17,0,0,0,3,0,3,18,0,0,0,1,0,0,2,0,0,2,1,1,0,1,0,1,7,2,7,2,0,0,0,0,0,0,0,0,0,0,0,0,0,0,0,0,0,0,0,47,7,21,0,0
2014,Austria,GFATM,TLS,Timor-Leste,0,2,0,0,0,0,0,0,0,0,0,0,0,0,0,0,0,0,0,0,0,0,0,0,0,0,0,0,0,0,0,0,0,0,0,0,0,0,0,0,0,0,0,0,0,0,0,0,0,0,0,0,0,0,0,0,0,0,0,0,0,0,0,0,0,0,1,0,1,0,0
2014,Belgium,GFATM,TLS,Timor-Leste,0,56,0,0,0,0,0,0,0,0,0,0,0,0,0,0,0,0,4,13,0,0,0,2,0,2,13,0,0,0,1,0,0,1,0,0,1,1,0,0,1,0,1,5,1,5,2,0,0,0,0,0,0,0,0,0,0,0,0,0,0,0,0,0,0,0,35,5,16,0,0
2014,China,GFATM,TLS,Timor-Leste,0,10,0,0,0,0,0,0,0,0,0,0,0,0,0,0,0,0,1,2,0,0,0,0,0,0,2,0,0,0,0,0,0,0,0,0,0,0,0,0,0,0,0,1,0,1,0,0,0,0,0,0,0,0,0,0,0,0,0,0,0,0,0,0,0,0,6,1,3,0,0
2014,Denmark,GFATM,TLS,Timor-Leste,0,63,0,0,0,0,0,0,0,0,0,0,0,0,0,0,0,0,4,15,0,0,0,2,0,2,15,0,0,0,1,0,0,1,0,0,1,1,0,0,1,0,1,6,1,6,2,0,0,0,0,0,0,0,0,0,0,0,0,0,0,0,0,0,0,0,40,6,18,0,0
2014,Finland,GFATM,TLS,Timor-Leste,0,1,0,0,0,0,0,0,0,0,0,0,0,0,0,0,0,0,0,0,0,0,0,0,0,0,0,0,0,0,0,0,0,0,0,0,0,0,0,0,0,0,0,0,0,0,0,0,0,0,0,0,0,0,0,0,0,0,0,0,0,0,0,0,0,0,1,0,0,0,0
2014,France,GFATM,TLS,Timor-Leste,0,945,0,1,0,0,0,0,0,0,0,0,0,0,0,0,0,0,67,221,2,0,3,33,0,35,226,4,1,3,9,3,3,20,3,0,20,15,7,3,18,5,18,92,20,83,31,0,0,0,0,0,0,0,0,0,0,0,0,0,0,0,0,0,0,0,593,86,266,0,1
2014,Gates Foundation,GFATM,TLS,Timor-Leste,0,308,0,0,0,0,0,0,0,0,0,0,0,0,0,0,0,0,22,72,1,0,1,11,0,11,74,1,0,1,3,1,1,7,1,0,7,5,2,1,6,2,6,30,6,27,10,0,0,0,0,0,0,0,0,0,0,0,0,0,0,0,0,0,0,0,193,28,87,0,0
2014,Germany,GFATM,TLS,Timor-Leste,0,700,0,0,0,0,0,0,0,0,0,0,0,0,0,0,0,0,50,164,1,0,2,25,0,26,168,3,1,2,7,2,2,15,2,0,15,11,5,2,13,4,13,68,15,61,23,0,0,0,0,0,0,0,0,0,0,0,0,0,0,0,0,0,0,0,440,64,197,0,0
2014,Greece,GFATM,TLS,Timor-Leste,0,1,0,0,0,0,0,0,0,0,0,0,0,0,0,0,0,0,0,0,0,0,0,0,0,0,0,0,0,0,0,0,0,0,0,0,0,0,0,0,0,0,0,0,0,0,0,0,0,0,0,0,0,0,0,0,0,0,0,0,0,0,0,0,0,0,1,0,0,0,0
2014,Ireland,GFATM,TLS,Timor-Leste,0,35,0,0,0,0,0,0,0,0,0,0,0,0,0,0,0,0,3,8,0,0,0,1,0,1,8,0,0,0,0,0,0,1,0,0,1,1,0,0,1,0,1,3,1,3,1,0,0,0,0,0,0,0,0,0,0,0,0,0,0,0,0,0,0,0,22,3,10,0,0
2014,Italy,GFATM,TLS,Timor-Leste,0,94,0,0,0,0,0,0,0,0,0,0,0,0,0,0,0,0,7,22,0,0,0,3,0,3,22,0,0,0,1,0,0,2,0,0,2,1,1,0,2,0,2,9,2,8,3,0,0,0,0,0,0,0,0,0,0,0,0,0,0,0,0,0,0,0,59,8,26,0,0
2014,Japan,GFATM,TLS,Timor-Leste,0,593,0,0,0,0,0,0,0,0,0,0,0,0,0,0,0,0,42,139,1,0,2,21,0,22,142,3,1,2,6,2,2,13,2,0,13,9,5,2,11,3,11,58,12,52,19,0,0,0,0,0,0,0,0,0,0,0,0,0,0,0,0,0,0,0,372,54,167,0,0
2014,Korea,GFATM,TLS,Timor-Leste,0,8,0,0,0,0,0,0,0,0,0,0,0,0,0,0,0,0,1,2,0,0,0,0,0,0,2,0,0,0,0,0,0,0,0,0,0,0,0,0,0,0,0,1,0,1,0,0,0,0,0,0,0,0,0,0,0,0,0,0,0,0,0,0,0,0,5,1,2,0,0
2014,Luxembourg,GFATM,TLS,Timor-Leste,0,8,0,0,0,0,0,0,0,0,0,0,0,0,0,0,0,0,1,2,0,0,0,0,0,0,2,0,0,0,0,0,0,0,0,0,0,0,0,0,0,0,0,1,0,1,0,0,0,0,0,0,0,0,0,0,0,0,0,0,0,0,0,0,0,0,5,1,2,0,0
2014,Netherlands,GFATM,TLS,Timor-Leste,0,208,0,0,0,0,0,0,0,0,0,0,0,0,0,0,0,0,15,49,0,0,1,7,0,8,50,1,0,1,2,1,1,4,1,0,4,3,2,1,4,1,4,20,4,18,7,0,0,0,0,0,0,0,0,0,0,0,0,0,0,0,0,0,0,0,131,19,59,0,0
2014,Non_OECD_DAC_countries,GFATM,TLS,Timor-Leste,0,19,0,0,0,0,0,0,0,0,0,0,0,0,0,0,0,0,1,5,0,0,0,1,0,1,5,0,0,0,0,0,0,0,0,0,0,0,0,0,0,0,0,2,0,2,1,0,0,0,0,0,0,0,0,0,0,0,0,0,0,0,0,0,0,0,12,2,5,0,0
2014,Non_OECD_non_DAC_countries,GFATM,TLS,Timor-Leste,0,26,0,0,0,0,0,0,0,0,0,0,0,0,0,0,0,0,2,6,0,0,0,1,0,1,6,0,0,0,0,0,0,1,0,0,1,0,0,0,0,0,0,3,1,2,1,0,0,0,0,0,0,0,0,0,0,0,0,0,0,0,0,0,0,0,16,2,7,0,0
2014,Norway,GFATM,TLS,Timor-Leste,0,167,0,0,0,0,0,0,0,0,0,0,0,0,0,0,0,0,12,39,0,0,1,6,0,6,40,1,0,1,2,0,0,4,0,0,4,3,1,1,3,1,3,16,4,15,5,0,0,0,0,0,0,0,0,0,0,0,0,0,0,0,0,0,0,0,105,15,47,0,0
2014,Other_OECD_DAC_countries,GFATM,TLS,Timor-Leste,0,2,0,0,0,0,0,0,0,0,0,0,0,0,0,0,0,0,0,0,0,0,0,0,0,0,0,0,0,0,0,0,0,0,0,0,0,0,0,0,0,0,0,0,0,0,0,0,0,0,0,0,0,0,0,0,0,0,0,0,0,0,0,0,0,0,1,0,1,0,0
2014,Private_other,GFATM,TLS,Timor-Leste,0,155,0,0,0,0,0,0,0,0,0,0,0,0,0,0,0,0,11,36,0,0,1,5,0,6,37,1,0,1,1,0,0,3,0,0,3,2,1,1,3,1,3,15,3,14,5,0,0,0,0,0,0,0,0,0,0,0,0,0,0,0,0,0,0,0,97,14,44,0,0
2014,Spain,GFATM,TLS,Timor-Leste,0,6,0,0,0,0,0,0,0,0,0,0,0,0,0,0,0,0,0,1,0,0,0,0,0,0,1,0,0,0,0,0,0,0,0,0,0,0,0,0,0,0,0,1,0,1,0,0,0,0,0,0,0,0,0,0,0,0,0,0,0,0,0,0,0,0,4,1,2,0,0
2014,Sweden,GFATM,TLS,Timor-Leste,0,159,0,0,0,0,0,0,0,0,0,0,0,0,0,0,0,0,11,37,0,0,1,6,0,6,38,1,0,1,2,0,0,3,0,0,3,3,1,1,3,1,3,15,3,14,5,0,0,0,0,0,0,0,0,0,0,0,0,0,0,0,0,0,0,0,100,14,45,0,0
2014,Switzerland,GFATM,TLS,Timor-Leste,0,45,0,0,0,0,0,0,0,0,0,0,0,0,0,0,0,0,3,11,0,0,0,2,0,2,11,0,0,0,0,0,0,1,0,0,1,1,0,0,1,0,1,4,1,4,1,0,0,0,0,0,0,0,0,0,0,0,0,0,0,0,0,0,0,0,28,4,13,0,0
2014,United_Kingdom,GFATM,TLS,Timor-Leste,0,1184,0,1,0,0,0,0,0,0,0,0,0,0,0,0,0,0,84,277,2,1,4,42,0,43,283,5,2,4,11,3,3,25,3,0,25,19,9,4,23,6,22,115,25,104,38,0,0,0,0,0,0,0,0,0,0,0,0,0,0,0,0,0,0,0,743,108,333,0,1
2014,United_States,GFATM,TLS,Timor-Leste,0,3320,0,2,0,0,0,0,0,0,0,0,0,0,0,0,0,0,235,776,7,2,11,117,0,121,794,15,5,11,32,9,9,70,9,0,71,53,26,11,63,17,62,323,70,291,108,0,0,0,0,0,0,0,0,0,0,0,0,0,0,0,0,0,0,0,2084,302,933,0,2
2014,Australia,INTLNGO,TLS,Timor-Leste,0,3851,0,0,0,0,1413,0,0,314,157,0,105,0,0,209,105,0,0,0,0,0,0,0,0,0,0,6,0,0,0,0,0,0,0,0,0,0,0,0,0,0,0,0,0,0,0,0,0,0,0,0,0,0,0,0,0,657,885,0,0,0,0,1884,419,1542,6,0,0,0,0
2014,Canada,INTLNGO,TLS,Timor-Leste,0,137,0,0,0,0,0,9,0,10,8,14,90,0,0,0,0,1,0,0,0,0,0,0,0,0,0,0,0,0,0,0,0,0,0,0,0,0,0,0,0,0,0,0,0,0,0,0,0,0,0,0,0,0,0,1,0,1,2,0,0,0,0,41,91,5,0,0,0,0,0
2014,France,INTLNGO,TLS,Timor-Leste,0,8,0,0,0,0,0,0,0,0,0,0,0,0,0,0,0,0,0,0,0,0,0,0,0,0,0,0,0,0,0,0,0,0,0,0,0,0,0,0,0,0,0,0,0,0,0,0,0,0,8,0,0,0,0,0,0,0,0,0,0,0,0,0,0,0,0,0,0,8,0
2014,Germany,INTLNGO,TLS,Timor-Leste,0,173,128,0,0,0,0,0,0,0,0,0,0,0,0,0,0,0,0,0,0,0,0,0,0,0,0,0,0,0,0,0,0,0,0,0,0,0,0,0,0,0,0,0,0,0,0,0,0,0,0,0,0,0,0,0,0,0,0,0,0,45,0,0,0,0,0,0,0,0,128
2014,Japan,INTLNGO,TLS,Timor-Leste,0,488,287,0,0,0,0,0,0,0,0,0,0,0,0,0,0,0,0,0,0,0,0,0,0,0,0,0,0,0,0,0,0,0,0,0,0,0,0,0,0,0,0,0,0,0,0,0,0,0,0,0,0,0,0,0,0,0,0,0,0,200,0,0,0,0,0,0,0,0,287
2014,Korea,INTLNGO,TLS,Timor-Leste,0,232,21,0,0,0,0,0,0,0,212,0,0,0,0,0,0,0,0,0,0,0,0,0,0,0,0,0,0,0,0,0,0,0,0,0,0,0,0,0,0,0,0,0,0,0,0,0,0,0,0,0,0,0,0,0,0,0,0,0,0,0,0,212,0,0,0,0,0,0,21
2014,Norway,INTLNGO,TLS,Timor-Leste,0,23,0,0,0,0,0,0,0,0,0,0,20,0,0,0,0,0,0,0,0,0,0,0,0,0,0,0,0,0,0,0,0,0,0,0,0,0,0,0,0,0,0,0,0,0,0,0,0,0,0,0,0,0,0,0,0,0,0,0,0,3,0,0,20,0,0,0,0,0,0
2014,Sweden,INTLNGO,TLS,Timor-Leste,0,95,0,0,0,0,0,0,0,0,0,0,0,0,0,0,0,0,0,0,0,0,0,0,0,94,0,0,0,0,0,0,0,0,0,0,0,0,0,0,0,0,0,0,0,0,0,0,0,0,0,0,0,0,0,0,0,0,0,0,0,0,0,0,1,0,94,0,0,0,0
2014,United_Kingdom,INTLNGO,TLS,Timor-Leste,0,104,0,0,0,0,24,76,0,0,0,0,0,0,0,0,0,0,0,0,0,0,0,0,0,0,0,0,0,0,0,0,0,0,0,0,0,0,0,0,0,0,0,0,0,0,0,0,0,0,0,0,0,0,0,0,0,0,0,0,0,4,0,100,0,0,0,0,0,0,0
2014,United_States,INTLNGO,TLS,Timor-Leste,0,63,0,0,0,0,0,0,0,0,0,0,0,0,0,0,0,0,0,52,0,0,0,0,0,0,0,0,0,0,0,0,5,0,2,0,0,1,0,0,0,0,0,2,0,0,0,0,0,0,0,0,0,0,0,0,0,0,0,0,0,0,0,0,0,0,53,9,2,0,0
2014,Corporate_donations,NGO,TLS,Timor-Leste,0,343,23,0,24,11,0,10,1,4,37,3,31,3,8,2,19,0,3,4,0,0,0,1,0,1,4,11,5,1,1,1,1,1,0,0,0,2,0,0,0,0,0,0,0,0,0,0,0,0,0,1,0,0,0,16,13,14,75,2,0,9,0,55,64,120,30,6,1,1,58
2014,Gates Foundation,NGO,TLS,Timor-Leste,0,85,1,0,0,0,13,5,0,2,1,0,1,16,0,5,1,10,2,7,0,0,0,1,0,0,1,0,2,1,0,0,1,3,0,0,0,3,1,0,1,0,0,0,1,0,0,0,0,0,0,0,0,0,0,0,0,1,1,0,0,1,0,22,33,3,13,10,2,0,1
2014,Private_other,NGO,TLS,Timor-Leste,0,2126,127,5,39,18,254,113,5,10,125,5,138,125,38,60,288,29,23,102,0,10,1,4,0,33,9,29,16,3,2,2,5,7,4,0,0,10,2,0,2,1,0,3,1,1,2,2,0,0,1,3,9,2,19,36,85,32,175,5,0,104,0,513,678,352,228,36,10,17,189
2014,United_States,NGO,TLS,Timor-Leste,0,3688,5,0,0,0,999,474,0,629,629,0,62,0,0,307,307,0,0,0,0,0,23,0,0,0,113,113,0,0,0,0,0,0,0,0,0,0,0,0,4,7,18,0,0,0,0,0,0,0,0,0,0,0,0,0,0,0,0,0,0,0,0,2731,676,0,248,0,28,0,5
2014,Australia,UNFPA,TLS,Timor-Leste,0,33,0,0,0,0,8,11,6,7,0,0,0,0,0,0,0,0,0,1,0,0,0,0,0,0,0,0,0,0,0,0,0,0,0,0,0,0,0,0,0,0,0,0,0,0,0,0,0,0,0,0,0,0,0,0,0,0,0,0,0,0,0,32,0,0,1,0,0,0,0
2014,Belgium,UNFPA,TLS,Timor-Leste,0,17,0,0,0,0,4,6,3,3,0,0,0,0,0,0,0,0,0,1,0,0,0,0,0,0,0,0,0,0,0,0,0,0,0,0,0,0,0,0,0,0,0,0,0,0,0,0,0,0,0,0,0,0,0,0,0,0,0,0,0,0,0,16,0,0,1,0,0,0,0
2014,Canada,UNFPA,TLS,Timor-Leste,0,30,0,0,0,0,8,10,5,6,0,0,0,0,0,0,0,0,0,1,0,0,0,0,0,0,0,0,0,0,0,0,0,0,0,0,0,0,0,0,0,0,0,0,0,0,0,0,0,0,0,0,0,0,0,0,0,0,0,0,0,0,0,29,0,0,1,0,0,0,0
2014,China,UNFPA,TLS,Timor-Leste,0,2,0,0,0,0,1,1,0,0,0,0,0,0,0,0,0,0,0,0,0,0,0,0,0,0,0,0,0,0,0,0,0,0,0,0,0,0,0,0,0,0,0,0,0,0,0,0,0,0,0,0,0,0,0,0,0,0,0,0,0,0,0,2,0,0,0,0,0,0,0
2014,Denmark,UNFPA,TLS,Timor-Leste,0,110,0,0,0,0,28,36,20,22,0,0,0,0,0,0,0,0,0,4,0,0,0,0,0,0,0,0,0,0,0,0,0,0,0,0,0,0,0,0,0,0,0,0,0,0,0,0,0,0,0,0,0,0,0,0,0,0,0,0,0,0,0,106,0,0,4,0,0,0,0
2014,Finland,UNFPA,TLS,Timor-Leste,0,113,0,0,0,0,29,37,21,22,0,0,0,0,0,0,0,0,0,4,0,0,0,0,0,0,0,0,0,0,0,0,0,0,0,0,0,0,0,0,0,0,0,0,0,0,0,0,0,0,0,0,0,0,0,0,0,0,0,0,0,0,0,109,0,0,4,0,0,0,0
2014,France,UNFPA,TLS,Timor-Leste,0,13,0,0,0,0,3,4,2,3,0,0,0,0,0,0,0,0,0,1,0,0,0,0,0,0,0,0,0,0,0,0,0,0,0,0,0,0,0,0,0,0,0,0,0,0,0,0,0,0,0,0,0,0,0,0,0,0,0,0,0,0,0,13,0,0,1,0,0,0,0
2014,Gates Foundation,UNFPA,TLS,Timor-Leste,0,6,0,0,0,0,2,2,1,1,0,0,0,0,0,0,0,0,0,0,0,0,0,0,0,0,0,0,0,0,0,0,0,0,0,0,0,0,0,0,0,0,0,0,0,0,0,0,0,0,0,0,0,0,0,0,0,0,0,0,0,0,0,6,0,0,0,0,0,0,0
2014,Germany,UNFPA,TLS,Timor-Leste,0,48,0,0,0,0,12,16,9,10,0,0,0,0,0,0,0,0,0,2,0,0,0,0,0,0,0,0,0,0,0,0,0,0,0,0,0,0,0,0,0,0,0,0,0,0,0,0,0,0,0,0,0,0,0,0,0,0,0,0,0,0,0,46,0,0,2,0,0,0,0
2014,Ireland,UNFPA,TLS,Timor-Leste,0,8,0,0,0,0,2,2,1,2,0,0,0,0,0,0,0,0,0,0,0,0,0,0,0,0,0,0,0,0,0,0,0,0,0,0,0,0,0,0,0,0,0,0,0,0,0,0,0,0,0,0,0,0,0,0,0,0,0,0,0,0,0,7,0,0,0,0,0,0,0
2014,Italy,UNFPA,TLS,Timor-Leste,0,6,0,0,0,0,2,2,1,1,0,0,0,0,0,0,0,0,0,0,0,0,0,0,0,0,0,0,0,0,0,0,0,0,0,0,0,0,0,0,0,0,0,0,0,0,0,0,0,0,0,0,0,0,0,0,0,0,0,0,0,0,0,6,0,0,0,0,0,0,0
2014,Japan,UNFPA,TLS,Timor-Leste,0,59,0,0,0,0,15,19,11,12,0,0,0,0,0,0,0,0,0,2,0,0,0,0,0,0,0,0,0,0,0,0,0,0,0,0,0,0,0,0,0,0,0,0,0,0,0,0,0,0,0,0,0,0,0,0,0,0,0,0,0,0,0,57,0,0,2,0,0,0,0
2014,Luxembourg,UNFPA,TLS,Timor-Leste,0,7,0,0,0,0,2,2,1,1,0,0,0,0,0,0,0,0,0,0,0,0,0,0,0,0,0,0,0,0,0,0,0,0,0,0,0,0,0,0,0,0,0,0,0,0,0,0,0,0,0,0,0,0,0,0,0,0,0,0,0,0,0,7,0,0,0,0,0,0,0
2014,Netherlands,UNFPA,TLS,Timor-Leste,0,95,0,0,0,0,24,31,17,19,0,0,0,0,0,0,0,0,0,4,0,0,0,0,0,0,0,0,0,0,0,0,0,0,0,0,0,0,0,0,0,0,0,0,0,0,0,0,0,0,0,0,0,0,0,0,0,0,0,0,0,0,0,91,0,0,4,0,0,0,0
2014,New_Zealand,UNFPA,TLS,Timor-Leste,0,16,0,0,0,0,4,5,3,3,0,0,0,0,0,0,0,0,0,1,0,0,0,0,0,0,0,0,0,0,0,0,0,0,0,0,0,0,0,0,0,0,0,0,0,0,0,0,0,0,0,0,0,0,0,0,0,0,0,0,0,0,0,16,0,0,1,0,0,0,0
2014,Non_OECD_non_DAC_countries,UNFPA,TLS,Timor-Leste,0,51,0,0,0,0,13,16,9,10,0,0,0,0,0,0,0,0,0,2,0,0,0,0,0,0,0,0,0,0,0,0,0,0,0,0,0,0,0,0,0,0,0,0,0,0,0,0,0,0,0,0,0,0,0,0,0,0,0,0,0,0,0,49,0,0,2,0,0,0,0
2014,Norway,UNFPA,TLS,Timor-Leste,0,145,0,0,0,0,37,47,26,29,0,0,0,0,0,0,0,0,0,6,0,0,0,0,0,0,0,0,0,0,0,0,0,0,0,0,0,0,0,0,0,0,0,0,0,0,0,0,0,0,0,0,0,0,0,0,0,0,0,0,0,0,0,139,0,0,6,0,0,0,0
2014,Other,UNFPA,TLS,Timor-Leste,0,631,0,0,0,0,162,205,115,125,0,0,0,0,0,0,0,0,0,25,0,0,0,0,0,0,0,0,0,0,0,0,0,0,0,0,0,0,0,0,0,0,0,0,0,0,0,0,0,0,0,0,0,0,0,0,0,0,0,0,0,0,0,607,0,0,25,0,0,0,0
2014,Private_other,UNFPA,TLS,Timor-Leste,0,5,0,0,0,0,1,2,1,1,0,0,0,0,0,0,0,0,0,0,0,0,0,0,0,0,0,0,0,0,0,0,0,0,0,0,0,0,0,0,0,0,0,0,0,0,0,0,0,0,0,0,0,0,0,0,0,0,0,0,0,0,0,5,0,0,0,0,0,0,0
2014,Spain,UNFPA,TLS,Timor-Leste,0,5,0,0,0,0,1,2,1,1,0,0,0,0,0,0,0,0,0,0,0,0,0,0,0,0,0,0,0,0,0,0,0,0,0,0,0,0,0,0,0,0,0,0,0,0,0,0,0,0,0,0,0,0,0,0,0,0,0,0,0,0,0,5,0,0,0,0,0,0,0
2014,Sweden,UNFPA,TLS,Timor-Leste,0,132,0,0,0,0,34,43,24,26,0,0,0,0,0,0,0,0,0,5,0,0,0,0,0,0,0,0,0,0,0,0,0,0,0,0,0,0,0,0,0,0,0,0,0,0,0,0,0,0,0,0,0,0,0,0,0,0,0,0,0,0,0,127,0,0,5,0,0,0,0
2014,Switzerland,UNFPA,TLS,Timor-Leste,0,32,0,0,0,0,8,10,6,6,0,0,0,0,0,0,0,0,0,1,0,0,0,0,0,0,0,0,0,0,0,0,0,0,0,0,0,0,0,0,0,0,0,0,0,0,0,0,0,0,0,0,0,0,0,0,0,0,0,0,0,0,0,31,0,0,1,0,0,0,0
2014,Unallocable,UNFPA,TLS,Timor-Leste,0,2,0,0,0,0,1,1,0,0,0,0,0,0,0,0,0,0,0,0,0,0,0,0,0,0,0,0,0,0,0,0,0,0,0,0,0,0,0,0,0,0,0,0,0,0,0,0,0,0,0,0,0,0,0,0,0,0,0,0,0,0,0,2,0,0,0,0,0,0,0
2014,United_Kingdom,UNFPA,TLS,Timor-Leste,0,77,0,0,0,0,20,25,14,15,0,0,0,0,0,0,0,0,0,3,0,0,0,0,0,0,0,0,0,0,0,0,0,0,0,0,0,0,0,0,0,0,0,0,0,0,0,0,0,0,0,0,0,0,0,0,0,0,0,0,0,0,0,74,0,0,3,0,0,0,0
2014,United_States,UNFPA,TLS,Timor-Leste,0,84,0,0,0,0,21,27,15,17,0,0,0,0,0,0,0,0,0,3,0,0,0,0,0,0,0,0,0,0,0,0,0,0,0,0,0,0,0,0,0,0,0,0,0,0,0,0,0,0,0,0,0,0,0,0,0,0,0,0,0,0,0,80,0,0,3,0,0,0,0
2014,Australia,UNICEF,TLS,Timor-Leste,0,77,0,0,0,0,0,0,3,0,0,0,20,16,26,6,0,0,0,1,1,1,0,0,0,2,0,0,0,0,0,0,0,0,0,0,0,0,0,0,0,0,0,0,0,0,0,0,0,0,0,0,0,0,0,0,0,0,0,0,0,0,0,3,69,0,5,0,0,0,0
2014,Austria,UNICEF,TLS,Timor-Leste,0,7,0,0,0,0,0,0,0,0,0,0,2,1,2,1,0,0,0,0,0,0,0,0,0,0,0,0,0,0,0,0,0,0,0,0,0,0,0,0,0,0,0,0,0,0,0,0,0,0,0,0,0,0,0,0,0,0,0,0,0,0,0,0,6,0,0,0,0,0,0
2014,Belgium,UNICEF,TLS,Timor-Leste,0,35,0,0,0,0,0,0,1,0,0,0,7,5,9,2,0,0,0,0,0,0,0,0,0,1,0,0,0,0,0,0,0,0,0,0,0,0,0,0,0,0,0,0,0,0,0,9,0,0,0,0,0,0,0,0,0,0,0,0,0,0,0,1,23,0,2,0,0,9,0
2014,Canada,UNICEF,TLS,Timor-Leste,0,113,0,0,0,0,0,0,4,0,0,0,26,21,34,8,0,0,0,1,1,1,0,0,0,2,0,0,0,0,0,0,0,0,0,0,0,0,0,0,0,0,0,0,0,0,0,14,0,0,0,0,0,0,0,0,0,0,0,0,0,0,0,4,89,0,6,0,0,14,0
2014,China,UNICEF,TLS,Timor-Leste,0,2,0,0,0,0,0,0,0,0,0,0,1,0,1,0,0,0,0,0,0,0,0,0,0,0,0,0,0,0,0,0,0,0,0,0,0,0,0,0,0,0,0,0,0,0,0,0,0,0,0,0,0,0,0,0,0,0,0,0,0,0,0,0,2,0,0,0,0,0,0
2014,Denmark,UNICEF,TLS,Timor-Leste,0,47,0,0,0,0,0,0,2,0,0,0,12,9,15,4,0,0,0,0,0,0,0,0,0,1,0,0,0,0,0,0,0,0,0,0,0,0,0,0,0,0,0,0,0,0,0,3,0,0,0,0,0,0,0,0,0,0,0,0,0,0,0,2,40,0,3,0,0,3,0
2014,Finland,UNICEF,TLS,Timor-Leste,0,39,0,0,0,0,0,0,2,0,0,0,10,8,13,3,0,0,0,0,0,0,0,0,0,1,0,0,0,0,0,0,0,0,0,0,0,0,0,0,0,0,0,0,0,0,0,0,0,0,0,0,0,0,0,0,0,0,0,0,0,0,0,2,35,0,2,0,0,0,0
2014,France,UNICEF,TLS,Timor-Leste,0,47,0,0,0,0,0,0,2,0,0,0,12,10,16,4,0,0,0,0,0,0,0,0,0,1,0,0,0,0,0,0,0,0,0,0,0,0,0,0,0,0,0,0,0,0,0,1,0,0,0,0,0,0,0,0,0,0,0,0,0,0,0,2,41,0,3,0,0,1,0
2014,Germany,UNICEF,TLS,Timor-Leste,0,161,0,0,0,0,0,0,6,0,0,0,37,29,48,11,0,0,0,1,1,1,1,0,0,3,0,0,0,0,0,0,0,0,0,0,0,0,0,0,0,0,0,0,0,0,0,22,0,0,0,0,0,0,0,0,0,0,0,0,0,0,0,6,125,0,8,0,0,22,0
2014,Greece,UNICEF,TLS,Timor-Leste,0,3,0,0,0,0,0,0,0,0,0,0,1,1,1,0,0,0,0,0,0,0,0,0,0,0,0,0,0,0,0,0,0,0,0,0,0,0,0,0,0,0,0,0,0,0,0,0,0,0,0,0,0,0,0,0,0,0,0,0,0,0,0,0,2,0,0,0,0,0,0
2014,Ireland,UNICEF,TLS,Timor-Leste,0,20,0,0,0,0,0,0,1,0,0,0,5,4,6,1,0,0,0,0,0,0,0,0,0,0,0,0,0,0,0,0,0,0,0,0,0,0,0,0,0,0,0,0,0,0,0,1,0,0,0,0,0,0,0,0,0,0,0,0,0,0,0,1,17,0,1,0,0,1,0
2014,Italy,UNICEF,TLS,Timor-Leste,0,38,0,0,0,0,0,0,1,0,0,0,9,7,12,3,0,0,0,0,0,0,0,0,0,1,0,0,0,0,0,0,0,0,0,0,0,0,0,0,0,0,0,0,0,0,0,3,0,0,0,0,0,0,0,0,0,0,0,0,0,0,0,1,32,0,2,0,0,3,0
2014,Japan,UNICEF,TLS,Timor-Leste,0,105,0,0,0,0,0,0,4,0,0,0,25,20,33,8,0,0,0,1,1,1,0,0,0,2,0,0,0,0,0,0,0,0,0,0,0,0,0,0,0,0,0,0,0,0,0,10,0,0,0,0,0,0,0,0,0,0,0,0,0,0,0,4,85,0,6,0,0,10,0
2014,Korea,UNICEF,TLS,Timor-Leste,0,15,0,0,0,0,0,0,1,0,0,0,4,3,5,1,0,0,0,0,0,0,0,0,0,0,0,0,0,0,0,0,0,0,0,0,0,0,0,0,0,0,0,0,0,0,0,0,0,0,0,0,0,0,0,0,0,0,0,0,0,0,0,1,14,0,1,0,0,0,0
2014,Luxembourg,UNICEF,TLS,Timor-Leste,0,5,0,0,0,0,0,0,0,0,0,0,1,1,2,0,0,0,0,0,0,0,0,0,0,0,0,0,0,0,0,0,0,0,0,0,0,0,0,0,0,0,0,0,0,0,0,0,0,0,0,0,0,0,0,0,0,0,0,0,0,0,0,0,5,0,0,0,0,0,0
2014,Netherlands,UNICEF,TLS,Timor-Leste,0,101,0,0,0,0,0,0,2,0,0,0,16,12,20,5,0,0,0,0,0,1,0,0,0,1,0,0,0,0,0,0,0,0,0,0,0,0,0,0,0,0,0,0,0,0,0,42,0,0,0,0,0,0,0,0,0,0,0,0,0,0,0,2,53,0,3,0,0,42,0
2014,New_Zealand,UNICEF,TLS,Timor-Leste,0,8,0,0,0,0,0,0,0,0,0,0,2,2,3,1,0,0,0,0,0,0,0,0,0,0,0,0,0,0,0,0,0,0,0,0,0,0,0,0,0,0,0,0,0,0,0,0,0,0,0,0,0,0,0,0,0,0,0,0,0,0,0,0,8,0,0,0,0,0,0
2014,Non_OECD_DAC_countries,UNICEF,TLS,Timor-Leste,0,35,0,0,0,0,0,0,1,0,0,0,9,7,12,3,0,0,0,0,0,0,0,0,0,1,0,0,0,0,0,0,0,0,0,0,0,0,0,0,0,0,0,0,0,0,0,0,0,0,0,0,0,0,0,0,0,0,0,0,0,0,0,1,31,0,2,0,0,0,0
2014,Non_OECD_non_DAC_countries,UNICEF,TLS,Timor-Leste,0,94,0,0,0,0,0,0,4,0,0,0,25,20,32,8,0,0,0,1,1,1,0,0,0,2,0,0,0,0,0,0,0,0,0,0,0,0,0,0,0,0,0,0,0,0,0,0,0,0,0,0,0,0,0,0,0,0,0,0,0,0,0,4,84,0,6,0,0,0,0
2014,Norway,UNICEF,TLS,Timor-Leste,0,126,0,0,0,0,0,0,5,0,0,0,33,26,42,10,0,0,0,1,1,1,0,0,0,3,0,0,0,0,0,0,0,0,0,0,0,0,0,0,0,0,0,0,0,0,0,4,0,0,0,0,0,0,0,0,0,0,0,0,0,0,0,5,110,0,7,0,0,4,0
2014,Other,UNICEF,TLS,Timor-Leste,0,393,0,0,0,0,0,0,15,0,0,0,96,75,124,29,0,0,1,3,3,4,1,0,0,9,0,0,0,0,0,0,0,0,0,0,0,0,0,0,0,0,0,0,0,0,0,32,0,0,0,0,0,0,0,0,0,0,0,0,0,0,0,15,325,0,21,0,0,32,0
2014,Other_OECD_DAC_countries,UNICEF,TLS,Timor-Leste,0,10,0,0,0,0,0,0,0,0,0,0,3,2,3,1,0,0,0,0,0,0,0,0,0,0,0,0,0,0,0,0,0,0,0,0,0,0,0,0,0,0,0,0,0,0,0,0,0,0,0,0,0,0,0,0,0,0,0,0,0,0,0,0,9,0,1,0,0,0,0
2014,Portugal,UNICEF,TLS,Timor-Leste,0,3,0,0,0,0,0,0,0,0,0,0,1,1,1,0,0,0,0,0,0,0,0,0,0,0,0,0,0,0,0,0,0,0,0,0,0,0,0,0,0,0,0,0,0,0,0,0,0,0,0,0,0,0,0,0,0,0,0,0,0,0,0,0,2,0,0,0,0,0,0
2014,Private_other,UNICEF,TLS,Timor-Leste,0,435,0,0,0,0,0,0,18,0,0,0,116,91,150,35,0,0,1,4,4,4,2,0,0,11,0,0,0,0,0,0,0,0,0,0,0,0,0,0,0,0,0,0,0,0,0,0,0,0,0,0,0,0,0,0,0,0,0,0,0,0,0,18,391,0,26,0,0,0,0
2014,Spain,UNICEF,TLS,Timor-Leste,0,20,0,0,0,0,0,0,1,0,0,0,5,4,7,2,0,0,0,0,0,0,0,0,0,0,0,0,0,0,0,0,0,0,0,0,0,0,0,0,0,0,0,0,0,0,0,0,0,0,0,0,0,0,0,0,0,0,0,0,0,0,0,1,18,0,1,0,0,0,0
2014,Sweden,UNICEF,TLS,Timor-Leste,0,130,0,0,0,0,0,0,4,0,0,0,27,22,35,8,0,0,0,1,1,1,0,0,0,3,0,0,0,0,0,0,0,0,0,0,0,0,0,0,0,0,0,0,0,0,0,28,0,0,0,0,0,0,0,0,0,0,0,0,0,0,0,4,93,0,6,0,0,28,0
2014,Switzerland,UNICEF,TLS,Timor-Leste,0,28,0,0,0,0,0,0,1,0,0,0,6,5,8,2,0,0,0,0,0,0,0,0,0,1,0,0,0,0,0,0,0,0,0,0,0,0,0,0,0,0,0,0,0,0,0,5,0,0,0,0,0,0,0,0,0,0,0,0,0,0,0,1,20,0,1,0,0,5,0
2014,United_Kingdom,UNICEF,TLS,Timor-Leste,0,326,0,0,0,0,0,0,10,0,0,0,67,53,87,21,0,0,1,2,2,3,1,0,0,6,0,0,0,0,0,0,0,0,0,0,0,0,0,0,0,0,0,0,0,0,0,72,0,0,0,0,0,0,0,0,0,0,0,0,0,0,0,10,228,0,15,0,0,72,0
2014,United_States,UNICEF,TLS,Timor-Leste,0,413,0,0,0,0,0,0,13,0,0,0,83,65,107,25,0,0,1,3,3,3,1,0,0,8,0,0,0,0,0,0,0,0,0,0,0,0,0,0,0,0,0,0,0,0,0,102,0,0,0,0,0,0,0,0,0,0,0,0,0,0,0,13,281,0,18,0,0,102,0
2014,Private_other,US_FOUND,TLS,Timor-Leste,0,86,4,12,0,0,1,0,2,0,0,0,0,0,0,0,0,0,0,0,0,0,0,0,0,0,0,0,0,0,0,0,0,0,0,0,1,0,0,0,0,0,0,0,0,0,0,0,0,0,0,0,0,0,0,0,0,0,0,0,0,65,0,3,0,0,0,1,0,0,16
2014,Australia,WHO,TLS,Timor-Leste,0,72,9,0,8,6,0,0,2,0,0,0,1,3,2,0,0,0,0,0,0,0,0,0,0,2,0,0,0,0,0,0,0,0,0,0,1,0,0,0,0,0,0,1,0,0,0,11,0,0,21,0,0,0,0,0,2,0,0,0,0,3,0,2,6,3,2,1,1,32,23
2014,Austria,WHO,TLS,Timor-Leste,0,6,1,0,1,1,0,0,0,0,0,0,0,0,0,0,0,0,0,0,0,0,0,0,0,0,0,0,0,0,0,0,0,0,0,0,0,0,0,0,0,0,0,0,0,0,0,0,0,0,2,0,0,0,0,0,0,0,0,0,0,0,0,0,1,0,0,0,0,2,2
2014,Belgium,WHO,TLS,Timor-Leste,0,19,3,0,2,2,0,0,0,0,0,0,0,1,0,0,0,0,0,0,0,0,0,0,0,1,0,0,0,0,0,0,0,0,0,0,0,0,0,0,0,0,0,0,0,0,0,0,0,0,6,0,0,0,0,0,1,0,0,0,0,1,0,1,2,1,1,0,0,6,7
2014,Canada,WHO,TLS,Timor-Leste,0,98,13,0,11,9,0,0,2,0,0,0,1,5,2,0,0,0,0,0,0,0,0,0,0,3,0,0,0,0,0,0,0,0,0,0,2,0,0,0,0,0,0,2,0,0,0,9,0,0,30,0,0,0,1,1,3,0,0,0,0,4,0,2,8,4,3,2,2,39,33
2014,China,WHO,TLS,Timor-Leste,0,36,5,0,4,3,0,0,1,0,0,0,0,2,1,0,0,0,0,0,0,0,0,0,0,1,0,0,0,0,0,0,0,0,0,0,1,0,0,0,0,0,0,1,0,0,0,4,0,0,11,0,0,0,0,0,1,0,0,0,0,1,0,1,3,1,1,1,1,15,12
2014,Corporate_donations,WHO,TLS,Timor-Leste,0,29,4,0,4,3,0,0,1,0,0,0,0,2,1,0,0,0,0,0,0,0,0,0,0,1,0,0,0,0,0,0,0,0,0,0,1,0,0,0,0,0,0,1,0,0,0,0,0,0,10,0,0,0,0,0,1,0,0,0,0,1,0,1,3,1,1,1,1,10,11
2014,Denmark,WHO,TLS,Timor-Leste,0,21,2,0,2,1,0,0,0,0,0,0,0,1,0,0,0,0,0,0,0,0,0,0,0,0,0,0,0,0,0,0,0,0,0,0,0,0,0,0,0,0,0,0,0,0,0,8,0,0,4,0,0,0,0,0,0,0,0,0,0,1,0,0,1,1,0,0,0,13,5
2014,Finland,WHO,TLS,Timor-Leste,0,18,2,0,2,2,0,0,0,0,0,0,0,1,0,0,0,0,0,0,0,0,0,0,0,0,0,0,0,0,0,0,0,0,0,0,0,0,0,0,0,0,0,0,0,0,0,1,0,0,6,0,0,0,0,0,1,0,0,0,0,1,0,0,2,1,0,0,0,7,6
2014,France,WHO,TLS,Timor-Leste,0,71,10,0,8,7,0,0,2,0,0,0,1,4,2,0,0,0,0,0,0,0,0,0,0,2,0,0,0,0,0,0,0,0,0,0,1,0,0,0,0,0,0,2,0,0,0,4,0,0,23,0,0,0,0,0,2,0,0,0,0,3,0,2,6,3,2,1,2,27,25
2014,Gates Foundation,WHO,TLS,Timor-Leste,0,250,35,0,30,24,0,1,6,0,0,0,2,14,6,0,0,0,0,0,0,0,0,0,0,7,0,0,0,0,0,0,0,0,0,0,5,0,0,0,0,0,0,6,0,0,0,10,0,0,82,0,0,0,2,2,8,0,0,0,0,11,0,7,22,11,7,5,6,92,90
2014,Germany,WHO,TLS,Timor-Leste,0,127,14,0,12,10,0,0,2,0,0,0,1,5,2,0,0,0,0,0,0,0,0,0,0,3,0,0,0,0,0,0,0,0,0,0,2,0,0,0,0,0,0,2,0,0,0,31,0,0,33,0,0,0,1,1,3,0,0,0,0,4,0,3,9,4,3,2,2,64,36
2014,Greece,WHO,TLS,Timor-Leste,0,10,1,0,1,1,0,0,0,0,0,0,0,1,0,0,0,0,0,0,0,0,0,0,0,0,0,0,0,0,0,0,0,0,0,0,0,0,0,0,0,0,0,0,0,0,0,0,0,0,3,0,0,0,0,0,0,0,0,0,0,0,0,0,1,0,0,0,0,3,4
2014,Ireland,WHO,TLS,Timor-Leste,0,32,5,0,4,3,0,0,1,0,0,0,0,2,1,0,0,0,0,0,0,0,0,0,0,1,0,0,0,0,0,0,0,0,0,0,1,0,0,0,0,0,0,1,0,0,0,0,0,0,11,0,0,0,0,0,1,0,0,0,0,1,0,1,3,1,1,1,1,11,12
2014,Italy,WHO,TLS,Timor-Leste,0,40,6,0,5,4,0,0,1,0,0,0,0,2,1,0,0,0,0,0,0,0,0,0,0,1,0,0,0,0,0,0,0,0,0,0,1,0,0,0,0,0,0,1,0,0,0,1,0,0,13,0,0,0,0,0,1,0,0,0,0,2,0,1,4,2,1,1,1,15,15
2014,Japan,WHO,TLS,Timor-Leste,0,118,12,0,11,9,0,0,2,0,0,0,1,5,2,0,0,0,0,0,0,0,0,0,0,2,0,0,0,0,0,0,0,0,0,0,2,0,0,0,0,0,0,2,0,0,0,34,0,0,29,0,0,0,1,1,3,0,0,0,0,4,0,2,8,4,2,2,2,63,32
2014,Korea,WHO,TLS,Timor-Leste,0,32,4,0,3,3,0,0,1,0,0,0,0,2,1,0,0,0,0,0,0,0,0,0,0,1,0,0,0,0,0,0,0,0,0,0,1,0,0,0,0,0,0,1,0,0,0,4,0,0,9,0,0,0,0,0,1,0,0,0,0,1,0,1,2,1,1,1,1,14,10
2014,Luxembourg,WHO,TLS,Timor-Leste,0,9,1,0,1,1,0,0,0,0,0,0,0,1,0,0,0,0,0,0,0,0,0,0,0,0,0,0,0,0,0,0,0,0,0,0,0,0,0,0,0,0,0,0,0,0,0,0,0,0,3,0,0,0,0,0,0,0,0,0,0,0,0,0,1,0,0,0,0,3,3
2014,Netherlands,WHO,TLS,Timor-Leste,0,51,6,0,5,4,0,0,1,0,0,0,0,2,1,0,0,0,0,0,0,0,0,0,0,1,0,0,0,0,0,0,0,0,0,0,1,0,0,0,0,0,0,1,0,0,0,13,0,0,13,0,0,0,0,0,1,0,0,0,0,2,0,1,3,2,1,1,1,26,14
2014,New_Zealand,WHO,TLS,Timor-Leste,0,4,1,0,1,0,0,0,0,0,0,0,0,0,0,0,0,0,0,0,0,0,0,0,0,0,0,0,0,0,0,0,0,0,0,0,0,0,0,0,0,0,0,0,0,0,0,0,0,0,1,0,0,0,0,0,0,0,0,0,0,0,0,0,0,0,0,0,0,1,2
2014,Non_OECD_DAC_countries,WHO,TLS,Timor-Leste,0,48,7,0,6,5,0,0,1,0,0,0,0,3,1,0,0,0,0,0,0,0,0,0,0,1,0,0,0,0,0,0,0,0,0,0,1,0,0,0,0,0,0,1,0,0,0,0,0,0,16,0,0,0,0,0,2,0,0,0,0,2,0,1,4,2,1,1,1,16,18
2014,Non_OECD_non_DAC_countries,WHO,TLS,Timor-Leste,0,124,16,0,14,11,0,0,3,0,0,0,1,6,3,0,0,0,0,0,0,0,0,0,0,3,0,0,0,0,0,0,0,0,0,0,2,0,0,0,0,0,0,3,0,0,0,13,0,0,38,0,0,0,1,1,4,0,0,0,0,5,0,3,10,5,3,2,3,51,42
2014,Norway,WHO,TLS,Timor-Leste,0,92,10,0,9,7,0,0,2,0,0,0,1,4,2,0,0,0,0,0,0,0,0,0,0,2,0,0,0,0,0,0,0,0,0,0,1,0,0,0,0,0,0,2,0,0,0,23,0,0,24,0,0,0,0,0,2,0,0,0,0,3,0,2,6,3,2,1,2,47,26
2014,Other,WHO,TLS,Timor-Leste,0,211,29,0,25,20,0,1,5,0,0,0,2,11,5,0,0,0,0,0,0,0,0,0,0,6,0,0,0,0,0,0,0,0,0,0,4,0,0,0,0,0,0,5,0,0,0,17,0,0,66,0,0,0,1,1,6,0,0,0,0,9,0,5,18,9,6,4,5,84,73
2014,Other_OECD_DAC_countries,WHO,TLS,Timor-Leste,0,9,1,0,1,1,0,0,0,0,0,0,0,1,0,0,0,0,0,0,0,0,0,0,0,0,0,0,0,0,0,0,0,0,0,0,0,0,0,0,0,0,0,0,0,0,0,0,0,0,3,0,0,0,0,0,0,0,0,0,0,0,0,0,1,0,0,0,0,3,4
2014,Portugal,WHO,TLS,Timor-Leste,0,2,0,0,0,0,0,0,0,0,0,0,0,0,0,0,0,0,0,0,0,0,0,0,0,0,0,0,0,0,0,0,0,0,0,0,0,0,0,0,0,0,0,0,0,0,0,0,0,0,1,0,0,0,0,0,0,0,0,0,0,0,0,0,0,0,0,0,0,1,1
2014,Private_other,WHO,TLS,Timor-Leste,0,140,19,0,17,13,0,0,3,0,0,0,1,7,3,0,0,0,0,0,0,0,0,0,0,4,0,0,0,0,0,0,0,0,0,0,2,0,0,0,0,0,0,3,0,0,0,9,0,0,45,0,0,0,1,1,4,0,0,0,0,6,0,4,12,6,4,2,3,54,49
2014,Spain,WHO,TLS,Timor-Leste,0,26,4,0,3,3,0,0,1,0,0,0,0,2,1,0,0,0,0,0,0,0,0,0,0,1,0,0,0,0,0,0,0,0,0,0,0,0,0,0,0,0,0,1,0,0,0,0,0,0,9,0,0,0,0,0,1,0,0,0,0,1,0,1,2,1,1,0,1,9,10
2014,Sweden,WHO,TLS,Timor-Leste,0,77,9,0,7,6,0,0,1,0,0,0,1,3,1,0,0,0,0,0,0,0,0,0,0,2,0,0,0,0,0,0,0,0,0,0,1,0,0,0,0,0,0,1,0,0,0,19,0,0,20,0,0,0,0,0,2,0,0,0,0,3,0,2,5,3,2,1,1,39,22
2014,Switzerland,WHO,TLS,Timor-Leste,0,23,3,0,3,2,0,0,1,0,0,0,0,1,1,0,0,0,0,0,0,0,0,0,0,1,0,0,0,0,0,0,0,0,0,0,0,0,0,0,0,0,0,1,0,0,0,1,0,0,8,0,0,0,0,0,1,0,0,0,0,1,0,1,2,1,1,0,1,9,8
2014,Unallocable,WHO,TLS,Timor-Leste,0,6,1,0,1,1,0,0,0,0,0,0,0,0,0,0,0,0,0,0,0,0,0,0,0,0,0,0,0,0,0,0,0,0,0,0,0,0,0,0,0,0,0,0,0,0,0,0,0,0,2,0,0,0,0,0,0,0,0,0,0,0,0,0,1,0,0,0,0,2,2
2014,United_Kingdom,WHO,TLS,Timor-Leste,0,204,28,0,24,20,0,0,5,0,0,0,2,11,5,0,0,0,0,0,0,0,0,0,0,6,0,0,0,0,0,0,0,0,0,0,4,0,0,0,0,0,0,5,0,0,0,11,0,0,66,0,0,0,1,1,6,0,0,0,0,9,0,5,18,9,6,4,5,77,72
2014,United_States,WHO,TLS,Timor-Leste,0,412,52,0,45,36,0,1,9,0,0,0,3,20,9,0,0,0,0,0,0,0,0,0,0,10,0,0,0,0,0,0,0,0,0,0,7,0,0,0,0,0,0,9,0,0,0,58,0,0,121,0,0,0,2,2,11,0,0,0,0,16,0,10,32,16,10,7,9,179,133
2015,Australia,BIL_AUS,TLS,Timor-Leste,0,1543,147,1,151,0,482,102,0,0,24,254,97,0,0,0,40,146,0,0,0,0,0,0,0,0,0,0,0,0,0,0,0,0,1,0,0,1,0,0,0,0,0,0,0,0,0,0,0,0,0,0,0,0,0,0,0,0,0,0,0,98,0,861,284,0,0,1,0,0,299
2015,Canada,BIL_CAN,TLS,Timor-Leste,0,4,1,0,0,0,0,0,0,0,0,0,3,0,0,0,0,0,0,0,0,0,0,0,0,0,0,0,0,0,0,0,0,0,0,0,0,0,0,0,0,0,0,0,0,0,0,0,0,0,0,0,0,0,0,0,0,0,0,0,0,0,0,0,3,0,0,0,0,0,1
2015,Germany,BIL_DEU,TLS,Timor-Leste,0,65,2,0,0,0,0,0,0,0,0,0,0,0,0,0,0,0,0,0,0,0,0,0,0,0,0,0,0,0,0,0,0,0,0,0,0,0,0,0,0,0,0,0,0,0,0,0,0,0,0,0,0,0,0,0,0,0,0,0,0,64,0,0,0,0,0,0,0,0,2
2015,France,BIL_FRA,TLS,Timor-Leste,0,13,0,0,13,0,0,0,0,0,0,0,0,0,0,0,0,0,0,0,0,0,0,0,0,0,0,0,0,0,0,0,0,0,0,0,0,0,0,0,0,0,0,0,0,0,0,0,0,0,0,0,0,0,0,0,0,0,0,0,0,0,0,0,0,0,0,0,0,0,13
2015,United_Kingdom,BIL_GBR,TLS,Timor-Leste,0,5,0,0,0,0,0,0,0,0,0,0,0,0,0,0,0,0,0,0,0,0,0,0,0,0,0,0,0,0,0,0,0,3,0,0,0,0,0,0,2,0,0,0,0,0,0,0,0,0,0,0,0,0,0,0,0,0,0,0,0,0,0,0,0,0,0,3,2,0,0
2015,Japan,BIL_JPN,TLS,Timor-Leste,0,339,0,0,0,0,0,12,0,0,0,0,0,0,0,0,0,0,0,0,0,0,0,0,0,0,0,0,0,0,0,0,0,0,0,0,0,0,0,0,0,0,0,0,0,0,0,0,0,0,0,0,0,0,0,0,0,0,0,0,0,328,0,12,0,0,0,0,0,0,0
2015,Korea,BIL_KOR,TLS,Timor-Leste,0,4912,77,0,12,0,0,761,0,16,940,484,870,0,0,16,290,290,0,0,0,0,0,0,0,0,0,0,0,0,0,0,0,0,0,0,0,0,0,0,0,308,0,0,0,615,0,0,0,0,0,0,0,0,0,0,0,0,0,0,0,233,0,2201,1466,0,0,0,923,0,89
2015,Norway,BIL_NOR,TLS,Timor-Leste,0,2,0,0,0,0,0,0,0,0,0,0,0,0,0,0,0,0,0,0,0,0,0,0,0,0,0,0,0,0,0,0,0,0,0,0,0,0,0,0,0,0,0,0,0,0,0,0,0,0,0,0,0,0,0,0,0,0,0,0,0,2,0,0,0,0,0,0,0,0,0
2015,Other_OECD_DAC_countries,BIL_POL,TLS,Timor-Leste,0,8,0,0,0,0,0,0,0,0,0,0,0,0,0,0,0,0,0,0,0,0,0,0,0,0,0,0,0,0,0,0,0,0,0,0,0,0,0,0,0,0,0,0,0,0,0,0,0,0,0,0,0,0,0,0,0,0,8,0,0,0,0,0,0,8,0,0,0,0,0
2015,Portugal,BIL_PRT,TLS,Timor-Leste,0,7,7,0,0,0,0,0,0,0,0,0,0,0,0,0,0,0,0,0,0,0,0,0,0,0,0,0,0,0,0,0,0,0,0,0,0,0,0,0,0,0,0,0,0,0,0,0,0,0,0,0,0,0,0,0,0,0,0,0,0,0,0,0,0,0,0,0,0,0,7
2015,United_States,BIL_USA,TLS,Timor-Leste,0,322,169,1,0,0,3,5,0,5,2,6,1,0,0,1,0,1,8,10,0,0,4,7,0,0,18,11,4,1,2,0,19,4,1,0,5,3,4,1,0,0,0,7,0,0,0,0,0,0,19,0,0,0,0,0,0,0,0,0,0,1,0,21,3,0,60,41,7,20,171
2015,France,EC,TLS,Timor-Leste,0,4,0,0,0,0,0,0,0,0,0,0,0,0,0,0,0,0,0,1,0,0,0,0,0,0,0,0,0,0,0,0,0,0,0,0,0,0,0,0,0,0,0,0,0,0,0,0,0,0,3,0,0,0,0,0,0,0,0,0,0,0,0,0,0,0,1,0,0,3,0
2015,Germany,EC,TLS,Timor-Leste,0,5,0,0,0,0,0,0,0,0,0,0,0,0,0,0,0,0,0,1,0,0,0,0,0,0,0,0,0,0,0,0,0,0,0,0,0,0,0,0,0,0,0,0,0,0,0,0,0,0,4,0,0,0,0,0,0,0,0,0,0,0,0,0,0,0,1,0,0,4,0
2015,Italy,EC,TLS,Timor-Leste,0,3,0,0,0,0,0,0,0,0,0,0,0,0,0,0,0,0,0,0,0,0,0,0,0,0,0,0,0,0,0,0,0,0,0,0,0,0,0,0,0,0,0,0,0,0,0,0,0,0,2,0,0,0,0,0,0,0,0,0,0,0,0,0,0,0,1,0,0,2,0
2015,Netherlands,EC,TLS,Timor-Leste,0,1,0,0,0,0,0,0,0,0,0,0,0,0,0,0,0,0,0,0,0,0,0,0,0,0,0,0,0,0,0,0,0,0,0,0,0,0,0,0,0,0,0,0,0,0,0,0,0,0,1,0,0,0,0,0,0,0,0,0,0,0,0,0,0,0,0,0,0,1,0
2015,Spain,EC,TLS,Timor-Leste,0,2,0,0,0,0,0,0,0,0,0,0,0,0,0,0,0,0,0,0,0,0,0,0,0,0,0,0,0,0,0,0,0,0,0,0,0,0,0,0,0,0,0,0,0,0,0,0,0,0,1,0,0,0,0,0,0,0,0,0,0,0,0,0,0,0,0,0,0,1,0
2015,United_Kingdom,EC,TLS,Timor-Leste,0,4,0,0,0,0,0,0,0,0,0,0,0,0,0,0,0,0,0,1,0,0,0,0,0,0,0,0,0,0,0,0,0,0,0,0,0,0,0,0,0,0,0,0,0,0,0,0,0,0,3,0,0,0,0,0,0,0,0,0,0,0,0,0,0,0,1,0,0,3,0
2015,Gates Foundation,GATES,TLS,Timor-Leste,0,110,0,0,0,0,10,2,0,0,9,0,0,6,9,0,0,0,0,0,0,0,0,0,0,0,0,0,0,0,0,0,0,0,0,0,0,0,0,0,0,0,0,0,0,0,0,0,0,0,6,0,0,0,0,0,0,0,0,0,0,67,0,21,16,0,0,0,0,6,0
2015,Canada,GAVI,TLS,Timor-Leste,0,7,0,0,0,0,0,0,0,0,0,0,0,7,0,0,0,0,0,0,0,0,0,0,0,0,0,0,0,0,0,0,0,0,0,0,0,0,0,0,0,0,0,0,0,0,0,0,0,0,0,0,0,0,0,0,0,0,0,0,0,0,0,0,7,0,0,0,0,0,0
2015,France,GAVI,TLS,Timor-Leste,0,3,0,0,0,0,0,0,0,0,0,0,0,3,0,0,0,0,0,0,0,0,0,0,0,0,0,0,0,0,0,0,0,0,0,0,0,0,0,0,0,0,0,0,0,0,0,0,0,0,0,0,0,0,0,0,0,0,0,0,0,0,0,0,3,0,0,0,0,0,0
2015,Gates Foundation,GAVI,TLS,Timor-Leste,0,103,0,0,0,0,0,0,0,0,0,0,0,103,0,0,0,0,0,0,0,0,0,0,0,0,0,0,0,0,0,0,0,0,0,0,0,0,0,0,0,0,0,0,0,0,0,0,0,0,0,0,0,0,0,0,0,0,0,0,0,0,0,0,103,0,0,0,0,0,0
2015,Germany,GAVI,TLS,Timor-Leste,0,20,0,0,0,0,0,0,0,0,0,0,0,20,0,0,0,0,0,0,0,0,0,0,0,0,0,0,0,0,0,0,0,0,0,0,0,0,0,0,0,0,0,0,0,0,0,0,0,0,0,0,0,0,0,0,0,0,0,0,0,0,0,0,20,0,0,0,0,0,0
2015,Italy,GAVI,TLS,Timor-Leste,0,15,0,0,0,0,0,0,0,0,0,0,0,15,0,0,0,0,0,0,0,0,0,0,0,0,0,0,0,0,0,0,0,0,0,0,0,0,0,0,0,0,0,0,0,0,0,0,0,0,0,0,0,0,0,0,0,0,0,0,0,0,0,0,15,0,0,0,0,0,0
2015,Japan,GAVI,TLS,Timor-Leste,0,5,0,0,0,0,0,0,0,0,0,0,0,5,0,0,0,0,0,0,0,0,0,0,0,0,0,0,0,0,0,0,0,0,0,0,0,0,0,0,0,0,0,0,0,0,0,0,0,0,0,0,0,0,0,0,0,0,0,0,0,0,0,0,5,0,0,0,0,0,0
2015,Korea,GAVI,TLS,Timor-Leste,0,1,0,0,0,0,0,0,0,0,0,0,0,1,0,0,0,0,0,0,0,0,0,0,0,0,0,0,0,0,0,0,0,0,0,0,0,0,0,0,0,0,0,0,0,0,0,0,0,0,0,0,0,0,0,0,0,0,0,0,0,0,0,0,1,0,0,0,0,0,0
2015,Netherlands,GAVI,TLS,Timor-Leste,0,10,0,0,0,0,0,0,0,0,0,0,0,10,0,0,0,0,0,0,0,0,0,0,0,0,0,0,0,0,0,0,0,0,0,0,0,0,0,0,0,0,0,0,0,0,0,0,0,0,0,0,0,0,0,0,0,0,0,0,0,0,0,0,10,0,0,0,0,0,0
2015,Non_OECD_non_DAC_countries,GAVI,TLS,Timor-Leste,0,2,0,0,0,0,0,0,0,0,0,0,0,2,0,0,0,0,0,0,0,0,0,0,0,0,0,0,0,0,0,0,0,0,0,0,0,0,0,0,0,0,0,0,0,0,0,0,0,0,0,0,0,0,0,0,0,0,0,0,0,0,0,0,2,0,0,0,0,0,0
2015,Norway,GAVI,TLS,Timor-Leste,0,54,0,0,0,0,0,0,0,0,0,0,0,54,0,0,0,0,0,0,0,0,0,0,0,0,0,0,0,0,0,0,0,0,0,0,0,0,0,0,0,0,0,0,0,0,0,0,0,0,0,0,0,0,0,0,0,0,0,0,0,0,0,0,54,0,0,0,0,0,0
2015,Private_other,GAVI,TLS,Timor-Leste,0,9,0,0,0,0,0,0,0,0,0,0,0,9,0,0,0,0,0,0,0,0,0,0,0,0,0,0,0,0,0,0,0,0,0,0,0,0,0,0,0,0,0,0,0,0,0,0,0,0,0,0,0,0,0,0,0,0,0,0,0,0,0,0,9,0,0,0,0,0,0
2015,Sweden,GAVI,TLS,Timor-Leste,0,12,0,0,0,0,0,0,0,0,0,0,0,12,0,0,0,0,0,0,0,0,0,0,0,0,0,0,0,0,0,0,0,0,0,0,0,0,0,0,0,0,0,0,0,0,0,0,0,0,0,0,0,0,0,0,0,0,0,0,0,0,0,0,12,0,0,0,0,0,0
2015,United_Kingdom,GAVI,TLS,Timor-Leste,0,144,0,0,0,0,0,0,0,0,0,0,0,144,0,0,0,0,0,0,0,0,0,0,0,0,0,0,0,0,0,0,0,0,0,0,0,0,0,0,0,0,0,0,0,0,0,0,0,0,0,0,0,0,0,0,0,0,0,0,0,0,0,0,144,0,0,0,0,0,0
2015,United_States,GAVI,TLS,Timor-Leste,0,59,0,0,0,0,0,0,0,0,0,0,0,59,0,0,0,0,0,0,0,0,0,0,0,0,0,0,0,0,0,0,0,0,0,0,0,0,0,0,0,0,0,0,0,0,0,0,0,0,0,0,0,0,0,0,0,0,0,0,0,0,0,0,59,0,0,0,0,0,0
2015,Australia,GFATM,TLS,Timor-Leste,0,127,0,0,0,0,0,0,0,0,0,0,0,0,0,0,0,0,9,18,1,0,1,4,0,5,20,1,0,1,3,1,1,7,1,0,7,5,3,1,6,2,6,14,3,5,2,0,0,0,0,0,0,0,0,0,0,0,0,0,0,0,0,0,0,0,60,30,37,0,0
2015,Austria,GFATM,TLS,Timor-Leste,0,6,0,0,0,0,0,0,0,0,0,0,0,0,0,0,0,0,0,1,0,0,0,0,0,0,1,0,0,0,0,0,0,0,0,0,0,0,0,0,0,0,0,1,0,0,0,0,0,0,0,0,0,0,0,0,0,0,0,0,0,0,0,0,0,0,3,1,2,0,0
2015,Belgium,GFATM,TLS,Timor-Leste,0,55,0,0,0,0,0,0,0,0,0,0,0,0,0,0,0,0,4,8,0,0,0,2,0,2,9,1,0,0,1,0,0,3,0,0,3,2,1,0,3,1,3,6,1,2,1,0,0,0,0,0,0,0,0,0,0,0,0,0,0,0,0,0,0,0,26,13,16,0,0
2015,Canada,GFATM,TLS,Timor-Leste,0,728,0,1,0,0,0,0,0,0,0,0,0,0,0,0,0,0,50,106,4,1,6,24,0,27,116,9,3,6,18,5,5,40,5,0,40,30,15,6,36,10,35,79,15,30,9,0,0,0,0,0,0,0,0,0,0,0,0,0,0,0,0,0,0,0,345,169,212,0,1
2015,China,GFATM,TLS,Timor-Leste,0,9,0,0,0,0,0,0,0,0,0,0,0,0,0,0,0,0,1,1,0,0,0,0,0,0,1,0,0,0,0,0,0,0,0,0,0,0,0,0,0,0,0,1,0,0,0,0,0,0,0,0,0,0,0,0,0,0,0,0,0,0,0,0,0,0,4,2,3,0,0
2015,Denmark,GFATM,TLS,Timor-Leste,0,37,0,0,0,0,0,0,0,0,0,0,0,0,0,0,0,0,3,5,0,0,0,1,0,1,6,0,0,0,1,0,0,2,0,0,2,2,1,0,2,1,2,4,1,2,0,0,0,0,0,0,0,0,0,0,0,0,0,0,0,0,0,0,0,0,18,9,11,0,0
2015,Finland,GFATM,TLS,Timor-Leste,0,4,0,0,0,0,0,0,0,0,0,0,0,0,0,0,0,0,0,1,0,0,0,0,0,0,1,0,0,0,0,0,0,0,0,0,0,0,0,0,0,0,0,0,0,0,0,0,0,0,0,0,0,0,0,0,0,0,0,0,0,0,0,0,0,0,2,1,1,0,0
2015,France,GFATM,TLS,Timor-Leste,0,772,0,1,0,0,0,0,0,0,0,0,0,0,0,0,0,0,53,112,4,1,7,26,0,28,123,9,3,7,19,6,6,42,5,0,42,32,15,7,38,10,37,84,16,32,9,0,0,0,0,0,0,0,0,0,0,0,0,0,0,0,0,0,0,0,366,180,225,0,1
2015,Gates Foundation,GFATM,TLS,Timor-Leste,0,268,0,0,0,0,0,0,0,0,0,0,0,0,0,0,0,0,18,39,1,0,2,9,0,10,43,3,1,2,7,2,2,15,2,0,15,11,5,2,13,4,13,29,5,11,3,0,0,0,0,0,0,0,0,0,0,0,0,0,0,0,0,0,0,0,127,62,78,0,0
2015,Germany,GFATM,TLS,Timor-Leste,0,560,0,1,0,0,0,0,0,0,0,0,0,0,0,0,0,0,38,81,3,1,5,19,0,21,89,7,2,5,14,4,4,30,4,0,31,23,11,5,27,8,27,61,11,23,7,0,0,0,0,0,0,0,0,0,0,0,0,0,0,0,0,0,0,0,266,130,163,0,1
2015,Greece,GFATM,TLS,Timor-Leste,0,3,0,0,0,0,0,0,0,0,0,0,0,0,0,0,0,0,0,0,0,0,0,0,0,0,1,0,0,0,0,0,0,0,0,0,0,0,0,0,0,0,0,0,0,0,0,0,0,0,0,0,0,0,0,0,0,0,0,0,0,0,0,0,0,0,2,1,1,0,0
2015,Ireland,GFATM,TLS,Timor-Leste,0,29,0,0,0,0,0,0,0,0,0,0,0,0,0,0,0,0,2,4,0,0,0,1,0,1,5,0,0,0,1,0,0,2,0,0,2,1,1,0,1,0,1,3,1,1,0,0,0,0,0,0,0,0,0,0,0,0,0,0,0,0,0,0,0,0,14,7,8,0,0
2015,Italy,GFATM,TLS,Timor-Leste,0,102,0,0,0,0,0,0,0,0,0,0,0,0,0,0,0,0,7,15,1,0,1,3,0,4,16,1,0,1,2,1,1,6,1,0,6,4,2,1,5,1,5,11,2,4,1,0,0,0,0,0,0,0,0,0,0,0,0,0,0,0,0,0,0,0,48,24,30,0,0
2015,Japan,GFATM,TLS,Timor-Leste,0,339,0,0,0,0,0,0,0,0,0,0,0,0,0,0,0,0,23,49,2,0,3,11,0,13,54,4,1,3,8,2,2,18,2,0,19,14,7,3,17,5,16,37,7,14,4,0,0,0,0,0,0,0,0,0,0,0,0,0,0,0,0,0,0,0,161,79,99,0,0
2015,Korea,GFATM,TLS,Timor-Leste,0,7,0,0,0,0,0,0,0,0,0,0,0,0,0,0,0,0,0,1,0,0,0,0,0,0,1,0,0,0,0,0,0,0,0,0,0,0,0,0,0,0,0,1,0,0,0,0,0,0,0,0,0,0,0,0,0,0,0,0,0,0,0,0,0,0,3,2,2,0,0
2015,Luxembourg,GFATM,TLS,Timor-Leste,0,6,0,0,0,0,0,0,0,0,0,0,0,0,0,0,0,0,0,1,0,0,0,0,0,0,1,0,0,0,0,0,0,0,0,0,0,0,0,0,0,0,0,1,0,0,0,0,0,0,0,0,0,0,0,0,0,0,0,0,0,0,0,0,0,0,3,1,2,0,0
2015,Netherlands,GFATM,TLS,Timor-Leste,0,140,0,0,0,0,0,0,0,0,0,0,0,0,0,0,0,0,10,20,1,0,1,5,0,5,22,2,0,1,3,1,1,8,1,0,8,6,3,1,7,2,7,15,3,6,2,0,0,0,0,0,0,0,0,0,0,0,0,0,0,0,0,0,0,0,66,33,41,0,0
2015,Non_OECD_DAC_countries,GFATM,TLS,Timor-Leste,0,14,0,0,0,0,0,0,0,0,0,0,0,0,0,0,0,0,1,2,0,0,0,0,0,1,2,0,0,0,0,0,0,1,0,0,1,1,0,0,1,0,1,2,0,1,0,0,0,0,0,0,0,0,0,0,0,0,0,0,0,0,0,0,0,0,7,3,4,0,0
2015,Non_OECD_non_DAC_countries,GFATM,TLS,Timor-Leste,0,22,0,0,0,0,0,0,0,0,0,0,0,0,0,0,0,0,1,3,0,0,0,1,0,1,3,0,0,0,1,0,0,1,0,0,1,1,0,0,1,0,1,2,0,1,0,0,0,0,0,0,0,0,0,0,0,0,0,0,0,0,0,0,0,0,10,5,6,0,0
2015,Norway,GFATM,TLS,Timor-Leste,0,175,0,0,0,0,0,0,0,0,0,0,0,0,0,0,0,0,12,25,1,0,2,6,0,6,28,2,1,1,4,1,1,9,1,0,10,7,3,2,9,2,8,19,4,7,2,0,0,0,0,0,0,0,0,0,0,0,0,0,0,0,0,0,0,0,83,41,51,0,0
2015,Other_OECD_DAC_countries,GFATM,TLS,Timor-Leste,0,11,0,0,0,0,0,0,0,0,0,0,0,0,0,0,0,0,1,2,0,0,0,0,0,0,2,0,0,0,0,0,0,1,0,0,1,0,0,0,1,0,1,1,0,0,0,0,0,0,0,0,0,0,0,0,0,0,0,0,0,0,0,0,0,0,5,3,3,0,0
2015,Portugal,GFATM,TLS,Timor-Leste,0,3,0,0,0,0,0,0,0,0,0,0,0,0,0,0,0,0,0,0,0,0,0,0,0,0,0,0,0,0,0,0,0,0,0,0,0,0,0,0,0,0,0,0,0,0,0,0,0,0,0,0,0,0,0,0,0,0,0,0,0,0,0,0,0,0,1,1,1,0,0
2015,Private_other,GFATM,TLS,Timor-Leste,0,101,0,0,0,0,0,0,0,0,0,0,0,0,0,0,0,0,7,15,1,0,1,3,0,4,16,1,0,1,2,1,1,5,1,0,6,4,2,1,5,1,5,11,2,4,1,0,0,0,0,0,0,0,0,0,0,0,0,0,0,0,0,0,0,0,48,24,30,0,0
2015,Spain,GFATM,TLS,Timor-Leste,0,19,0,0,0,0,0,0,0,0,0,0,0,0,0,0,0,0,1,3,0,0,0,1,0,1,3,0,0,0,0,0,0,1,0,0,1,1,0,0,1,0,1,2,0,1,0,0,0,0,0,0,0,0,0,0,0,0,0,0,0,0,0,0,0,0,9,4,5,0,0
2015,Sweden,GFATM,TLS,Timor-Leste,0,239,0,0,0,0,0,0,0,0,0,0,0,0,0,0,0,0,16,35,1,0,2,8,0,9,38,3,1,2,6,2,2,13,2,0,13,10,5,2,12,3,11,26,5,10,3,0,0,0,0,0,0,0,0,0,0,0,0,0,0,0,0,0,0,0,114,56,70,0,0
2015,Switzerland,GFATM,TLS,Timor-Leste,0,39,0,0,0,0,0,0,0,0,0,0,0,0,0,0,0,0,3,6,0,0,0,1,0,1,6,0,0,0,1,0,0,2,0,0,2,2,1,0,2,1,2,4,1,2,0,0,0,0,0,0,0,0,0,0,0,0,0,0,0,0,0,0,0,0,19,9,11,0,0
2015,United_Kingdom,GFATM,TLS,Timor-Leste,0,334,0,0,0,0,0,0,0,0,0,0,0,0,0,0,0,0,23,49,2,0,3,11,0,12,53,4,1,3,8,2,2,18,2,0,18,14,7,3,16,4,16,36,7,14,4,0,0,0,0,0,0,0,0,0,0,0,0,0,0,0,0,0,0,0,158,78,97,0,0
2015,United_States,GFATM,TLS,Timor-Leste,0,960,0,1,0,0,0,0,0,0,0,0,0,0,0,0,0,0,66,140,5,1,8,32,0,35,153,11,3,8,23,7,7,52,7,0,53,39,19,8,47,13,46,104,19,39,12,0,0,0,0,0,0,0,0,0,0,0,0,0,0,0,0,0,0,0,455,223,280,0,1
2015,Australia,INTLNGO,TLS,Timor-Leste,0,3499,0,0,0,0,308,1230,0,82,0,308,0,0,0,0,0,923,0,0,0,0,0,0,0,0,0,0,0,0,0,0,0,0,0,0,0,0,0,0,0,0,0,0,0,0,0,0,0,0,0,0,0,0,0,0,0,649,0,0,0,0,0,1928,923,649,0,0,0,0,0
2015,Canada,INTLNGO,TLS,Timor-Leste,0,85,0,0,0,0,0,5,0,3,0,12,64,0,0,0,0,1,0,0,0,0,0,0,0,0,0,0,0,0,0,0,0,0,0,0,0,0,0,0,0,0,0,0,0,0,0,0,0,0,0,0,0,0,0,0,0,0,0,0,0,0,0,20,65,0,0,0,0,0,0
2015,Germany,INTLNGO,TLS,Timor-Leste,0,105,24,0,0,0,0,0,0,0,0,0,0,0,0,0,0,0,0,0,0,0,0,0,0,0,0,0,0,0,0,0,0,0,0,0,0,0,0,0,0,0,0,0,0,0,0,0,0,0,0,0,0,0,0,0,0,0,0,0,0,81,0,0,0,0,0,0,0,0,24
2015,Japan,INTLNGO,TLS,Timor-Leste,0,413,298,0,0,0,0,0,0,0,0,0,0,0,0,0,0,0,0,0,0,0,0,0,0,0,0,0,0,0,0,0,0,0,0,0,0,0,0,0,0,0,0,0,0,0,0,0,0,0,0,0,0,0,0,0,0,0,0,0,0,115,0,0,0,0,0,0,0,0,298
2015,Korea,INTLNGO,TLS,Timor-Leste,0,404,61,0,0,0,0,0,0,0,342,0,0,0,0,0,0,0,0,0,0,0,0,0,0,0,0,0,0,0,0,0,0,0,0,0,0,0,0,0,0,0,0,0,0,0,0,0,0,0,0,0,0,0,0,0,0,0,0,0,0,0,0,342,0,0,0,0,0,0,61
2015,Portugal,INTLNGO,TLS,Timor-Leste,0,29,29,0,0,0,0,0,0,0,0,0,0,0,0,0,0,0,0,0,0,0,0,0,0,0,0,0,0,0,0,0,0,0,0,0,0,0,0,0,0,0,0,0,0,0,0,0,0,0,0,0,0,0,0,0,0,0,0,0,0,0,0,0,0,0,0,0,0,0,29
2015,Sweden,INTLNGO,TLS,Timor-Leste,0,27,0,0,0,0,0,16,0,11,0,0,0,0,0,0,0,0,0,0,0,0,0,0,0,0,0,0,0,0,0,0,0,0,0,0,0,0,0,0,0,0,0,0,0,0,0,0,0,0,0,0,0,0,0,0,0,0,0,0,0,0,0,27,0,0,0,0,0,0,0
2015,United_Kingdom,INTLNGO,TLS,Timor-Leste,0,67,0,0,0,0,15,49,0,0,0,0,0,0,0,0,0,0,0,0,0,0,0,0,0,0,0,0,0,0,0,0,0,0,0,0,0,0,0,0,0,0,0,0,0,0,0,0,0,0,0,0,0,0,0,0,0,0,0,0,0,3,0,65,0,0,0,0,0,0,0
2015,United_States,INTLNGO,TLS,Timor-Leste,0,19,0,0,0,0,0,0,0,0,0,0,0,0,0,0,0,0,0,19,0,0,0,0,0,0,0,0,0,0,0,0,0,0,0,0,0,0,0,0,0,0,0,0,0,0,0,0,0,0,0,0,0,0,0,0,0,0,0,0,0,0,0,0,0,0,19,0,0,0,0
2015,Corporate_donations,NGO,TLS,Timor-Leste,0,236,21,0,15,4,1,18,0,8,29,2,12,0,2,5,14,0,1,0,0,0,1,1,0,1,0,2,2,0,0,0,1,1,0,0,0,1,1,0,0,0,0,0,0,0,0,0,0,0,0,1,2,0,0,3,14,15,54,2,0,2,0,57,33,89,8,4,0,3,40
2015,Gates Foundation,NGO,TLS,Timor-Leste,0,75,1,0,1,0,13,2,0,3,2,1,0,14,0,7,0,9,2,1,0,0,0,1,0,0,1,1,2,1,0,0,1,3,0,0,0,2,1,0,1,0,0,0,0,0,0,0,0,0,0,0,0,0,0,0,0,1,1,0,0,1,0,21,30,2,8,8,1,0,2
2015,Private_other,NGO,TLS,Timor-Leste,0,1652,110,0,43,9,201,63,7,14,104,9,115,100,37,42,162,41,13,4,0,9,1,3,0,38,3,12,19,4,4,0,6,9,2,0,0,10,3,1,2,0,1,2,1,1,2,1,0,0,1,4,14,4,25,47,78,26,173,15,0,58,0,398,497,364,103,38,9,23,162
2015,United_States,NGO,TLS,Timor-Leste,0,2594,6,0,0,0,615,319,0,426,143,0,151,0,0,453,152,0,0,0,0,0,50,0,0,0,151,50,0,0,0,0,10,7,0,0,0,18,23,0,3,4,11,0,0,0,0,0,0,0,0,0,0,0,0,0,0,0,0,0,0,0,0,1504,757,0,252,57,18,0,6
2015,Australia,UNFPA,TLS,Timor-Leste,0,25,0,0,0,0,6,8,5,4,0,0,0,0,0,0,0,0,0,1,0,0,0,0,0,0,0,0,0,0,0,0,0,0,0,0,0,0,0,0,0,0,0,0,0,0,0,0,0,0,0,0,0,0,0,0,0,0,0,0,0,0,0,24,0,0,1,0,0,0,0
2015,Belgium,UNFPA,TLS,Timor-Leste,0,13,0,0,0,0,3,4,3,2,0,0,0,0,0,0,0,0,0,1,0,0,0,0,0,0,0,0,0,0,0,0,0,0,0,0,0,0,0,0,0,0,0,0,0,0,0,0,0,0,0,0,0,0,0,0,0,0,0,0,0,0,0,13,0,0,1,0,0,0,0
2015,Canada,UNFPA,TLS,Timor-Leste,0,85,0,0,0,0,22,28,18,14,0,0,0,0,0,0,0,0,0,3,0,0,0,0,0,0,0,0,0,0,0,0,0,0,0,0,0,0,0,0,0,0,0,0,0,0,0,0,0,0,0,0,0,0,0,0,0,0,0,0,0,0,0,82,0,0,3,0,0,0,0
2015,China,UNFPA,TLS,Timor-Leste,0,2,0,0,0,0,1,1,0,0,0,0,0,0,0,0,0,0,0,0,0,0,0,0,0,0,0,0,0,0,0,0,0,0,0,0,0,0,0,0,0,0,0,0,0,0,0,0,0,0,0,0,0,0,0,0,0,0,0,0,0,0,0,2,0,0,0,0,0,0,0
2015,Corporate_donations,UNFPA,TLS,Timor-Leste,0,7,0,0,0,0,2,2,1,1,0,0,0,0,0,0,0,0,0,0,0,0,0,0,0,0,0,0,0,0,0,0,0,0,0,0,0,0,0,0,0,0,0,0,0,0,0,0,0,0,0,0,0,0,0,0,0,0,0,0,0,0,0,6,0,0,0,0,0,0,0
2015,Denmark,UNFPA,TLS,Timor-Leste,0,72,0,0,0,0,18,24,15,11,0,0,0,0,0,0,0,0,0,3,0,0,0,0,0,0,0,0,0,0,0,0,0,0,0,0,0,0,0,0,0,0,0,0,0,0,0,0,0,0,0,0,0,0,0,0,0,0,0,0,0,0,0,69,0,0,3,0,0,0,0
2015,Finland,UNFPA,TLS,Timor-Leste,0,66,0,0,0,0,17,22,14,10,0,0,0,0,0,0,0,0,0,3,0,0,0,0,0,0,0,0,0,0,0,0,0,0,0,0,0,0,0,0,0,0,0,0,0,0,0,0,0,0,0,0,0,0,0,0,0,0,0,0,0,0,0,63,0,0,3,0,0,0,0
2015,France,UNFPA,TLS,Timor-Leste,0,9,0,0,0,0,2,3,2,1,0,0,0,0,0,0,0,0,0,0,0,0,0,0,0,0,0,0,0,0,0,0,0,0,0,0,0,0,0,0,0,0,0,0,0,0,0,0,0,0,0,0,0,0,0,0,0,0,0,0,0,0,0,8,0,0,0,0,0,0,0
2015,Germany,UNFPA,TLS,Timor-Leste,0,44,0,0,0,0,11,15,9,7,0,0,0,0,0,0,0,0,0,2,0,0,0,0,0,0,0,0,0,0,0,0,0,0,0,0,0,0,0,0,0,0,0,0,0,0,0,0,0,0,0,0,0,0,0,0,0,0,0,0,0,0,0,43,0,0,2,0,0,0,0
2015,Ireland,UNFPA,TLS,Timor-Leste,0,9,0,0,0,0,2,3,2,1,0,0,0,0,0,0,0,0,0,0,0,0,0,0,0,0,0,0,0,0,0,0,0,0,0,0,0,0,0,0,0,0,0,0,0,0,0,0,0,0,0,0,0,0,0,0,0,0,0,0,0,0,0,9,0,0,0,0,0,0,0
2015,Italy,UNFPA,TLS,Timor-Leste,0,7,0,0,0,0,2,2,2,1,0,0,0,0,0,0,0,0,0,0,0,0,0,0,0,0,0,0,0,0,0,0,0,0,0,0,0,0,0,0,0,0,0,0,0,0,0,0,0,0,0,0,0,0,0,0,0,0,0,0,0,0,0,7,0,0,0,0,0,0,0
2015,Japan,UNFPA,TLS,Timor-Leste,0,17,0,0,0,0,4,6,4,3,0,0,0,0,0,0,0,0,0,1,0,0,0,0,0,0,0,0,0,0,0,0,0,0,0,0,0,0,0,0,0,0,0,0,0,0,0,0,0,0,0,0,0,0,0,0,0,0,0,0,0,0,0,16,0,0,1,0,0,0,0
2015,Korea,UNFPA,TLS,Timor-Leste,0,5,0,0,0,0,1,2,1,1,0,0,0,0,0,0,0,0,0,0,0,0,0,0,0,0,0,0,0,0,0,0,0,0,0,0,0,0,0,0,0,0,0,0,0,0,0,0,0,0,0,0,0,0,0,0,0,0,0,0,0,0,0,5,0,0,0,0,0,0,0
2015,Luxembourg,UNFPA,TLS,Timor-Leste,0,7,0,0,0,0,2,2,1,1,0,0,0,0,0,0,0,0,0,0,0,0,0,0,0,0,0,0,0,0,0,0,0,0,0,0,0,0,0,0,0,0,0,0,0,0,0,0,0,0,0,0,0,0,0,0,0,0,0,0,0,0,0,7,0,0,0,0,0,0,0
2015,Netherlands,UNFPA,TLS,Timor-Leste,0,79,0,0,0,0,20,26,17,13,0,0,0,0,0,0,0,0,0,3,0,0,0,0,0,0,0,0,0,0,0,0,0,0,0,0,0,0,0,0,0,0,0,0,0,0,0,0,0,0,0,0,0,0,0,0,0,0,0,0,0,0,0,76,0,0,3,0,0,0,0
2015,New_Zealand,UNFPA,TLS,Timor-Leste,0,8,0,0,0,0,2,3,2,1,0,0,0,0,0,0,0,0,0,0,0,0,0,0,0,0,0,0,0,0,0,0,0,0,0,0,0,0,0,0,0,0,0,0,0,0,0,0,0,0,0,0,0,0,0,0,0,0,0,0,0,0,0,8,0,0,0,0,0,0,0
2015,Non_OECD_DAC_countries,UNFPA,TLS,Timor-Leste,0,4,0,0,0,0,1,1,1,1,0,0,0,0,0,0,0,0,0,0,0,0,0,0,0,0,0,0,0,0,0,0,0,0,0,0,0,0,0,0,0,0,0,0,0,0,0,0,0,0,0,0,0,0,0,0,0,0,0,0,0,0,0,3,0,0,0,0,0,0,0
2015,Non_OECD_non_DAC_countries,UNFPA,TLS,Timor-Leste,0,38,0,0,0,0,10,12,8,6,0,0,0,0,0,0,0,0,0,2,0,0,0,0,0,0,0,0,0,0,0,0,0,0,0,0,0,0,0,0,0,0,0,0,0,0,0,0,0,0,0,0,0,0,0,0,0,0,0,0,0,0,0,36,0,0,2,0,0,0,0
2015,Norway,UNFPA,TLS,Timor-Leste,0,107,0,0,0,0,27,35,23,17,0,0,0,0,0,0,0,0,0,4,0,0,0,0,0,0,0,0,0,0,0,0,0,0,0,0,0,0,0,0,0,0,0,0,0,0,0,0,0,0,0,0,0,0,0,0,0,0,0,0,0,0,0,102,0,0,4,0,0,0,0
2015,Other,UNFPA,TLS,Timor-Leste,0,291,0,0,0,0,73,94,61,45,0,0,0,0,0,0,0,0,0,11,0,0,0,0,0,0,0,0,0,0,0,0,0,0,0,0,0,0,0,0,0,0,0,0,0,0,0,7,0,0,0,0,0,0,0,0,0,0,0,0,0,0,0,273,0,0,11,0,0,7,0
2015,Private_other,UNFPA,TLS,Timor-Leste,0,5,0,0,0,0,1,1,1,1,0,0,0,0,0,0,0,0,0,0,0,0,0,0,0,0,0,0,0,0,0,0,0,0,0,0,0,0,0,0,0,0,0,0,0,0,0,1,0,0,0,0,0,0,0,0,0,0,0,0,0,0,0,3,0,0,0,0,0,1,0
2015,Spain,UNFPA,TLS,Timor-Leste,0,3,0,0,0,0,1,1,1,0,0,0,0,0,0,0,0,0,0,0,0,0,0,0,0,0,0,0,0,0,0,0,0,0,0,0,0,0,0,0,0,0,0,0,0,0,0,0,0,0,0,0,0,0,0,0,0,0,0,0,0,0,0,3,0,0,0,0,0,0,0
2015,Sweden,UNFPA,TLS,Timor-Leste,0,137,0,0,0,0,35,45,29,22,0,0,0,0,0,0,0,0,0,6,0,0,0,0,0,0,0,0,0,0,0,0,0,0,0,0,0,0,0,0,0,0,0,0,0,0,0,0,0,0,0,0,0,0,0,0,0,0,0,0,0,0,0,131,0,0,6,0,0,0,0
2015,Switzerland,UNFPA,TLS,Timor-Leste,0,33,0,0,0,0,8,11,7,5,0,0,0,0,0,0,0,0,0,1,0,0,0,0,0,0,0,0,0,0,0,0,0,0,0,0,0,0,0,0,0,0,0,0,0,0,0,0,0,0,0,0,0,0,0,0,0,0,0,0,0,0,0,31,0,0,1,0,0,0,0
2015,Unallocable,UNFPA,TLS,Timor-Leste,0,1,0,0,0,0,0,0,0,0,0,0,0,0,0,0,0,0,0,0,0,0,0,0,0,0,0,0,0,0,0,0,0,0,0,0,0,0,0,0,0,0,0,0,0,0,0,0,0,0,0,0,0,0,0,0,0,0,0,0,0,0,0,1,0,0,0,0,0,0,0
2015,United_Kingdom,UNFPA,TLS,Timor-Leste,0,161,0,0,0,0,41,53,34,26,0,0,0,0,0,0,0,0,0,6,0,0,0,0,0,0,0,0,0,0,0,0,0,0,0,0,0,0,0,0,0,0,0,0,0,0,0,0,0,0,0,0,0,0,0,0,0,0,0,0,0,0,0,154,0,0,6,0,0,0,0
2015,United_States,UNFPA,TLS,Timor-Leste,0,113,0,0,0,0,29,37,24,18,0,0,0,0,0,0,0,0,0,5,0,0,0,0,0,0,0,0,0,0,0,0,0,0,0,0,0,0,0,0,0,0,0,0,0,0,0,0,0,0,0,0,0,0,0,0,0,0,0,0,0,0,0,108,0,0,5,0,0,0,0
2015,Australia,UNICEF,TLS,Timor-Leste,0,39,0,0,0,0,0,0,1,0,0,0,12,8,13,3,0,0,0,0,0,0,0,0,0,1,0,0,0,0,0,0,0,0,0,0,0,0,0,0,0,0,0,0,0,0,0,0,0,0,0,0,0,0,0,0,0,0,0,0,0,0,0,1,35,0,2,0,0,0,0
2015,Austria,UNICEF,TLS,Timor-Leste,0,7,0,0,0,0,0,0,0,0,0,0,2,1,2,1,0,0,0,0,0,0,0,0,0,0,0,0,0,0,0,0,0,0,0,0,0,0,0,0,0,0,0,0,0,0,0,0,0,0,0,0,0,0,0,0,0,0,0,0,0,0,0,0,7,0,0,0,0,0,0
2015,Belgium,UNICEF,TLS,Timor-Leste,0,37,0,0,0,0,0,0,1,0,0,0,11,7,12,3,0,0,0,0,0,0,0,0,0,1,0,0,0,0,0,0,0,0,0,0,0,0,0,0,0,0,0,0,0,0,0,0,0,0,0,0,0,0,0,0,0,0,0,0,0,0,0,1,34,0,2,0,0,0,0
2015,Canada,UNICEF,TLS,Timor-Leste,0,127,0,0,0,0,0,0,4,0,0,0,38,25,42,10,0,0,0,1,1,1,0,0,0,3,0,0,0,0,0,0,0,0,0,0,0,0,0,0,0,0,0,0,0,0,0,1,0,0,0,0,0,0,0,0,0,0,0,0,0,0,0,4,115,0,7,0,0,1,0
2015,China,UNICEF,TLS,Timor-Leste,0,3,0,0,0,0,0,0,0,0,0,0,1,0,1,0,0,0,0,0,0,0,0,0,0,0,0,0,0,0,0,0,0,0,0,0,0,0,0,0,0,0,0,0,0,0,0,1,0,0,0,0,0,0,0,0,0,0,0,0,0,0,0,0,2,0,0,0,0,1,0
2015,Denmark,UNICEF,TLS,Timor-Leste,0,50,0,0,0,0,0,0,1,0,0,0,15,10,17,4,0,0,0,0,0,0,0,0,0,1,0,0,0,0,0,0,0,0,0,0,0,0,0,0,0,0,0,0,0,0,0,0,0,0,0,0,0,0,0,0,0,0,0,0,0,0,0,1,46,0,3,0,0,0,0
2015,Finland,UNICEF,TLS,Timor-Leste,0,36,0,0,0,0,0,0,1,0,0,0,11,7,12,3,0,0,0,0,0,0,0,0,0,1,0,0,0,0,0,0,0,0,0,0,0,0,0,0,0,0,0,0,0,0,0,0,0,0,0,0,0,0,0,0,0,0,0,0,0,0,0,1,33,0,2,0,0,0,0
2015,France,UNICEF,TLS,Timor-Leste,0,54,0,0,0,0,0,0,2,0,0,0,16,10,18,4,0,0,0,0,0,0,0,0,0,1,0,0,0,0,0,0,0,0,0,0,0,0,0,0,0,0,0,0,0,0,0,2,0,0,0,0,0,0,0,0,0,0,0,0,0,0,0,2,48,0,3,0,0,2,0
2015,Gates Foundation,UNICEF,TLS,Timor-Leste,0,2,0,0,0,0,0,0,0,0,0,0,1,0,1,0,0,0,0,0,0,0,0,0,0,0,0,0,0,0,0,0,0,0,0,0,0,0,0,0,0,0,0,0,0,0,0,0,0,0,0,0,0,0,0,0,0,0,0,0,0,0,0,0,2,0,0,0,0,0,0
2015,Germany,UNICEF,TLS,Timor-Leste,0,221,0,0,0,0,0,0,6,0,0,0,61,40,67,15,0,0,0,2,2,1,1,0,0,5,0,0,0,0,0,0,0,0,0,0,0,0,0,0,0,0,0,0,0,0,0,21,0,0,0,0,0,0,0,0,0,0,0,0,0,0,0,6,183,0,11,0,0,21,0
2015,Greece,UNICEF,TLS,Timor-Leste,0,3,0,0,0,0,0,0,0,0,0,0,1,1,1,0,0,0,0,0,0,0,0,0,0,0,0,0,0,0,0,0,0,0,0,0,0,0,0,0,0,0,0,0,0,0,0,0,0,0,0,0,0,0,0,0,0,0,0,0,0,0,0,0,3,0,0,0,0,0,0
2015,Ireland,UNICEF,TLS,Timor-Leste,0,17,0,0,0,0,0,0,0,0,0,0,5,3,6,1,0,0,0,0,0,0,0,0,0,0,0,0,0,0,0,0,0,0,0,0,0,0,0,0,0,0,0,0,0,0,0,0,0,0,0,0,0,0,0,0,0,0,0,0,0,0,0,0,16,0,1,0,0,0,0
2015,Italy,UNICEF,TLS,Timor-Leste,0,40,0,0,0,0,0,0,1,0,0,0,12,8,14,3,0,0,0,0,0,0,0,0,0,1,0,0,0,0,0,0,0,0,0,0,0,0,0,0,0,0,0,0,0,0,0,0,0,0,0,0,0,0,0,0,0,0,0,0,0,0,0,1,37,0,2,0,0,0,0
2015,Japan,UNICEF,TLS,Timor-Leste,0,132,0,0,0,0,0,0,3,0,0,0,35,23,39,9,0,0,0,1,1,1,0,0,0,3,0,0,0,0,0,0,0,0,0,0,0,0,0,0,0,0,0,0,0,0,0,16,0,0,0,0,0,0,0,0,0,0,0,0,0,0,0,3,106,0,6,0,0,16,0
2015,Korea,UNICEF,TLS,Timor-Leste,0,37,0,0,0,0,0,0,1,0,0,0,11,7,12,3,0,0,0,0,0,0,0,0,0,1,0,0,0,0,0,0,0,0,0,0,0,0,0,0,0,0,0,0,0,0,0,2,0,0,0,0,0,0,0,0,0,0,0,0,0,0,0,1,32,0,2,0,0,2,0
2015,Luxembourg,UNICEF,TLS,Timor-Leste,0,6,0,0,0,0,0,0,0,0,0,0,2,1,2,0,0,0,0,0,0,0,0,0,0,0,0,0,0,0,0,0,0,0,0,0,0,0,0,0,0,0,0,0,0,0,0,0,0,0,0,0,0,0,0,0,0,0,0,0,0,0,0,0,6,0,0,0,0,0,0
2015,Netherlands,UNICEF,TLS,Timor-Leste,0,121,0,0,0,0,0,0,3,0,0,0,36,24,40,9,0,0,0,1,1,1,0,0,0,3,0,0,0,0,0,0,0,0,0,0,0,0,0,0,0,0,0,0,0,0,0,2,0,0,0,0,0,0,0,0,0,0,0,0,0,0,0,3,109,0,6,0,0,2,0
2015,New_Zealand,UNICEF,TLS,Timor-Leste,0,8,0,0,0,0,0,0,0,0,0,0,3,2,3,1,0,0,0,0,0,0,0,0,0,0,0,0,0,0,0,0,0,0,0,0,0,0,0,0,0,0,0,0,0,0,0,0,0,0,0,0,0,0,0,0,0,0,0,0,0,0,0,0,8,0,0,0,0,0,0
2015,Non_OECD_DAC_countries,UNICEF,TLS,Timor-Leste,0,54,0,0,0,0,0,0,2,0,0,0,16,11,18,4,0,0,0,1,1,0,0,0,0,1,0,0,0,0,0,0,0,0,0,0,0,0,0,0,0,0,0,0,0,0,0,0,0,0,0,0,0,0,0,0,0,0,0,0,0,0,0,2,49,0,3,0,0,0,0
2015,Non_OECD_non_DAC_countries,UNICEF,TLS,Timor-Leste,0,98,0,0,0,0,0,0,3,0,0,0,30,20,33,8,0,0,0,1,1,1,0,0,0,2,0,0,0,0,0,0,0,0,0,0,0,0,0,0,0,0,0,0,0,0,0,0,0,0,0,0,0,0,0,0,0,0,0,0,0,0,0,3,90,0,5,0,0,0,0
2015,Norway,UNICEF,TLS,Timor-Leste,0,141,0,0,0,0,0,0,4,0,0,0,43,28,48,11,0,0,0,1,1,1,0,0,0,3,0,0,0,0,0,0,0,0,0,0,0,0,0,0,0,0,0,0,0,0,0,0,0,0,0,0,0,0,0,0,0,0,0,0,0,0,0,4,130,0,8,0,0,0,0
2015,Other,UNICEF,TLS,Timor-Leste,0,476,0,0,0,0,0,0,13,0,0,0,136,89,151,35,0,0,1,4,4,3,1,0,0,10,0,0,0,0,0,0,0,0,0,0,0,0,0,0,0,0,0,0,0,0,0,27,0,0,0,0,0,0,0,0,0,0,0,0,0,0,0,13,411,0,24,0,0,27,0
2015,Other_OECD_DAC_countries,UNICEF,TLS,Timor-Leste,0,12,0,0,0,0,0,0,0,0,0,0,4,2,4,1,0,0,0,0,0,0,0,0,0,0,0,0,0,0,0,0,0,0,0,0,0,0,0,0,0,0,0,0,0,0,0,0,0,0,0,0,0,0,0,0,0,0,0,0,0,0,0,0,11,0,1,0,0,0,0
2015,Portugal,UNICEF,TLS,Timor-Leste,0,3,0,0,0,0,0,0,0,0,0,0,1,1,1,0,0,0,0,0,0,0,0,0,0,0,0,0,0,0,0,0,0,0,0,0,0,0,0,0,0,0,0,0,0,0,0,0,0,0,0,0,0,0,0,0,0,0,0,0,0,0,0,0,2,0,0,0,0,0,0
2015,Private_other,UNICEF,TLS,Timor-Leste,0,667,0,0,0,0,0,0,19,0,0,0,202,133,225,51,0,0,2,6,6,5,2,0,0,15,0,0,0,0,0,0,0,0,0,0,0,0,0,0,0,0,0,0,0,0,0,0,0,0,0,0,0,0,0,0,0,0,0,0,0,0,0,19,611,0,36,0,0,0,0
2015,Spain,UNICEF,TLS,Timor-Leste,0,20,0,0,0,0,0,0,1,0,0,0,6,4,7,2,0,0,0,0,0,0,0,0,0,0,0,0,0,0,0,0,0,0,0,0,0,0,0,0,0,0,0,0,0,0,0,0,0,0,0,0,0,0,0,0,0,0,0,0,0,0,0,1,18,0,1,0,0,0,0
2015,Sweden,UNICEF,TLS,Timor-Leste,0,164,0,0,0,0,0,0,5,0,0,0,49,32,55,13,0,0,0,2,2,1,0,0,0,4,0,0,0,0,0,0,0,0,0,0,0,0,0,0,0,0,0,0,0,0,0,1,0,0,0,0,0,0,0,0,0,0,0,0,0,0,0,5,149,0,9,0,0,1,0
2015,Switzerland,UNICEF,TLS,Timor-Leste,0,41,0,0,0,0,0,0,1,0,0,0,13,8,14,3,0,0,0,0,0,0,0,0,0,1,0,0,0,0,0,0,0,0,0,0,0,0,0,0,0,0,0,0,0,0,0,0,0,0,0,0,0,0,0,0,0,0,0,0,0,0,0,1,38,0,2,0,0,0,0
2015,United_Kingdom,UNICEF,TLS,Timor-Leste,0,462,0,0,0,0,0,0,13,0,0,0,138,91,154,35,0,0,1,4,4,3,1,0,0,10,0,0,0,0,0,0,0,0,0,0,0,0,0,0,0,0,0,0,0,0,0,7,0,0,0,0,0,0,0,0,0,0,0,0,0,0,0,13,418,0,25,0,0,7,0
2015,United_States,UNICEF,TLS,Timor-Leste,0,716,0,0,0,0,0,0,20,0,0,0,207,136,231,53,0,0,2,6,6,5,2,0,0,16,0,0,0,0,0,0,0,0,0,0,0,0,0,0,0,0,0,0,0,0,0,32,0,0,0,0,0,0,0,0,0,0,0,0,0,0,0,20,627,0,37,0,0,32,0
2015,Private_other,US_FOUND,TLS,Timor-Leste,0,31,0,0,0,0,1,0,2,0,5,0,0,0,0,0,0,0,2,0,0,0,0,0,0,0,0,0,0,0,0,0,0,0,0,0,0,0,0,0,0,0,0,0,0,0,0,0,0,0,0,0,0,0,0,0,0,0,0,0,0,21,0,8,0,0,2,0,0,0,0
2015,Australia,WHO,TLS,Timor-Leste,0,57,8,0,7,6,0,0,1,0,0,0,0,3,1,0,0,0,0,0,0,0,0,0,0,2,0,0,0,0,0,0,0,0,0,0,1,0,0,0,0,0,0,1,0,0,0,0,0,0,19,0,0,0,0,0,2,0,0,0,0,3,0,2,5,3,2,1,1,19,21
2015,Austria,WHO,TLS,Timor-Leste,0,7,1,0,1,1,0,0,0,0,0,0,0,0,0,0,0,0,0,0,0,0,0,0,0,0,0,0,0,0,0,0,0,0,0,0,0,0,0,0,0,0,0,0,0,0,0,0,0,0,2,0,0,0,0,0,0,0,0,0,0,0,0,0,1,0,0,0,0,2,3
2015,Belgium,WHO,TLS,Timor-Leste,0,25,4,0,3,2,0,0,1,0,0,0,0,1,1,0,0,0,0,0,0,0,0,0,0,1,0,0,0,0,0,0,0,0,0,0,0,0,0,0,0,0,0,1,0,0,0,0,0,0,8,0,0,0,0,0,1,0,0,0,0,1,0,1,2,1,1,0,1,8,9
2015,Canada,WHO,TLS,Timor-Leste,0,80,12,0,10,8,0,0,2,0,0,0,1,5,2,0,0,0,0,0,0,0,0,0,0,2,0,0,0,0,0,0,0,0,0,0,2,0,0,0,0,0,0,2,0,0,0,0,0,0,27,0,0,0,1,1,3,0,0,0,0,4,0,2,7,4,2,2,2,27,30
2015,China,WHO,TLS,Timor-Leste,0,38,6,0,5,4,0,0,1,0,0,0,0,2,1,0,0,0,0,0,0,0,0,0,0,1,0,0,0,0,0,0,0,0,0,0,1,0,0,0,0,0,0,1,0,0,0,0,0,0,13,0,0,0,0,0,1,0,0,0,0,2,0,1,3,2,1,1,1,13,14
2015,Corporate_donations,WHO,TLS,Timor-Leste,0,31,5,0,4,3,0,0,1,0,0,0,0,2,1,0,0,0,0,0,0,0,0,0,0,1,0,0,0,0,0,0,0,0,0,0,1,0,0,0,0,0,0,1,0,0,0,0,0,0,11,0,0,0,0,0,1,0,0,0,0,1,0,1,3,1,1,1,1,11,12
2015,Denmark,WHO,TLS,Timor-Leste,0,13,2,0,2,1,0,0,0,0,0,0,0,1,0,0,0,0,0,0,0,0,0,0,0,0,0,0,0,0,0,0,0,0,0,0,0,0,0,0,0,0,0,0,0,0,0,0,0,0,5,0,0,0,0,0,0,0,0,0,0,1,0,0,1,1,0,0,0,5,5
2015,Finland,WHO,TLS,Timor-Leste,0,16,2,0,2,2,0,0,0,0,0,0,0,1,0,0,0,0,0,0,0,0,0,0,0,0,0,0,0,0,0,0,0,0,0,0,0,0,0,0,0,0,0,0,0,0,0,0,0,0,6,0,0,0,0,0,1,0,0,0,0,1,0,0,1,1,0,0,0,6,6
2015,France,WHO,TLS,Timor-Leste,0,76,11,0,10,8,0,0,2,0,0,0,1,4,2,0,0,0,0,0,0,0,0,0,0,2,0,0,0,0,0,0,0,0,0,0,1,0,0,0,0,0,0,2,0,0,0,0,0,0,26,0,0,0,1,1,2,0,0,0,0,3,0,2,7,3,2,1,2,26,28
2015,Gates Foundation,WHO,TLS,Timor-Leste,0,469,69,0,60,48,0,1,12,0,0,0,4,27,12,0,0,0,0,0,0,0,0,0,0,14,0,0,0,0,0,0,0,0,0,0,9,0,0,0,0,0,0,11,0,0,0,0,0,0,161,0,0,0,3,3,15,0,0,0,0,21,0,13,43,22,14,9,11,161,176
2015,Germany,WHO,TLS,Timor-Leste,0,77,11,0,10,8,0,0,2,0,0,0,1,4,2,0,0,0,0,0,0,0,0,0,0,2,0,0,0,0,0,0,0,0,0,0,1,0,0,0,0,0,0,2,0,0,0,0,0,0,26,0,0,0,1,1,2,0,0,0,0,3,0,2,7,4,2,1,2,26,29
2015,Greece,WHO,TLS,Timor-Leste,0,6,1,0,1,1,0,0,0,0,0,0,0,0,0,0,0,0,0,0,0,0,0,0,0,0,0,0,0,0,0,0,0,0,0,0,0,0,0,0,0,0,0,0,0,0,0,0,0,0,2,0,0,0,0,0,0,0,0,0,0,0,0,0,1,0,0,0,0,2,2
2015,Ireland,WHO,TLS,Timor-Leste,0,5,1,0,1,1,0,0,0,0,0,0,0,0,0,0,0,0,0,0,0,0,0,0,0,0,0,0,0,0,0,0,0,0,0,0,0,0,0,0,0,0,0,0,0,0,0,0,0,0,2,0,0,0,0,0,0,0,0,0,0,0,0,0,0,0,0,0,0,2,2
2015,Italy,WHO,TLS,Timor-Leste,0,48,7,0,6,5,0,0,1,0,0,0,0,3,1,0,0,0,0,0,0,0,0,0,0,1,0,0,0,0,0,0,0,0,0,0,1,0,0,0,0,0,0,1,0,0,0,0,0,0,16,0,0,0,0,0,2,0,0,0,0,2,0,1,4,2,1,1,1,16,18
2015,Japan,WHO,TLS,Timor-Leste,0,144,16,0,14,11,0,0,3,0,0,0,1,6,3,0,0,0,0,0,0,0,0,0,0,3,0,0,0,0,0,0,0,0,0,0,2,0,0,0,0,0,0,3,0,0,0,34,0,0,38,0,0,0,1,1,4,0,0,0,0,5,0,3,10,5,3,2,3,72,42
2015,Korea,WHO,TLS,Timor-Leste,0,26,4,0,3,3,0,0,1,0,0,0,0,1,1,0,0,0,0,0,0,0,0,0,0,1,0,0,0,0,0,0,0,0,0,0,0,0,0,0,0,0,0,1,0,0,0,0,0,0,9,0,0,0,0,0,1,0,0,0,0,1,0,1,2,1,1,0,1,9,10
2015,Luxembourg,WHO,TLS,Timor-Leste,0,12,2,0,2,1,0,0,0,0,0,0,0,1,0,0,0,0,0,0,0,0,0,0,0,0,0,0,0,0,0,0,0,0,0,0,0,0,0,0,0,0,0,0,0,0,0,0,0,0,4,0,0,0,0,0,0,0,0,0,0,1,0,0,1,1,0,0,0,4,5
2015,Netherlands,WHO,TLS,Timor-Leste,0,43,6,0,5,4,0,0,1,0,0,0,0,2,1,0,0,0,0,0,0,0,0,0,0,1,0,0,0,0,0,0,0,0,0,0,1,0,0,0,0,0,0,1,0,0,0,0,0,0,15,0,0,0,0,0,1,0,0,0,0,2,0,1,4,2,1,1,1,15,16
2015,New_Zealand,WHO,TLS,Timor-Leste,0,4,1,0,0,0,0,0,0,0,0,0,0,0,0,0,0,0,0,0,0,0,0,0,0,0,0,0,0,0,0,0,0,0,0,0,0,0,0,0,0,0,0,0,0,0,0,0,0,0,1,0,0,0,0,0,0,0,0,0,0,0,0,0,0,0,0,0,0,1,1
2015,Non_OECD_DAC_countries,WHO,TLS,Timor-Leste,0,72,11,0,9,7,0,0,2,0,0,0,1,4,2,0,0,0,0,0,0,0,0,0,0,2,0,0,0,0,0,0,0,0,0,0,1,0,0,0,0,0,0,2,0,0,0,0,0,0,25,0,0,0,0,0,2,0,0,0,0,3,0,2,7,3,2,1,2,25,27
2015,Non_OECD_non_DAC_countries,WHO,TLS,Timor-Leste,0,241,35,0,31,24,0,1,6,0,0,0,2,14,6,0,0,0,0,0,0,0,0,0,0,7,0,0,0,0,0,0,0,0,0,0,5,0,0,0,0,0,0,6,0,0,0,0,0,0,82,0,0,0,2,2,8,0,0,0,0,11,0,7,22,11,7,5,6,82,90
2015,Norway,WHO,TLS,Timor-Leste,0,81,12,0,10,8,0,0,2,0,0,0,1,5,2,0,0,0,0,0,0,0,0,0,0,2,0,0,0,0,0,0,0,0,0,0,2,0,0,0,0,0,0,2,0,0,0,0,0,0,28,0,0,0,1,1,3,0,0,0,0,4,0,2,7,4,2,2,2,28,30
2015,Other,WHO,TLS,Timor-Leste,0,202,24,0,21,17,0,0,4,0,0,0,1,9,4,0,0,0,0,0,0,0,0,0,0,5,0,0,0,0,0,0,0,0,0,0,3,0,0,0,0,0,0,4,0,0,0,39,0,0,56,0,0,0,1,1,5,0,0,0,0,7,0,5,15,7,5,3,4,95,61
2015,Other_OECD_DAC_countries,WHO,TLS,Timor-Leste,0,14,2,0,2,1,0,0,0,0,0,0,0,1,0,0,0,0,0,0,0,0,0,0,0,0,0,0,0,0,0,0,0,0,0,0,0,0,0,0,0,0,0,0,0,0,0,0,0,0,5,0,0,0,0,0,0,0,0,0,0,1,0,0,1,1,0,0,0,5,5
2015,Portugal,WHO,TLS,Timor-Leste,0,4,1,0,0,0,0,0,0,0,0,0,0,0,0,0,0,0,0,0,0,0,0,0,0,0,0,0,0,0,0,0,0,0,0,0,0,0,0,0,0,0,0,0,0,0,0,0,0,0,1,0,0,0,0,0,0,0,0,0,0,0,0,0,0,0,0,0,0,1,1
2015,Private_other,WHO,TLS,Timor-Leste,0,234,34,0,30,24,0,1,6,0,0,0,2,13,6,0,0,0,0,0,0,0,0,0,0,7,0,0,0,0,0,0,0,0,0,0,4,0,0,0,0,0,0,6,0,0,0,0,0,0,80,0,0,0,2,2,8,0,0,0,0,11,0,7,21,11,7,4,6,80,88
2015,Spain,WHO,TLS,Timor-Leste,0,28,4,0,4,3,0,0,1,0,0,0,0,2,1,0,0,0,0,0,0,0,0,0,0,1,0,0,0,0,0,0,0,0,0,0,1,0,0,0,0,0,0,1,0,0,0,0,0,0,10,0,0,0,0,0,1,0,0,0,0,1,0,1,3,1,1,1,1,10,11
2015,Sweden,WHO,TLS,Timor-Leste,0,65,10,0,8,7,0,0,2,0,0,0,1,4,2,0,0,0,0,0,0,0,0,0,0,2,0,0,0,0,0,0,0,0,0,0,1,0,0,0,0,0,0,2,0,0,0,0,0,0,22,0,0,0,0,0,2,0,0,0,0,3,0,2,6,3,2,1,2,22,24
2015,Switzerland,WHO,TLS,Timor-Leste,0,28,4,0,4,3,0,0,1,0,0,0,0,2,1,0,0,0,0,0,0,0,0,0,0,1,0,0,0,0,0,0,0,0,0,0,1,0,0,0,0,0,0,1,0,0,0,0,0,0,10,0,0,0,0,0,1,0,0,0,0,1,0,1,3,1,1,1,1,10,11
2015,Unallocable,WHO,TLS,Timor-Leste,0,5,1,0,1,1,0,0,0,0,0,0,0,0,0,0,0,0,0,0,0,0,0,0,0,0,0,0,0,0,0,0,0,0,0,0,0,0,0,0,0,0,0,0,0,0,0,0,0,0,2,0,0,0,0,0,0,0,0,0,0,0,0,0,0,0,0,0,0,2,2
2015,United_Kingdom,WHO,TLS,Timor-Leste,0,730,107,0,93,74,0,2,18,0,0,0,6,42,18,0,0,0,0,0,0,0,0,0,0,21,0,0,0,0,0,0,0,0,0,0,14,0,0,0,0,0,0,18,0,0,0,0,0,0,250,0,0,0,5,5,24,0,0,0,0,33,0,20,66,34,21,14,18,250,274
2015,United_States,WHO,TLS,Timor-Leste,0,459,67,0,58,46,0,1,12,0,0,0,4,26,12,0,0,0,0,0,0,0,0,0,0,13,0,0,0,0,0,0,0,0,0,0,9,0,0,0,0,0,0,11,0,0,0,0,0,0,157,0,0,0,3,3,15,0,0,0,0,21,0,13,42,21,13,9,11,157,172
2016,Australia,BIL_AUS,TLS,Timor-Leste,0,8327,0,0,0,0,0,3702,0,0,0,0,1,0,2777,0,0,0,0,0,0,0,0,0,0,0,0,0,0,0,0,0,0,0,0,0,0,0,0,0,0,0,0,0,0,0,0,0,5,0,11,0,0,0,0,0,0,0,0,0,0,1831,0,3702,2777,0,0,0,0,16,0
2016,Canada,BIL_CAN,TLS,Timor-Leste,0,48,0,0,0,0,0,0,0,0,1,0,4,0,0,0,0,0,0,0,0,0,0,0,0,0,0,0,0,0,0,0,0,0,0,0,0,0,0,0,10,11,0,0,0,2,17,0,0,0,2,0,0,0,0,0,0,0,0,0,0,0,0,1,4,0,0,0,40,2,1
2016,Germany,BIL_DEU,TLS,Timor-Leste,0,33,0,0,0,0,0,0,0,0,0,0,12,0,0,0,0,1,0,0,0,0,0,0,0,0,0,0,0,0,0,0,0,0,0,0,0,0,0,0,0,0,0,0,0,0,0,0,0,0,0,0,0,0,0,0,0,0,0,0,0,21,0,0,12,0,0,0,0,0,0
2016,France,BIL_FRA,TLS,Timor-Leste,0,5,0,0,0,0,0,0,0,0,0,0,0,0,0,0,0,0,0,0,0,0,0,0,0,0,0,0,0,0,0,0,0,0,0,0,0,0,0,0,0,0,0,0,0,0,0,0,0,0,5,0,0,0,0,0,0,0,0,0,0,0,0,0,0,0,0,0,0,5,0
2016,United_Kingdom,BIL_GBR,TLS,Timor-Leste,0,3,0,0,0,0,0,0,0,0,0,0,0,0,0,0,0,0,0,0,0,0,0,0,0,0,0,0,0,0,0,0,0,1,0,0,0,0,0,0,2,0,0,0,0,0,0,0,0,0,0,0,0,0,0,0,0,0,0,0,0,0,0,0,0,0,0,1,2,0,0
2016,Japan,BIL_JPN,TLS,Timor-Leste,0,452,0,0,0,0,0,12,0,0,0,0,0,0,0,0,0,0,0,0,0,0,0,0,0,0,0,0,0,0,0,0,0,0,0,0,0,0,0,0,0,0,0,0,0,0,0,0,0,0,0,0,0,0,0,0,0,0,0,0,0,440,0,12,0,0,0,0,0,0,0
2016,Korea,BIL_KOR,TLS,Timor-Leste,0,3626,24,0,43,0,0,293,0,0,502,326,869,0,0,0,217,217,0,0,0,0,0,0,0,0,0,0,0,0,0,0,0,0,0,0,0,0,0,0,0,292,0,0,0,585,0,0,0,0,0,0,0,0,0,0,0,0,0,0,0,256,0,1121,1304,0,0,0,877,0,68
2016,United_States,BIL_USA,TLS,Timor-Leste,0,432,119,0,0,3,2,2,0,4,0,0,0,0,0,0,0,0,16,200,0,0,9,11,0,0,18,9,1,0,1,0,1,6,0,0,3,6,1,2,0,0,0,0,0,0,0,0,0,0,15,0,0,0,0,0,0,0,0,0,0,0,0,8,0,0,264,20,0,15,122
2016,Austria,EC,TLS,Timor-Leste,0,43,0,0,0,0,0,0,22,0,0,0,22,0,0,0,0,0,0,0,0,0,0,0,0,0,0,0,0,0,0,0,0,0,0,0,0,0,0,0,0,0,0,0,0,0,0,0,0,0,0,0,0,0,0,0,0,0,0,0,0,0,0,22,22,0,0,0,0,0,0
2016,Belgium,EC,TLS,Timor-Leste,0,74,0,0,0,0,0,0,36,0,0,0,36,0,0,0,0,0,0,0,0,0,0,0,0,0,0,0,0,0,0,0,0,0,0,0,0,0,0,0,0,0,0,0,0,0,0,0,0,0,1,0,0,0,0,0,0,0,0,0,0,0,0,37,36,0,0,0,0,1,0
2016,Denmark,EC,TLS,Timor-Leste,0,34,0,0,0,0,0,0,17,0,0,0,17,0,0,0,0,0,0,0,0,0,0,0,0,0,0,0,0,0,0,0,0,0,0,0,0,0,0,0,0,0,0,0,0,0,0,0,0,0,0,0,0,0,0,0,0,0,0,0,0,0,0,17,17,0,0,0,0,0,0
2016,Finland,EC,TLS,Timor-Leste,0,28,0,0,0,0,0,0,14,0,0,0,14,0,0,0,0,0,0,0,0,0,0,0,0,0,0,0,0,0,0,0,0,0,0,0,0,0,0,0,0,0,0,0,0,0,0,0,0,0,0,0,0,0,0,0,0,0,0,0,0,0,0,14,14,0,0,0,0,0,0
2016,France,EC,TLS,Timor-Leste,0,333,0,0,0,0,0,1,162,0,0,0,163,0,0,0,0,0,0,1,0,0,0,0,0,0,0,0,0,0,1,0,0,0,0,0,0,0,0,1,0,0,0,0,0,0,0,0,0,0,3,0,0,0,0,0,0,0,0,0,0,0,0,163,163,0,1,3,0,3,0
2016,Germany,EC,TLS,Timor-Leste,0,370,0,0,0,0,0,1,180,0,0,0,181,0,0,0,0,0,0,1,0,0,0,0,0,0,0,0,0,0,2,0,0,0,0,0,0,0,0,2,0,0,0,0,0,0,0,0,0,0,4,0,0,0,0,0,0,0,0,0,0,0,0,181,181,0,1,3,0,4,0
2016,Greece,EC,TLS,Timor-Leste,0,25,0,0,0,0,0,0,13,0,0,0,13,0,0,0,0,0,0,0,0,0,0,0,0,0,0,0,0,0,0,0,0,0,0,0,0,0,0,0,0,0,0,0,0,0,0,0,0,0,0,0,0,0,0,0,0,0,0,0,0,0,0,13,13,0,0,0,0,0,0
2016,Ireland,EC,TLS,Timor-Leste,0,26,0,0,0,0,0,0,13,0,0,0,13,0,0,0,0,0,0,0,0,0,0,0,0,0,0,0,0,0,0,0,0,0,0,0,0,0,0,0,0,0,0,0,0,0,0,0,0,0,0,0,0,0,0,0,0,0,0,0,0,0,0,13,13,0,0,0,0,0,0
2016,Italy,EC,TLS,Timor-Leste,0,240,0,0,0,0,0,1,117,0,0,0,118,0,0,0,0,0,0,0,0,0,0,0,0,0,0,0,0,0,1,0,0,0,0,0,0,0,0,1,0,0,0,0,0,0,0,0,0,0,2,0,0,0,0,0,0,0,0,0,0,0,0,117,118,0,1,2,0,2,0
2016,Luxembourg,EC,TLS,Timor-Leste,0,5,0,0,0,0,0,0,2,0,0,0,2,0,0,0,0,0,0,0,0,0,0,0,0,0,0,0,0,0,0,0,0,0,0,0,0,0,0,0,0,0,0,0,0,0,0,0,0,0,0,0,0,0,0,0,0,0,0,0,0,0,0,2,2,0,0,0,0,0,0
2016,Netherlands,EC,TLS,Timor-Leste,0,75,0,0,0,0,0,0,37,0,0,0,37,0,0,0,0,0,0,0,0,0,0,0,0,0,0,0,0,0,0,0,0,0,0,0,0,0,0,0,0,0,0,0,0,0,0,0,0,0,1,0,0,0,0,0,0,0,0,0,0,0,0,37,37,0,0,0,0,1,0
2016,Other_OECD_DAC_countries,EC,TLS,Timor-Leste,0,111,0,0,0,0,0,0,56,0,0,0,56,0,0,0,0,0,0,0,0,0,0,0,0,0,0,0,0,0,0,0,0,0,0,0,0,0,0,0,0,0,0,0,0,0,0,0,0,0,0,0,0,0,0,0,0,0,0,0,0,0,0,56,56,0,0,0,0,0,0
2016,Portugal,EC,TLS,Timor-Leste,0,24,0,0,0,0,0,0,12,0,0,0,12,0,0,0,0,0,0,0,0,0,0,0,0,0,0,0,0,0,0,0,0,0,0,0,0,0,0,0,0,0,0,0,0,0,0,0,0,0,0,0,0,0,0,0,0,0,0,0,0,0,0,12,12,0,0,0,0,0,0
2016,Spain,EC,TLS,Timor-Leste,0,155,0,0,0,0,0,0,75,0,0,0,76,0,0,0,0,0,0,0,0,0,0,0,0,0,0,0,0,0,1,0,0,0,0,0,0,0,0,1,0,0,0,0,0,0,0,0,0,0,2,0,0,0,0,0,0,0,0,0,0,0,0,76,76,0,0,1,0,2,0
2016,Sweden,EC,TLS,Timor-Leste,0,39,0,0,0,0,0,0,20,0,0,0,20,0,0,0,0,0,0,0,0,0,0,0,0,0,0,0,0,0,0,0,0,0,0,0,0,0,0,0,0,0,0,0,0,0,0,0,0,0,0,0,0,0,0,0,0,0,0,0,0,0,0,20,20,0,0,0,0,0,0
2016,United_Kingdom,EC,TLS,Timor-Leste,0,275,0,0,0,0,0,1,133,0,0,0,134,0,0,0,0,0,0,1,0,0,0,0,0,0,0,0,0,0,1,0,0,0,0,0,0,0,0,1,0,0,0,0,0,0,0,0,0,0,3,0,0,0,0,0,0,0,0,0,0,0,0,134,135,0,1,2,0,3,0
2016,Gates Foundation,GATES,TLS,Timor-Leste,0,339,0,0,0,0,9,0,0,0,9,0,0,2,0,1,0,0,0,0,0,0,0,0,0,0,0,0,0,0,0,0,0,0,0,0,12,0,52,0,0,0,0,0,0,0,0,0,0,0,12,0,0,0,0,0,0,0,0,0,0,242,0,18,3,0,0,64,0,12,0
2016,Australia,GAVI,TLS,Timor-Leste,0,10,0,0,0,0,0,0,0,0,0,0,0,10,0,0,0,0,0,0,0,0,0,0,0,0,0,0,0,0,0,0,0,0,0,0,0,0,0,0,0,0,0,0,0,0,0,0,0,0,0,0,0,0,0,0,0,0,0,0,0,0,0,0,10,0,0,0,0,0,0
2016,Canada,GAVI,TLS,Timor-Leste,0,25,0,0,0,0,0,0,0,0,0,0,0,25,0,0,0,0,0,0,0,0,0,0,0,0,0,0,0,0,0,0,0,0,0,0,0,0,0,0,0,0,0,0,0,0,0,0,0,0,0,0,0,0,0,0,0,0,0,0,0,0,0,0,25,0,0,0,0,0,0
2016,France,GAVI,TLS,Timor-Leste,0,41,0,0,0,0,0,0,0,0,0,0,0,41,0,0,0,0,0,0,0,0,0,0,0,0,0,0,0,0,0,0,0,0,0,0,0,0,0,0,0,0,0,0,0,0,0,0,0,0,0,0,0,0,0,0,0,0,0,0,0,0,0,0,41,0,0,0,0,0,0
2016,Gates Foundation,GAVI,TLS,Timor-Leste,0,92,0,0,0,0,0,0,0,0,0,0,0,92,0,0,0,0,0,0,0,0,0,0,0,0,0,0,0,0,0,0,0,0,0,0,0,0,0,0,0,0,0,0,0,0,0,0,0,0,0,0,0,0,0,0,0,0,0,0,0,0,0,0,92,0,0,0,0,0,0
2016,Germany,GAVI,TLS,Timor-Leste,0,32,0,0,0,0,0,0,0,0,0,0,0,32,0,0,0,0,0,0,0,0,0,0,0,0,0,0,0,0,0,0,0,0,0,0,0,0,0,0,0,0,0,0,0,0,0,0,0,0,0,0,0,0,0,0,0,0,0,0,0,0,0,0,32,0,0,0,0,0,0
2016,Italy,GAVI,TLS,Timor-Leste,0,15,0,0,0,0,0,0,0,0,0,0,0,15,0,0,0,0,0,0,0,0,0,0,0,0,0,0,0,0,0,0,0,0,0,0,0,0,0,0,0,0,0,0,0,0,0,0,0,0,0,0,0,0,0,0,0,0,0,0,0,0,0,0,15,0,0,0,0,0,0
2016,Japan,GAVI,TLS,Timor-Leste,0,5,0,0,0,0,0,0,0,0,0,0,0,5,0,0,0,0,0,0,0,0,0,0,0,0,0,0,0,0,0,0,0,0,0,0,0,0,0,0,0,0,0,0,0,0,0,0,0,0,0,0,0,0,0,0,0,0,0,0,0,0,0,0,5,0,0,0,0,0,0
2016,Korea,GAVI,TLS,Timor-Leste,0,1,0,0,0,0,0,0,0,0,0,0,0,1,0,0,0,0,0,0,0,0,0,0,0,0,0,0,0,0,0,0,0,0,0,0,0,0,0,0,0,0,0,0,0,0,0,0,0,0,0,0,0,0,0,0,0,0,0,0,0,0,0,0,1,0,0,0,0,0,0
2016,Netherlands,GAVI,TLS,Timor-Leste,0,10,0,0,0,0,0,0,0,0,0,0,0,10,0,0,0,0,0,0,0,0,0,0,0,0,0,0,0,0,0,0,0,0,0,0,0,0,0,0,0,0,0,0,0,0,0,0,0,0,0,0,0,0,0,0,0,0,0,0,0,0,0,0,10,0,0,0,0,0,0
2016,Non_OECD_non_DAC_countries,GAVI,TLS,Timor-Leste,0,2,0,0,0,0,0,0,0,0,0,0,0,2,0,0,0,0,0,0,0,0,0,0,0,0,0,0,0,0,0,0,0,0,0,0,0,0,0,0,0,0,0,0,0,0,0,0,0,0,0,0,0,0,0,0,0,0,0,0,0,0,0,0,2,0,0,0,0,0,0
2016,Norway,GAVI,TLS,Timor-Leste,0,45,0,0,0,0,0,0,0,0,0,0,0,45,0,0,0,0,0,0,0,0,0,0,0,0,0,0,0,0,0,0,0,0,0,0,0,0,0,0,0,0,0,0,0,0,0,0,0,0,0,0,0,0,0,0,0,0,0,0,0,0,0,0,45,0,0,0,0,0,0
2016,Other,GAVI,TLS,Timor-Leste,0,19,0,0,0,0,0,0,0,0,0,0,0,19,0,0,0,0,0,0,0,0,0,0,0,0,0,0,0,0,0,0,0,0,0,0,0,0,0,0,0,0,0,0,0,0,0,0,0,0,0,0,0,0,0,0,0,0,0,0,0,0,0,0,19,0,0,0,0,0,0
2016,Private_other,GAVI,TLS,Timor-Leste,0,4,0,0,0,0,0,0,0,0,0,0,0,4,0,0,0,0,0,0,0,0,0,0,0,0,0,0,0,0,0,0,0,0,0,0,0,0,0,0,0,0,0,0,0,0,0,0,0,0,0,0,0,0,0,0,0,0,0,0,0,0,0,0,4,0,0,0,0,0,0
2016,Sweden,GAVI,TLS,Timor-Leste,0,10,0,0,0,0,0,0,0,0,0,0,0,10,0,0,0,0,0,0,0,0,0,0,0,0,0,0,0,0,0,0,0,0,0,0,0,0,0,0,0,0,0,0,0,0,0,0,0,0,0,0,0,0,0,0,0,0,0,0,0,0,0,0,10,0,0,0,0,0,0
2016,United_Kingdom,GAVI,TLS,Timor-Leste,0,105,0,0,0,0,0,0,0,0,0,0,0,105,0,0,0,0,0,0,0,0,0,0,0,0,0,0,0,0,0,0,0,0,0,0,0,0,0,0,0,0,0,0,0,0,0,0,0,0,0,0,0,0,0,0,0,0,0,0,0,0,0,0,105,0,0,0,0,0,0
2016,United_States,GAVI,TLS,Timor-Leste,0,65,0,0,0,0,0,0,0,0,0,0,0,65,0,0,0,0,0,0,0,0,0,0,0,0,0,0,0,0,0,0,0,0,0,0,0,0,0,0,0,0,0,0,0,0,0,0,0,0,0,0,0,0,0,0,0,0,0,0,0,0,0,0,65,0,0,0,0,0,0
2016,Australia,GFATM,TLS,Timor-Leste,0,162,0,0,0,0,0,0,0,0,0,0,0,0,0,0,0,0,10,14,1,0,2,5,0,5,17,2,1,2,5,1,1,11,1,0,11,8,4,2,10,3,9,22,4,8,2,0,0,0,0,0,0,0,0,0,0,0,0,0,0,0,0,0,0,0,57,46,58,0,0
2016,Austria,GFATM,TLS,Timor-Leste,0,14,0,0,0,0,0,0,0,0,0,0,0,0,0,0,0,0,1,1,0,0,0,0,0,0,1,0,0,0,0,0,0,1,0,0,1,1,0,0,1,0,1,2,0,1,0,0,0,0,0,0,0,0,0,0,0,0,0,0,0,0,0,0,0,0,5,4,5,0,0
2016,Belgium,GFATM,TLS,Timor-Leste,0,70,0,0,0,0,0,0,0,0,0,0,0,0,0,0,0,0,4,6,0,0,1,2,0,2,7,1,0,1,2,1,1,5,1,0,5,3,2,1,4,1,4,9,2,3,1,0,0,0,0,0,0,0,0,0,0,0,0,0,0,0,0,0,0,0,25,20,25,0,0
2016,Canada,GFATM,TLS,Timor-Leste,0,364,0,1,0,0,0,0,0,0,0,0,0,0,0,0,0,0,22,32,2,1,4,11,0,12,38,5,2,4,11,3,3,24,3,0,24,18,9,4,22,6,21,49,9,18,5,0,0,0,0,0,0,0,0,0,0,0,0,0,0,0,0,0,0,0,129,104,130,0,1
2016,China,GFATM,TLS,Timor-Leste,0,9,0,0,0,0,0,0,0,0,0,0,0,0,0,0,0,0,1,1,0,0,0,0,0,0,1,0,0,0,0,0,0,1,0,0,1,0,0,0,1,0,1,1,0,0,0,0,0,0,0,0,0,0,0,0,0,0,0,0,0,0,0,0,0,0,3,3,3,0,0
2016,Denmark,GFATM,TLS,Timor-Leste,0,27,0,0,0,0,0,0,0,0,0,0,0,0,0,0,0,0,2,2,0,0,0,1,0,1,3,0,0,0,1,0,0,2,0,0,2,1,1,0,2,0,2,4,1,1,0,0,0,0,0,0,0,0,0,0,0,0,0,0,0,0,0,0,0,0,10,8,10,0,0
2016,Finland,GFATM,TLS,Timor-Leste,0,9,0,0,0,0,0,0,0,0,0,0,0,0,0,0,0,0,1,1,0,0,0,0,0,0,1,0,0,0,0,0,0,1,0,0,1,0,0,0,1,0,1,1,0,0,0,0,0,0,0,0,0,0,0,0,0,0,0,0,0,0,0,0,0,0,3,3,3,0,0
2016,France,GFATM,TLS,Timor-Leste,0,809,0,1,0,0,0,0,0,0,0,0,0,0,0,0,0,0,49,71,5,1,9,24,0,27,85,12,3,8,24,7,7,54,7,0,54,40,20,9,48,13,47,108,20,41,12,0,0,0,0,0,0,0,0,0,0,0,0,0,0,0,0,0,0,0,287,231,289,0,1
2016,Gates Foundation,GFATM,TLS,Timor-Leste,0,532,0,1,0,0,0,0,0,0,0,0,0,0,0,0,0,0,33,47,3,1,6,16,0,18,56,8,2,6,16,5,5,35,5,0,36,27,13,6,32,9,31,71,13,27,8,0,0,0,0,0,0,0,0,0,0,0,0,0,0,0,0,0,0,0,189,152,191,0,1
2016,Germany,GFATM,TLS,Timor-Leste,0,625,0,1,0,0,0,0,0,0,0,0,0,0,0,0,0,0,38,55,4,1,7,19,0,21,66,9,3,6,19,5,5,42,5,0,42,31,15,7,37,10,36,83,16,31,9,0,0,0,0,0,0,0,0,0,0,0,0,0,0,0,0,0,0,0,222,178,224,0,1
2016,Greece,GFATM,TLS,Timor-Leste,0,8,0,0,0,0,0,0,0,0,0,0,0,0,0,0,0,0,0,1,0,0,0,0,0,0,1,0,0,0,0,0,0,1,0,0,1,0,0,0,0,0,0,1,0,0,0,0,0,0,0,0,0,0,0,0,0,0,0,0,0,0,0,0,0,0,3,2,3,0,0
2016,Ireland,GFATM,TLS,Timor-Leste,0,33,0,0,0,0,0,0,0,0,0,0,0,0,0,0,0,0,2,3,0,0,0,1,0,1,3,0,0,0,1,0,0,2,0,0,2,2,1,0,2,1,2,4,1,2,0,0,0,0,0,0,0,0,0,0,0,0,0,0,0,0,0,0,0,0,12,9,12,0,0
2016,Italy,GFATM,TLS,Timor-Leste,0,172,0,0,0,0,0,0,0,0,0,0,0,0,0,0,0,0,11,15,1,0,2,5,0,6,18,2,1,2,5,2,2,11,1,0,12,9,4,2,10,3,10,23,4,9,3,0,0,0,0,0,0,0,0,0,0,0,0,0,0,0,0,0,0,0,61,49,62,0,0
2016,Japan,GFATM,TLS,Timor-Leste,0,320,0,1,0,0,0,0,0,0,0,0,0,0,0,0,0,0,20,28,2,0,3,9,0,11,34,5,1,3,10,3,3,21,3,0,21,16,8,3,19,5,19,43,8,16,5,0,0,0,0,0,0,0,0,0,0,0,0,0,0,0,0,0,0,0,113,91,114,0,1
2016,Korea,GFATM,TLS,Timor-Leste,0,7,0,0,0,0,0,0,0,0,0,0,0,0,0,0,0,0,0,1,0,0,0,0,0,0,1,0,0,0,0,0,0,0,0,0,0,0,0,0,0,0,0,1,0,0,0,0,0,0,0,0,0,0,0,0,0,0,0,0,0,0,0,0,0,0,2,2,3,0,0
2016,Luxembourg,GFATM,TLS,Timor-Leste,0,8,0,0,0,0,0,0,0,0,0,0,0,0,0,0,0,0,0,1,0,0,0,0,0,0,1,0,0,0,0,0,0,1,0,0,1,0,0,0,0,0,0,1,0,0,0,0,0,0,0,0,0,0,0,0,0,0,0,0,0,0,0,0,0,0,3,2,3,0,0
2016,Netherlands,GFATM,TLS,Timor-Leste,0,152,0,0,0,0,0,0,0,0,0,0,0,0,0,0,0,0,9,13,1,0,2,5,0,5,16,2,1,2,5,1,1,10,1,0,10,8,4,2,9,3,9,20,4,8,2,0,0,0,0,0,0,0,0,0,0,0,0,0,0,0,0,0,0,0,54,43,54,0,0
2016,Non_OECD_DAC_countries,GFATM,TLS,Timor-Leste,0,14,0,0,0,0,0,0,0,0,0,0,0,0,0,0,0,0,1,1,0,0,0,0,0,0,1,0,0,0,0,0,0,1,0,0,1,1,0,0,1,0,1,2,0,1,0,0,0,0,0,0,0,0,0,0,0,0,0,0,0,0,0,0,0,0,5,4,5,0,0
2016,Non_OECD_non_DAC_countries,GFATM,TLS,Timor-Leste,0,12,0,0,0,0,0,0,0,0,0,0,0,0,0,0,0,0,1,1,0,0,0,0,0,0,1,0,0,0,0,0,0,1,0,0,1,1,0,0,1,0,1,2,0,1,0,0,0,0,0,0,0,0,0,0,0,0,0,0,0,0,0,0,0,0,4,3,4,0,0
2016,Norway,GFATM,TLS,Timor-Leste,0,175,0,0,0,0,0,0,0,0,0,0,0,0,0,0,0,0,11,15,1,0,2,5,0,6,18,3,1,2,5,2,2,12,1,0,12,9,4,2,10,3,10,23,4,9,3,0,0,0,0,0,0,0,0,0,0,0,0,0,0,0,0,0,0,0,62,50,62,0,0
2016,Other_OECD_DAC_countries,GFATM,TLS,Timor-Leste,0,35,0,0,0,0,0,0,0,0,0,0,0,0,0,0,0,0,2,3,0,0,0,1,0,1,4,1,0,0,1,0,0,2,0,0,2,2,1,0,2,1,2,5,1,2,1,0,0,0,0,0,0,0,0,0,0,0,0,0,0,0,0,0,0,0,12,10,13,0,0
2016,Portugal,GFATM,TLS,Timor-Leste,0,8,0,0,0,0,0,0,0,0,0,0,0,0,0,0,0,0,0,1,0,0,0,0,0,0,1,0,0,0,0,0,0,1,0,0,1,0,0,0,0,0,0,1,0,0,0,0,0,0,0,0,0,0,0,0,0,0,0,0,0,0,0,0,0,0,3,2,3,0,0
2016,Private_other,GFATM,TLS,Timor-Leste,0,72,0,0,0,0,0,0,0,0,0,0,0,0,0,0,0,0,4,6,0,0,1,2,0,2,8,1,0,1,2,1,1,5,1,0,5,4,2,1,4,1,4,10,2,4,1,0,0,0,0,0,0,0,0,0,0,0,0,0,0,0,0,0,0,0,26,21,26,0,0
2016,Spain,GFATM,TLS,Timor-Leste,0,49,0,0,0,0,0,0,0,0,0,0,0,0,0,0,0,0,3,4,0,0,1,1,0,2,5,1,0,1,1,0,0,3,0,0,3,2,1,1,3,1,3,6,1,2,1,0,0,0,0,0,0,0,0,0,0,0,0,0,0,0,0,0,0,0,17,14,17,0,0
2016,Sweden,GFATM,TLS,Timor-Leste,0,243,0,0,0,0,0,0,0,0,0,0,0,0,0,0,0,0,15,21,2,0,3,7,0,8,26,3,1,3,7,2,2,16,2,0,16,12,6,3,15,4,14,32,6,12,4,0,0,0,0,0,0,0,0,0,0,0,0,0,0,0,0,0,0,0,86,69,87,0,0
2016,Switzerland,GFATM,TLS,Timor-Leste,0,39,0,0,0,0,0,0,0,0,0,0,0,0,0,0,0,0,2,3,0,0,0,1,0,1,4,1,0,0,1,0,0,3,0,0,3,2,1,0,2,1,2,5,1,2,1,0,0,0,0,0,0,0,0,0,0,0,0,0,0,0,0,0,0,0,14,11,14,0,0
2016,United_Kingdom,GFATM,TLS,Timor-Leste,0,443,0,1,0,0,0,0,0,0,0,0,0,0,0,0,0,0,27,39,3,1,5,13,0,15,47,6,2,5,13,4,4,29,4,0,30,22,11,5,27,7,26,59,11,22,7,0,0,0,0,0,0,0,0,0,0,0,0,0,0,0,0,0,0,0,157,126,158,0,1
2016,United_States,GFATM,TLS,Timor-Leste,0,3241,0,5,0,0,0,0,0,0,0,0,0,0,0,0,0,0,198,283,20,5,35,96,1,110,341,47,14,34,97,29,29,216,28,0,218,162,79,34,194,53,189,432,80,163,49,0,0,0,0,0,0,0,0,0,0,0,0,0,0,0,0,0,0,0,1150,925,1160,0,6
2016,Australia,INTLNGO,TLS,Timor-Leste,0,51,0,0,0,0,6,6,0,39,0,0,0,0,0,0,0,0,0,0,0,0,0,0,0,0,0,0,0,0,0,0,0,0,0,0,0,0,0,0,0,0,0,0,0,0,0,0,0,0,0,0,0,0,0,0,0,0,0,0,0,0,0,50,0,0,0,0,0,0,0
2016,Canada,INTLNGO,TLS,Timor-Leste,0,89,0,0,0,0,1,5,0,3,0,12,59,0,0,0,0,1,0,0,0,0,0,0,0,0,0,0,0,0,0,0,0,0,0,0,0,0,0,0,0,0,0,2,0,0,0,0,0,0,0,0,0,0,0,5,0,0,0,0,0,0,0,21,60,5,0,0,2,0,0
2016,Germany,INTLNGO,TLS,Timor-Leste,0,75,0,0,0,0,0,0,0,0,0,0,0,0,0,0,0,0,0,0,0,0,0,0,0,0,0,0,0,0,0,0,0,0,0,0,0,0,0,0,0,0,0,0,0,0,0,0,0,0,0,0,0,0,0,0,0,0,0,0,0,75,0,0,0,0,0,0,0,0,0
2016,Japan,INTLNGO,TLS,Timor-Leste,0,397,83,0,167,0,0,0,0,0,0,0,3,0,0,0,0,0,0,0,0,0,0,0,0,0,0,0,0,0,0,0,0,0,0,0,0,0,0,0,0,0,0,0,0,0,0,0,0,0,0,0,0,0,0,0,0,0,0,0,0,144,0,0,3,0,0,0,0,0,250
2016,Korea,INTLNGO,TLS,Timor-Leste,0,217,12,0,12,0,0,0,0,0,194,0,0,0,0,0,0,0,0,0,0,0,0,0,0,0,0,0,0,0,0,0,0,0,0,0,0,0,0,0,0,0,0,0,0,0,0,0,0,0,0,0,0,0,0,0,0,0,0,0,0,0,0,194,0,0,0,0,0,0,23
2016,United_Kingdom,INTLNGO,TLS,Timor-Leste,0,44,0,0,0,0,10,34,0,0,0,0,0,0,0,0,0,0,0,0,0,0,0,0,0,0,0,0,0,0,0,0,0,0,0,0,0,0,0,0,0,0,0,0,0,0,0,0,0,0,0,0,0,0,0,0,0,0,0,0,0,0,0,44,0,0,0,0,0,0,0
2016,United_States,INTLNGO,TLS,Timor-Leste,0,134,0,0,0,0,84,0,0,0,0,0,0,0,0,0,0,0,0,1,0,0,0,0,0,27,0,0,0,0,0,0,0,0,0,0,0,0,0,0,3,5,13,0,0,0,0,0,0,0,0,0,0,0,0,0,0,0,0,0,0,0,0,84,0,0,29,0,21,0,0
2016,Corporate_donations,NGO,TLS,Timor-Leste,0,2010,23,0,7,0,1,3,1,0,4,0,2,0,32,5,12,0,0,0,0,0,0,0,0,2,0,0,1,0,0,0,0,0,0,0,0,0,0,0,0,0,0,0,0,0,0,0,5,0,2,14,17,0,0,2,7,610,1253,0,0,4,0,9,51,1873,3,2,0,37,30
2016,Gates Foundation,NGO,TLS,Timor-Leste,0,119,2,0,1,0,46,10,0,2,5,1,1,12,0,6,5,7,2,1,0,0,0,1,0,0,1,0,3,1,1,0,1,3,0,0,0,2,0,0,1,0,0,0,0,0,0,0,0,0,0,0,0,0,0,0,0,1,0,0,0,0,0,63,32,2,8,9,2,0,3
2016,Private_other,NGO,TLS,Timor-Leste,0,3577,147,0,39,0,185,53,13,3,66,5,72,103,75,35,156,60,9,3,0,6,6,4,0,42,2,20,22,5,5,0,6,11,1,0,0,11,1,0,4,0,1,2,2,3,1,0,6,0,5,15,27,2,28,25,56,685,1467,9,0,72,0,325,500,2270,116,40,13,54,186
2016,United_States,NGO,TLS,Timor-Leste,0,2134,0,0,0,0,546,355,0,185,398,0,31,0,0,207,374,0,0,0,0,0,8,0,0,0,23,8,0,0,0,0,0,0,0,0,0,0,0,0,0,0,0,0,0,0,0,0,0,0,0,0,0,0,0,0,0,0,0,0,0,0,0,1483,612,0,39,0,0,0,0
2016,Australia,UNFPA,TLS,Timor-Leste,0,34,0,0,0,0,9,11,7,5,0,0,0,0,0,0,0,0,0,1,0,0,0,0,0,0,0,0,0,0,0,0,0,0,0,0,0,0,0,0,0,0,0,0,0,0,0,0,0,0,0,0,0,0,0,0,0,0,0,0,0,0,0,33,0,0,1,0,0,0,0
2016,Austria,UNFPA,TLS,Timor-Leste,0,1,0,0,0,0,0,0,0,0,0,0,0,0,0,0,0,0,0,0,0,0,0,0,0,0,0,0,0,0,0,0,0,0,0,0,0,0,0,0,0,0,0,0,0,0,0,0,0,0,0,0,0,0,0,0,0,0,0,0,0,0,0,1,0,0,0,0,0,0,0
2016,Belgium,UNFPA,TLS,Timor-Leste,0,29,0,0,0,0,8,10,6,4,0,0,0,0,0,0,0,0,0,1,0,0,0,0,0,0,0,0,0,0,0,0,0,0,0,0,0,0,0,0,0,0,0,0,0,0,0,0,0,0,0,0,0,0,0,0,0,0,0,0,0,0,0,28,0,0,1,0,0,0,0
2016,Canada,UNFPA,TLS,Timor-Leste,0,79,0,0,0,0,21,27,17,12,0,0,0,0,0,0,0,0,0,2,0,0,0,0,0,0,0,0,0,0,0,0,0,0,0,0,0,0,0,0,0,0,0,0,0,0,0,0,0,0,0,0,0,0,0,0,0,0,0,0,0,0,0,77,0,0,2,0,0,0,0
2016,China,UNFPA,TLS,Timor-Leste,0,2,0,0,0,0,1,1,0,0,0,0,0,0,0,0,0,0,0,0,0,0,0,0,0,0,0,0,0,0,0,0,0,0,0,0,0,0,0,0,0,0,0,0,0,0,0,0,0,0,0,0,0,0,0,0,0,0,0,0,0,0,0,2,0,0,0,0,0,0,0
2016,Denmark,UNFPA,TLS,Timor-Leste,0,53,0,0,0,0,14,18,12,8,0,0,0,0,0,0,0,0,0,1,0,0,0,0,0,0,0,0,0,0,0,0,0,0,0,0,0,0,0,0,0,0,0,0,0,0,0,0,0,0,0,0,0,0,0,0,0,0,0,0,0,0,0,52,0,0,1,0,0,0,0
2016,Finland,UNFPA,TLS,Timor-Leste,0,35,0,0,0,0,9,12,8,5,0,0,0,0,0,0,0,0,0,1,0,0,0,0,0,0,0,0,0,0,0,0,0,0,0,0,0,0,0,0,0,0,0,0,0,0,0,0,0,0,0,0,0,0,0,0,0,0,0,0,0,0,0,34,0,0,1,0,0,0,0
2016,France,UNFPA,TLS,Timor-Leste,0,11,0,0,0,0,3,4,2,2,0,0,0,0,0,0,0,0,0,0,0,0,0,0,0,0,0,0,0,0,0,0,0,0,0,0,0,0,0,0,0,0,0,0,0,0,0,0,0,0,0,0,0,0,0,0,0,0,0,0,0,0,0,11,0,0,0,0,0,0,0
2016,Germany,UNFPA,TLS,Timor-Leste,0,46,0,0,0,0,12,16,10,7,0,0,0,0,0,0,0,0,0,1,0,0,0,0,0,0,0,0,0,0,0,0,0,0,0,0,0,0,0,0,0,0,0,0,0,0,0,0,0,0,0,0,0,0,0,0,0,0,0,0,0,0,0,45,0,0,1,0,0,0,0
2016,Ireland,UNFPA,TLS,Timor-Leste,0,7,0,0,0,0,2,2,1,1,0,0,0,0,0,0,0,0,0,0,0,0,0,0,0,0,0,0,0,0,0,0,0,0,0,0,0,0,0,0,0,0,0,0,0,0,0,0,0,0,0,0,0,0,0,0,0,0,0,0,0,0,0,6,0,0,0,0,0,0,0
2016,Italy,UNFPA,TLS,Timor-Leste,0,11,0,0,0,0,3,4,2,2,0,0,0,0,0,0,0,0,0,0,0,0,0,0,0,0,0,0,0,0,0,0,0,0,0,0,0,0,0,0,0,0,0,0,0,0,0,0,0,0,0,0,0,0,0,0,0,0,0,0,0,0,0,11,0,0,0,0,0,0,0
2016,Japan,UNFPA,TLS,Timor-Leste,0,54,0,0,0,0,14,18,12,8,0,0,0,0,0,0,0,0,0,1,0,0,0,0,0,0,0,0,0,0,0,0,0,0,0,0,0,0,0,0,0,0,0,0,0,0,0,0,0,0,0,0,0,0,0,0,0,0,0,0,0,0,0,53,0,0,1,0,0,0,0
2016,Korea,UNFPA,TLS,Timor-Leste,0,13,0,0,0,0,3,4,3,2,0,0,0,0,0,0,0,0,0,0,0,0,0,0,0,0,0,0,0,0,0,0,0,0,0,0,0,0,0,0,0,0,0,0,0,0,0,0,0,0,0,0,0,0,0,0,0,0,0,0,0,0,0,13,0,0,0,0,0,0,0
2016,Luxembourg,UNFPA,TLS,Timor-Leste,0,13,0,0,0,0,4,5,3,2,0,0,0,0,0,0,0,0,0,0,0,0,0,0,0,0,0,0,0,0,0,0,0,0,0,0,0,0,0,0,0,0,0,0,0,0,0,0,0,0,0,0,0,0,0,0,0,0,0,0,0,0,0,13,0,0,0,0,0,0,0
2016,Netherlands,UNFPA,TLS,Timor-Leste,0,67,0,0,0,0,18,23,15,10,0,0,0,0,0,0,0,0,0,2,0,0,0,0,0,0,0,0,0,0,0,0,0,0,0,0,0,0,0,0,0,0,0,0,0,0,0,0,0,0,0,0,0,0,0,0,0,0,0,0,0,0,0,65,0,0,2,0,0,0,0
2016,New_Zealand,UNFPA,TLS,Timor-Leste,0,7,0,0,0,0,2,2,1,1,0,0,0,0,0,0,0,0,0,0,0,0,0,0,0,0,0,0,0,0,0,0,0,0,0,0,0,0,0,0,0,0,0,0,0,0,0,0,0,0,0,0,0,0,0,0,0,0,0,0,0,0,0,6,0,0,0,0,0,0,0
2016,Non_OECD_DAC_countries,UNFPA,TLS,Timor-Leste,0,5,0,0,0,0,1,2,1,1,0,0,0,0,0,0,0,0,0,0,0,0,0,0,0,0,0,0,0,0,0,0,0,0,0,0,0,0,0,0,0,0,0,0,0,0,0,0,0,0,0,0,0,0,0,0,0,0,0,0,0,0,0,5,0,0,0,0,0,0,0
2016,Non_OECD_non_DAC_countries,UNFPA,TLS,Timor-Leste,0,27,0,0,0,0,7,9,6,4,0,0,0,0,0,0,0,0,0,1,0,0,0,0,0,0,0,0,0,0,0,0,0,0,0,0,0,0,0,0,0,0,0,0,0,0,0,0,0,0,0,0,0,0,0,0,0,0,0,0,0,0,0,27,0,0,1,0,0,0,0
2016,Norway,UNFPA,TLS,Timor-Leste,0,88,0,0,0,0,23,30,19,13,0,0,0,0,0,0,0,0,0,2,0,0,0,0,0,0,0,0,0,0,0,0,0,0,0,0,0,0,0,0,0,0,0,0,0,0,0,0,0,0,0,0,0,0,0,0,0,0,0,0,0,0,0,85,0,0,2,0,0,0,0
2016,Other,UNFPA,TLS,Timor-Leste,0,352,0,0,0,0,93,119,77,53,0,0,0,0,0,0,0,0,0,9,0,0,0,0,0,0,0,0,0,0,0,0,0,0,0,0,0,0,0,0,0,0,0,0,0,0,0,0,0,0,0,0,0,0,0,0,0,0,0,0,0,0,0,342,0,0,9,0,0,0,0
2016,Private_other,UNFPA,TLS,Timor-Leste,0,5,0,0,0,0,1,2,1,1,0,0,0,0,0,0,0,0,0,0,0,0,0,0,0,0,0,0,0,0,0,0,0,0,0,0,0,0,0,0,0,0,0,0,0,0,0,0,0,0,0,0,0,0,0,0,0,0,0,0,0,0,0,5,0,0,0,0,0,0,0
2016,Spain,UNFPA,TLS,Timor-Leste,0,5,0,0,0,0,1,2,1,1,0,0,0,0,0,0,0,0,0,0,0,0,0,0,0,0,0,0,0,0,0,0,0,0,0,0,0,0,0,0,0,0,0,0,0,0,0,0,0,0,0,0,0,0,0,0,0,0,0,0,0,0,0,5,0,0,0,0,0,0,0
2016,Sweden,UNFPA,TLS,Timor-Leste,0,128,0,0,0,0,34,43,28,19,0,0,0,0,0,0,0,0,0,3,0,0,0,0,0,0,0,0,0,0,0,0,0,0,0,0,0,0,0,0,0,0,0,0,0,0,0,0,0,0,0,0,0,0,0,0,0,0,0,0,0,0,0,125,0,0,3,0,0,0,0
2016,Switzerland,UNFPA,TLS,Timor-Leste,0,48,0,0,0,0,13,16,11,7,0,0,0,0,0,0,0,0,0,1,0,0,0,0,0,0,0,0,0,0,0,0,0,0,0,0,0,0,0,0,0,0,0,0,0,0,0,0,0,0,0,0,0,0,0,0,0,0,0,0,0,0,0,47,0,0,1,0,0,0,0
2016,Unallocable,UNFPA,TLS,Timor-Leste,0,2,0,0,0,0,1,1,0,0,0,0,0,0,0,0,0,0,0,0,0,0,0,0,0,0,0,0,0,0,0,0,0,0,0,0,0,0,0,0,0,0,0,0,0,0,0,0,0,0,0,0,0,0,0,0,0,0,0,0,0,0,0,2,0,0,0,0,0,0,0
2016,United_Kingdom,UNFPA,TLS,Timor-Leste,0,104,0,0,0,0,28,35,23,16,0,0,0,0,0,0,0,0,0,3,0,0,0,0,0,0,0,0,0,0,0,0,0,0,0,0,0,0,0,0,0,0,0,0,0,0,0,0,0,0,0,0,0,0,0,0,0,0,0,0,0,0,0,101,0,0,3,0,0,0,0
2016,United_States,UNFPA,TLS,Timor-Leste,0,100,0,0,0,0,27,34,22,15,0,0,0,0,0,0,0,0,0,3,0,0,0,0,0,0,0,0,0,0,0,0,0,0,0,0,0,0,0,0,0,0,0,0,0,0,0,0,0,0,0,0,0,0,0,0,0,0,0,0,0,0,0,98,0,0,3,0,0,0,0
2016,Australia,UNICEF,TLS,Timor-Leste,0,18,0,0,0,0,0,0,0,0,0,0,5,4,6,1,0,0,0,0,0,0,0,0,0,0,0,0,0,0,0,0,0,0,0,0,0,0,0,0,0,0,0,0,0,0,0,0,0,0,0,0,0,0,0,0,0,0,0,0,0,0,0,0,17,0,1,0,0,0,0
2016,Austria,UNICEF,TLS,Timor-Leste,0,5,0,0,0,0,0,0,0,0,0,0,1,1,2,0,0,0,0,0,0,0,0,0,0,0,0,0,0,0,0,0,0,0,0,0,0,0,0,0,0,0,0,0,0,0,0,0,0,0,0,0,0,0,0,0,0,0,0,0,0,0,0,0,4,0,0,0,0,0,0
2016,Belgium,UNICEF,TLS,Timor-Leste,0,20,0,0,0,0,0,0,1,0,0,0,6,5,6,2,0,0,0,0,0,0,0,0,0,0,0,0,0,0,0,0,0,0,0,0,0,0,0,0,0,0,0,0,0,0,0,0,0,0,0,0,0,0,0,0,0,0,0,0,0,0,0,1,19,0,1,0,0,0,0
2016,Canada,UNICEF,TLS,Timor-Leste,0,69,0,0,0,0,0,0,2,0,0,0,20,17,21,5,0,0,0,1,1,0,0,0,0,1,0,0,0,0,0,0,0,0,0,0,0,0,0,0,0,0,0,0,0,0,0,0,0,0,0,0,0,0,0,0,0,0,0,0,0,0,0,2,64,0,3,0,0,0,0
2016,Denmark,UNICEF,TLS,Timor-Leste,0,23,0,0,0,0,0,0,1,0,0,0,7,6,7,2,0,0,0,0,0,0,0,0,0,0,0,0,0,0,0,0,0,0,0,0,0,0,0,0,0,0,0,0,0,0,0,0,0,0,0,0,0,0,0,0,0,0,0,0,0,0,0,1,21,0,1,0,0,0,0
2016,Finland,UNICEF,TLS,Timor-Leste,0,9,0,0,0,0,0,0,0,0,0,0,3,2,3,1,0,0,0,0,0,0,0,0,0,0,0,0,0,0,0,0,0,0,0,0,0,0,0,0,0,0,0,0,0,0,0,0,0,0,0,0,0,0,0,0,0,0,0,0,0,0,0,0,8,0,0,0,0,0,0
2016,France,UNICEF,TLS,Timor-Leste,0,32,0,0,0,0,0,0,1,0,0,0,10,8,10,3,0,0,0,0,0,0,0,0,0,1,0,0,0,0,0,0,0,0,0,0,0,0,0,0,0,0,0,0,0,0,0,0,0,0,0,0,0,0,0,0,0,0,0,0,0,0,0,1,30,0,2,0,0,0,0
2016,Germany,UNICEF,TLS,Timor-Leste,0,131,0,0,0,0,0,0,3,0,0,0,39,32,40,10,0,0,0,1,1,1,0,0,0,3,0,0,0,0,0,0,0,0,0,0,0,0,0,0,0,0,0,0,0,0,0,0,0,0,0,0,0,0,0,0,0,0,0,0,0,0,0,3,121,0,6,0,0,0,0
2016,Greece,UNICEF,TLS,Timor-Leste,0,2,0,0,0,0,0,0,0,0,0,0,1,0,1,0,0,0,0,0,0,0,0,0,0,0,0,0,0,0,0,0,0,0,0,0,0,0,0,0,0,0,0,0,0,0,0,0,0,0,0,0,0,0,0,0,0,0,0,0,0,0,0,0,2,0,0,0,0,0,0
2016,Ireland,UNICEF,TLS,Timor-Leste,0,13,0,0,0,0,0,0,0,0,0,0,4,3,4,1,0,0,0,0,0,0,0,0,0,0,0,0,0,0,0,0,0,0,0,0,0,0,0,0,0,0,0,0,0,0,0,0,0,0,0,0,0,0,0,0,0,0,0,0,0,0,0,0,12,0,1,0,0,0,0
2016,Italy,UNICEF,TLS,Timor-Leste,0,28,0,0,0,0,0,0,1,0,0,0,8,7,9,2,0,0,0,0,0,0,0,0,0,1,0,0,0,0,0,0,0,0,0,0,0,0,0,0,0,0,0,0,0,0,0,0,0,0,0,0,0,0,0,0,0,0,0,0,0,0,0,1,26,0,1,0,0,0,0
2016,Japan,UNICEF,TLS,Timor-Leste,0,90,0,0,0,0,0,0,2,0,0,0,27,22,28,7,0,0,0,1,1,1,0,0,0,2,0,0,0,0,0,0,0,0,0,0,0,0,0,0,0,0,0,0,0,0,0,0,0,0,0,0,0,0,0,0,0,0,0,0,0,0,0,2,83,0,4,0,0,0,0
2016,Korea,UNICEF,TLS,Timor-Leste,0,15,0,0,0,0,0,0,0,0,0,0,4,4,5,1,0,0,0,0,0,0,0,0,0,0,0,0,0,0,0,0,0,0,0,0,0,0,0,0,0,0,0,0,0,0,0,0,0,0,0,0,0,0,0,0,0,0,0,0,0,0,0,0,14,0,1,0,0,0,0
2016,Luxembourg,UNICEF,TLS,Timor-Leste,0,5,0,0,0,0,0,0,0,0,0,0,1,1,1,0,0,0,0,0,0,0,0,0,0,0,0,0,0,0,0,0,0,0,0,0,0,0,0,0,0,0,0,0,0,0,0,0,0,0,0,0,0,0,0,0,0,0,0,0,0,0,0,0,4,0,0,0,0,0,0
2016,Netherlands,UNICEF,TLS,Timor-Leste,0,68,0,0,0,0,0,0,2,0,0,0,20,17,21,5,0,0,0,1,1,0,0,0,0,1,0,0,0,0,0,0,0,0,0,0,0,0,0,0,0,0,0,0,0,0,0,0,0,0,0,0,0,0,0,0,0,0,0,0,0,0,0,2,63,0,3,0,0,0,0
2016,New_Zealand,UNICEF,TLS,Timor-Leste,0,4,0,0,0,0,0,0,0,0,0,0,1,1,1,0,0,0,0,0,0,0,0,0,0,0,0,0,0,0,0,0,0,0,0,0,0,0,0,0,0,0,0,0,0,0,0,0,0,0,0,0,0,0,0,0,0,0,0,0,0,0,0,0,3,0,0,0,0,0,0
2016,Non_OECD_DAC_countries,UNICEF,TLS,Timor-Leste,0,13,0,0,0,0,0,0,0,0,0,0,4,3,4,1,0,0,0,0,0,0,0,0,0,0,0,0,0,0,0,0,0,0,0,0,0,0,0,0,0,0,0,0,0,0,0,0,0,0,0,0,0,0,0,0,0,0,0,0,0,0,0,0,12,0,1,0,0,0,0
2016,Non_OECD_non_DAC_countries,UNICEF,TLS,Timor-Leste,0,70,0,0,0,0,0,0,2,0,0,0,21,17,22,6,0,0,0,1,1,1,0,0,0,2,0,0,0,0,0,0,0,0,0,0,0,0,0,0,0,0,0,0,0,0,0,0,0,0,0,0,0,0,0,0,0,0,0,0,0,0,0,2,65,0,3,0,0,0,0
2016,Norway,UNICEF,TLS,Timor-Leste,0,99,0,0,0,0,0,0,3,0,0,0,29,24,31,8,0,0,0,1,1,1,0,0,0,2,0,0,0,0,0,0,0,0,0,0,0,0,0,0,0,0,0,0,0,0,0,0,0,0,0,0,0,0,0,0,0,0,0,0,0,0,0,3,92,0,5,0,0,0,0
2016,Other,UNICEF,TLS,Timor-Leste,0,253,0,0,0,0,0,0,7,0,0,0,75,61,78,20,0,0,0,2,2,2,0,0,0,5,0,0,0,0,0,0,0,0,0,0,0,0,0,0,0,0,0,0,0,0,0,0,0,0,0,0,0,0,0,0,0,0,0,0,0,0,0,7,234,0,12,0,0,0,0
2016,Other_OECD_DAC_countries,UNICEF,TLS,Timor-Leste,0,9,0,0,0,0,0,0,0,0,0,0,3,2,3,1,0,0,0,0,0,0,0,0,0,0,0,0,0,0,0,0,0,0,0,0,0,0,0,0,0,0,0,0,0,0,0,0,0,0,0,0,0,0,0,0,0,0,0,0,0,0,0,0,8,0,0,0,0,0,0
2016,Portugal,UNICEF,TLS,Timor-Leste,0,2,0,0,0,0,0,0,0,0,0,0,1,0,1,0,0,0,0,0,0,0,0,0,0,0,0,0,0,0,0,0,0,0,0,0,0,0,0,0,0,0,0,0,0,0,0,0,0,0,0,0,0,0,0,0,0,0,0,0,0,0,0,0,2,0,0,0,0,0,0
2016,Private_other,UNICEF,TLS,Timor-Leste,0,334,0,0,0,0,0,0,9,0,0,0,99,81,103,26,0,0,1,3,3,2,1,0,0,7,0,0,0,0,0,0,0,0,0,0,0,0,0,0,0,0,0,0,0,0,0,0,0,0,0,0,0,0,0,0,0,0,0,0,0,0,0,9,309,0,16,0,0,0,0
2016,Spain,UNICEF,TLS,Timor-Leste,0,11,0,0,0,0,0,0,0,0,0,0,3,3,3,1,0,0,0,0,0,0,0,0,0,0,0,0,0,0,0,0,0,0,0,0,0,0,0,0,0,0,0,0,0,0,0,0,0,0,0,0,0,0,0,0,0,0,0,0,0,0,0,0,10,0,1,0,0,0,0
2016,Sweden,UNICEF,TLS,Timor-Leste,0,116,0,0,0,0,0,0,3,0,0,0,34,28,36,9,0,0,0,1,1,1,0,0,0,3,0,0,0,0,0,0,0,0,0,0,0,0,0,0,0,0,0,0,0,0,0,0,0,0,0,0,0,0,0,0,0,0,0,0,0,0,0,3,108,0,6,0,0,0,0
2016,Switzerland,UNICEF,TLS,Timor-Leste,0,19,0,0,0,0,0,0,0,0,0,0,6,5,6,1,0,0,0,0,0,0,0,0,0,0,0,0,0,0,0,0,0,0,0,0,0,0,0,0,0,0,0,0,0,0,0,0,0,0,0,0,0,0,0,0,0,0,0,0,0,0,0,0,17,0,1,0,0,0,0
2016,United_Kingdom,UNICEF,TLS,Timor-Leste,0,207,0,0,0,0,0,0,5,0,0,0,61,50,64,16,0,0,0,2,2,1,0,0,0,4,0,0,0,0,0,0,0,0,0,0,0,0,0,0,0,0,0,0,0,0,0,0,0,0,0,0,0,0,0,0,0,0,0,0,0,0,0,5,192,0,10,0,0,0,0
2016,United_States,UNICEF,TLS,Timor-Leste,0,315,0,0,0,0,0,0,8,0,0,0,93,77,97,25,0,0,1,3,3,2,1,0,0,7,0,0,0,0,0,0,0,0,0,0,0,0,0,0,0,0,0,0,0,0,0,0,0,0,0,0,0,0,0,0,0,0,0,0,0,0,0,8,292,0,15,0,0,0,0
2016,Private_other,US_FOUND,TLS,Timor-Leste,0,10,0,0,1,0,1,0,6,0,0,0,0,0,0,0,0,0,1,0,0,0,0,0,0,1,0,0,0,0,0,0,0,0,0,0,0,0,0,0,0,0,0,0,0,0,0,0,0,0,0,0,0,0,0,0,0,0,0,0,0,0,0,7,0,0,2,0,0,0,1
2016,Australia,WHO,TLS,Timor-Leste,0,69,9,0,12,7,0,0,3,0,0,0,1,4,2,0,0,0,0,0,0,0,0,0,0,2,0,0,0,0,0,0,0,0,0,0,2,0,0,0,0,0,0,2,0,0,0,0,0,0,17,0,0,0,0,1,4,0,0,0,0,4,0,3,7,5,2,2,2,17,28
2016,Austria,WHO,TLS,Timor-Leste,0,7,1,0,1,1,0,0,0,0,0,0,0,0,0,0,0,0,0,0,0,0,0,0,0,0,0,0,0,0,0,0,0,0,0,0,0,0,0,0,0,0,0,0,0,0,0,0,0,0,2,0,0,0,0,0,0,0,0,0,0,0,0,0,1,1,0,0,0,2,3
2016,Belgium,WHO,TLS,Timor-Leste,0,21,3,0,4,2,0,0,1,0,0,0,0,1,0,0,0,0,0,0,0,0,0,0,0,1,0,0,0,0,0,0,0,0,0,0,1,0,0,0,0,0,0,1,0,0,0,0,0,0,5,0,0,0,0,0,1,0,0,0,0,1,0,1,2,1,1,1,1,5,9
2016,Canada,WHO,TLS,Timor-Leste,0,78,11,0,14,8,0,0,3,0,0,0,1,5,2,0,0,0,0,0,0,0,0,0,0,3,0,0,0,0,0,0,0,0,0,0,2,0,0,0,0,0,0,2,0,0,0,0,0,0,19,0,0,0,1,1,4,0,0,0,0,4,0,3,8,6,3,2,2,19,32
2016,China,WHO,TLS,Timor-Leste,0,46,6,0,8,5,0,0,2,0,0,0,0,3,1,0,0,0,0,0,0,0,0,0,0,1,0,0,0,0,0,0,0,0,0,0,1,0,0,0,0,0,0,1,0,0,0,0,0,0,11,0,0,0,0,0,2,0,0,0,0,2,0,2,5,3,1,1,1,11,19
2016,Corporate_donations,WHO,TLS,Timor-Leste,0,62,9,0,11,6,0,0,2,0,0,0,1,4,1,0,0,0,0,0,0,0,0,0,0,2,0,0,0,0,0,0,0,0,0,0,2,0,0,0,0,0,0,2,0,0,0,0,0,0,15,0,0,0,0,1,3,0,0,0,0,3,0,2,6,4,2,2,2,15,25
2016,Denmark,WHO,TLS,Timor-Leste,0,11,1,0,2,1,0,0,0,0,0,0,0,1,0,0,0,0,0,0,0,0,0,0,0,0,0,0,0,0,0,0,0,0,0,0,0,0,0,0,0,0,0,0,0,0,0,0,0,0,3,0,0,0,0,0,1,0,0,0,0,1,0,0,1,1,0,0,0,3,4
2016,Finland,WHO,TLS,Timor-Leste,0,5,1,0,1,0,0,0,0,0,0,0,0,0,0,0,0,0,0,0,0,0,0,0,0,0,0,0,0,0,0,0,0,0,0,0,0,0,0,0,0,0,0,0,0,0,0,0,0,0,1,0,0,0,0,0,0,0,0,0,0,0,0,0,0,0,0,0,0,1,2
2016,France,WHO,TLS,Timor-Leste,0,91,13,0,16,9,0,0,3,0,0,0,1,6,2,0,0,0,0,0,0,0,0,0,0,3,0,0,0,0,0,0,0,0,0,0,3,0,0,0,0,0,0,2,0,0,0,0,0,0,22,0,0,0,1,1,5,0,0,0,0,5,0,3,9,6,3,3,2,22,37
2016,Gates Foundation,WHO,TLS,Timor-Leste,0,397,54,0,70,39,0,0,15,0,0,0,4,26,9,0,0,0,0,0,0,0,0,0,0,13,0,0,0,0,0,0,0,0,0,0,11,0,0,0,0,0,0,11,0,0,0,0,0,0,96,0,0,0,3,4,21,0,0,0,0,21,0,15,39,28,13,11,11,96,163
2016,Germany,WHO,TLS,Timor-Leste,0,122,17,0,21,12,0,0,5,0,0,0,1,8,3,0,0,0,0,0,0,0,0,0,0,4,0,0,0,0,0,0,0,0,0,0,3,0,0,0,0,0,0,3,0,0,0,0,0,0,29,0,0,0,1,1,7,0,0,0,0,6,0,5,12,9,4,3,3,29,50
2016,Greece,WHO,TLS,Timor-Leste,0,4,1,0,1,0,0,0,0,0,0,0,0,0,0,0,0,0,0,0,0,0,0,0,0,0,0,0,0,0,0,0,0,0,0,0,0,0,0,0,0,0,0,0,0,0,0,0,0,0,1,0,0,0,0,0,0,0,0,0,0,0,0,0,0,0,0,0,0,1,2
2016,Ireland,WHO,TLS,Timor-Leste,0,5,1,0,1,1,0,0,0,0,0,0,0,0,0,0,0,0,0,0,0,0,0,0,0,0,0,0,0,0,0,0,0,0,0,0,0,0,0,0,0,0,0,0,0,0,0,0,0,0,1,0,0,0,0,0,0,0,0,0,0,0,0,0,1,0,0,0,0,1,2
2016,Italy,WHO,TLS,Timor-Leste,0,48,7,0,9,5,0,0,2,0,0,0,0,3,1,0,0,0,0,0,0,0,0,0,0,2,0,0,0,0,0,0,0,0,0,0,1,0,0,0,0,0,0,1,0,0,0,0,0,0,12,0,0,0,0,1,3,0,0,0,0,3,0,2,5,3,2,1,1,12,20
2016,Japan,WHO,TLS,Timor-Leste,0,159,22,0,28,16,0,0,6,0,0,0,2,10,4,0,0,0,0,0,0,0,0,0,0,5,0,0,0,0,0,0,0,0,0,0,4,0,0,0,0,0,0,4,0,0,0,0,0,0,38,0,0,0,1,2,9,0,0,0,0,8,0,6,16,11,5,4,4,38,65
2016,Korea,WHO,TLS,Timor-Leste,0,35,5,0,6,3,0,0,1,0,0,0,0,2,1,0,0,0,0,0,0,0,0,0,0,1,0,0,0,0,0,0,0,0,0,0,1,0,0,0,0,0,0,1,0,0,0,0,0,0,8,0,0,0,0,0,2,0,0,0,0,2,0,1,3,2,1,1,1,8,14
2016,Luxembourg,WHO,TLS,Timor-Leste,0,13,2,0,2,1,0,0,0,0,0,0,0,1,0,0,0,0,0,0,0,0,0,0,0,0,0,0,0,0,0,0,0,0,0,0,0,0,0,0,0,0,0,0,0,0,0,0,0,0,3,0,0,0,0,0,1,0,0,0,0,1,0,0,1,1,0,0,0,3,5
2016,Netherlands,WHO,TLS,Timor-Leste,0,48,7,0,8,5,0,0,2,0,0,0,0,3,1,0,0,0,0,0,0,0,0,0,0,2,0,0,0,0,0,0,0,0,0,0,1,0,0,0,0,0,0,1,0,0,0,0,0,0,12,0,0,0,0,1,3,0,0,0,0,3,0,2,5,3,2,1,1,12,20
2016,New_Zealand,WHO,TLS,Timor-Leste,0,4,1,0,1,0,0,0,0,0,0,0,0,0,0,0,0,0,0,0,0,0,0,0,0,0,0,0,0,0,0,0,0,0,0,0,0,0,0,0,0,0,0,0,0,0,0,0,0,0,1,0,0,0,0,0,0,0,0,0,0,0,0,0,0,0,0,0,0,1,2
2016,Non_OECD_DAC_countries,WHO,TLS,Timor-Leste,0,57,8,0,10,6,0,0,2,0,0,0,1,4,1,0,0,0,0,0,0,0,0,0,0,2,0,0,0,0,0,0,0,0,0,0,2,0,0,0,0,0,0,2,0,0,0,0,0,0,14,0,0,0,0,1,3,0,0,0,0,3,0,2,6,4,2,2,2,14,23
2016,Non_OECD_non_DAC_countries,WHO,TLS,Timor-Leste,0,176,24,0,31,17,0,0,7,0,0,0,2,11,4,0,0,0,0,0,0,0,0,0,0,6,0,0,0,0,0,0,0,0,0,0,5,0,0,0,0,0,0,5,0,0,0,0,0,0,43,0,0,0,1,2,9,0,0,0,0,9,0,7,17,13,6,5,5,43,72
2016,Norway,WHO,TLS,Timor-Leste,0,61,8,0,11,6,0,0,2,0,0,0,1,4,1,0,0,0,0,0,0,0,0,0,0,2,0,0,0,0,0,0,0,0,0,0,2,0,0,0,0,0,0,2,0,0,0,0,0,0,15,0,0,0,0,1,3,0,0,0,0,3,0,2,6,4,2,2,2,15,25
2016,Other,WHO,TLS,Timor-Leste,0,185,25,0,33,18,0,0,7,0,0,0,2,12,4,0,0,0,0,0,0,0,0,0,0,6,0,0,0,0,0,0,0,0,0,0,5,0,0,0,0,0,0,5,0,0,0,0,0,0,45,0,0,0,1,2,10,0,0,0,0,10,0,7,18,13,6,5,5,45,76
2016,Other_OECD_DAC_countries,WHO,TLS,Timor-Leste,0,15,2,0,3,1,0,0,1,0,0,0,0,1,0,0,0,0,0,0,0,0,0,0,0,0,0,0,0,0,0,0,0,0,0,0,0,0,0,0,0,0,0,0,0,0,0,0,0,0,4,0,0,0,0,0,1,0,0,0,0,1,0,1,1,1,0,0,0,4,6
2016,Portugal,WHO,TLS,Timor-Leste,0,3,0,0,1,0,0,0,0,0,0,0,0,0,0,0,0,0,0,0,0,0,0,0,0,0,0,0,0,0,0,0,0,0,0,0,0,0,0,0,0,0,0,0,0,0,0,0,0,0,1,0,0,0,0,0,0,0,0,0,0,0,0,0,0,0,0,0,0,1,1
2016,Private_other,WHO,TLS,Timor-Leste,0,239,33,0,42,23,0,0,9,0,0,0,2,15,6,0,0,0,0,0,0,0,0,0,0,8,0,0,0,0,0,0,0,0,0,0,7,0,0,0,0,0,0,6,0,0,0,0,0,0,58,0,0,0,2,3,13,0,0,0,0,13,0,9,24,17,8,7,6,58,98
2016,Spain,WHO,TLS,Timor-Leste,0,30,4,0,5,3,0,0,1,0,0,0,0,2,1,0,0,0,0,0,0,0,0,0,0,1,0,0,0,0,0,0,0,0,0,0,1,0,0,0,0,0,0,1,0,0,0,0,0,0,7,0,0,0,0,0,2,0,0,0,0,2,0,1,3,2,1,1,1,7,12
2016,Sweden,WHO,TLS,Timor-Leste,0,63,9,0,11,6,0,0,2,0,0,0,1,4,1,0,0,0,0,0,0,0,0,0,0,2,0,0,0,0,0,0,0,0,0,0,2,0,0,0,0,0,0,2,0,0,0,0,0,0,15,0,0,0,0,1,3,0,0,0,0,3,0,2,6,4,2,2,2,15,26
2016,Switzerland,WHO,TLS,Timor-Leste,0,21,3,0,4,2,0,0,1,0,0,0,0,1,0,0,0,0,0,0,0,0,0,0,0,1,0,0,0,0,0,0,0,0,0,0,1,0,0,0,0,0,0,1,0,0,0,0,0,0,5,0,0,0,0,0,1,0,0,0,0,1,0,1,2,1,1,1,1,5,8
2016,United_Kingdom,WHO,TLS,Timor-Leste,0,252,35,0,44,25,0,0,9,0,0,0,3,16,6,0,0,0,0,0,0,0,0,0,0,8,0,0,0,0,0,0,0,0,0,0,7,0,0,0,0,0,0,7,0,0,0,0,0,0,61,0,0,0,2,3,14,0,0,0,0,13,0,9,25,18,8,7,7,61,104
2016,United_States,WHO,TLS,Timor-Leste,0,593,81,0,104,58,0,0,22,0,0,0,6,38,14,0,0,0,0,0,0,0,0,0,0,19,0,0,0,0,0,0,0,0,0,0,17,0,0,0,0,0,0,16,0,0,0,0,0,0,143,0,0,0,4,6,32,0,0,0,0,31,0,22,59,42,19,17,16,143,244
2017,Australia,BIL_AUS,TLS,Timor-Leste,0,8300,0,39,62,0,471,305,0,0,0,471,6,0,0,0,0,170,0,0,0,0,0,0,0,0,0,0,0,1,0,0,27,1,0,0,0,0,0,0,0,0,0,0,0,0,0,0,0,0,1,1,0,0,0,0,1,0,0,0,0,6743,0,1247,176,1,0,30,1,2,101
2017,Canada,BIL_CAN,TLS,Timor-Leste,0,19,0,0,0,0,0,0,0,1,3,0,5,0,0,0,0,0,0,0,0,0,0,0,0,0,0,0,0,0,0,0,0,0,0,0,0,0,0,0,2,2,0,0,0,0,4,0,0,0,0,0,0,0,0,0,0,0,0,1,0,0,0,4,5,1,0,0,9,0,0
2017,Germany,BIL_DEU,TLS,Timor-Leste,0,35,0,0,14,0,0,0,0,0,0,0,3,0,0,0,0,0,0,0,0,0,0,0,0,0,0,0,0,0,0,0,0,0,0,0,0,0,0,0,0,0,0,0,0,0,0,0,0,0,0,0,0,0,0,0,0,0,0,0,0,19,0,0,3,0,0,0,0,0,14
2017,United_Kingdom,BIL_GBR,TLS,Timor-Leste,0,30,0,0,0,0,0,0,0,0,0,0,0,0,0,0,0,0,0,0,0,0,0,0,0,0,0,0,0,0,0,0,0,3,0,0,0,0,0,0,9,0,0,0,0,0,0,0,0,0,1,0,0,0,0,0,1,0,0,0,0,16,0,0,0,1,0,3,9,1,0
2017,Japan,BIL_JPN,TLS,Timor-Leste,0,687,0,0,109,0,0,34,0,0,0,0,0,0,0,0,0,0,0,0,0,0,0,0,0,0,0,0,0,0,0,0,0,0,0,0,0,0,0,0,0,0,0,24,0,0,0,0,0,0,0,0,0,0,0,0,0,0,0,0,0,520,0,34,0,0,0,0,24,0,109
2017,Korea,BIL_KOR,TLS,Timor-Leste,0,949,13,0,13,0,0,443,0,0,266,0,0,0,0,0,0,0,0,0,0,0,0,0,0,0,0,0,0,0,0,0,0,0,0,0,0,0,0,0,0,0,0,0,0,0,0,0,0,0,0,0,0,0,0,0,0,0,0,0,0,214,0,709,0,0,0,0,0,0,26
2017,United_States,BIL_USA,TLS,Timor-Leste,0,339,103,0,0,0,1,0,0,5,0,0,0,0,0,0,0,0,17,101,0,0,8,9,0,1,17,6,1,0,0,0,0,6,0,0,0,22,1,2,0,0,0,0,0,0,0,0,0,0,26,1,0,0,0,0,0,0,0,0,0,10,0,7,0,0,160,31,0,27,104
2017,Belgium,EC,TLS,Timor-Leste,0,2,0,2,0,0,0,0,0,0,0,0,0,0,0,0,0,0,0,0,0,0,0,0,0,0,0,0,0,0,0,0,0,0,0,0,0,0,0,0,0,0,0,0,0,0,0,0,0,0,0,0,0,0,0,0,0,0,0,0,0,0,0,0,0,0,0,0,0,0,2
2017,France,EC,TLS,Timor-Leste,0,8,0,6,0,0,0,0,0,0,0,0,0,0,0,0,0,0,0,0,0,0,0,0,0,0,0,0,0,0,0,0,0,0,0,0,0,0,0,0,0,0,0,0,0,0,0,0,0,0,2,0,0,0,0,0,0,0,0,0,0,0,0,0,0,0,0,0,0,2,6
2017,Germany,EC,TLS,Timor-Leste,0,10,0,8,0,0,0,0,0,0,0,0,0,0,0,0,0,0,0,0,0,0,0,0,0,0,0,0,0,0,0,0,0,0,0,0,0,0,0,0,0,0,0,0,0,0,0,0,0,0,3,0,0,0,0,0,0,0,0,0,0,0,0,0,0,0,0,0,0,3,8
2017,Italy,EC,TLS,Timor-Leste,0,6,0,4,0,0,0,0,0,0,0,0,0,0,0,0,0,0,0,0,0,0,0,0,0,0,0,0,0,0,0,0,0,0,0,0,0,0,0,0,0,0,0,0,0,0,0,0,0,0,2,0,0,0,0,0,0,0,0,0,0,0,0,0,0,0,0,0,0,2,4
2017,Netherlands,EC,TLS,Timor-Leste,0,1,0,1,0,0,0,0,0,0,0,0,0,0,0,0,0,0,0,0,0,0,0,0,0,0,0,0,0,0,0,0,0,0,0,0,0,0,0,0,0,0,0,0,0,0,0,0,0,0,0,0,0,0,0,0,0,0,0,0,0,0,0,0,0,0,0,0,0,0,1
2017,Spain,EC,TLS,Timor-Leste,0,4,0,3,0,0,0,0,0,0,0,0,0,0,0,0,0,0,0,0,0,0,0,0,0,0,0,0,0,0,0,0,0,0,0,0,0,0,0,0,0,0,0,0,0,0,0,0,0,0,1,0,0,0,0,0,0,0,0,0,0,0,0,0,0,0,0,0,0,1,3
2017,Sweden,EC,TLS,Timor-Leste,0,1,0,1,0,0,0,0,0,0,0,0,0,0,0,0,0,0,0,0,0,0,0,0,0,0,0,0,0,0,0,0,0,0,0,0,0,0,0,0,0,0,0,0,0,0,0,0,0,0,0,0,0,0,0,0,0,0,0,0,0,0,0,0,0,0,0,0,0,0,1
2017,United_Kingdom,EC,TLS,Timor-Leste,0,6,0,4,0,0,0,0,0,0,0,0,0,0,0,0,0,0,0,0,0,0,0,0,0,0,0,0,0,0,0,0,0,0,0,0,0,0,0,0,0,0,0,0,0,0,0,0,0,0,2,0,0,0,0,0,0,0,0,0,0,0,0,0,0,0,0,0,0,2,4
2017,Gates Foundation,GATES,TLS,Timor-Leste,0,97,1,0,0,0,5,0,0,0,6,0,0,0,13,0,0,0,0,0,0,0,0,0,0,0,0,0,0,0,0,0,0,0,0,0,0,0,0,0,0,0,0,0,0,0,0,0,0,0,7,0,0,0,0,0,0,0,0,0,0,64,0,11,14,0,0,0,0,7,1
2017,Australia,GAVI,TLS,Timor-Leste,0,34,0,0,0,0,0,0,0,0,0,0,0,16,0,18,0,0,0,0,0,0,0,0,0,0,0,0,0,0,0,0,0,0,0,0,0,0,0,0,0,0,0,0,0,0,0,0,0,0,0,0,0,0,0,0,0,0,0,0,0,0,0,0,34,0,0,0,0,0,0
2017,Canada,GAVI,TLS,Timor-Leste,0,193,0,0,0,0,0,0,0,0,0,0,0,93,0,100,0,0,0,0,0,0,0,0,0,0,0,0,0,0,0,0,0,0,0,0,0,0,0,0,0,0,0,0,0,0,0,0,0,0,0,0,0,0,0,0,0,0,0,0,0,0,0,0,193,0,0,0,0,0,0
2017,China,GAVI,TLS,Timor-Leste,0,2,0,0,0,0,0,0,0,0,0,0,0,1,0,1,0,0,0,0,0,0,0,0,0,0,0,0,0,0,0,0,0,0,0,0,0,0,0,0,0,0,0,0,0,0,0,0,0,0,0,0,0,0,0,0,0,0,0,0,0,0,0,0,2,0,0,0,0,0,0
2017,Corporate_donations,GAVI,TLS,Timor-Leste,0,2,0,0,0,0,0,0,0,0,0,0,0,1,0,1,0,0,0,0,0,0,0,0,0,0,0,0,0,0,0,0,0,0,0,0,0,0,0,0,0,0,0,0,0,0,0,0,0,0,0,0,0,0,0,0,0,0,0,0,0,0,0,0,2,0,0,0,0,0,0
2017,France,GAVI,TLS,Timor-Leste,0,33,0,0,0,0,0,0,0,0,0,0,0,16,0,17,0,0,0,0,0,0,0,0,0,0,0,0,0,0,0,0,0,0,0,0,0,0,0,0,0,0,0,0,0,0,0,0,0,0,0,0,0,0,0,0,0,0,0,0,0,0,0,0,33,0,0,0,0,0,0
2017,Gates Foundation,GAVI,TLS,Timor-Leste,0,713,0,0,0,0,0,0,0,0,0,0,0,344,0,369,0,0,0,0,0,0,0,0,0,0,0,0,0,0,0,0,0,0,0,0,0,0,0,0,0,0,0,0,0,0,0,0,0,0,0,0,0,0,0,0,0,0,0,0,0,0,0,0,713,0,0,0,0,0,0
2017,Germany,GAVI,TLS,Timor-Leste,0,300,0,0,0,0,0,0,0,0,0,0,0,145,0,156,0,0,0,0,0,0,0,0,0,0,0,0,0,0,0,0,0,0,0,0,0,0,0,0,0,0,0,0,0,0,0,0,0,0,0,0,0,0,0,0,0,0,0,0,0,0,0,0,300,0,0,0,0,0,0
2017,Ireland,GAVI,TLS,Timor-Leste,0,8,0,0,0,0,0,0,0,0,0,0,0,4,0,4,0,0,0,0,0,0,0,0,0,0,0,0,0,0,0,0,0,0,0,0,0,0,0,0,0,0,0,0,0,0,0,0,0,0,0,0,0,0,0,0,0,0,0,0,0,0,0,0,8,0,0,0,0,0,0
2017,Italy,GAVI,TLS,Timor-Leste,0,69,0,0,0,0,0,0,0,0,0,0,0,33,0,36,0,0,0,0,0,0,0,0,0,0,0,0,0,0,0,0,0,0,0,0,0,0,0,0,0,0,0,0,0,0,0,0,0,0,0,0,0,0,0,0,0,0,0,0,0,0,0,0,69,0,0,0,0,0,0
2017,Japan,GAVI,TLS,Timor-Leste,0,38,0,0,0,0,0,0,0,0,0,0,0,18,0,19,0,0,0,0,0,0,0,0,0,0,0,0,0,0,0,0,0,0,0,0,0,0,0,0,0,0,0,0,0,0,0,0,0,0,0,0,0,0,0,0,0,0,0,0,0,0,0,0,38,0,0,0,0,0,0
2017,Korea,GAVI,TLS,Timor-Leste,0,8,0,0,0,0,0,0,0,0,0,0,0,4,0,4,0,0,0,0,0,0,0,0,0,0,0,0,0,0,0,0,0,0,0,0,0,0,0,0,0,0,0,0,0,0,0,0,0,0,0,0,0,0,0,0,0,0,0,0,0,0,0,0,8,0,0,0,0,0,0
2017,Luxembourg,GAVI,TLS,Timor-Leste,0,2,0,0,0,0,0,0,0,0,0,0,0,1,0,1,0,0,0,0,0,0,0,0,0,0,0,0,0,0,0,0,0,0,0,0,0,0,0,0,0,0,0,0,0,0,0,0,0,0,0,0,0,0,0,0,0,0,0,0,0,0,0,0,2,0,0,0,0,0,0
2017,Netherlands,GAVI,TLS,Timor-Leste,0,119,0,0,0,0,0,0,0,0,0,0,0,57,0,62,0,0,0,0,0,0,0,0,0,0,0,0,0,0,0,0,0,0,0,0,0,0,0,0,0,0,0,0,0,0,0,0,0,0,0,0,0,0,0,0,0,0,0,0,0,0,0,0,119,0,0,0,0,0,0
2017,Non_OECD_DAC_countries,GAVI,TLS,Timor-Leste,0,14,0,0,0,0,0,0,0,0,0,0,0,7,0,7,0,0,0,0,0,0,0,0,0,0,0,0,0,0,0,0,0,0,0,0,0,0,0,0,0,0,0,0,0,0,0,0,0,0,0,0,0,0,0,0,0,0,0,0,0,0,0,0,14,0,0,0,0,0,0
2017,Non_OECD_non_DAC_countries,GAVI,TLS,Timor-Leste,0,6,0,0,0,0,0,0,0,0,0,0,0,3,0,3,0,0,0,0,0,0,0,0,0,0,0,0,0,0,0,0,0,0,0,0,0,0,0,0,0,0,0,0,0,0,0,0,0,0,0,0,0,0,0,0,0,0,0,0,0,0,0,0,6,0,0,0,0,0,0
2017,Norway,GAVI,TLS,Timor-Leste,0,364,0,0,0,0,0,0,0,0,0,0,0,175,0,189,0,0,0,0,0,0,0,0,0,0,0,0,0,0,0,0,0,0,0,0,0,0,0,0,0,0,0,0,0,0,0,0,0,0,0,0,0,0,0,0,0,0,0,0,0,0,0,0,364,0,0,0,0,0,0
2017,Other,GAVI,TLS,Timor-Leste,0,253,0,0,0,0,0,0,0,0,0,0,0,122,0,131,0,0,0,0,0,0,0,0,0,0,0,0,0,0,0,0,0,0,0,0,0,0,0,0,0,0,0,0,0,0,0,0,0,0,0,0,0,0,0,0,0,0,0,0,0,0,0,0,253,0,0,0,0,0,0
2017,Private_other,GAVI,TLS,Timor-Leste,0,48,0,0,0,0,0,0,0,0,0,0,0,23,0,25,0,0,0,0,0,0,0,0,0,0,0,0,0,0,0,0,0,0,0,0,0,0,0,0,0,0,0,0,0,0,0,0,0,0,0,0,0,0,0,0,0,0,0,0,0,0,0,0,48,0,0,0,0,0,0
2017,Spain,GAVI,TLS,Timor-Leste,0,5,0,0,0,0,0,0,0,0,0,0,0,3,0,3,0,0,0,0,0,0,0,0,0,0,0,0,0,0,0,0,0,0,0,0,0,0,0,0,0,0,0,0,0,0,0,0,0,0,0,0,0,0,0,0,0,0,0,0,0,0,0,0,5,0,0,0,0,0,0
2017,Sweden,GAVI,TLS,Timor-Leste,0,67,0,0,0,0,0,0,0,0,0,0,0,32,0,35,0,0,0,0,0,0,0,0,0,0,0,0,0,0,0,0,0,0,0,0,0,0,0,0,0,0,0,0,0,0,0,0,0,0,0,0,0,0,0,0,0,0,0,0,0,0,0,0,67,0,0,0,0,0,0
2017,United_Kingdom,GAVI,TLS,Timor-Leste,0,650,0,0,0,0,0,0,0,0,0,0,0,313,0,337,0,0,0,0,0,0,0,0,0,0,0,0,0,0,0,0,0,0,0,0,0,0,0,0,0,0,0,0,0,0,0,0,0,0,0,0,0,0,0,0,0,0,0,0,0,0,0,0,650,0,0,0,0,0,0
2017,United_States,GAVI,TLS,Timor-Leste,0,545,0,0,0,0,0,0,0,0,0,0,0,263,0,282,0,0,0,0,0,0,0,0,0,0,0,0,0,0,0,0,0,0,0,0,0,0,0,0,0,0,0,0,0,0,0,0,0,0,0,0,0,0,0,0,0,0,0,0,0,0,0,0,545,0,0,0,0,0,0
2017,Australia,GFATM,TLS,Timor-Leste,0,37,0,0,0,0,0,0,0,0,0,0,0,0,0,0,0,0,2,3,0,0,0,1,0,1,4,1,0,0,1,0,0,2,0,0,2,2,1,0,2,1,2,5,1,2,1,0,0,0,0,0,0,0,0,0,0,0,0,0,0,0,0,0,0,0,13,10,13,0,0
2017,Austria,GFATM,TLS,Timor-Leste,0,11,0,0,0,0,0,0,0,0,0,0,0,0,0,0,0,0,1,1,0,0,0,0,0,0,1,0,0,0,0,0,0,1,0,0,1,1,0,0,1,0,1,1,0,1,0,0,0,0,0,0,0,0,0,0,0,0,0,0,0,0,0,0,0,0,4,3,4,0,0
2017,Belgium,GFATM,TLS,Timor-Leste,0,54,0,0,0,0,0,0,0,0,0,0,0,0,0,0,0,0,3,5,0,0,1,2,0,2,6,1,0,1,2,0,0,4,0,0,4,3,1,1,3,1,3,7,1,3,1,0,0,0,0,0,0,0,0,0,0,0,0,0,0,0,0,0,0,0,19,16,20,0,0
2017,Canada,GFATM,TLS,Timor-Leste,0,415,0,1,0,0,0,0,0,0,0,0,0,0,0,0,0,0,25,36,3,1,4,12,0,14,44,6,2,4,12,4,4,28,4,0,28,21,10,4,25,7,24,55,10,21,6,0,0,0,0,0,0,0,0,0,0,0,0,0,0,0,0,0,0,0,147,118,148,0,1
2017,China,GFATM,TLS,Timor-Leste,0,12,0,0,0,0,0,0,0,0,0,0,0,0,0,0,0,0,1,1,0,0,0,0,0,0,1,0,0,0,0,0,0,1,0,0,1,1,0,0,1,0,1,2,0,1,0,0,0,0,0,0,0,0,0,0,0,0,0,0,0,0,0,0,0,0,4,3,4,0,0
2017,Denmark,GFATM,TLS,Timor-Leste,0,9,0,0,0,0,0,0,0,0,0,0,0,0,0,0,0,0,1,1,0,0,0,0,0,0,1,0,0,0,0,0,0,1,0,0,1,0,0,0,1,0,1,1,0,0,0,0,0,0,0,0,0,0,0,0,0,0,0,0,0,0,0,0,0,0,3,3,3,0,0
2017,Finland,GFATM,TLS,Timor-Leste,0,8,0,0,0,0,0,0,0,0,0,0,0,0,0,0,0,0,1,1,0,0,0,0,0,0,1,0,0,0,0,0,0,1,0,0,1,0,0,0,0,0,0,1,0,0,0,0,0,0,0,0,0,0,0,0,0,0,0,0,0,0,0,0,0,0,3,2,3,0,0
2017,France,GFATM,TLS,Timor-Leste,0,968,0,2,0,0,0,0,0,0,0,0,0,0,0,0,0,0,59,85,6,1,10,29,0,33,102,14,4,10,29,9,9,65,8,0,65,48,24,10,58,16,57,129,24,49,15,0,0,0,0,0,0,0,0,0,0,0,0,0,0,0,0,0,0,0,344,276,347,0,2
2017,Gates Foundation,GFATM,TLS,Timor-Leste,0,205,0,0,0,0,0,0,0,0,0,0,0,0,0,0,0,0,13,18,1,0,2,6,0,7,22,3,1,2,6,2,2,14,2,0,14,10,5,2,12,3,12,27,5,10,3,0,0,0,0,0,0,0,0,0,0,0,0,0,0,0,0,0,0,0,73,59,74,0,0
2017,Germany,GFATM,TLS,Timor-Leste,0,615,0,1,0,0,0,0,0,0,0,0,0,0,0,0,0,0,38,54,4,1,7,18,0,21,65,9,3,6,18,5,5,41,5,0,41,31,15,7,37,10,36,82,15,31,9,0,0,0,0,0,0,0,0,0,0,0,0,0,0,0,0,0,0,0,218,176,220,0,1
2017,Greece,GFATM,TLS,Timor-Leste,0,6,0,0,0,0,0,0,0,0,0,0,0,0,0,0,0,0,0,1,0,0,0,0,0,0,1,0,0,0,0,0,0,0,0,0,0,0,0,0,0,0,0,1,0,0,0,0,0,0,0,0,0,0,0,0,0,0,0,0,0,0,0,0,0,0,2,2,2,0,0
2017,Ireland,GFATM,TLS,Timor-Leste,0,29,0,0,0,0,0,0,0,0,0,0,0,0,0,0,0,0,2,3,0,0,0,1,0,1,3,0,0,0,1,0,0,2,0,0,2,1,1,0,2,0,2,4,1,1,0,0,0,0,0,0,0,0,0,0,0,0,0,0,0,0,0,0,0,0,10,8,10,0,0
2017,Italy,GFATM,TLS,Timor-Leste,0,144,0,0,0,0,0,0,0,0,0,0,0,0,0,0,0,0,9,13,1,0,2,4,0,5,15,2,1,1,4,1,1,10,1,0,10,7,4,2,9,2,8,19,4,7,2,0,0,0,0,0,0,0,0,0,0,0,0,0,0,0,0,0,0,0,51,41,52,0,0
2017,Japan,GFATM,TLS,Timor-Leste,0,627,0,1,0,0,0,0,0,0,0,0,0,0,0,0,0,0,38,55,4,1,7,19,0,21,66,9,3,6,19,6,6,42,5,0,42,31,15,7,38,10,37,84,16,31,9,0,0,0,0,0,0,0,0,0,0,0,0,0,0,0,0,0,0,0,222,179,224,0,1
2017,Korea,GFATM,TLS,Timor-Leste,0,8,0,0,0,0,0,0,0,0,0,0,0,0,0,0,0,0,0,1,0,0,0,0,0,0,1,0,0,0,0,0,0,1,0,0,1,0,0,0,0,0,0,1,0,0,0,0,0,0,0,0,0,0,0,0,0,0,0,0,0,0,0,0,0,0,3,2,3,0,0
2017,Luxembourg,GFATM,TLS,Timor-Leste,0,7,0,0,0,0,0,0,0,0,0,0,0,0,0,0,0,0,0,1,0,0,0,0,0,0,1,0,0,0,0,0,0,0,0,0,0,0,0,0,0,0,0,1,0,0,0,0,0,0,0,0,0,0,0,0,0,0,0,0,0,0,0,0,0,0,3,2,3,0,0
2017,Netherlands,GFATM,TLS,Timor-Leste,0,140,0,0,0,0,0,0,0,0,0,0,0,0,0,0,0,0,9,12,1,0,2,4,0,5,15,2,1,1,4,1,1,9,1,0,9,7,3,1,8,2,8,19,3,7,2,0,0,0,0,0,0,0,0,0,0,0,0,0,0,0,0,0,0,0,50,40,50,0,0
2017,Non_OECD_DAC_countries,GFATM,TLS,Timor-Leste,0,22,0,0,0,0,0,0,0,0,0,0,0,0,0,0,0,0,1,2,0,0,0,1,0,1,2,0,0,0,1,0,0,1,0,0,1,1,1,0,1,0,1,3,1,1,0,0,0,0,0,0,0,0,0,0,0,0,0,0,0,0,0,0,0,0,8,6,8,0,0
2017,Non_OECD_non_DAC_countries,GFATM,TLS,Timor-Leste,0,29,0,0,0,0,0,0,0,0,0,0,0,0,0,0,0,0,2,3,0,0,0,1,0,1,3,0,0,0,1,0,0,2,0,0,2,1,1,0,2,0,2,4,1,1,0,0,0,0,0,0,0,0,0,0,0,0,0,0,0,0,0,0,0,0,10,8,11,0,0
2017,Norway,GFATM,TLS,Timor-Leste,0,146,0,0,0,0,0,0,0,0,0,0,0,0,0,0,0,0,9,13,1,0,2,4,0,5,15,2,1,2,4,1,1,10,1,0,10,7,4,2,9,2,9,19,4,7,2,0,0,0,0,0,0,0,0,0,0,0,0,0,0,0,0,0,0,0,52,42,52,0,0
2017,Other_OECD_DAC_countries,GFATM,TLS,Timor-Leste,0,27,0,0,0,0,0,0,0,0,0,0,0,0,0,0,0,0,2,2,0,0,0,1,0,1,3,0,0,0,1,0,0,2,0,0,2,1,1,0,2,0,2,4,1,1,0,0,0,0,0,0,0,0,0,0,0,0,0,0,0,0,0,0,0,0,9,8,10,0,0
2017,Portugal,GFATM,TLS,Timor-Leste,0,6,0,0,0,0,0,0,0,0,0,0,0,0,0,0,0,0,0,1,0,0,0,0,0,0,1,0,0,0,0,0,0,0,0,0,0,0,0,0,0,0,0,1,0,0,0,0,0,0,0,0,0,0,0,0,0,0,0,0,0,0,0,0,0,0,2,2,2,0,0
2017,Private_other,GFATM,TLS,Timor-Leste,0,169,0,0,0,0,0,0,0,0,0,0,0,0,0,0,0,0,10,15,1,0,2,5,0,6,18,2,1,2,5,1,1,11,1,0,11,8,4,2,10,3,10,23,4,9,3,0,0,0,0,0,0,0,0,0,0,0,0,0,0,0,0,0,0,0,60,48,61,0,0
2017,Spain,GFATM,TLS,Timor-Leste,0,67,0,0,0,0,0,0,0,0,0,0,0,0,0,0,0,0,4,6,0,0,1,2,0,2,7,1,0,1,2,1,1,4,1,0,5,3,2,1,4,1,4,9,2,3,1,0,0,0,0,0,0,0,0,0,0,0,0,0,0,0,0,0,0,0,24,19,24,0,0
2017,Sweden,GFATM,TLS,Timor-Leste,0,201,0,0,0,0,0,0,0,0,0,0,0,0,0,0,0,0,12,18,1,0,2,6,0,7,21,3,1,2,6,2,2,13,2,0,14,10,5,2,12,3,12,27,5,10,3,0,0,0,0,0,0,0,0,0,0,0,0,0,0,0,0,0,0,0,71,57,72,0,0
2017,Switzerland,GFATM,TLS,Timor-Leste,0,41,0,0,0,0,0,0,0,0,0,0,0,0,0,0,0,0,3,4,0,0,0,1,0,1,4,1,0,0,1,0,0,3,0,0,3,2,1,0,2,1,2,5,1,2,1,0,0,0,0,0,0,0,0,0,0,0,0,0,0,0,0,0,0,0,15,12,15,0,0
2017,United_Kingdom,GFATM,TLS,Timor-Leste,0,887,0,2,0,0,0,0,0,0,0,0,0,0,0,0,0,0,54,78,6,1,10,26,0,30,93,13,4,9,26,8,8,59,8,0,60,44,22,9,53,15,52,118,22,45,13,0,0,0,0,0,0,0,0,0,0,0,0,0,0,0,0,0,0,0,315,253,318,0,2
2017,United_States,GFATM,TLS,Timor-Leste,0,2066,0,3,0,0,0,0,0,0,0,0,0,0,0,0,0,0,126,181,13,3,22,61,1,70,217,30,9,21,62,18,18,138,18,0,139,103,51,22,124,34,121,275,51,104,31,0,0,0,0,0,0,0,0,0,0,0,0,0,0,0,0,0,0,0,733,590,740,0,4
2017,Australia,INTLNGO,TLS,Timor-Leste,0,52,31,0,0,0,2,3,0,15,0,0,0,0,0,0,0,0,0,0,0,0,0,0,0,0,0,0,0,0,0,0,0,0,0,0,0,0,0,0,0,0,0,0,0,0,0,0,0,0,0,0,0,0,0,0,0,0,0,0,0,0,0,20,0,0,0,0,0,0,31
2017,Canada,INTLNGO,TLS,Timor-Leste,0,112,0,0,0,0,0,11,0,5,7,13,75,0,0,0,0,0,0,0,0,0,0,0,0,0,0,0,0,0,0,0,0,0,0,0,0,0,0,0,0,0,0,0,0,0,0,0,0,0,0,0,0,0,0,0,0,0,0,0,0,0,0,35,76,0,0,0,0,0,0
2017,Germany,INTLNGO,TLS,Timor-Leste,0,86,0,0,0,0,0,0,0,0,0,0,0,0,0,0,0,0,0,0,0,0,0,0,0,0,0,0,0,0,0,0,0,0,0,0,0,0,0,0,0,0,0,0,0,0,0,0,0,0,0,0,0,0,0,0,0,0,0,0,0,86,0,0,0,0,0,0,0,0,0
2017,Japan,INTLNGO,TLS,Timor-Leste,0,522,282,0,239,0,0,0,0,0,0,0,0,0,0,0,0,0,0,0,0,0,0,0,0,0,0,0,0,0,0,0,0,0,0,0,0,0,0,0,0,0,0,0,0,0,0,0,0,0,0,0,0,0,0,0,0,0,0,0,0,0,0,0,0,0,0,0,0,0,522
2017,United_Kingdom,INTLNGO,TLS,Timor-Leste,0,14,0,0,0,0,4,10,0,0,0,0,0,0,0,0,0,0,0,0,0,0,0,0,0,0,0,0,0,0,0,0,0,0,0,0,0,0,0,0,0,0,0,0,0,0,0,0,0,0,0,0,0,0,0,0,0,0,0,0,0,0,0,14,0,0,0,0,0,0,0
2017,United_States,INTLNGO,TLS,Timor-Leste,0,103,0,0,0,1,51,0,0,0,0,0,0,0,0,0,0,0,0,0,0,0,0,0,0,17,0,0,0,0,0,0,0,0,0,0,0,0,0,0,4,8,21,0,0,0,0,0,0,0,0,0,0,0,0,0,0,0,0,0,0,0,0,51,0,0,17,0,34,0,1
2017,Corporate_donations,NGO,TLS,Timor-Leste,0,1064,651,0,248,0,1,1,2,1,2,0,3,0,8,3,5,0,1,1,0,0,0,0,0,1,0,0,1,0,0,0,0,0,0,0,0,0,0,0,0,0,0,0,0,0,0,8,8,0,0,5,26,1,0,1,19,5,27,0,0,34,0,6,19,53,4,1,0,48,899
2017,Gates Foundation,NGO,TLS,Timor-Leste,0,164,0,0,2,0,59,10,0,1,5,1,0,38,0,7,5,13,2,1,0,0,0,1,0,0,1,0,3,1,0,0,1,3,1,0,0,2,1,0,1,0,0,0,0,0,0,0,0,0,0,0,0,0,0,0,0,2,1,0,0,0,0,76,63,3,8,10,2,0,2
2017,Private_other,NGO,TLS,Timor-Leste,0,2818,973,5,385,0,150,31,25,4,51,6,111,100,41,43,163,36,8,5,0,7,6,5,0,69,2,21,36,5,5,0,5,10,1,0,0,10,1,0,3,0,1,0,1,7,0,11,10,0,2,7,29,2,34,26,63,24,108,6,0,163,0,266,495,260,159,39,11,61,1364
2017,United_States,NGO,TLS,Timor-Leste,0,1128,0,0,0,0,170,325,0,88,257,0,0,0,0,71,210,0,0,0,0,0,0,0,0,3,0,0,0,0,0,0,0,0,0,0,0,3,0,0,0,0,0,0,0,0,0,0,0,0,0,0,0,0,0,0,0,0,0,0,0,0,0,840,281,0,4,3,0,0,0
2017,Australia,UNFPA,TLS,Timor-Leste,0,34,0,0,0,0,13,10,6,4,0,0,0,0,0,0,0,0,0,1,0,0,0,0,0,0,0,0,0,0,0,0,0,0,0,0,0,0,0,0,0,0,0,0,0,0,0,0,0,0,0,0,0,0,0,0,0,0,0,0,0,0,0,34,0,0,1,0,0,0,0
2017,Austria,UNFPA,TLS,Timor-Leste,0,1,0,0,0,0,0,0,0,0,0,0,0,0,0,0,0,0,0,0,0,0,0,0,0,0,0,0,0,0,0,0,0,0,0,0,0,0,0,0,0,0,0,0,0,0,0,0,0,0,0,0,0,0,0,0,0,0,0,0,0,0,0,1,0,0,0,0,0,0,0
2017,Belgium,UNFPA,TLS,Timor-Leste,0,27,0,0,0,0,10,8,5,3,0,0,0,0,0,0,0,0,0,1,0,0,0,0,0,0,0,0,0,0,0,0,0,0,0,0,0,0,0,0,0,0,0,0,0,0,0,0,0,0,0,0,0,0,0,0,0,0,0,0,0,0,0,27,0,0,1,0,0,0,0
2017,Canada,UNFPA,TLS,Timor-Leste,0,26,0,0,0,0,10,8,5,3,0,0,0,0,0,0,0,0,0,1,0,0,0,0,0,0,0,0,0,0,0,0,0,0,0,0,0,0,0,0,0,0,0,0,0,0,0,0,0,0,0,0,0,0,0,0,0,0,0,0,0,0,0,26,0,0,1,0,0,0,0
2017,China,UNFPA,TLS,Timor-Leste,0,2,0,0,0,0,1,1,0,0,0,0,0,0,0,0,0,0,0,0,0,0,0,0,0,0,0,0,0,0,0,0,0,0,0,0,0,0,0,0,0,0,0,0,0,0,0,0,0,0,0,0,0,0,0,0,0,0,0,0,0,0,0,2,0,0,0,0,0,0,0
2017,Denmark,UNFPA,TLS,Timor-Leste,0,97,0,0,0,0,36,29,18,12,0,0,0,0,0,0,0,0,0,2,0,0,0,0,0,0,0,0,0,0,0,0,0,0,0,0,0,0,0,0,0,0,0,0,0,0,0,0,0,0,0,0,0,0,0,0,0,0,0,0,0,0,0,95,0,0,2,0,0,0,0
2017,Finland,UNFPA,TLS,Timor-Leste,0,38,0,0,0,0,14,11,7,5,0,0,0,0,0,0,0,0,0,1,0,0,0,0,0,0,0,0,0,0,0,0,0,0,0,0,0,0,0,0,0,0,0,0,0,0,0,0,0,0,0,0,0,0,0,0,0,0,0,0,0,0,0,37,0,0,1,0,0,0,0
2017,France,UNFPA,TLS,Timor-Leste,0,13,0,0,0,0,5,4,2,2,0,0,0,0,0,0,0,0,0,0,0,0,0,0,0,0,0,0,0,0,0,0,0,0,0,0,0,0,0,0,0,0,0,0,0,0,0,0,0,0,0,0,0,0,0,0,0,0,0,0,0,0,0,13,0,0,0,0,0,0,0
2017,Gates Foundation,UNFPA,TLS,Timor-Leste,0,7,0,0,0,0,3,2,1,1,0,0,0,0,0,0,0,0,0,0,0,0,0,0,0,0,0,0,0,0,0,0,0,0,0,0,0,0,0,0,0,0,0,0,0,0,0,0,0,0,0,0,0,0,0,0,0,0,0,0,0,0,0,7,0,0,0,0,0,0,0
2017,Germany,UNFPA,TLS,Timor-Leste,0,54,0,0,0,0,20,16,10,7,0,0,0,0,0,0,0,0,0,1,0,0,0,0,0,0,0,0,0,0,0,0,0,0,0,0,0,0,0,0,0,0,0,0,0,0,0,0,0,0,0,0,0,0,0,0,0,0,0,0,0,0,0,53,0,0,1,0,0,0,0
2017,Ireland,UNFPA,TLS,Timor-Leste,0,6,0,0,0,0,2,2,1,1,0,0,0,0,0,0,0,0,0,0,0,0,0,0,0,0,0,0,0,0,0,0,0,0,0,0,0,0,0,0,0,0,0,0,0,0,0,0,0,0,0,0,0,0,0,0,0,0,0,0,0,0,0,6,0,0,0,0,0,0,0
2017,Italy,UNFPA,TLS,Timor-Leste,0,18,0,0,0,0,7,5,3,2,0,0,0,0,0,0,0,0,0,0,0,0,0,0,0,0,0,0,0,0,0,0,0,0,0,0,0,0,0,0,0,0,0,0,0,0,0,0,0,0,0,0,0,0,0,0,0,0,0,0,0,0,0,18,0,0,0,0,0,0,0
2017,Japan,UNFPA,TLS,Timor-Leste,0,46,0,0,0,0,17,14,9,6,0,0,0,0,0,0,0,0,0,1,0,0,0,0,0,0,0,0,0,0,0,0,0,0,0,0,0,0,0,0,0,0,0,0,0,0,0,0,0,0,0,0,0,0,0,0,0,0,0,0,0,0,0,45,0,0,1,0,0,0,0
2017,Korea,UNFPA,TLS,Timor-Leste,0,17,0,0,0,0,6,5,3,2,0,0,0,0,0,0,0,0,0,0,0,0,0,0,0,0,0,0,0,0,0,0,0,0,0,0,0,0,0,0,0,0,0,0,0,0,0,0,0,0,0,0,0,0,0,0,0,0,0,0,0,0,0,17,0,0,0,0,0,0,0
2017,Luxembourg,UNFPA,TLS,Timor-Leste,0,16,0,0,0,0,6,5,3,2,0,0,0,0,0,0,0,0,0,0,0,0,0,0,0,0,0,0,0,0,0,0,0,0,0,0,0,0,0,0,0,0,0,0,0,0,0,0,0,0,0,0,0,0,0,0,0,0,0,0,0,0,0,15,0,0,0,0,0,0,0
2017,Netherlands,UNFPA,TLS,Timor-Leste,0,101,0,0,0,0,38,30,19,13,0,0,0,0,0,0,0,0,0,2,0,0,0,0,0,0,0,0,0,0,0,0,0,0,0,0,0,0,0,0,0,0,0,0,0,0,0,0,0,0,0,0,0,0,0,0,0,0,0,0,0,0,0,99,0,0,2,0,0,0,0
2017,New_Zealand,UNFPA,TLS,Timor-Leste,0,8,0,0,0,0,3,2,1,1,0,0,0,0,0,0,0,0,0,0,0,0,0,0,0,0,0,0,0,0,0,0,0,0,0,0,0,0,0,0,0,0,0,0,0,0,0,0,0,0,0,0,0,0,0,0,0,0,0,0,0,0,0,8,0,0,0,0,0,0,0
2017,Non_OECD_non_DAC_countries,UNFPA,TLS,Timor-Leste,0,62,0,0,0,0,23,18,12,8,0,0,0,0,0,0,0,0,0,1,0,0,0,0,0,0,0,0,0,0,0,0,0,0,0,0,0,0,0,0,0,0,0,0,0,0,0,0,0,0,0,0,0,0,0,0,0,0,0,0,0,0,0,61,0,0,1,0,0,0,0
2017,Norway,UNFPA,TLS,Timor-Leste,0,97,0,0,0,0,36,29,18,12,0,0,0,0,0,0,0,0,0,2,0,0,0,0,0,0,0,0,0,0,0,0,0,0,0,0,0,0,0,0,0,0,0,0,0,0,0,0,0,0,0,0,0,0,0,0,0,0,0,0,0,0,0,95,0,0,2,0,0,0,0
2017,Other,UNFPA,TLS,Timor-Leste,0,336,0,0,0,0,125,100,63,42,0,0,0,0,0,0,0,0,0,6,0,0,0,0,0,0,0,0,0,0,0,0,0,0,0,0,0,0,0,0,0,0,0,0,0,0,0,0,0,0,0,0,0,0,0,0,0,0,0,0,0,0,0,330,0,0,6,0,0,0,0
2017,Other_OECD_DAC_countries,UNFPA,TLS,Timor-Leste,0,1,0,0,0,0,0,0,0,0,0,0,0,0,0,0,0,0,0,0,0,0,0,0,0,0,0,0,0,0,0,0,0,0,0,0,0,0,0,0,0,0,0,0,0,0,0,0,0,0,0,0,0,0,0,0,0,0,0,0,0,0,0,1,0,0,0,0,0,0,0
2017,Private_other,UNFPA,TLS,Timor-Leste,0,11,0,0,0,0,4,3,2,1,0,0,0,0,0,0,0,0,0,0,0,0,0,0,0,0,0,0,0,0,0,0,0,0,0,0,0,0,0,0,0,0,0,0,0,0,0,0,0,0,0,0,0,0,0,0,0,0,0,0,0,0,0,11,0,0,0,0,0,0,0
2017,Spain,UNFPA,TLS,Timor-Leste,0,6,0,0,0,0,2,2,1,1,0,0,0,0,0,0,0,0,0,0,0,0,0,0,0,0,0,0,0,0,0,0,0,0,0,0,0,0,0,0,0,0,0,0,0,0,0,0,0,0,0,0,0,0,0,0,0,0,0,0,0,0,0,6,0,0,0,0,0,0,0
2017,Sweden,UNFPA,TLS,Timor-Leste,0,154,0,0,0,0,57,46,29,19,0,0,0,0,0,0,0,0,0,3,0,0,0,0,0,0,0,0,0,0,0,0,0,0,0,0,0,0,0,0,0,0,0,0,0,0,0,0,0,0,0,0,0,0,0,0,0,0,0,0,0,0,0,151,0,0,3,0,0,0,0
2017,Switzerland,UNFPA,TLS,Timor-Leste,0,33,0,0,0,0,12,10,6,4,0,0,0,0,0,0,0,0,0,1,0,0,0,0,0,0,0,0,0,0,0,0,0,0,0,0,0,0,0,0,0,0,0,0,0,0,0,0,0,0,0,0,0,0,0,0,0,0,0,0,0,0,0,32,0,0,1,0,0,0,0
2017,Unallocable,UNFPA,TLS,Timor-Leste,0,3,0,0,0,0,1,1,0,0,0,0,0,0,0,0,0,0,0,0,0,0,0,0,0,0,0,0,0,0,0,0,0,0,0,0,0,0,0,0,0,0,0,0,0,0,0,0,0,0,0,0,0,0,0,0,0,0,0,0,0,0,0,3,0,0,0,0,0,0,0
2017,United_Kingdom,UNFPA,TLS,Timor-Leste,0,132,0,0,0,0,49,39,25,16,0,0,0,0,0,0,0,0,0,3,0,0,0,0,0,0,0,0,0,0,0,0,0,0,0,0,0,0,0,0,0,0,0,0,0,0,0,0,0,0,0,0,0,0,0,0,0,0,0,0,0,0,0,129,0,0,3,0,0,0,0
2017,United_States,UNFPA,TLS,Timor-Leste,0,12,0,0,0,0,4,3,2,1,0,0,0,0,0,0,0,0,0,0,0,0,0,0,0,0,0,0,0,0,0,0,0,0,0,0,0,0,0,0,0,0,0,0,0,0,0,0,0,0,0,0,0,0,0,0,0,0,0,0,0,0,0,11,0,0,0,0,0,0,0
2017,Australia,UNICEF,TLS,Timor-Leste,0,26,0,0,0,0,0,0,1,0,0,0,8,6,8,2,0,0,0,0,0,0,0,0,0,1,0,0,0,0,0,0,0,0,0,0,0,0,0,0,0,0,0,0,0,0,0,0,0,0,0,0,0,0,0,0,0,0,0,0,0,0,0,1,24,0,1,0,0,0,0
2017,Austria,UNICEF,TLS,Timor-Leste,0,10,0,0,0,0,0,0,0,0,0,0,3,2,3,1,0,0,0,0,0,0,0,0,0,0,0,0,0,0,0,0,0,0,0,0,0,0,0,0,0,0,0,0,0,0,0,0,0,0,0,0,0,0,0,0,0,0,0,0,0,0,0,0,9,0,0,0,0,0,0
2017,Belgium,UNICEF,TLS,Timor-Leste,0,38,0,0,0,0,0,0,2,0,0,0,12,8,12,3,0,0,0,0,0,0,0,0,0,1,0,0,0,0,0,0,0,0,0,0,0,0,0,0,0,0,0,0,0,0,0,0,0,0,0,0,0,0,0,0,0,0,0,0,0,0,0,2,35,0,2,0,0,0,0
2017,Canada,UNICEF,TLS,Timor-Leste,0,60,0,0,0,0,0,0,2,0,0,0,19,13,19,4,0,0,0,0,0,0,0,0,0,1,0,0,0,0,0,0,0,0,0,0,0,0,0,0,0,0,0,0,0,0,0,0,0,0,0,0,0,0,0,0,0,0,0,0,0,0,0,2,55,0,2,0,0,0,0
2017,China,UNICEF,TLS,Timor-Leste,0,6,0,0,0,0,0,0,0,0,0,0,2,1,2,0,0,0,0,0,0,0,0,0,0,0,0,0,0,0,0,0,0,0,0,0,0,0,0,0,0,0,0,0,0,0,0,0,0,0,0,0,0,0,0,0,0,0,0,0,0,0,0,0,5,0,0,0,0,0,0
2017,Denmark,UNICEF,TLS,Timor-Leste,0,24,0,0,0,0,0,0,1,0,0,0,8,5,8,2,0,0,0,0,0,0,0,0,0,0,0,0,0,0,0,0,0,0,0,0,0,0,0,0,0,0,0,0,0,0,0,0,0,0,0,0,0,0,0,0,0,0,0,0,0,0,0,1,22,0,1,0,0,0,0
2017,Finland,UNICEF,TLS,Timor-Leste,0,12,0,0,0,0,0,0,0,0,0,0,4,3,4,1,0,0,0,0,0,0,0,0,0,0,0,0,0,0,0,0,0,0,0,0,0,0,0,0,0,0,0,0,0,0,0,0,0,0,0,0,0,0,0,0,0,0,0,0,0,0,0,0,11,0,0,0,0,0,0
2017,France,UNICEF,TLS,Timor-Leste,0,73,0,0,0,0,0,0,3,0,0,0,23,16,23,5,0,0,0,0,0,0,0,0,0,1,0,0,0,0,0,0,0,0,0,0,0,0,0,0,0,0,0,0,0,0,0,0,0,0,0,0,0,0,0,0,0,0,0,0,0,0,0,3,67,0,3,0,0,0,0
2017,Germany,UNICEF,TLS,Timor-Leste,0,251,0,0,0,0,0,0,10,0,0,0,80,55,78,18,0,0,0,1,1,2,0,0,0,5,0,0,0,0,0,0,0,0,0,0,0,0,0,0,0,0,0,0,0,0,0,0,0,0,0,0,0,0,0,0,0,0,0,0,0,0,0,10,231,0,10,0,0,0,0
2017,Greece,UNICEF,TLS,Timor-Leste,0,3,0,0,0,0,0,0,0,0,0,0,1,1,1,0,0,0,0,0,0,0,0,0,0,0,0,0,0,0,0,0,0,0,0,0,0,0,0,0,0,0,0,0,0,0,0,0,0,0,0,0,0,0,0,0,0,0,0,0,0,0,0,0,3,0,0,0,0,0,0
2017,Ireland,UNICEF,TLS,Timor-Leste,0,9,0,0,0,0,0,0,0,0,0,0,3,2,3,1,0,0,0,0,0,0,0,0,0,0,0,0,0,0,0,0,0,0,0,0,0,0,0,0,0,0,0,0,0,0,0,0,0,0,0,0,0,0,0,0,0,0,0,0,0,0,0,0,8,0,0,0,0,0,0
2017,Italy,UNICEF,TLS,Timor-Leste,0,51,0,0,0,0,0,0,2,0,0,0,16,11,16,4,0,0,0,0,0,0,0,0,0,1,0,0,0,0,0,0,0,0,0,0,0,0,0,0,0,0,0,0,0,0,0,0,0,0,0,0,0,0,0,0,0,0,0,0,0,0,0,2,47,0,2,0,0,0,0
2017,Japan,UNICEF,TLS,Timor-Leste,0,80,0,0,0,0,0,0,3,0,0,0,26,17,25,6,0,0,0,0,0,0,0,0,0,2,0,0,0,0,0,0,0,0,0,0,0,0,0,0,0,0,0,0,0,0,0,0,0,0,0,0,0,0,0,0,0,0,0,0,0,0,0,3,73,0,3,0,0,0,0
2017,Korea,UNICEF,TLS,Timor-Leste,0,23,0,0,0,0,0,0,1,0,0,0,7,5,7,2,0,0,0,0,0,0,0,0,0,0,0,0,0,0,0,0,0,0,0,0,0,0,0,0,0,0,0,0,0,0,0,0,0,0,0,0,0,0,0,0,0,0,0,0,0,0,0,1,21,0,1,0,0,0,0
2017,Luxembourg,UNICEF,TLS,Timor-Leste,0,4,0,0,0,0,0,0,0,0,0,0,1,1,1,0,0,0,0,0,0,0,0,0,0,0,0,0,0,0,0,0,0,0,0,0,0,0,0,0,0,0,0,0,0,0,0,0,0,0,0,0,0,0,0,0,0,0,0,0,0,0,0,0,4,0,0,0,0,0,0
2017,Netherlands,UNICEF,TLS,Timor-Leste,0,35,0,0,0,0,0,0,1,0,0,0,11,8,11,2,0,0,0,0,0,0,0,0,0,1,0,0,0,0,0,0,0,0,0,0,0,0,0,0,0,0,0,0,0,0,0,0,0,0,0,0,0,0,0,0,0,0,0,0,0,0,0,1,33,0,1,0,0,0,0
2017,Non_OECD_DAC_countries,UNICEF,TLS,Timor-Leste,0,3,0,0,0,0,0,0,0,0,0,0,1,1,1,0,0,0,0,0,0,0,0,0,0,0,0,0,0,0,0,0,0,0,0,0,0,0,0,0,0,0,0,0,0,0,0,0,0,0,0,0,0,0,0,0,0,0,0,0,0,0,0,0,3,0,0,0,0,0,0
2017,Non_OECD_non_DAC_countries,UNICEF,TLS,Timor-Leste,0,81,0,0,0,0,0,0,3,0,0,0,26,18,25,6,0,0,0,0,0,0,0,0,0,2,0,0,0,0,0,0,0,0,0,0,0,0,0,0,0,0,0,0,0,0,0,0,0,0,0,0,0,0,0,0,0,0,0,0,0,0,0,3,74,0,3,0,0,0,0
2017,Norway,UNICEF,TLS,Timor-Leste,0,85,0,0,0,0,0,0,4,0,0,0,27,19,27,6,0,0,0,0,0,1,0,0,0,2,0,0,0,0,0,0,0,0,0,0,0,0,0,0,0,0,0,0,0,0,0,0,0,0,0,0,0,0,0,0,0,0,0,0,0,0,0,4,79,0,3,0,0,0,0
2017,Other,UNICEF,TLS,Timor-Leste,0,349,0,0,0,0,0,0,15,0,0,0,112,76,108,25,0,0,0,2,2,2,1,0,0,7,0,0,0,0,0,0,0,0,0,0,0,0,0,0,0,0,0,0,0,0,0,0,0,0,0,0,0,0,0,0,0,0,0,0,0,0,0,15,321,0,14,0,0,0,0
2017,Other_OECD_DAC_countries,UNICEF,TLS,Timor-Leste,0,14,0,0,0,0,0,0,1,0,0,0,4,3,4,1,0,0,0,0,0,0,0,0,0,0,0,0,0,0,0,0,0,0,0,0,0,0,0,0,0,0,0,0,0,0,0,0,0,0,0,0,0,0,0,0,0,0,0,0,0,0,0,1,13,0,1,0,0,0,0
2017,Portugal,UNICEF,TLS,Timor-Leste,0,3,0,0,0,0,0,0,0,0,0,0,1,1,1,0,0,0,0,0,0,0,0,0,0,0,0,0,0,0,0,0,0,0,0,0,0,0,0,0,0,0,0,0,0,0,0,0,0,0,0,0,0,0,0,0,0,0,0,0,0,0,0,0,3,0,0,0,0,0,0
2017,Private_other,UNICEF,TLS,Timor-Leste,0,540,0,0,0,0,0,0,22,0,0,0,173,118,168,38,0,0,1,3,3,3,1,0,0,11,0,0,0,0,0,0,0,0,0,0,0,0,0,0,0,0,0,0,0,0,0,0,0,0,0,0,0,0,0,0,0,0,0,0,0,0,0,22,496,0,21,0,0,0,0
2017,Spain,UNICEF,TLS,Timor-Leste,0,27,0,0,0,0,0,0,1,0,0,0,9,6,8,2,0,0,0,0,0,0,0,0,0,1,0,0,0,0,0,0,0,0,0,0,0,0,0,0,0,0,0,0,0,0,0,0,0,0,0,0,0,0,0,0,0,0,0,0,0,0,0,1,25,0,1,0,0,0,0
2017,Sweden,UNICEF,TLS,Timor-Leste,0,86,0,0,0,0,0,0,4,0,0,0,28,19,27,6,0,0,0,0,0,1,0,0,0,2,0,0,0,0,0,0,0,0,0,0,0,0,0,0,0,0,0,0,0,0,0,0,0,0,0,0,0,0,0,0,0,0,0,0,0,0,0,4,79,0,3,0,0,0,0
2017,Switzerland,UNICEF,TLS,Timor-Leste,0,13,0,0,0,0,0,0,1,0,0,0,4,3,4,1,0,0,0,0,0,0,0,0,0,0,0,0,0,0,0,0,0,0,0,0,0,0,0,0,0,0,0,0,0,0,0,0,0,0,0,0,0,0,0,0,0,0,0,0,0,0,0,1,12,0,1,0,0,0,0
2017,United_Kingdom,UNICEF,TLS,Timor-Leste,0,271,0,0,0,0,0,0,11,0,0,0,87,59,84,19,0,0,0,1,1,2,0,0,0,5,0,0,0,0,0,0,0,0,0,0,0,0,0,0,0,0,0,0,0,0,0,0,0,0,0,0,0,0,0,0,0,0,0,0,0,0,0,11,249,0,11,0,0,0,0
2017,United_States,UNICEF,TLS,Timor-Leste,0,347,0,0,0,0,0,0,14,0,0,0,111,76,108,24,0,0,0,2,2,2,1,0,0,7,0,0,0,0,0,0,0,0,0,0,0,0,0,0,0,0,0,0,0,0,0,0,0,0,0,0,0,0,0,0,0,0,0,0,0,0,0,14,319,0,14,0,0,0,0
2017,Private_other,US_FOUND,TLS,Timor-Leste,0,40,0,0,0,0,5,0,10,0,5,0,0,0,0,0,0,0,0,0,0,0,0,0,0,0,0,0,0,0,0,0,0,0,0,0,0,0,0,0,0,0,0,0,0,0,0,0,0,0,0,0,0,0,0,0,0,0,0,0,0,20,0,20,0,0,1,0,0,0,0
2017,Australia,WHO,TLS,Timor-Leste,0,50,7,0,9,5,0,0,2,0,0,0,1,3,1,0,0,0,0,0,0,0,0,0,0,2,0,0,0,0,0,0,0,0,0,0,1,0,0,0,0,0,0,1,0,0,0,0,0,0,12,0,0,0,0,1,3,0,0,0,0,3,0,2,5,4,2,1,1,12,21
2017,Austria,WHO,TLS,Timor-Leste,0,11,2,0,2,1,0,0,0,0,0,0,0,1,0,0,0,0,0,0,0,0,0,0,0,0,0,0,0,0,0,0,0,0,0,0,0,0,0,0,0,0,0,0,0,0,0,0,0,0,3,0,0,0,0,0,1,0,0,0,0,1,0,0,1,1,0,0,0,3,5
2017,Belgium,WHO,TLS,Timor-Leste,0,19,3,0,3,2,0,0,1,0,0,0,0,1,0,0,0,0,0,0,0,0,0,0,0,1,0,0,0,0,0,0,0,0,0,0,1,0,0,0,0,0,0,1,0,0,0,0,0,0,5,0,0,0,0,0,1,0,0,0,0,1,0,1,2,1,1,1,1,5,8
2017,Canada,WHO,TLS,Timor-Leste,0,85,12,0,15,8,0,0,3,0,0,0,1,6,2,0,0,0,0,0,0,0,0,0,0,3,0,0,0,0,0,0,0,0,0,0,2,0,0,0,0,0,0,2,0,0,0,0,0,0,21,0,0,0,1,1,5,0,0,0,0,5,0,3,8,6,3,2,2,21,35
2017,China,WHO,TLS,Timor-Leste,0,39,5,0,7,4,0,0,1,0,0,0,0,3,1,0,0,0,0,0,0,0,0,0,0,1,0,0,0,0,0,0,0,0,0,0,1,0,0,0,0,0,0,1,0,0,0,0,0,0,9,0,0,0,0,0,2,0,0,0,0,2,0,1,4,3,1,1,1,9,16
2017,Corporate_donations,WHO,TLS,Timor-Leste,0,53,7,0,9,5,0,0,2,0,0,0,1,3,1,0,0,0,0,0,0,0,0,0,0,2,0,0,0,0,0,0,0,0,0,0,1,0,0,0,0,0,0,1,0,0,0,0,0,0,13,0,0,0,0,1,3,0,0,0,0,3,0,2,5,4,2,1,1,13,22
2017,Denmark,WHO,TLS,Timor-Leste,0,13,2,0,2,1,0,0,0,0,0,0,0,1,0,0,0,0,0,0,0,0,0,0,0,0,0,0,0,0,0,0,0,0,0,0,0,0,0,0,0,0,0,0,0,0,0,0,0,0,3,0,0,0,0,0,1,0,0,0,0,1,0,0,1,1,0,0,0,3,5
2017,Finland,WHO,TLS,Timor-Leste,0,6,1,0,1,1,0,0,0,0,0,0,0,0,0,0,0,0,0,0,0,0,0,0,0,0,0,0,0,0,0,0,0,0,0,0,0,0,0,0,0,0,0,0,0,0,0,0,0,0,1,0,0,0,0,0,0,0,0,0,0,0,0,0,1,0,0,0,0,1,2
2017,France,WHO,TLS,Timor-Leste,0,112,15,0,20,11,0,0,4,0,0,0,1,7,3,0,0,0,0,0,0,0,0,0,0,4,0,0,0,0,0,0,0,0,0,0,3,0,0,0,0,0,0,3,0,0,0,0,0,0,27,0,0,0,1,1,6,0,0,0,0,6,0,4,11,8,4,3,3,27,46
2017,Gates Foundation,WHO,TLS,Timor-Leste,0,491,67,0,86,48,0,0,18,0,0,0,5,32,12,0,0,0,0,0,0,0,0,0,0,16,0,0,0,0,0,0,0,0,0,0,14,0,0,0,0,0,0,13,0,0,0,0,0,0,118,0,0,0,3,5,26,0,0,0,0,26,0,18,48,35,16,14,13,118,202
2017,Germany,WHO,TLS,Timor-Leste,0,85,12,0,15,8,0,0,3,0,0,0,1,5,2,0,0,0,0,0,0,0,0,0,0,3,0,0,0,0,0,0,0,0,0,0,2,0,0,0,0,0,0,2,0,0,0,0,0,0,20,0,0,0,1,1,5,0,0,0,0,4,0,3,8,6,3,2,2,20,35
2017,Greece,WHO,TLS,Timor-Leste,0,5,1,0,1,0,0,0,0,0,0,0,0,0,0,0,0,0,0,0,0,0,0,0,0,0,0,0,0,0,0,0,0,0,0,0,0,0,0,0,0,0,0,0,0,0,0,0,0,0,1,0,0,0,0,0,0,0,0,0,0,0,0,0,0,0,0,0,0,1,2
2017,Ireland,WHO,TLS,Timor-Leste,0,4,1,0,1,0,0,0,0,0,0,0,0,0,0,0,0,0,0,0,0,0,0,0,0,0,0,0,0,0,0,0,0,0,0,0,0,0,0,0,0,0,0,0,0,0,0,0,0,0,1,0,0,0,0,0,0,0,0,0,0,0,0,0,0,0,0,0,0,1,2
2017,Italy,WHO,TLS,Timor-Leste,0,45,6,0,8,4,0,0,2,0,0,0,0,3,1,0,0,0,0,0,0,0,0,0,0,1,0,0,0,0,0,0,0,0,0,0,1,0,0,0,0,0,0,1,0,0,0,0,0,0,11,0,0,0,0,0,2,0,0,0,0,2,0,2,4,3,1,1,1,11,19
2017,Japan,WHO,TLS,Timor-Leste,0,88,12,0,15,9,0,0,3,0,0,0,1,6,2,0,0,0,0,0,0,0,0,0,0,3,0,0,0,0,0,0,0,0,0,0,2,0,0,0,0,0,0,2,0,0,0,0,0,0,21,0,0,0,1,1,5,0,0,0,0,5,0,3,9,6,3,2,2,21,36
2017,Korea,WHO,TLS,Timor-Leste,0,49,7,0,9,5,0,0,2,0,0,0,1,3,1,0,0,0,0,0,0,0,0,0,0,2,0,0,0,0,0,0,0,0,0,0,1,0,0,0,0,0,0,1,0,0,0,0,0,0,12,0,0,0,0,1,3,0,0,0,0,3,0,2,5,3,2,1,1,12,20
2017,Luxembourg,WHO,TLS,Timor-Leste,0,13,2,0,2,1,0,0,1,0,0,0,0,1,0,0,0,0,0,0,0,0,0,0,0,0,0,0,0,0,0,0,0,0,0,0,0,0,0,0,0,0,0,0,0,0,0,0,0,0,3,0,0,0,0,0,1,0,0,0,0,1,0,1,1,1,0,0,0,3,6
2017,Netherlands,WHO,TLS,Timor-Leste,0,24,3,0,4,2,0,0,1,0,0,0,0,2,1,0,0,0,0,0,0,0,0,0,0,1,0,0,0,0,0,0,0,0,0,0,1,0,0,0,0,0,0,1,0,0,0,0,0,0,6,0,0,0,0,0,1,0,0,0,0,1,0,1,2,2,1,1,1,6,10
2017,New_Zealand,WHO,TLS,Timor-Leste,0,2,0,0,0,0,0,0,0,0,0,0,0,0,0,0,0,0,0,0,0,0,0,0,0,0,0,0,0,0,0,0,0,0,0,0,0,0,0,0,0,0,0,0,0,0,0,0,0,0,0,0,0,0,0,0,0,0,0,0,0,0,0,0,0,0,0,0,0,0,1
2017,Non_OECD_DAC_countries,WHO,TLS,Timor-Leste,0,49,7,0,9,5,0,0,2,0,0,0,0,3,1,0,0,0,0,0,0,0,0,0,0,2,0,0,0,0,0,0,0,0,0,0,1,0,0,0,0,0,0,1,0,0,0,0,0,0,12,0,0,0,0,1,3,0,0,0,0,3,0,2,5,3,2,1,1,12,20
2017,Non_OECD_non_DAC_countries,WHO,TLS,Timor-Leste,0,177,24,0,31,17,0,0,7,0,0,0,2,11,4,0,0,0,0,0,0,0,0,0,0,6,0,0,0,0,0,0,0,0,0,0,5,0,0,0,0,0,0,5,0,0,0,0,0,0,43,0,0,0,1,2,9,0,0,0,0,9,0,7,17,13,6,5,5,43,73
2017,Norway,WHO,TLS,Timor-Leste,0,33,4,0,6,3,0,0,1,0,0,0,0,2,1,0,0,0,0,0,0,0,0,0,0,1,0,0,0,0,0,0,0,0,0,0,1,0,0,0,0,0,0,1,0,0,0,0,0,0,8,0,0,0,0,0,2,0,0,0,0,2,0,1,3,2,1,1,1,8,13
2017,Other,WHO,TLS,Timor-Leste,0,238,33,0,42,23,0,0,9,0,0,0,2,15,6,0,0,0,0,0,0,0,0,0,0,8,0,0,0,0,0,0,0,0,0,0,7,0,0,0,0,0,0,6,0,0,0,0,0,0,57,0,0,0,2,3,13,0,0,0,0,13,0,9,24,17,8,7,6,57,98
2017,Other_OECD_DAC_countries,WHO,TLS,Timor-Leste,0,14,2,0,3,1,0,0,1,0,0,0,0,1,0,0,0,0,0,0,0,0,0,0,0,0,0,0,0,0,0,0,0,0,0,0,0,0,0,0,0,0,0,0,0,0,0,0,0,0,3,0,0,0,0,0,1,0,0,0,0,1,0,1,1,1,0,0,0,3,6
2017,Portugal,WHO,TLS,Timor-Leste,0,4,1,0,1,0,0,0,0,0,0,0,0,0,0,0,0,0,0,0,0,0,0,0,0,0,0,0,0,0,0,0,0,0,0,0,0,0,0,0,0,0,0,0,0,0,0,0,0,0,1,0,0,0,0,0,0,0,0,0,0,0,0,0,0,0,0,0,0,1,2
2017,Private_other,WHO,TLS,Timor-Leste,0,237,32,0,42,23,0,0,9,0,0,0,2,15,6,0,0,0,0,0,0,0,0,0,0,8,0,0,0,0,0,0,0,0,0,0,7,0,0,0,0,0,0,6,0,0,0,0,0,0,57,0,0,0,2,3,13,0,0,0,0,13,0,9,23,17,8,7,6,57,97
2017,Spain,WHO,TLS,Timor-Leste,0,35,5,0,6,3,0,0,1,0,0,0,0,2,1,0,0,0,0,0,0,0,0,0,0,1,0,0,0,0,0,0,0,0,0,0,1,0,0,0,0,0,0,1,0,0,0,0,0,0,9,0,0,0,0,0,2,0,0,0,0,2,0,1,3,3,1,1,1,9,15
2017,Sweden,WHO,TLS,Timor-Leste,0,62,8,0,11,6,0,0,2,0,0,0,1,4,1,0,0,0,0,0,0,0,0,0,0,2,0,0,0,0,0,0,0,0,0,0,2,0,0,0,0,0,0,2,0,0,0,0,0,0,15,0,0,0,0,1,3,0,0,0,0,3,0,2,6,4,2,2,2,15,25
2017,Switzerland,WHO,TLS,Timor-Leste,0,23,3,0,4,2,0,0,1,0,0,0,0,1,1,0,0,0,0,0,0,0,0,0,0,1,0,0,0,0,0,0,0,0,0,0,1,0,0,0,0,0,0,1,0,0,0,0,0,0,6,0,0,0,0,0,1,0,0,0,0,1,0,1,2,2,1,1,1,6,9
2017,Unallocable,WHO,TLS,Timor-Leste,0,4,1,0,1,0,0,0,0,0,0,0,0,0,0,0,0,0,0,0,0,0,0,0,0,0,0,0,0,0,0,0,0,0,0,0,0,0,0,0,0,0,0,0,0,0,0,0,0,0,1,0,0,0,0,0,0,0,0,0,0,0,0,0,0,0,0,0,0,1,2
2017,United_Kingdom,WHO,TLS,Timor-Leste,0,364,50,0,64,36,0,0,14,0,0,0,4,23,9,0,0,0,0,0,0,0,0,0,0,12,0,0,0,0,0,0,0,0,0,0,10,0,0,0,0,0,0,10,0,0,0,0,0,0,88,0,0,0,2,4,20,0,0,0,0,19,0,14,36,26,12,10,10,88,149
2017,United_States,WHO,TLS,Timor-Leste,0,638,87,0,112,63,0,0,24,0,0,0,7,41,15,0,0,0,0,0,0,0,0,0,0,21,0,0,0,0,0,0,0,0,0,0,18,0,0,0,0,0,0,17,0,0,0,0,0,0,154,0,0,0,4,7,34,0,0,0,0,34,0,24,63,45,21,18,17,154,262
2018,Australia,BIL_AUS,TLS,Timor-Leste,0,6925,0,374,0,0,41,0,0,82,0,41,1,0,0,44,0,22,0,0,0,0,0,0,0,0,0,0,0,2,0,0,10,1,0,0,0,0,1,0,0,1,0,0,0,0,0,0,0,0,1,726,19,0,0,0,0,0,0,0,0,5557,0,165,67,0,0,14,1,746,374
2018,Canada,BIL_CAN,TLS,Timor-Leste,0,113,1,0,0,0,0,0,0,2,5,0,9,0,0,0,0,0,0,0,0,0,0,0,0,0,0,0,0,0,0,0,0,0,0,0,0,0,0,0,23,26,0,0,0,5,41,0,0,0,1,0,0,0,0,0,0,0,0,0,0,0,0,6,9,0,0,0,95,1,1
2018,Germany,BIL_DEU,TLS,Timor-Leste,0,22,0,0,0,0,0,0,0,0,0,0,3,0,0,0,0,0,0,0,0,0,0,0,0,0,0,0,0,0,0,0,0,0,0,0,0,0,0,0,0,0,0,0,0,0,0,0,0,0,0,0,0,0,0,0,0,0,0,0,0,19,0,0,3,0,0,0,0,0,0
2018,France,BIL_FRA,TLS,Timor-Leste,0,1,0,0,0,0,0,0,0,0,0,0,0,0,0,0,0,0,0,0,0,0,0,0,0,0,0,0,0,0,0,0,0,0,0,0,0,0,0,0,0,0,0,0,0,0,0,0,0,0,0,0,0,0,0,0,0,0,0,0,0,1,0,0,0,0,0,0,0,0,0
2018,United_Kingdom,BIL_GBR,TLS,Timor-Leste,0,16,0,0,0,0,0,0,0,0,0,0,0,0,0,0,0,0,0,0,0,0,0,0,0,0,0,0,0,0,0,0,0,0,0,0,0,0,0,0,10,0,0,0,0,0,0,0,0,0,3,0,0,0,0,0,1,0,0,0,0,3,0,0,0,1,0,0,10,3,0
2018,Japan,BIL_JPN,TLS,Timor-Leste,0,2869,0,0,108,0,0,0,0,0,0,0,0,0,0,0,0,0,0,0,0,0,0,0,0,12,0,0,0,0,0,0,0,0,0,0,0,0,0,0,0,0,0,21,0,0,0,0,0,0,23,0,0,0,0,0,0,0,0,0,0,2704,0,0,0,0,12,0,21,23,108
2018,Korea,BIL_KOR,TLS,Timor-Leste,0,1898,88,0,41,0,0,971,0,0,583,0,0,0,0,0,0,0,0,0,0,0,0,1,0,0,0,0,0,0,0,0,0,0,0,0,0,0,0,0,0,0,0,0,0,0,0,0,0,0,0,0,43,0,0,0,0,0,0,0,0,172,0,1554,0,0,1,0,0,43,128
2018,Other_OECD_DAC_countries,BIL_POL,TLS,Timor-Leste,0,14,14,0,0,0,0,0,0,0,0,0,0,0,0,0,0,0,0,0,0,0,0,0,0,0,0,0,0,0,0,0,0,0,0,0,0,0,0,0,0,0,0,0,0,0,0,0,0,0,0,0,0,0,0,0,0,0,0,0,0,0,0,0,0,0,0,0,0,0,14
2018,Non_OECD_DAC_countries,BIL_TUR,TLS,Timor-Leste,0,4,4,0,0,0,0,0,0,0,0,0,0,0,0,0,0,0,0,0,0,0,0,0,0,0,0,0,0,0,0,0,0,0,0,0,0,0,0,0,0,0,0,0,0,0,0,0,0,0,0,0,0,0,0,0,0,0,0,0,0,0,0,0,0,0,0,0,0,0,4
2018,United_States,BIL_USA,TLS,Timor-Leste,0,395,1,4,0,0,3,2,0,12,1,0,0,0,0,0,0,0,13,77,0,0,6,13,0,4,28,0,0,0,0,0,0,5,0,0,0,34,0,2,0,0,0,0,0,0,0,0,0,0,14,0,0,0,0,0,0,0,0,0,0,175,0,18,0,0,142,41,0,14,5
2018,Austria,EC,TLS,Timor-Leste,0,33,0,0,0,0,0,0,16,0,0,0,16,0,0,0,0,0,0,0,0,0,0,0,0,0,0,0,0,0,0,0,0,0,0,0,0,0,0,0,0,0,0,0,0,0,0,0,0,0,0,0,0,0,0,0,0,0,0,0,0,0,0,16,16,0,0,0,0,0,0
2018,Belgium,EC,TLS,Timor-Leste,0,53,0,1,0,0,0,0,26,0,0,0,26,0,0,0,0,0,0,0,0,0,0,0,0,0,0,0,0,0,0,0,0,0,0,0,0,0,0,0,0,0,0,0,0,0,0,0,0,0,0,0,0,0,0,0,0,0,0,0,0,0,0,26,26,0,0,0,0,0,1
2018,Denmark,EC,TLS,Timor-Leste,0,27,0,0,0,0,0,0,13,0,0,0,13,0,0,0,0,0,0,0,0,0,0,0,0,0,0,0,0,0,0,0,0,0,0,0,0,0,0,0,0,0,0,0,0,0,0,0,0,0,0,0,0,0,0,0,0,0,0,0,0,0,0,13,13,0,0,0,0,0,0
2018,Finland,EC,TLS,Timor-Leste,0,21,0,0,0,0,0,0,10,0,0,0,10,0,0,0,0,0,0,0,0,0,0,0,0,0,0,0,0,0,0,0,0,0,0,0,0,0,0,0,0,0,0,0,0,0,0,0,0,0,0,0,0,0,0,0,0,0,0,0,0,0,0,10,10,0,0,0,0,0,0
2018,France,EC,TLS,Timor-Leste,0,234,0,3,0,0,0,0,115,0,0,0,115,0,0,0,0,0,0,0,0,0,0,0,0,0,0,0,0,0,0,0,0,0,0,0,0,0,0,0,0,0,0,0,0,0,0,0,0,0,1,0,0,0,0,0,0,0,0,0,0,0,0,115,115,0,0,0,0,1,3
2018,Germany,EC,TLS,Timor-Leste,0,292,0,4,0,0,0,0,143,0,0,0,143,0,0,0,0,0,0,0,0,0,0,0,0,0,0,0,0,0,0,0,0,0,0,0,0,0,0,0,0,0,0,0,0,0,0,0,0,0,1,0,0,0,0,0,0,0,0,0,0,0,0,143,143,0,0,0,0,1,4
2018,Greece,EC,TLS,Timor-Leste,0,18,0,0,0,0,0,0,9,0,0,0,9,0,0,0,0,0,0,0,0,0,0,0,0,0,0,0,0,0,0,0,0,0,0,0,0,0,0,0,0,0,0,0,0,0,0,0,0,0,0,0,0,0,0,0,0,0,0,0,0,0,0,9,9,0,0,0,0,0,0
2018,Ireland,EC,TLS,Timor-Leste,0,20,0,0,0,0,0,0,10,0,0,0,10,0,0,0,0,0,0,0,0,0,0,0,0,0,0,0,0,0,0,0,0,0,0,0,0,0,0,0,0,0,0,0,0,0,0,0,0,0,0,0,0,0,0,0,0,0,0,0,0,0,0,10,10,0,0,0,0,0,0
2018,Italy,EC,TLS,Timor-Leste,0,168,0,2,0,0,0,0,83,0,0,0,83,0,0,0,0,0,0,0,0,0,0,0,0,0,0,0,0,0,0,0,0,0,0,0,0,0,0,0,0,0,0,0,0,0,0,0,0,0,0,0,0,0,0,0,0,0,0,0,0,0,0,83,83,0,0,0,0,0,2
2018,Luxembourg,EC,TLS,Timor-Leste,0,4,0,0,0,0,0,0,2,0,0,0,2,0,0,0,0,0,0,0,0,0,0,0,0,0,0,0,0,0,0,0,0,0,0,0,0,0,0,0,0,0,0,0,0,0,0,0,0,0,0,0,0,0,0,0,0,0,0,0,0,0,0,2,2,0,0,0,0,0,0
2018,Netherlands,EC,TLS,Timor-Leste,0,56,0,1,0,0,0,0,28,0,0,0,28,0,0,0,0,0,0,0,0,0,0,0,0,0,0,0,0,0,0,0,0,0,0,0,0,0,0,0,0,0,0,0,0,0,0,0,0,0,0,0,0,0,0,0,0,0,0,0,0,0,0,28,28,0,0,0,0,0,1
2018,Other_OECD_DAC_countries,EC,TLS,Timor-Leste,0,85,0,1,0,0,0,0,42,0,0,0,42,0,0,0,0,0,0,0,0,0,0,0,0,0,0,0,0,0,0,0,0,0,0,0,0,0,0,0,0,0,0,0,0,0,0,0,0,0,0,0,0,0,0,0,0,0,0,0,0,0,0,42,42,0,0,0,0,0,1
2018,Portugal,EC,TLS,Timor-Leste,0,18,0,0,0,0,0,0,9,0,0,0,9,0,0,0,0,0,0,0,0,0,0,0,0,0,0,0,0,0,0,0,0,0,0,0,0,0,0,0,0,0,0,0,0,0,0,0,0,0,0,0,0,0,0,0,0,0,0,0,0,0,0,9,9,0,0,0,0,0,0
2018,Spain,EC,TLS,Timor-Leste,0,112,0,1,0,0,0,0,55,0,0,0,55,0,0,0,0,0,0,0,0,0,0,0,0,0,0,0,0,0,0,0,0,0,0,0,0,0,0,0,0,0,0,0,0,0,0,0,0,0,0,0,0,0,0,0,0,0,0,0,0,0,0,55,55,0,0,0,0,0,1
2018,Sweden,EC,TLS,Timor-Leste,0,39,0,0,0,0,0,0,19,0,0,0,19,0,0,0,0,0,0,0,0,0,0,0,0,0,0,0,0,0,0,0,0,0,0,0,0,0,0,0,0,0,0,0,0,0,0,0,0,0,0,0,0,0,0,0,0,0,0,0,0,0,0,19,19,0,0,0,0,0,0
2018,United_Kingdom,EC,TLS,Timor-Leste,0,162,0,2,0,0,0,0,80,0,0,0,80,0,0,0,0,0,0,0,0,0,0,0,0,0,0,0,0,0,0,0,0,0,0,0,0,0,0,0,0,0,0,0,0,0,0,0,0,0,0,0,0,0,0,0,0,0,0,0,0,0,0,80,80,0,0,0,0,0,2
2018,Gates Foundation,GATES,TLS,Timor-Leste,0,107,0,0,0,0,8,0,0,1,2,0,0,0,10,0,1,0,0,0,0,0,0,0,0,0,1,0,0,0,0,0,0,0,0,0,5,0,42,0,0,0,0,0,0,0,0,0,0,0,4,0,0,0,0,0,0,0,0,0,0,32,0,12,11,0,1,48,0,4,0
2018,Canada,GAVI,TLS,Timor-Leste,0,8,0,0,0,0,0,0,0,0,0,0,0,8,0,0,0,0,0,0,0,0,0,0,0,0,0,0,0,0,0,0,0,0,0,0,0,0,0,0,0,0,0,0,0,0,0,0,0,0,0,0,0,0,0,0,0,0,0,0,0,0,0,0,8,0,0,0,0,0,0
2018,Gates Foundation,GAVI,TLS,Timor-Leste,0,38,0,0,0,0,0,0,0,0,0,0,0,38,0,0,0,0,0,0,0,0,0,0,0,0,0,0,0,0,0,0,0,0,0,0,0,0,0,0,0,0,0,0,0,0,0,0,0,0,0,0,0,0,0,0,0,0,0,0,0,0,0,0,38,0,0,0,0,0,0
2018,Germany,GAVI,TLS,Timor-Leste,0,17,0,0,0,0,0,0,0,0,0,0,0,17,0,0,0,0,0,0,0,0,0,0,0,0,0,0,0,0,0,0,0,0,0,0,0,0,0,0,0,0,0,0,0,0,0,0,0,0,0,0,0,0,0,0,0,0,0,0,0,0,0,0,17,0,0,0,0,0,0
2018,Italy,GAVI,TLS,Timor-Leste,0,6,0,0,0,0,0,0,0,0,0,0,0,6,0,0,0,0,0,0,0,0,0,0,0,0,0,0,0,0,0,0,0,0,0,0,0,0,0,0,0,0,0,0,0,0,0,0,0,0,0,0,0,0,0,0,0,0,0,0,0,0,0,0,6,0,0,0,0,0,0
2018,Japan,GAVI,TLS,Timor-Leste,0,2,0,0,0,0,0,0,0,0,0,0,0,2,0,0,0,0,0,0,0,0,0,0,0,0,0,0,0,0,0,0,0,0,0,0,0,0,0,0,0,0,0,0,0,0,0,0,0,0,0,0,0,0,0,0,0,0,0,0,0,0,0,0,2,0,0,0,0,0,0
2018,Netherlands,GAVI,TLS,Timor-Leste,0,5,0,0,0,0,0,0,0,0,0,0,0,5,0,0,0,0,0,0,0,0,0,0,0,0,0,0,0,0,0,0,0,0,0,0,0,0,0,0,0,0,0,0,0,0,0,0,0,0,0,0,0,0,0,0,0,0,0,0,0,0,0,0,5,0,0,0,0,0,0
2018,Norway,GAVI,TLS,Timor-Leste,0,17,0,0,0,0,0,0,0,0,0,0,0,17,0,0,0,0,0,0,0,0,0,0,0,0,0,0,0,0,0,0,0,0,0,0,0,0,0,0,0,0,0,0,0,0,0,0,0,0,0,0,0,0,0,0,0,0,0,0,0,0,0,0,17,0,0,0,0,0,0
2018,Other,GAVI,TLS,Timor-Leste,0,2,0,0,0,0,0,0,0,0,0,0,0,2,0,0,0,0,0,0,0,0,0,0,0,0,0,0,0,0,0,0,0,0,0,0,0,0,0,0,0,0,0,0,0,0,0,0,0,0,0,0,0,0,0,0,0,0,0,0,0,0,0,0,2,0,0,0,0,0,0
2018,Sweden,GAVI,TLS,Timor-Leste,0,4,0,0,0,0,0,0,0,0,0,0,0,4,0,0,0,0,0,0,0,0,0,0,0,0,0,0,0,0,0,0,0,0,0,0,0,0,0,0,0,0,0,0,0,0,0,0,0,0,0,0,0,0,0,0,0,0,0,0,0,0,0,0,4,0,0,0,0,0,0
2018,United_Kingdom,GAVI,TLS,Timor-Leste,0,27,0,0,0,0,0,0,0,0,0,0,0,27,0,0,0,0,0,0,0,0,0,0,0,0,0,0,0,0,0,0,0,0,0,0,0,0,0,0,0,0,0,0,0,0,0,0,0,0,0,0,0,0,0,0,0,0,0,0,0,0,0,0,27,0,0,0,0,0,0
2018,United_States,GAVI,TLS,Timor-Leste,0,28,0,0,0,0,0,0,0,0,0,0,0,28,0,0,0,0,0,0,0,0,0,0,0,0,0,0,0,0,0,0,0,0,0,0,0,0,0,0,0,0,0,0,0,0,0,0,0,0,0,0,0,0,0,0,0,0,0,0,0,0,0,0,28,0,0,0,0,0,0
2018,Australia,GFATM,TLS,Timor-Leste,0,98,0,0,0,0,0,0,0,0,0,0,0,0,0,0,0,0,6,9,1,0,1,3,0,3,10,1,0,1,3,1,1,7,1,0,7,5,2,1,6,2,6,13,2,5,1,0,0,0,0,0,0,0,0,0,0,0,0,0,0,0,0,0,0,0,35,28,35,0,0
2018,Austria,GFATM,TLS,Timor-Leste,0,9,0,0,0,0,0,0,0,0,0,0,0,0,0,0,0,0,1,1,0,0,0,0,0,0,1,0,0,0,0,0,0,1,0,0,1,0,0,0,1,0,1,1,0,0,0,0,0,0,0,0,0,0,0,0,0,0,0,0,0,0,0,0,0,0,3,3,3,0,0
2018,Belgium,GFATM,TLS,Timor-Leste,0,47,0,0,0,0,0,0,0,0,0,0,0,0,0,0,0,0,3,4,0,0,1,1,0,2,5,1,0,0,1,0,0,3,0,0,3,2,1,1,3,1,3,6,1,2,1,0,0,0,0,0,0,0,0,0,0,0,0,0,0,0,0,0,0,0,17,13,17,0,0
2018,Canada,GFATM,TLS,Timor-Leste,0,399,0,1,0,0,0,0,0,0,0,0,0,0,0,0,0,0,24,35,3,1,4,12,0,14,42,6,2,4,12,4,4,27,3,0,27,20,10,4,24,7,23,53,10,20,6,0,0,0,0,0,0,0,0,0,0,0,0,0,0,0,0,0,0,0,142,114,143,0,1
2018,China,GFATM,TLS,Timor-Leste,0,12,0,0,0,0,0,0,0,0,0,0,0,0,0,0,0,0,1,1,0,0,0,0,0,0,1,0,0,0,0,0,0,1,0,0,1,1,0,0,1,0,1,2,0,1,0,0,0,0,0,0,0,0,0,0,0,0,0,0,0,0,0,0,0,0,4,3,4,0,0
2018,Denmark,GFATM,TLS,Timor-Leste,0,51,0,0,0,0,0,0,0,0,0,0,0,0,0,0,0,0,3,4,0,0,1,2,0,2,5,1,0,1,2,0,0,3,0,0,3,3,1,1,3,1,3,7,1,3,1,0,0,0,0,0,0,0,0,0,0,0,0,0,0,0,0,0,0,0,18,15,18,0,0
2018,Finland,GFATM,TLS,Timor-Leste,0,6,0,0,0,0,0,0,0,0,0,0,0,0,0,0,0,0,0,0,0,0,0,0,0,0,1,0,0,0,0,0,0,0,0,0,0,0,0,0,0,0,0,1,0,0,0,0,0,0,0,0,0,0,0,0,0,0,0,0,0,0,0,0,0,0,2,2,2,0,0
2018,France,GFATM,TLS,Timor-Leste,0,860,0,1,0,0,0,0,0,0,0,0,0,0,0,0,0,0,53,75,5,1,9,26,0,29,90,12,4,9,26,8,8,57,7,0,58,43,21,9,52,14,50,115,21,43,13,0,0,0,0,0,0,0,0,0,0,0,0,0,0,0,0,0,0,0,305,246,308,0,1
2018,Gates Foundation,GFATM,TLS,Timor-Leste,0,444,0,1,0,0,0,0,0,0,0,0,0,0,0,0,0,0,27,39,3,1,5,13,0,15,47,6,2,5,13,4,4,30,4,0,30,22,11,5,27,7,26,59,11,22,7,0,0,0,0,0,0,0,0,0,0,0,0,0,0,0,0,0,0,0,157,127,159,0,1
2018,Germany,GFATM,TLS,Timor-Leste,0,592,0,1,0,0,0,0,0,0,0,0,0,0,0,0,0,0,36,52,4,1,6,18,0,20,62,8,3,6,18,5,5,39,5,0,40,30,15,6,35,10,35,79,15,30,9,0,0,0,0,0,0,0,0,0,0,0,0,0,0,0,0,0,0,0,210,169,212,0,1
2018,Greece,GFATM,TLS,Timor-Leste,0,5,0,0,0,0,0,0,0,0,0,0,0,0,0,0,0,0,0,0,0,0,0,0,0,0,1,0,0,0,0,0,0,0,0,0,0,0,0,0,0,0,0,1,0,0,0,0,0,0,0,0,0,0,0,0,0,0,0,0,0,0,0,0,0,0,2,1,2,0,0
2018,Ireland,GFATM,TLS,Timor-Leste,0,27,0,0,0,0,0,0,0,0,0,0,0,0,0,0,0,0,2,2,0,0,0,1,0,1,3,0,0,0,1,0,0,2,0,0,2,1,1,0,2,0,2,4,1,1,0,0,0,0,0,0,0,0,0,0,0,0,0,0,0,0,0,0,0,0,10,8,10,0,0
2018,Italy,GFATM,TLS,Timor-Leste,0,139,0,0,0,0,0,0,0,0,0,0,0,0,0,0,0,0,8,12,1,0,1,4,0,5,15,2,1,1,4,1,1,9,1,0,9,7,3,1,8,2,8,19,3,7,2,0,0,0,0,0,0,0,0,0,0,0,0,0,0,0,0,0,0,0,49,40,50,0,0
2018,Japan,GFATM,TLS,Timor-Leste,0,548,0,1,0,0,0,0,0,0,0,0,0,0,0,0,0,0,33,48,3,1,6,16,0,19,58,8,2,6,16,5,5,37,5,0,37,27,13,6,33,9,32,73,14,28,8,0,0,0,0,0,0,0,0,0,0,0,0,0,0,0,0,0,0,0,195,156,196,0,1
2018,Korea,GFATM,TLS,Timor-Leste,0,7,0,0,0,0,0,0,0,0,0,0,0,0,0,0,0,0,0,1,0,0,0,0,0,0,1,0,0,0,0,0,0,0,0,0,0,0,0,0,0,0,0,1,0,0,0,0,0,0,0,0,0,0,0,0,0,0,0,0,0,0,0,0,0,0,3,2,3,0,0
2018,Luxembourg,GFATM,TLS,Timor-Leste,0,6,0,0,0,0,0,0,0,0,0,0,0,0,0,0,0,0,0,1,0,0,0,0,0,0,1,0,0,0,0,0,0,0,0,0,0,0,0,0,0,0,0,1,0,0,0,0,0,0,0,0,0,0,0,0,0,0,0,0,0,0,0,0,0,0,2,2,2,0,0
2018,Netherlands,GFATM,TLS,Timor-Leste,0,133,0,0,0,0,0,0,0,0,0,0,0,0,0,0,0,0,8,12,1,0,1,4,0,4,14,2,1,1,4,1,1,9,1,0,9,7,3,1,8,2,8,18,3,7,2,0,0,0,0,0,0,0,0,0,0,0,0,0,0,0,0,0,0,0,47,38,47,0,0
2018,Non_OECD_DAC_countries,GFATM,TLS,Timor-Leste,0,21,0,0,0,0,0,0,0,0,0,0,0,0,0,0,0,0,1,2,0,0,0,1,0,1,2,0,0,0,1,0,0,1,0,0,1,1,1,0,1,0,1,3,1,1,0,0,0,0,0,0,0,0,0,0,0,0,0,0,0,0,0,0,0,0,7,6,8,0,0
2018,Non_OECD_non_DAC_countries,GFATM,TLS,Timor-Leste,0,33,0,0,0,0,0,0,0,0,0,0,0,0,0,0,0,0,2,3,0,0,0,1,0,1,3,0,0,0,1,0,0,2,0,0,2,2,1,0,2,1,2,4,1,2,0,0,0,0,0,0,0,0,0,0,0,0,0,0,0,0,0,0,0,0,12,9,12,0,0
2018,Norway,GFATM,TLS,Timor-Leste,0,166,0,0,0,0,0,0,0,0,0,0,0,0,0,0,0,0,10,14,1,0,2,5,0,6,17,2,1,2,5,1,1,11,1,0,11,8,4,2,10,3,10,22,4,8,2,0,0,0,0,0,0,0,0,0,0,0,0,0,0,0,0,0,0,0,59,47,59,0,0
2018,Other_OECD_DAC_countries,GFATM,TLS,Timor-Leste,0,22,0,0,0,0,0,0,0,0,0,0,0,0,0,0,0,0,1,2,0,0,0,1,0,1,2,0,0,0,1,0,0,1,0,0,2,1,1,0,1,0,1,3,1,1,0,0,0,0,0,0,0,0,0,0,0,0,0,0,0,0,0,0,0,0,8,6,8,0,0
2018,Portugal,GFATM,TLS,Timor-Leste,0,5,0,0,0,0,0,0,0,0,0,0,0,0,0,0,0,0,0,0,0,0,0,0,0,0,1,0,0,0,0,0,0,0,0,0,0,0,0,0,0,0,0,1,0,0,0,0,0,0,0,0,0,0,0,0,0,0,0,0,0,0,0,0,0,0,2,1,2,0,0
2018,Private_other,GFATM,TLS,Timor-Leste,0,124,0,0,0,0,0,0,0,0,0,0,0,0,0,0,0,0,8,11,1,0,1,4,0,4,13,2,1,1,4,1,1,8,1,0,8,6,3,1,7,2,7,16,3,6,2,0,0,0,0,0,0,0,0,0,0,0,0,0,0,0,0,0,0,0,44,35,44,0,0
2018,Spain,GFATM,TLS,Timor-Leste,0,37,0,0,0,0,0,0,0,0,0,0,0,0,0,0,0,0,2,3,0,0,0,1,0,1,4,1,0,0,1,0,0,2,0,0,2,2,1,0,2,1,2,5,1,2,1,0,0,0,0,0,0,0,0,0,0,0,0,0,0,0,0,0,0,0,13,11,13,0,0
2018,Sweden,GFATM,TLS,Timor-Leste,0,204,0,0,0,0,0,0,0,0,0,0,0,0,0,0,0,0,12,18,1,0,2,6,0,7,21,3,1,2,6,2,2,14,2,0,14,10,5,2,12,3,12,27,5,10,3,0,0,0,0,0,0,0,0,0,0,0,0,0,0,0,0,0,0,0,73,58,73,0,0
2018,Switzerland,GFATM,TLS,Timor-Leste,0,37,0,0,0,0,0,0,0,0,0,0,0,0,0,0,0,0,2,3,0,0,0,1,0,1,4,1,0,0,1,0,0,2,0,0,2,2,1,0,2,1,2,5,1,2,1,0,0,0,0,0,0,0,0,0,0,0,0,0,0,0,0,0,0,0,13,11,13,0,0
2018,United_Kingdom,GFATM,TLS,Timor-Leste,0,960,0,2,0,0,0,0,0,0,0,0,0,0,0,0,0,0,59,84,6,1,10,29,0,33,101,14,4,10,29,8,8,64,8,0,65,48,24,10,57,16,56,128,24,48,14,0,0,0,0,0,0,0,0,0,0,0,0,0,0,0,0,0,0,0,341,274,344,0,2
2018,United_States,GFATM,TLS,Timor-Leste,0,1867,0,3,0,0,0,0,0,0,0,0,0,0,0,0,0,0,114,163,12,3,20,56,1,63,196,27,8,19,56,16,16,124,16,0,126,93,46,20,112,31,109,249,46,94,28,0,0,0,0,0,0,0,0,0,0,0,0,0,0,0,0,0,0,0,662,533,668,0,3
2018,Australia,INTLNGO,TLS,Timor-Leste,0,61,58,0,0,0,0,0,0,0,0,0,1,0,0,0,0,0,0,0,0,0,0,0,0,0,0,0,0,0,0,0,0,2,0,0,0,0,0,0,0,0,0,0,0,0,0,0,0,0,0,0,0,0,0,0,0,0,0,0,0,0,0,0,1,0,0,2,0,0,58
2018,Canada,INTLNGO,TLS,Timor-Leste,0,125,0,0,0,0,0,15,0,5,8,13,83,0,0,0,0,0,0,0,0,0,0,0,0,0,0,0,0,0,0,0,0,0,0,0,0,0,0,0,0,0,0,0,0,0,0,0,0,0,0,0,0,0,0,0,0,0,0,0,0,0,0,41,84,0,0,0,0,0,0
2018,Germany,INTLNGO,TLS,Timor-Leste,0,65,0,0,0,0,0,0,0,0,0,0,0,0,0,0,0,0,0,0,0,0,0,0,0,0,0,0,0,0,0,0,0,0,0,0,0,0,0,0,0,0,0,0,0,0,0,0,0,0,0,0,0,0,0,0,0,0,0,0,0,65,0,0,0,0,0,0,0,0,0
2018,Japan,INTLNGO,TLS,Timor-Leste,0,465,159,0,306,0,0,0,0,0,0,0,0,0,0,0,0,0,0,0,0,0,0,0,0,0,0,0,0,0,0,0,0,0,0,0,0,0,0,0,0,0,0,0,0,0,0,0,0,0,0,0,0,0,0,0,0,0,0,0,0,0,0,0,0,0,0,0,0,0,465
2018,Portugal,INTLNGO,TLS,Timor-Leste,0,24,24,0,0,0,0,0,0,0,0,0,0,0,0,0,0,0,0,0,0,0,0,0,0,0,0,0,0,0,0,0,0,0,0,0,0,0,0,0,0,0,0,0,0,0,0,0,0,0,0,0,0,0,0,0,0,0,0,0,0,0,0,0,0,0,0,0,0,0,24
2018,United_States,INTLNGO,TLS,Timor-Leste,0,78,0,0,0,0,44,0,0,0,0,0,0,0,0,0,0,0,0,0,0,0,0,0,0,14,0,0,0,0,0,0,0,0,0,0,0,0,0,0,2,5,12,0,0,0,0,0,0,0,0,0,0,0,0,0,0,0,0,0,0,0,0,44,0,0,14,0,20,0,0
2018,Corporate_donations,NGO,TLS,Timor-Leste,0,283,85,1,19,0,1,1,1,0,1,0,5,0,14,2,4,0,1,2,0,0,0,0,0,0,1,0,1,0,0,0,0,0,0,0,0,0,0,0,0,0,0,0,0,0,0,0,0,0,0,0,0,0,0,1,90,10,35,0,0,4,0,4,26,136,6,1,0,1,104
2018,Gates Foundation,NGO,TLS,Timor-Leste,0,133,0,0,1,0,36,6,1,1,3,1,2,28,0,6,3,12,1,1,0,0,0,1,0,4,2,1,4,1,1,0,1,3,2,0,0,2,1,1,0,0,0,1,0,0,0,0,0,0,0,0,0,0,0,0,1,2,0,0,0,0,0,48,51,3,14,12,2,0,2
2018,Private_other,NGO,TLS,Timor-Leste,0,1469,191,6,102,0,133,35,23,3,28,5,102,61,44,35,135,25,8,5,0,4,5,4,0,31,3,15,30,4,3,0,4,8,1,0,0,8,1,0,1,0,1,1,1,0,0,0,0,0,6,2,13,2,17,21,172,24,83,0,0,65,0,227,402,316,104,29,4,22,299
2018,United_States,NGO,TLS,Timor-Leste,0,1189,11,0,0,0,365,121,0,99,296,0,0,0,0,73,219,0,0,0,0,0,0,0,0,4,0,0,0,0,0,0,0,0,0,0,0,0,0,0,0,0,0,0,0,0,0,0,0,0,1,0,0,0,0,0,0,0,0,0,0,0,0,880,292,0,4,0,0,1,11
2018,Australia,UNFPA,TLS,Timor-Leste,0,46,0,0,0,0,5,5,12,17,2,0,0,0,0,0,0,0,0,0,0,0,0,0,0,5,0,0,0,0,0,0,0,0,0,0,0,0,0,0,0,0,0,0,0,0,0,0,0,0,0,0,0,0,0,0,0,0,0,0,0,0,0,41,0,0,5,0,0,0,0
2018,Belgium,UNFPA,TLS,Timor-Leste,0,13,0,0,0,0,2,2,4,5,0,0,0,0,0,0,0,0,0,0,0,0,0,0,0,2,0,0,0,0,0,0,0,0,0,0,0,0,0,0,0,0,0,0,0,0,0,0,0,0,0,0,0,0,0,0,0,0,0,0,0,0,0,12,0,0,2,0,0,0,0
2018,Canada,UNFPA,TLS,Timor-Leste,0,111,0,0,0,0,13,13,29,40,4,0,0,0,0,0,0,0,0,0,0,0,0,0,0,13,0,0,0,0,0,0,0,0,0,0,0,0,0,0,0,0,0,0,0,0,0,0,0,0,0,0,0,0,0,0,0,0,0,0,0,0,0,98,0,0,13,0,0,0,0
2018,China,UNFPA,TLS,Timor-Leste,0,2,0,0,0,0,0,0,0,1,0,0,0,0,0,0,0,0,0,0,0,0,0,0,0,0,0,0,0,0,0,0,0,0,0,0,0,0,0,0,0,0,0,0,0,0,0,0,0,0,0,0,0,0,0,0,0,0,0,0,0,0,0,2,0,0,0,0,0,0,0
2018,Corporate_donations,UNFPA,TLS,Timor-Leste,0,1,0,0,0,0,0,0,0,0,0,0,0,0,0,0,0,0,0,0,0,0,0,0,0,0,0,0,0,0,0,0,0,0,0,0,0,0,0,0,0,0,0,0,0,0,0,0,0,0,0,0,0,0,0,0,0,0,0,0,0,0,0,1,0,0,0,0,0,0,0
2018,Denmark,UNFPA,TLS,Timor-Leste,0,53,0,0,0,0,6,6,14,19,2,0,0,0,0,0,0,0,0,0,0,0,0,0,0,6,0,0,0,0,0,0,0,0,0,0,0,0,0,0,0,0,0,0,0,0,0,0,0,0,0,0,0,0,0,0,0,0,0,0,0,0,0,47,0,0,6,0,0,0,0
2018,Finland,UNFPA,TLS,Timor-Leste,0,24,0,0,0,0,3,3,6,9,1,0,0,0,0,0,0,0,0,0,0,0,0,0,0,3,0,0,0,0,0,0,0,0,0,0,0,0,0,0,0,0,0,0,0,0,0,0,0,0,0,0,0,0,0,0,0,0,0,0,0,0,0,21,0,0,3,0,0,0,0
2018,France,UNFPA,TLS,Timor-Leste,0,9,0,0,0,0,1,1,2,3,0,0,0,0,0,0,0,0,0,0,0,0,0,0,0,1,0,0,0,0,0,0,0,0,0,0,0,0,0,0,0,0,0,0,0,0,0,0,0,0,0,0,0,0,0,0,0,0,0,0,0,0,0,8,0,0,1,0,0,0,0
2018,Germany,UNFPA,TLS,Timor-Leste,0,35,0,0,0,0,4,4,9,13,1,0,0,0,0,0,0,0,0,0,0,0,0,0,0,4,0,0,0,0,0,0,0,0,0,0,0,0,0,0,0,0,0,0,0,0,0,0,0,0,0,0,0,0,0,0,0,0,0,0,0,0,0,31,0,0,4,0,0,0,0
2018,Ireland,UNFPA,TLS,Timor-Leste,0,6,0,0,0,0,1,1,2,2,0,0,0,0,0,0,0,0,0,0,0,0,0,0,0,1,0,0,0,0,0,0,0,0,0,0,0,0,0,0,0,0,0,0,0,0,0,0,0,0,0,0,0,0,0,0,0,0,0,0,0,0,0,5,0,0,1,0,0,0,0
2018,Italy,UNFPA,TLS,Timor-Leste,0,12,0,0,0,0,1,1,3,4,0,0,0,0,0,0,0,0,0,0,0,0,0,0,0,1,0,0,0,0,0,0,0,0,0,0,0,0,0,0,0,0,0,0,0,0,0,0,0,0,0,0,0,0,0,0,0,0,0,0,0,0,0,10,0,0,1,0,0,0,0
2018,Japan,UNFPA,TLS,Timor-Leste,0,50,0,0,0,0,6,6,13,18,2,0,0,0,0,0,0,0,0,0,0,0,0,0,0,6,0,0,0,0,0,0,0,0,0,0,0,0,0,0,0,0,0,0,0,0,0,0,0,0,0,0,0,0,0,0,0,0,0,0,0,0,0,44,0,0,6,0,0,0,0
2018,Korea,UNFPA,TLS,Timor-Leste,0,10,0,0,0,0,1,1,3,3,0,0,0,0,0,0,0,0,0,0,0,0,0,0,0,1,0,0,0,0,0,0,0,0,0,0,0,0,0,0,0,0,0,0,0,0,0,0,0,0,0,0,0,0,0,0,0,0,0,0,0,0,0,8,0,0,1,0,0,0,0
2018,Luxembourg,UNFPA,TLS,Timor-Leste,0,5,0,0,0,0,1,1,1,2,0,0,0,0,0,0,0,0,0,0,0,0,0,0,0,1,0,0,0,0,0,0,0,0,0,0,0,0,0,0,0,0,0,0,0,0,0,0,0,0,0,0,0,0,0,0,0,0,0,0,0,0,0,4,0,0,1,0,0,0,0
2018,Netherlands,UNFPA,TLS,Timor-Leste,0,51,0,0,0,0,6,6,13,18,2,0,0,0,0,0,0,0,0,0,0,0,0,0,0,6,0,0,0,0,0,0,0,0,0,0,0,0,0,0,0,0,0,0,0,0,0,0,0,0,0,0,0,0,0,0,0,0,0,0,0,0,0,45,0,0,6,0,0,0,0
2018,New_Zealand,UNFPA,TLS,Timor-Leste,0,6,0,0,0,0,1,1,2,2,0,0,0,0,0,0,0,0,0,0,0,0,0,0,0,1,0,0,0,0,0,0,0,0,0,0,0,0,0,0,0,0,0,0,0,0,0,0,0,0,0,0,0,0,0,0,0,0,0,0,0,0,0,5,0,0,1,0,0,0,0
2018,Non_OECD_DAC_countries,UNFPA,TLS,Timor-Leste,0,1,0,0,0,0,0,0,0,0,0,0,0,0,0,0,0,0,0,0,0,0,0,0,0,0,0,0,0,0,0,0,0,0,0,0,0,0,0,0,0,0,0,0,0,0,0,0,0,0,0,0,0,0,0,0,0,0,0,0,0,0,0,1,0,0,0,0,0,0,0
2018,Non_OECD_non_DAC_countries,UNFPA,TLS,Timor-Leste,0,50,0,0,0,0,6,6,13,18,2,0,0,0,0,0,0,0,0,0,0,0,0,0,0,6,0,0,0,0,0,0,0,0,0,0,0,0,0,0,0,0,0,0,0,0,0,0,0,0,0,0,0,0,0,0,0,0,0,0,0,0,0,45,0,0,6,0,0,0,0
2018,Norway,UNFPA,TLS,Timor-Leste,0,99,0,0,0,0,11,11,26,36,3,0,0,0,0,0,0,0,0,0,0,0,0,0,0,11,0,0,0,0,0,0,0,0,0,0,0,0,0,0,0,0,0,0,0,0,0,0,0,0,0,0,0,0,0,0,0,0,0,0,0,0,0,88,0,0,11,0,0,0,0
2018,Other,UNFPA,TLS,Timor-Leste,0,321,0,0,0,0,36,36,84,116,11,0,0,0,0,0,0,0,0,0,0,0,0,0,0,36,0,0,0,0,0,0,0,0,0,0,0,0,0,0,0,0,0,0,0,0,0,0,0,0,0,0,0,0,0,0,0,0,0,0,0,0,0,284,0,0,36,0,0,0,0
2018,Other_OECD_DAC_countries,UNFPA,TLS,Timor-Leste,0,2,0,0,0,0,0,0,0,1,0,0,0,0,0,0,0,0,0,0,0,0,0,0,0,0,0,0,0,0,0,0,0,0,0,0,0,0,0,0,0,0,0,0,0,0,0,0,0,0,0,0,0,0,0,0,0,0,0,0,0,0,0,2,0,0,0,0,0,0,0
2018,Private_other,UNFPA,TLS,Timor-Leste,0,8,0,0,0,0,1,1,2,3,0,0,0,0,0,0,0,0,0,0,0,0,0,0,0,1,0,0,0,0,0,0,0,0,0,0,0,0,0,0,0,0,0,0,0,0,0,0,0,0,0,0,0,0,0,0,0,0,0,0,0,0,0,7,0,0,1,0,0,0,0
2018,Spain,UNFPA,TLS,Timor-Leste,0,5,0,0,0,0,1,1,1,2,0,0,0,0,0,0,0,0,0,0,0,0,0,0,0,1,0,0,0,0,0,0,0,0,0,0,0,0,0,0,0,0,0,0,0,0,0,0,0,0,0,0,0,0,0,0,0,0,0,0,0,0,0,4,0,0,1,0,0,0,0
2018,Sweden,UNFPA,TLS,Timor-Leste,0,104,0,0,0,0,12,12,27,38,4,0,0,0,0,0,0,0,0,0,0,0,0,0,0,12,0,0,0,0,0,0,0,0,0,0,0,0,0,0,0,0,0,0,0,0,0,0,0,0,0,0,0,0,0,0,0,0,0,0,0,0,0,92,0,0,12,0,0,0,0
2018,Switzerland,UNFPA,TLS,Timor-Leste,0,18,0,0,0,0,2,2,5,7,1,0,0,0,0,0,0,0,0,0,0,0,0,0,0,2,0,0,0,0,0,0,0,0,0,0,0,0,0,0,0,0,0,0,0,0,0,0,0,0,0,0,0,0,0,0,0,0,0,0,0,0,0,16,0,0,2,0,0,0,0
2018,Unallocable,UNFPA,TLS,Timor-Leste,0,2,0,0,0,0,0,0,1,1,0,0,0,0,0,0,0,0,0,0,0,0,0,0,0,0,0,0,0,0,0,0,0,0,0,0,0,0,0,0,0,0,0,0,0,0,0,0,0,0,0,0,0,0,0,0,0,0,0,0,0,0,0,2,0,0,0,0,0,0,0
2018,United_Kingdom,UNFPA,TLS,Timor-Leste,0,72,0,0,0,0,8,8,19,26,2,0,0,0,0,0,0,0,0,0,0,0,0,0,0,8,0,0,0,0,0,0,0,0,0,0,0,0,0,0,0,0,0,0,0,0,0,0,0,0,0,0,0,0,0,0,0,0,0,0,0,0,0,64,0,0,8,0,0,0,0
2018,United_States,UNFPA,TLS,Timor-Leste,0,3,0,0,0,0,0,0,1,1,0,0,0,0,0,0,0,0,0,0,0,0,0,0,0,0,0,0,0,0,0,0,0,0,0,0,0,0,0,0,0,0,0,0,0,0,0,0,0,0,0,0,0,0,0,0,0,0,0,0,0,0,0,3,0,0,0,0,0,0,0
2018,Australia,UNICEF,TLS,Timor-Leste,0,8,0,0,0,0,0,0,1,0,0,0,3,2,1,1,0,0,0,0,0,0,0,0,0,0,0,0,0,0,0,0,0,0,0,0,0,0,0,0,0,0,0,0,0,0,0,0,0,0,0,0,0,0,0,0,0,0,0,0,0,0,0,1,7,0,0,0,0,0,0
2018,Austria,UNICEF,TLS,Timor-Leste,0,4,0,0,0,0,0,0,0,0,0,0,1,1,1,1,0,0,0,0,0,0,0,0,0,0,0,0,0,0,0,0,0,0,0,0,0,0,0,0,0,0,0,0,0,0,0,0,0,0,0,0,0,0,0,0,0,0,0,0,0,0,0,0,4,0,0,0,0,0,0
2018,Belgium,UNICEF,TLS,Timor-Leste,0,7,0,0,0,0,0,0,0,0,0,0,2,2,1,1,0,0,0,0,0,0,0,0,0,0,0,0,0,0,0,0,0,0,0,0,0,0,0,0,0,0,0,0,0,0,0,0,0,0,0,0,0,0,0,0,0,0,0,0,0,0,0,0,6,0,0,0,0,0,0
2018,Canada,UNICEF,TLS,Timor-Leste,0,32,0,0,0,0,0,0,2,0,0,0,10,8,6,4,0,0,0,0,0,0,0,0,0,0,0,0,0,0,0,0,0,0,0,0,0,0,0,0,0,0,0,0,0,0,0,0,0,0,0,0,0,0,0,0,0,0,0,0,0,0,0,2,28,0,1,0,0,0,0
2018,Denmark,UNICEF,TLS,Timor-Leste,0,14,0,0,0,0,0,0,1,0,0,0,5,4,3,2,0,0,0,0,0,0,0,0,0,0,0,0,0,0,0,0,0,0,0,0,0,0,0,0,0,0,0,0,0,0,0,0,0,0,0,0,0,0,0,0,0,0,0,0,0,0,0,1,13,0,1,0,0,0,0
2018,Finland,UNICEF,TLS,Timor-Leste,0,4,0,0,0,0,0,0,0,0,0,0,1,1,1,0,0,0,0,0,0,0,0,0,0,0,0,0,0,0,0,0,0,0,0,0,0,0,0,0,0,0,0,0,0,0,0,0,0,0,0,0,0,0,0,0,0,0,0,0,0,0,0,0,3,0,0,0,0,0,0
2018,France,UNICEF,TLS,Timor-Leste,0,27,0,0,0,0,0,0,2,0,0,0,9,7,5,3,0,0,0,0,0,0,0,0,0,0,0,0,0,0,0,0,0,0,0,0,0,0,0,0,0,0,0,0,0,0,0,0,0,0,0,0,0,0,0,0,0,0,0,0,0,0,0,2,25,0,1,0,0,0,0
2018,Gates Foundation,UNICEF,TLS,Timor-Leste,0,6,0,0,0,0,0,0,0,0,0,0,2,2,1,1,0,0,0,0,0,0,0,0,0,0,0,0,0,0,0,0,0,0,0,0,0,0,0,0,0,0,0,0,0,0,0,0,0,0,0,0,0,0,0,0,0,0,0,0,0,0,0,0,6,0,0,0,0,0,0
2018,Germany,UNICEF,TLS,Timor-Leste,0,157,0,0,0,0,0,0,10,0,0,0,52,42,28,19,0,0,2,2,0,0,2,0,0,0,0,0,0,0,0,0,0,0,0,0,0,0,0,0,0,0,0,0,0,0,0,0,0,0,0,0,0,0,0,0,0,0,0,0,0,0,0,10,141,0,6,0,0,0,0
2018,Greece,UNICEF,TLS,Timor-Leste,0,1,0,0,0,0,0,0,0,0,0,0,0,0,0,0,0,0,0,0,0,0,0,0,0,0,0,0,0,0,0,0,0,0,0,0,0,0,0,0,0,0,0,0,0,0,0,0,0,0,0,0,0,0,0,0,0,0,0,0,0,0,0,0,1,0,0,0,0,0,0
2018,Ireland,UNICEF,TLS,Timor-Leste,0,5,0,0,0,0,0,0,0,0,0,0,2,1,1,1,0,0,0,0,0,0,0,0,0,0,0,0,0,0,0,0,0,0,0,0,0,0,0,0,0,0,0,0,0,0,0,0,0,0,0,0,0,0,0,0,0,0,0,0,0,0,0,0,5,0,0,0,0,0,0
2018,Italy,UNICEF,TLS,Timor-Leste,0,23,0,0,0,0,0,0,1,0,0,0,7,6,4,3,0,0,0,0,0,0,0,0,0,0,0,0,0,0,0,0,0,0,0,0,0,0,0,0,0,0,0,0,0,0,0,0,0,0,0,0,0,0,0,0,0,0,0,0,0,0,0,1,20,0,1,0,0,0,0
2018,Japan,UNICEF,TLS,Timor-Leste,0,43,0,0,0,0,0,0,3,0,0,0,14,12,8,5,0,0,0,1,0,0,0,0,0,0,0,0,0,0,0,0,0,0,0,0,0,0,0,0,0,0,0,0,0,0,0,1,0,0,0,0,0,0,0,0,0,0,0,0,0,0,0,3,38,0,2,0,0,1,0
2018,Korea,UNICEF,TLS,Timor-Leste,0,17,0,0,0,0,0,0,1,0,0,0,6,5,3,2,0,0,0,0,0,0,0,0,0,0,0,0,0,0,0,0,0,0,0,0,0,0,0,0,0,0,0,0,0,0,0,0,0,0,0,0,0,0,0,0,0,0,0,0,0,0,0,1,15,0,1,0,0,0,0
2018,Luxembourg,UNICEF,TLS,Timor-Leste,0,2,0,0,0,0,0,0,0,0,0,0,1,0,0,0,0,0,0,0,0,0,0,0,0,0,0,0,0,0,0,0,0,0,0,0,0,0,0,0,0,0,0,0,0,0,0,0,0,0,0,0,0,0,0,0,0,0,0,0,0,0,0,0,2,0,0,0,0,0,0
2018,Netherlands,UNICEF,TLS,Timor-Leste,0,64,0,0,0,0,0,0,4,0,0,0,21,17,11,8,0,0,1,1,0,0,1,0,0,0,0,0,0,0,0,0,0,0,0,0,0,0,0,0,0,0,0,0,0,0,0,0,0,0,0,0,0,0,0,0,0,0,0,0,0,0,0,4,57,0,2,0,0,0,0
2018,New_Zealand,UNICEF,TLS,Timor-Leste,0,2,0,0,0,0,0,0,0,0,0,0,1,1,0,0,0,0,0,0,0,0,0,0,0,0,0,0,0,0,0,0,0,0,0,0,0,0,0,0,0,0,0,0,0,0,0,0,0,0,0,0,0,0,0,0,0,0,0,0,0,0,0,0,2,0,0,0,0,0,0
2018,Non_OECD_DAC_countries,UNICEF,TLS,Timor-Leste,0,35,0,0,0,0,0,0,2,0,0,0,12,10,6,4,0,0,0,1,0,0,0,0,0,0,0,0,0,0,0,0,0,0,0,0,0,0,0,0,0,0,0,0,0,0,0,0,0,0,0,0,0,0,0,0,0,0,0,0,0,0,0,2,32,0,1,0,0,0,0
2018,Non_OECD_non_DAC_countries,UNICEF,TLS,Timor-Leste,0,55,0,0,0,0,0,0,3,0,0,0,18,15,10,7,0,0,1,1,0,0,1,0,0,0,0,0,0,0,0,0,0,0,0,0,0,0,0,0,0,0,0,0,0,0,0,0,0,0,0,0,0,0,0,0,0,0,0,0,0,0,0,3,50,0,2,0,0,0,0
2018,Norway,UNICEF,TLS,Timor-Leste,0,74,0,0,0,0,0,0,5,0,0,0,24,20,13,9,0,0,1,1,0,0,1,0,0,0,0,0,0,0,0,0,0,0,0,0,0,0,0,0,0,0,0,0,0,0,0,0,0,0,0,0,0,0,0,0,0,0,0,0,0,0,0,5,67,0,3,0,0,0,0
2018,Other,UNICEF,TLS,Timor-Leste,0,205,0,0,0,0,0,0,13,0,0,0,67,55,36,25,0,0,2,3,0,0,2,0,0,0,0,0,0,0,0,0,0,0,0,0,0,0,0,0,0,0,0,0,0,0,0,1,0,0,0,0,0,0,0,0,0,0,0,0,0,0,0,13,184,0,7,0,0,1,0
2018,Other_OECD_DAC_countries,UNICEF,TLS,Timor-Leste,0,4,0,0,0,0,0,0,0,0,0,0,1,1,1,1,0,0,0,0,0,0,0,0,0,0,0,0,0,0,0,0,0,0,0,0,0,0,0,0,0,0,0,0,0,0,0,0,0,0,0,0,0,0,0,0,0,0,0,0,0,0,0,0,4,0,0,0,0,0,0
2018,Portugal,UNICEF,TLS,Timor-Leste,0,1,0,0,0,0,0,0,0,0,0,0,0,0,0,0,0,0,0,0,0,0,0,0,0,0,0,0,0,0,0,0,0,0,0,0,0,0,0,0,0,0,0,0,0,0,0,0,0,0,0,0,0,0,0,0,0,0,0,0,0,0,0,0,1,0,0,0,0,0,0
2018,Private_other,UNICEF,TLS,Timor-Leste,0,303,0,0,0,0,0,0,19,0,0,0,100,82,54,37,0,0,3,5,0,0,3,0,0,0,0,0,0,0,0,0,0,0,0,0,0,0,0,0,0,0,0,0,0,0,0,0,0,0,0,0,0,0,0,0,0,0,0,0,0,0,0,19,273,0,11,0,0,0,0
2018,Spain,UNICEF,TLS,Timor-Leste,0,10,0,0,0,0,0,0,1,0,0,0,3,3,2,1,0,0,0,0,0,0,0,0,0,0,0,0,0,0,0,0,0,0,0,0,0,0,0,0,0,0,0,0,0,0,0,0,0,0,0,0,0,0,0,0,0,0,0,0,0,0,0,1,9,0,0,0,0,0,0
2018,Sweden,UNICEF,TLS,Timor-Leste,0,110,0,0,0,0,0,0,7,0,0,0,36,30,20,13,0,0,1,2,0,0,1,0,0,0,0,0,0,0,0,0,0,0,0,0,0,0,0,0,0,0,0,0,0,0,0,0,0,0,0,0,0,0,0,0,0,0,0,0,0,0,0,7,99,0,4,0,0,0,0
2018,Switzerland,UNICEF,TLS,Timor-Leste,0,15,0,0,0,0,0,0,1,0,0,0,5,4,3,2,0,0,0,0,0,0,0,0,0,0,0,0,0,0,0,0,0,0,0,0,0,0,0,0,0,0,0,0,0,0,0,0,0,0,0,0,0,0,0,0,0,0,0,0,0,0,0,1,13,0,1,0,0,0,0
2018,United_Kingdom,UNICEF,TLS,Timor-Leste,0,188,0,0,0,0,0,0,12,0,0,0,61,50,33,23,0,0,2,3,0,0,2,0,0,0,0,0,0,0,0,0,0,0,0,0,0,0,0,0,0,0,0,0,0,0,0,1,0,0,0,0,0,0,0,0,0,0,0,0,0,0,0,12,168,0,7,0,0,1,0
2018,United_States,UNICEF,TLS,Timor-Leste,0,208,0,0,0,0,0,0,13,0,0,0,68,56,37,26,0,0,2,3,0,0,2,0,0,0,0,0,0,0,0,0,0,0,0,0,0,0,0,0,0,0,0,0,0,0,0,0,0,0,0,0,0,0,0,0,0,0,0,0,0,0,0,13,187,0,8,0,0,0,0
2018,Private_other,US_FOUND,TLS,Timor-Leste,0,13,0,0,0,0,2,1,3,0,2,0,0,0,2,0,1,0,0,0,0,0,0,0,0,0,0,0,0,0,0,0,0,0,0,0,0,0,0,0,0,0,0,0,0,0,0,0,0,0,0,0,0,0,0,1,0,0,0,0,0,2,0,7,3,1,0,0,0,0,0
2018,Australia,WHO,TLS,Timor-Leste,0,53,7,0,7,7,0,0,2,0,0,0,1,3,1,0,0,0,0,0,0,0,0,0,0,2,0,0,0,0,0,0,0,0,0,0,1,0,0,0,0,0,0,2,0,0,0,0,0,0,13,0,0,0,0,1,2,0,0,0,0,3,0,2,5,3,2,1,2,13,21
2018,Austria,WHO,TLS,Timor-Leste,0,7,1,0,1,1,0,0,0,0,0,0,0,0,0,0,0,0,0,0,0,0,0,0,0,0,0,0,0,0,0,0,0,0,0,0,0,0,0,0,0,0,0,0,0,0,0,0,0,0,2,0,0,0,0,0,0,0,0,0,0,0,0,0,1,0,0,0,0,2,3
2018,Belgium,WHO,TLS,Timor-Leste,0,18,2,0,2,2,0,0,1,0,0,0,0,1,0,0,0,0,0,0,0,0,0,0,0,1,0,0,0,0,0,0,0,0,0,0,0,0,0,0,0,0,0,1,0,0,0,0,0,0,4,0,0,0,0,0,1,0,0,0,0,1,0,1,2,1,1,0,1,4,7
2018,Canada,WHO,TLS,Timor-Leste,0,62,8,0,8,8,0,0,2,0,0,0,1,4,1,0,0,0,0,0,0,0,0,0,0,2,0,0,0,0,0,0,0,0,0,0,2,0,0,0,0,0,0,2,0,0,0,2,0,0,15,0,0,0,0,1,3,0,0,0,0,4,0,2,6,4,2,2,2,17,24
2018,China,WHO,TLS,Timor-Leste,0,85,12,0,11,11,0,0,3,0,0,0,1,5,2,0,0,0,0,0,0,0,0,0,0,3,0,0,0,0,0,0,0,0,0,0,2,0,0,0,0,0,0,2,0,0,0,0,0,0,21,0,0,0,1,1,4,0,0,0,0,5,0,3,8,5,3,2,2,21,34
2018,Corporate_donations,WHO,TLS,Timor-Leste,0,46,6,0,6,6,0,0,2,0,0,0,0,3,1,0,0,0,0,0,0,0,0,0,0,2,0,0,0,0,0,0,0,0,0,0,1,0,0,0,0,0,0,1,0,0,0,0,0,0,11,0,0,0,0,1,2,0,0,0,0,3,0,2,5,3,2,1,1,11,18
2018,Denmark,WHO,TLS,Timor-Leste,0,13,2,0,2,2,0,0,1,0,0,0,0,1,0,0,0,0,0,0,0,0,0,0,0,0,0,0,0,0,0,0,0,0,0,0,0,0,0,0,0,0,0,0,0,0,0,0,0,0,3,0,0,0,0,0,1,0,0,0,0,1,0,1,1,1,0,0,0,3,5
2018,Finland,WHO,TLS,Timor-Leste,0,5,1,0,1,1,0,0,0,0,0,0,0,0,0,0,0,0,0,0,0,0,0,0,0,0,0,0,0,0,0,0,0,0,0,0,0,0,0,0,0,0,0,0,0,0,0,0,0,0,1,0,0,0,0,0,0,0,0,0,0,0,0,0,0,0,0,0,0,1,2
2018,France,WHO,TLS,Timor-Leste,0,73,10,0,10,9,0,0,3,0,0,0,1,5,2,0,0,0,0,0,0,0,0,0,0,2,0,0,0,0,0,0,0,0,0,0,2,0,0,0,0,0,0,2,0,0,0,1,0,0,18,0,0,0,0,1,3,0,0,0,0,4,0,3,7,4,2,2,2,19,29
2018,Gates Foundation,WHO,TLS,Timor-Leste,0,315,43,0,41,41,0,0,13,0,0,0,3,20,8,0,0,0,0,0,0,0,0,0,0,11,0,0,0,0,0,0,0,0,0,0,9,0,0,0,0,0,0,9,0,0,0,0,0,0,78,0,0,0,2,3,13,0,0,0,0,19,0,13,31,19,11,9,9,78,125
2018,Germany,WHO,TLS,Timor-Leste,0,255,35,0,33,33,0,0,10,0,0,0,3,16,6,0,0,0,0,0,0,0,0,0,0,9,0,0,0,0,0,0,0,0,0,0,7,0,0,0,0,0,0,7,0,0,0,1,0,0,63,0,0,0,2,3,11,0,0,0,0,16,0,10,25,15,9,7,7,64,101
2018,Greece,WHO,TLS,Timor-Leste,0,4,1,0,1,1,0,0,0,0,0,0,0,0,0,0,0,0,0,0,0,0,0,0,0,0,0,0,0,0,0,0,0,0,0,0,0,0,0,0,0,0,0,0,0,0,0,0,0,0,1,0,0,0,0,0,0,0,0,0,0,0,0,0,0,0,0,0,0,1,2
2018,Ireland,WHO,TLS,Timor-Leste,0,6,1,0,1,1,0,0,0,0,0,0,0,0,0,0,0,0,0,0,0,0,0,0,0,0,0,0,0,0,0,0,0,0,0,0,0,0,0,0,0,0,0,0,0,0,0,0,0,0,1,0,0,0,0,0,0,0,0,0,0,0,0,0,1,0,0,0,0,1,2
2018,Italy,WHO,TLS,Timor-Leste,0,48,7,0,6,6,0,0,2,0,0,0,1,3,1,0,0,0,0,0,0,0,0,0,0,2,0,0,0,0,0,0,0,0,0,0,1,0,0,0,0,0,0,1,0,0,0,0,0,0,12,0,0,0,0,1,2,0,0,0,0,3,0,2,5,3,2,1,1,12,19
2018,Japan,WHO,TLS,Timor-Leste,0,165,22,0,21,21,0,0,7,0,0,0,2,10,4,0,0,0,0,0,0,0,0,0,0,6,0,0,0,0,0,0,0,0,0,0,4,0,0,0,0,0,0,5,0,0,0,2,0,0,41,0,0,0,1,2,7,0,0,0,0,10,0,7,16,10,6,4,5,43,65
2018,Korea,WHO,TLS,Timor-Leste,0,43,6,0,6,6,0,0,2,0,0,0,0,3,1,0,0,0,0,0,0,0,0,0,0,1,0,0,0,0,0,0,0,0,0,0,1,0,0,0,0,0,0,1,0,0,0,0,0,0,11,0,0,0,0,0,2,0,0,0,0,3,0,2,4,3,1,1,1,11,17
2018,Luxembourg,WHO,TLS,Timor-Leste,0,13,2,0,2,2,0,0,1,0,0,0,0,1,0,0,0,0,0,0,0,0,0,0,0,0,0,0,0,0,0,0,0,0,0,0,0,0,0,0,0,0,0,0,0,0,0,0,0,0,3,0,0,0,0,0,1,0,0,0,0,1,0,1,1,1,0,0,0,3,5
2018,Netherlands,WHO,TLS,Timor-Leste,0,45,6,0,6,6,0,0,2,0,0,0,0,3,1,0,0,0,0,0,0,0,0,0,0,2,0,0,0,0,0,0,0,0,0,0,1,0,0,0,0,0,0,1,0,0,0,0,0,0,11,0,0,0,0,0,2,0,0,0,0,3,0,2,4,3,2,1,1,11,18
2018,New_Zealand,WHO,TLS,Timor-Leste,0,5,1,0,1,1,0,0,0,0,0,0,0,0,0,0,0,0,0,0,0,0,0,0,0,0,0,0,0,0,0,0,0,0,0,0,0,0,0,0,0,0,0,0,0,0,0,0,0,0,1,0,0,0,0,0,0,0,0,0,0,0,0,0,0,0,0,0,0,1,2
2018,Non_OECD_DAC_countries,WHO,TLS,Timor-Leste,0,120,16,0,16,16,0,0,5,0,0,0,1,8,3,0,0,0,0,0,0,0,0,0,0,4,0,0,0,0,0,0,0,0,0,0,3,0,0,0,0,0,0,3,0,0,0,0,0,0,30,0,0,0,1,1,5,0,0,0,0,7,0,5,12,7,4,3,3,30,48
2018,Non_OECD_non_DAC_countries,WHO,TLS,Timor-Leste,0,154,21,0,20,20,0,0,6,0,0,0,2,10,4,0,0,0,0,0,0,0,0,0,0,5,0,0,0,0,0,0,0,0,0,0,4,0,0,0,0,0,0,4,0,0,0,0,0,0,38,0,0,0,1,2,7,0,0,0,0,9,0,6,15,9,5,4,4,38,61
2018,Norway,WHO,TLS,Timor-Leste,0,79,10,0,9,9,0,0,3,0,0,0,1,5,2,0,0,0,0,0,0,0,0,0,0,2,0,0,0,0,0,0,0,0,0,0,2,0,0,0,0,0,0,2,0,0,0,7,0,0,18,0,0,0,0,1,3,0,0,0,0,4,0,3,7,4,2,2,2,25,28
2018,Other,WHO,TLS,Timor-Leste,0,310,41,0,40,40,0,0,12,0,0,0,3,19,8,0,0,0,0,0,0,0,0,0,0,10,0,0,0,0,0,0,0,0,0,0,8,0,0,0,0,0,0,9,0,0,0,6,0,0,76,0,0,0,2,3,13,0,0,0,0,19,0,12,30,18,10,8,9,82,121
2018,Other_OECD_DAC_countries,WHO,TLS,Timor-Leste,0,6,1,0,1,1,0,0,0,0,0,0,0,0,0,0,0,0,0,0,0,0,0,0,0,0,0,0,0,0,0,0,0,0,0,0,0,0,0,0,0,0,0,0,0,0,0,0,0,0,1,0,0,0,0,0,0,0,0,0,0,0,0,0,1,0,0,0,0,1,2
2018,Portugal,WHO,TLS,Timor-Leste,0,3,0,0,0,0,0,0,0,0,0,0,0,0,0,0,0,0,0,0,0,0,0,0,0,0,0,0,0,0,0,0,0,0,0,0,0,0,0,0,0,0,0,0,0,0,0,0,0,0,1,0,0,0,0,0,0,0,0,0,0,0,0,0,0,0,0,0,0,1,1
2018,Private_other,WHO,TLS,Timor-Leste,0,293,39,0,38,37,0,0,12,0,0,0,3,18,7,0,0,0,0,0,0,0,0,0,0,10,0,0,0,0,0,0,0,0,0,0,8,0,0,0,0,0,0,8,0,0,0,7,0,0,71,0,0,0,2,3,12,0,0,0,0,18,0,12,29,17,10,8,8,78,114
2018,Spain,WHO,TLS,Timor-Leste,0,24,3,0,3,3,0,0,1,0,0,0,0,2,1,0,0,0,0,0,0,0,0,0,0,1,0,0,0,0,0,0,0,0,0,0,1,0,0,0,0,0,0,1,0,0,0,0,0,0,6,0,0,0,0,0,1,0,0,0,0,1,0,1,2,1,1,1,1,6,10
2018,Sweden,WHO,TLS,Timor-Leste,0,77,10,0,10,10,0,0,3,0,0,0,1,5,2,0,0,0,0,0,0,0,0,0,0,3,0,0,0,0,0,0,0,0,0,0,2,0,0,0,0,0,0,2,0,0,0,0,0,0,19,0,0,0,1,1,3,0,0,0,0,5,0,3,8,5,3,2,2,19,31
2018,Switzerland,WHO,TLS,Timor-Leste,0,20,3,0,3,3,0,0,1,0,0,0,0,1,1,0,0,0,0,0,0,0,0,0,0,1,0,0,0,0,0,0,0,0,0,0,1,0,0,0,0,0,0,1,0,0,0,0,0,0,5,0,0,0,0,0,1,0,0,0,0,1,0,1,2,1,1,1,1,5,8
2018,United_Kingdom,WHO,TLS,Timor-Leste,0,322,44,0,42,42,0,0,13,0,0,0,4,21,8,0,0,0,0,0,0,0,0,0,0,11,0,0,0,0,0,0,0,0,0,0,9,0,0,0,0,0,0,9,0,0,0,0,0,0,80,0,0,0,2,4,14,0,0,0,0,20,0,13,32,20,11,9,9,80,128
2018,United_States,WHO,TLS,Timor-Leste,0,583,77,0,75,74,0,0,23,0,0,0,6,36,14,0,0,0,0,0,0,0,0,0,0,19,0,0,0,0,0,0,0,0,0,0,15,0,0,0,0,0,0,17,0,0,0,14,0,0,142,0,0,0,4,6,24,0,0,0,0,35,0,23,57,34,19,15,17,156,226
2019,Australia,BIL_AUS,TLS,Timor-Leste,0,6717,0,433,0,0,0,0,0,0,0,0,0,0,0,0,0,0,0,0,0,0,0,0,0,0,0,0,0,0,0,0,0,0,0,0,0,0,0,0,0,0,0,0,0,0,0,0,0,1,0,529,3,0,0,0,0,0,0,0,0,5752,0,0,0,0,0,0,0,532,433
2019,Canada,BIL_CAN,TLS,Timor-Leste,0,60,0,0,0,0,0,0,0,1,5,0,7,0,0,0,0,0,0,0,0,0,0,0,0,0,0,0,0,0,0,0,0,0,0,0,0,0,0,0,11,13,0,0,0,2,20,0,0,0,0,0,0,0,0,0,0,0,0,0,0,0,0,6,7,1,1,0,46,0,0
2019,Germany,BIL_DEU,TLS,Timor-Leste,0,26,0,0,0,0,0,0,0,0,0,0,5,0,0,0,0,0,0,0,0,0,0,0,0,0,0,0,0,0,0,0,0,0,0,0,0,0,0,0,0,0,0,0,0,0,0,0,0,0,0,0,0,0,0,0,0,0,0,0,0,20,0,0,6,0,0,0,0,0,0
2019,France,BIL_FRA,TLS,Timor-Leste,0,3,0,0,0,0,0,0,0,0,0,0,0,0,0,0,0,0,0,0,0,0,0,0,0,0,0,0,0,0,0,0,0,0,0,0,0,0,1,0,0,0,0,0,0,1,0,0,0,0,0,0,0,0,0,0,0,0,0,0,0,0,0,0,0,0,0,1,1,0,0
2019,United_Kingdom,BIL_GBR,TLS,Timor-Leste,0,19,0,0,0,0,0,0,0,0,0,0,0,0,0,0,0,0,5,0,0,0,0,0,0,0,0,8,0,0,0,0,0,1,0,0,0,0,0,0,4,0,0,0,0,0,0,0,0,0,0,0,0,0,0,0,0,0,0,0,0,0,0,0,0,0,13,1,4,0,0
2019,Japan,BIL_JPN,TLS,Timor-Leste,0,1086,0,0,215,0,0,44,0,0,0,0,0,0,0,0,0,0,0,0,0,0,0,0,0,6,0,0,0,0,0,0,0,0,0,0,0,0,0,0,0,0,0,56,0,0,0,0,0,0,62,0,0,0,0,0,0,0,0,0,0,703,0,44,0,0,6,0,56,62,215
2019,Korea,BIL_KOR,TLS,Timor-Leste,0,2812,143,0,74,0,0,784,0,0,470,0,0,0,0,0,0,0,0,0,0,0,0,0,0,0,0,0,0,0,0,0,0,0,0,0,0,0,0,0,130,0,0,0,0,521,521,0,0,0,0,0,41,0,0,0,0,0,0,0,0,127,0,1254,0,0,0,0,1173,41,217
2019,Other_OECD_DAC_countries,BIL_POL,TLS,Timor-Leste,0,3,0,0,3,0,0,0,0,0,0,0,0,0,0,0,0,0,0,0,0,0,0,0,0,0,0,0,0,0,0,0,0,0,0,0,0,0,0,0,0,0,0,0,0,0,0,0,0,0,0,0,0,0,0,0,0,0,0,0,0,0,0,0,0,0,0,0,0,0,3
2019,Non_OECD_DAC_countries,BIL_TUR,TLS,Timor-Leste,0,1,0,0,0,0,0,0,0,0,0,0,0,0,0,0,0,0,0,0,0,0,0,0,0,0,0,0,0,0,0,0,0,0,0,0,0,0,0,0,0,0,0,0,0,0,0,0,0,0,0,0,0,0,0,0,0,0,0,0,0,1,0,0,0,0,0,0,0,0,0
2019,United_States,BIL_USA,TLS,Timor-Leste,0,248,1,2,0,0,1,1,0,2,2,0,0,0,0,1,0,0,7,120,0,0,3,7,0,16,14,0,1,0,0,0,0,8,0,0,0,14,2,3,0,0,0,0,0,0,0,0,0,0,10,1,0,0,0,0,0,0,0,0,0,31,0,7,1,0,168,27,0,11,3
2019,Austria,EC,TLS,Timor-Leste,0,100,0,0,63,0,0,0,0,0,0,0,37,0,0,0,0,0,0,0,0,0,0,0,0,0,0,0,0,0,0,0,0,0,0,0,0,0,0,0,0,0,0,0,0,0,0,0,0,0,0,0,0,0,0,0,0,0,0,0,0,0,0,0,37,0,0,0,0,0,63
2019,Belgium,EC,TLS,Timor-Leste,0,162,0,0,102,0,0,0,0,0,0,0,60,0,0,0,0,0,0,0,0,0,0,0,0,0,0,0,0,0,0,0,0,0,0,0,0,0,0,0,0,0,0,0,0,0,0,0,0,0,0,0,0,0,0,0,0,0,0,0,0,0,0,0,60,0,0,0,0,0,102
2019,Denmark,EC,TLS,Timor-Leste,0,80,0,0,51,0,0,0,0,0,0,0,30,0,0,0,0,0,0,0,0,0,0,0,0,0,0,0,0,0,0,0,0,0,0,0,0,0,0,0,0,0,0,0,0,0,0,0,0,0,0,0,0,0,0,0,0,0,0,0,0,0,0,0,30,0,0,0,0,0,51
2019,Finland,EC,TLS,Timor-Leste,0,63,0,0,40,0,0,0,0,0,0,0,23,0,0,0,0,0,0,0,0,0,0,0,0,0,0,0,0,0,0,0,0,0,0,0,0,0,0,0,0,0,0,0,0,0,0,0,0,0,0,0,0,0,0,0,0,0,0,0,0,0,0,0,23,0,0,0,0,0,40
2019,France,EC,TLS,Timor-Leste,0,688,0,0,435,0,0,0,0,0,0,0,253,0,0,0,0,0,0,0,0,0,0,0,0,0,0,0,0,0,0,0,0,0,0,0,0,0,0,0,0,0,0,0,0,0,0,0,0,0,0,0,0,0,0,0,0,0,0,0,0,0,0,0,253,0,0,0,0,0,435
2019,Germany,EC,TLS,Timor-Leste,0,878,0,0,555,0,0,0,0,0,0,0,323,0,0,0,0,0,0,0,0,0,0,0,0,0,0,0,0,0,0,0,0,0,0,0,0,0,0,0,0,0,0,0,0,0,0,0,0,0,0,0,0,0,0,0,0,0,0,0,0,0,0,0,323,0,0,0,0,0,555
2019,Greece,EC,TLS,Timor-Leste,0,55,0,0,34,0,0,0,0,0,0,0,20,0,0,0,0,0,0,0,0,0,0,0,0,0,0,0,0,0,0,0,0,0,0,0,0,0,0,0,0,0,0,0,0,0,0,0,0,0,0,0,0,0,0,0,0,0,0,0,0,0,0,0,20,0,0,0,0,0,34
2019,Ireland,EC,TLS,Timor-Leste,0,60,0,0,38,0,0,0,0,0,0,0,22,0,0,0,0,0,0,0,0,0,0,0,0,0,0,0,0,0,0,0,0,0,0,0,0,0,0,0,0,0,0,0,0,0,0,0,0,0,0,0,0,0,0,0,0,0,0,0,0,0,0,0,22,0,0,0,0,0,38
2019,Italy,EC,TLS,Timor-Leste,0,505,0,0,319,0,0,0,0,0,0,0,186,0,0,0,0,0,0,0,0,0,0,0,0,0,0,0,0,0,0,0,0,0,0,0,0,0,0,0,0,0,0,0,0,0,0,0,0,0,0,0,0,0,0,0,0,0,0,0,0,0,0,0,186,0,0,0,0,0,319
2019,Luxembourg,EC,TLS,Timor-Leste,0,11,0,0,7,0,0,0,0,0,0,0,4,0,0,0,0,0,0,0,0,0,0,0,0,0,0,0,0,0,0,0,0,0,0,0,0,0,0,0,0,0,0,0,0,0,0,0,0,0,0,0,0,0,0,0,0,0,0,0,0,0,0,0,4,0,0,0,0,0,7
2019,Netherlands,EC,TLS,Timor-Leste,0,166,0,0,105,0,0,0,0,0,0,0,61,0,0,0,0,0,0,0,0,0,0,0,0,0,0,0,0,0,0,0,0,0,0,0,0,0,0,0,0,0,0,0,0,0,0,0,0,0,0,0,0,0,0,0,0,0,0,0,0,0,0,0,61,0,0,0,0,0,105
2019,Other_OECD_DAC_countries,EC,TLS,Timor-Leste,0,263,0,0,166,0,0,0,0,0,0,0,97,0,0,0,0,0,0,0,0,0,0,0,0,0,0,0,0,0,0,0,0,0,0,0,0,0,0,0,0,0,0,0,0,0,0,0,0,0,0,0,0,0,0,0,0,0,0,0,0,0,0,0,97,0,0,0,0,0,166
2019,Portugal,EC,TLS,Timor-Leste,0,54,0,0,34,0,0,0,0,0,0,0,20,0,0,0,0,0,0,0,0,0,0,0,0,0,0,0,0,0,0,0,0,0,0,0,0,0,0,0,0,0,0,0,0,0,0,0,0,0,0,0,0,0,0,0,0,0,0,0,0,0,0,0,20,0,0,0,0,0,34
2019,Spain,EC,TLS,Timor-Leste,0,339,0,0,214,0,0,0,0,0,0,0,125,0,0,0,0,0,0,0,0,0,0,0,0,0,0,0,0,0,0,0,0,0,0,0,0,0,0,0,0,0,0,0,0,0,0,0,0,0,0,0,0,0,0,0,0,0,0,0,0,0,0,0,125,0,0,0,0,0,214
2019,Sweden,EC,TLS,Timor-Leste,0,113,0,0,71,0,0,0,0,0,0,0,41,0,0,0,0,0,0,0,0,0,0,0,0,0,0,0,0,0,0,0,0,0,0,0,0,0,0,0,0,0,0,0,0,0,0,0,0,0,0,0,0,0,0,0,0,0,0,0,0,0,0,0,41,0,0,0,0,0,71
2019,United_Kingdom,EC,TLS,Timor-Leste,0,627,0,0,396,0,0,0,0,0,0,0,230,0,0,0,0,0,0,0,0,0,0,0,0,0,0,0,0,0,0,0,0,0,0,0,0,0,0,0,0,0,0,0,0,0,0,0,0,0,0,0,0,0,0,0,0,0,0,0,0,0,0,0,230,0,0,0,0,0,396
2019,Gates Foundation,GATES,TLS,Timor-Leste,0,159,1,4,0,0,0,0,0,0,0,0,1,12,5,0,3,0,0,0,0,0,0,0,0,0,0,0,0,0,0,0,0,1,0,0,45,0,14,0,0,0,0,1,0,0,0,0,0,0,3,31,0,0,0,0,0,0,0,0,0,36,0,1,22,0,0,61,1,34,5
2019,Australia,GAVI,TLS,Timor-Leste,0,39,0,0,0,0,0,0,0,0,0,0,0,4,0,35,0,0,0,0,0,0,0,0,0,0,0,0,0,0,0,0,0,0,0,0,0,0,0,0,0,0,0,0,0,0,0,0,0,0,0,0,0,0,0,0,0,0,0,0,0,0,0,0,39,0,0,0,0,0,0
2019,Austria,GAVI,TLS,Timor-Leste,0,1,0,0,0,0,0,0,0,0,0,0,0,0,0,1,0,0,0,0,0,0,0,0,0,0,0,0,0,0,0,0,0,0,0,0,0,0,0,0,0,0,0,0,0,0,0,0,0,0,0,0,0,0,0,0,0,0,0,0,0,0,0,0,1,0,0,0,0,0,0
2019,Belgium,GAVI,TLS,Timor-Leste,0,2,0,0,0,0,0,0,0,0,0,0,0,0,0,2,0,0,0,0,0,0,0,0,0,0,0,0,0,0,0,0,0,0,0,0,0,0,0,0,0,0,0,0,0,0,0,0,0,0,0,0,0,0,0,0,0,0,0,0,0,0,0,0,2,0,0,0,0,0,0
2019,Canada,GAVI,TLS,Timor-Leste,0,56,0,0,0,0,0,0,0,0,0,0,0,5,0,50,0,0,0,0,0,0,0,0,0,0,0,0,0,0,0,0,0,0,0,0,0,0,0,0,0,0,0,0,0,0,0,0,0,0,0,0,0,0,0,0,0,0,0,0,0,0,0,0,56,0,0,0,0,0,0
2019,Denmark,GAVI,TLS,Timor-Leste,0,2,0,0,0,0,0,0,0,0,0,0,0,0,0,2,0,0,0,0,0,0,0,0,0,0,0,0,0,0,0,0,0,0,0,0,0,0,0,0,0,0,0,0,0,0,0,0,0,0,0,0,0,0,0,0,0,0,0,0,0,0,0,0,2,0,0,0,0,0,0
2019,France,GAVI,TLS,Timor-Leste,0,43,0,0,0,0,0,0,0,0,0,0,0,4,0,39,0,0,0,0,0,0,0,0,0,0,0,0,0,0,0,0,0,0,0,0,0,0,0,0,0,0,0,0,0,0,0,0,0,0,0,0,0,0,0,0,0,0,0,0,0,0,0,0,43,0,0,0,0,0,0
2019,Gates Foundation,GAVI,TLS,Timor-Leste,0,170,0,0,0,0,0,0,0,0,0,0,0,16,0,153,0,0,0,0,0,0,0,0,0,0,0,0,0,0,0,0,0,0,0,0,0,0,0,0,0,0,0,0,0,0,0,0,0,0,0,0,0,0,0,0,0,0,0,0,0,0,0,0,170,0,0,0,0,0,0
2019,Germany,GAVI,TLS,Timor-Leste,0,92,0,0,0,0,0,0,0,0,0,0,0,9,0,83,0,0,0,0,0,0,0,0,0,0,0,0,0,0,0,0,0,0,0,0,0,0,0,0,0,0,0,0,0,0,0,0,0,0,0,0,0,0,0,0,0,0,0,0,0,0,0,0,92,0,0,0,0,0,0
2019,Ireland,GAVI,TLS,Timor-Leste,0,2,0,0,0,0,0,0,0,0,0,0,0,0,0,1,0,0,0,0,0,0,0,0,0,0,0,0,0,0,0,0,0,0,0,0,0,0,0,0,0,0,0,0,0,0,0,0,0,0,0,0,0,0,0,0,0,0,0,0,0,0,0,0,2,0,0,0,0,0,0
2019,Italy,GAVI,TLS,Timor-Leste,0,50,0,0,0,0,0,0,0,0,0,0,0,5,0,45,0,0,0,0,0,0,0,0,0,0,0,0,0,0,0,0,0,0,0,0,0,0,0,0,0,0,0,0,0,0,0,0,0,0,0,0,0,0,0,0,0,0,0,0,0,0,0,0,50,0,0,0,0,0,0
2019,Japan,GAVI,TLS,Timor-Leste,0,10,0,0,0,0,0,0,0,0,0,0,0,1,0,9,0,0,0,0,0,0,0,0,0,0,0,0,0,0,0,0,0,0,0,0,0,0,0,0,0,0,0,0,0,0,0,0,0,0,0,0,0,0,0,0,0,0,0,0,0,0,0,0,10,0,0,0,0,0,0
2019,Korea,GAVI,TLS,Timor-Leste,0,3,0,0,0,0,0,0,0,0,0,0,0,0,0,2,0,0,0,0,0,0,0,0,0,0,0,0,0,0,0,0,0,0,0,0,0,0,0,0,0,0,0,0,0,0,0,0,0,0,0,0,0,0,0,0,0,0,0,0,0,0,0,0,3,0,0,0,0,0,0
2019,Netherlands,GAVI,TLS,Timor-Leste,0,30,0,0,0,0,0,0,0,0,0,0,0,3,0,27,0,0,0,0,0,0,0,0,0,0,0,0,0,0,0,0,0,0,0,0,0,0,0,0,0,0,0,0,0,0,0,0,0,0,0,0,0,0,0,0,0,0,0,0,0,0,0,0,30,0,0,0,0,0,0
2019,Non_OECD_DAC_countries,GAVI,TLS,Timor-Leste,0,3,0,0,0,0,0,0,0,0,0,0,0,0,0,2,0,0,0,0,0,0,0,0,0,0,0,0,0,0,0,0,0,0,0,0,0,0,0,0,0,0,0,0,0,0,0,0,0,0,0,0,0,0,0,0,0,0,0,0,0,0,0,0,3,0,0,0,0,0,0
2019,Non_OECD_non_DAC_countries,GAVI,TLS,Timor-Leste,0,4,0,0,0,0,0,0,0,0,0,0,0,0,0,4,0,0,0,0,0,0,0,0,0,0,0,0,0,0,0,0,0,0,0,0,0,0,0,0,0,0,0,0,0,0,0,0,0,0,0,0,0,0,0,0,0,0,0,0,0,0,0,0,4,0,0,0,0,0,0
2019,Norway,GAVI,TLS,Timor-Leste,0,104,0,0,0,0,0,0,0,0,0,0,0,10,0,94,0,0,0,0,0,0,0,0,0,0,0,0,0,0,0,0,0,0,0,0,0,0,0,0,0,0,0,0,0,0,0,0,0,0,0,0,0,0,0,0,0,0,0,0,0,0,0,0,104,0,0,0,0,0,0
2019,Other,GAVI,TLS,Timor-Leste,0,87,0,0,0,0,0,0,0,0,0,0,0,8,0,79,0,0,0,0,0,0,0,0,0,0,0,0,0,0,0,0,0,0,0,0,0,0,0,0,0,0,0,0,0,0,0,0,0,0,0,0,0,0,0,0,0,0,0,0,0,0,0,0,87,0,0,0,0,0,0
2019,Other_OECD_DAC_countries,GAVI,TLS,Timor-Leste,0,1,0,0,0,0,0,0,0,0,0,0,0,0,0,1,0,0,0,0,0,0,0,0,0,0,0,0,0,0,0,0,0,0,0,0,0,0,0,0,0,0,0,0,0,0,0,0,0,0,0,0,0,0,0,0,0,0,0,0,0,0,0,0,1,0,0,0,0,0,0
2019,Private_other,GAVI,TLS,Timor-Leste,0,7,0,0,0,0,0,0,0,0,0,0,0,1,0,7,0,0,0,0,0,0,0,0,0,0,0,0,0,0,0,0,0,0,0,0,0,0,0,0,0,0,0,0,0,0,0,0,0,0,0,0,0,0,0,0,0,0,0,0,0,0,0,0,7,0,0,0,0,0,0
2019,Spain,GAVI,TLS,Timor-Leste,0,8,0,0,0,0,0,0,0,0,0,0,0,1,0,8,0,0,0,0,0,0,0,0,0,0,0,0,0,0,0,0,0,0,0,0,0,0,0,0,0,0,0,0,0,0,0,0,0,0,0,0,0,0,0,0,0,0,0,0,0,0,0,0,8,0,0,0,0,0,0
2019,Sweden,GAVI,TLS,Timor-Leste,0,21,0,0,0,0,0,0,0,0,0,0,0,2,0,19,0,0,0,0,0,0,0,0,0,0,0,0,0,0,0,0,0,0,0,0,0,0,0,0,0,0,0,0,0,0,0,0,0,0,0,0,0,0,0,0,0,0,0,0,0,0,0,0,21,0,0,0,0,0,0
2019,United_Kingdom,GAVI,TLS,Timor-Leste,0,215,0,0,0,0,0,0,0,0,0,0,0,21,0,194,0,0,0,0,0,0,0,0,0,0,0,0,0,0,0,0,0,0,0,0,0,0,0,0,0,0,0,0,0,0,0,0,0,0,0,0,0,0,0,0,0,0,0,0,0,0,0,0,215,0,0,0,0,0,0
2019,United_States,GAVI,TLS,Timor-Leste,0,155,0,0,0,0,0,0,0,0,0,0,0,15,0,140,0,0,0,0,0,0,0,0,0,0,0,0,0,0,0,0,0,0,0,0,0,0,0,0,0,0,0,0,0,0,0,0,0,0,0,0,0,0,0,0,0,0,0,0,0,0,0,0,155,0,0,0,0,0,0
2019,Australia,GFATM,TLS,Timor-Leste,0,139,0,0,0,0,0,0,0,0,0,0,0,0,0,0,0,0,8,12,1,0,1,4,0,5,15,2,1,1,4,1,1,9,1,0,9,7,3,1,8,2,8,18,3,7,2,0,0,0,0,0,0,0,0,0,0,0,0,0,0,0,0,0,0,0,49,40,50,0,0
2019,Austria,GFATM,TLS,Timor-Leste,0,5,0,0,0,0,0,0,0,0,0,0,0,0,0,0,0,0,0,0,0,0,0,0,0,0,1,0,0,0,0,0,0,0,0,0,0,0,0,0,0,0,0,1,0,0,0,0,0,0,0,0,0,0,0,0,0,0,0,0,0,0,0,0,0,0,2,1,2,0,0
2019,Belgium,GFATM,TLS,Timor-Leste,0,33,0,0,0,0,0,0,0,0,0,0,0,0,0,0,0,0,2,3,0,0,0,1,0,1,3,0,0,0,1,0,0,2,0,0,2,2,1,0,2,1,2,4,1,2,0,0,0,0,0,0,0,0,0,0,0,0,0,0,0,0,0,0,0,0,12,9,12,0,0
2019,Canada,GFATM,TLS,Timor-Leste,0,300,0,1,0,0,0,0,0,0,0,0,0,0,0,0,0,0,18,26,2,0,3,9,0,10,32,4,1,3,9,3,3,20,3,0,20,15,7,3,18,5,17,40,7,15,5,0,0,0,0,0,0,0,0,0,0,0,0,0,0,0,0,0,0,0,106,86,107,0,1
2019,China,GFATM,TLS,Timor-Leste,0,9,0,0,0,0,0,0,0,0,0,0,0,0,0,0,0,0,1,1,0,0,0,0,0,0,1,0,0,0,0,0,0,1,0,0,1,0,0,0,1,0,1,1,0,0,0,0,0,0,0,0,0,0,0,0,0,0,0,0,0,0,0,0,0,0,3,3,3,0,0
2019,Denmark,GFATM,TLS,Timor-Leste,0,37,0,0,0,0,0,0,0,0,0,0,0,0,0,0,0,0,2,3,0,0,0,1,0,1,4,1,0,0,1,0,0,2,0,0,3,2,1,0,2,1,2,5,1,2,1,0,0,0,0,0,0,0,0,0,0,0,0,0,0,0,0,0,0,0,13,11,13,0,0
2019,Finland,GFATM,TLS,Timor-Leste,0,3,0,0,0,0,0,0,0,0,0,0,0,0,0,0,0,0,0,0,0,0,0,0,0,0,0,0,0,0,0,0,0,0,0,0,0,0,0,0,0,0,0,0,0,0,0,0,0,0,0,0,0,0,0,0,0,0,0,0,0,0,0,0,0,0,1,1,1,0,0
2019,France,GFATM,TLS,Timor-Leste,0,637,0,1,0,0,0,0,0,0,0,0,0,0,0,0,0,0,39,56,4,1,7,19,0,22,67,9,3,7,19,6,6,42,5,0,43,32,16,7,38,10,37,85,16,32,10,0,0,0,0,0,0,0,0,0,0,0,0,0,0,0,0,0,0,0,226,182,228,0,1
2019,Gates Foundation,GFATM,TLS,Timor-Leste,0,309,0,1,0,0,0,0,0,0,0,0,0,0,0,0,0,0,19,27,2,0,3,9,0,10,33,4,1,3,9,3,3,21,3,0,21,15,8,3,19,5,18,41,8,16,5,0,0,0,0,0,0,0,0,0,0,0,0,0,0,0,0,0,0,0,110,88,111,0,1
2019,Germany,GFATM,TLS,Timor-Leste,0,482,0,1,0,0,0,0,0,0,0,0,0,0,0,0,0,0,29,42,3,1,5,14,0,16,51,7,2,5,14,4,4,32,4,0,32,24,12,5,29,8,28,64,12,24,7,0,0,0,0,0,0,0,0,0,0,0,0,0,0,0,0,0,0,0,171,138,173,0,1
2019,Greece,GFATM,TLS,Timor-Leste,0,3,0,0,0,0,0,0,0,0,0,0,0,0,0,0,0,0,0,0,0,0,0,0,0,0,0,0,0,0,0,0,0,0,0,0,0,0,0,0,0,0,0,0,0,0,0,0,0,0,0,0,0,0,0,0,0,0,0,0,0,0,0,0,0,0,1,1,1,0,0
2019,Ireland,GFATM,TLS,Timor-Leste,0,24,0,0,0,0,0,0,0,0,0,0,0,0,0,0,0,0,1,2,0,0,0,1,0,1,2,0,0,0,1,0,0,2,0,0,2,1,1,0,1,0,1,3,1,1,0,0,0,0,0,0,0,0,0,0,0,0,0,0,0,0,0,0,0,0,8,7,8,0,0
2019,Italy,GFATM,TLS,Timor-Leste,0,112,0,0,0,0,0,0,0,0,0,0,0,0,0,0,0,0,7,10,1,0,1,3,0,4,12,2,0,1,3,1,1,7,1,0,8,6,3,1,7,2,7,15,3,6,2,0,0,0,0,0,0,0,0,0,0,0,0,0,0,0,0,0,0,0,40,32,40,0,0
2019,Japan,GFATM,TLS,Timor-Leste,0,512,0,1,0,0,0,0,0,0,0,0,0,0,0,0,0,0,31,45,3,1,6,15,0,17,54,7,2,5,15,5,5,34,4,0,34,26,13,5,31,8,30,68,13,26,8,0,0,0,0,0,0,0,0,0,0,0,0,0,0,0,0,0,0,0,182,146,183,0,1
2019,Korea,GFATM,TLS,Timor-Leste,0,7,0,0,0,0,0,0,0,0,0,0,0,0,0,0,0,0,0,1,0,0,0,0,0,0,1,0,0,0,0,0,0,0,0,0,0,0,0,0,0,0,0,1,0,0,0,0,0,0,0,0,0,0,0,0,0,0,0,0,0,0,0,0,0,0,3,2,3,0,0
2019,Luxembourg,GFATM,TLS,Timor-Leste,0,4,0,0,0,0,0,0,0,0,0,0,0,0,0,0,0,0,0,0,0,0,0,0,0,0,0,0,0,0,0,0,0,0,0,0,0,0,0,0,0,0,0,1,0,0,0,0,0,0,0,0,0,0,0,0,0,0,0,0,0,0,0,0,0,0,2,1,2,0,0
2019,Netherlands,GFATM,TLS,Timor-Leste,0,97,0,0,0,0,0,0,0,0,0,0,0,0,0,0,0,0,6,9,1,0,1,3,0,3,10,1,0,1,3,1,1,6,1,0,7,5,2,1,6,2,6,13,2,5,1,0,0,0,0,0,0,0,0,0,0,0,0,0,0,0,0,0,0,0,35,28,35,0,0
2019,Non_OECD_DAC_countries,GFATM,TLS,Timor-Leste,0,14,0,0,0,0,0,0,0,0,0,0,0,0,0,0,0,0,1,1,0,0,0,0,0,0,2,0,0,0,0,0,0,1,0,0,1,1,0,0,1,0,1,2,0,1,0,0,0,0,0,0,0,0,0,0,0,0,0,0,0,0,0,0,0,0,5,4,5,0,0
2019,Non_OECD_non_DAC_countries,GFATM,TLS,Timor-Leste,0,31,0,0,0,0,0,0,0,0,0,0,0,0,0,0,0,0,2,3,0,0,0,1,0,1,3,0,0,0,1,0,0,2,0,0,2,2,1,0,2,1,2,4,1,2,0,0,0,0,0,0,0,0,0,0,0,0,0,0,0,0,0,0,0,0,11,9,11,0,0
2019,Norway,GFATM,TLS,Timor-Leste,0,125,0,0,0,0,0,0,0,0,0,0,0,0,0,0,0,0,8,11,1,0,1,4,0,4,13,2,1,1,4,1,1,8,1,0,8,6,3,1,8,2,7,17,3,6,2,0,0,0,0,0,0,0,0,0,0,0,0,0,0,0,0,0,0,0,45,36,45,0,0
2019,Other_OECD_DAC_countries,GFATM,TLS,Timor-Leste,0,12,0,0,0,0,0,0,0,0,0,0,0,0,0,0,0,0,1,1,0,0,0,0,0,0,1,0,0,0,0,0,0,1,0,0,1,1,0,0,1,0,1,2,0,1,0,0,0,0,0,0,0,0,0,0,0,0,0,0,0,0,0,0,0,0,4,3,4,0,0
2019,Portugal,GFATM,TLS,Timor-Leste,0,3,0,0,0,0,0,0,0,0,0,0,0,0,0,0,0,0,0,0,0,0,0,0,0,0,0,0,0,0,0,0,0,0,0,0,0,0,0,0,0,0,0,0,0,0,0,0,0,0,0,0,0,0,0,0,0,0,0,0,0,0,0,0,0,0,1,1,1,0,0
2019,Private_other,GFATM,TLS,Timor-Leste,0,103,0,0,0,0,0,0,0,0,0,0,0,0,0,0,0,0,6,9,1,0,1,3,0,3,11,1,0,1,3,1,1,7,1,0,7,5,3,1,6,2,6,14,3,5,2,0,0,0,0,0,0,0,0,0,0,0,0,0,0,0,0,0,0,0,36,29,37,0,0
2019,Spain,GFATM,TLS,Timor-Leste,0,17,0,0,0,0,0,0,0,0,0,0,0,0,0,0,0,0,1,1,0,0,0,1,0,1,2,0,0,0,1,0,0,1,0,0,1,1,0,0,1,0,1,2,0,1,0,0,0,0,0,0,0,0,0,0,0,0,0,0,0,0,0,0,0,0,6,5,6,0,0
2019,Sweden,GFATM,TLS,Timor-Leste,0,152,0,0,0,0,0,0,0,0,0,0,0,0,0,0,0,0,9,13,1,0,2,5,0,5,16,2,1,2,5,1,1,10,1,0,10,8,4,2,9,3,9,20,4,8,2,0,0,0,0,0,0,0,0,0,0,0,0,0,0,0,0,0,0,0,54,44,55,0,0
2019,Switzerland,GFATM,TLS,Timor-Leste,0,28,0,0,0,0,0,0,0,0,0,0,0,0,0,0,0,0,2,2,0,0,0,1,0,1,3,0,0,0,1,0,0,2,0,0,2,1,1,0,2,0,2,4,1,1,0,0,0,0,0,0,0,0,0,0,0,0,0,0,0,0,0,0,0,0,10,8,10,0,0
2019,United_Kingdom,GFATM,TLS,Timor-Leste,0,745,0,1,0,0,0,0,0,0,0,0,0,0,0,0,0,0,45,65,5,1,8,22,0,25,78,11,3,8,22,7,7,50,6,0,50,37,18,8,45,12,43,99,18,37,11,0,0,0,0,0,0,0,0,0,0,0,0,0,0,0,0,0,0,0,264,213,267,0,1
2019,United_States,GFATM,TLS,Timor-Leste,0,1533,0,3,0,0,0,0,0,0,0,0,0,0,0,0,0,0,94,134,10,2,17,46,1,52,161,22,7,16,46,13,13,102,13,0,103,77,38,16,92,25,89,204,38,77,23,0,0,0,0,0,0,0,0,0,0,0,0,0,0,0,0,0,0,0,544,437,549,0,3
2019,Australia,INTLNGO,TLS,Timor-Leste,0,447,241,0,0,0,0,1,0,3,0,1,12,0,0,0,0,0,0,0,0,0,0,0,0,0,0,0,0,4,0,2,0,3,0,0,0,0,0,0,0,0,0,0,0,0,0,0,0,0,0,0,0,0,0,0,0,0,0,0,0,181,0,5,12,0,0,9,0,0,241
2019,Canada,INTLNGO,TLS,Timor-Leste,0,101,0,0,0,0,0,8,1,2,6,0,81,1,0,0,0,0,0,0,0,0,0,0,0,0,0,0,0,0,0,0,0,0,0,0,0,0,0,0,0,0,0,0,0,0,0,0,0,0,1,0,0,0,0,0,0,0,0,0,0,0,0,18,82,0,0,0,0,1,0
2019,Germany,INTLNGO,TLS,Timor-Leste,0,118,0,0,0,0,0,0,0,0,0,0,0,0,0,0,0,0,0,0,0,0,0,0,0,0,0,0,0,0,0,0,0,0,0,0,0,0,0,0,0,0,0,0,0,0,0,0,0,0,0,0,0,0,0,0,0,0,0,0,0,118,0,0,0,0,0,0,0,0,0
2019,Japan,INTLNGO,TLS,Timor-Leste,0,1306,502,0,390,0,0,0,0,0,0,0,415,0,0,0,0,0,0,0,0,0,0,0,0,0,0,0,0,0,0,0,0,0,0,0,0,0,0,0,0,0,0,0,0,0,0,0,0,0,0,0,0,0,0,0,0,0,0,0,0,0,0,0,415,0,0,0,0,0,891
2019,Korea,INTLNGO,TLS,Timor-Leste,0,3,0,0,0,0,0,0,0,0,0,0,0,0,0,0,0,0,0,0,0,0,0,0,0,0,0,0,0,0,0,0,0,0,0,0,0,0,0,0,0,0,0,0,0,0,0,0,0,0,0,0,0,0,0,0,0,0,0,0,0,3,0,0,0,0,0,0,0,0,0
2019,Portugal,INTLNGO,TLS,Timor-Leste,0,22,22,0,0,0,0,0,0,0,0,0,0,0,0,0,0,0,0,0,0,0,0,0,0,0,0,0,0,0,0,0,0,0,0,0,0,0,0,0,0,0,0,0,0,0,0,0,0,0,0,0,0,0,0,0,0,0,0,0,0,0,0,0,0,0,0,0,0,0,22
2019,United_States,INTLNGO,TLS,Timor-Leste,0,115,0,0,0,0,85,0,0,0,0,0,0,0,0,0,0,0,0,0,0,0,0,0,0,28,0,0,0,0,0,0,0,0,0,0,0,0,0,0,0,1,2,0,0,0,0,0,0,0,0,0,0,0,0,0,0,0,0,0,0,0,0,85,0,0,28,0,3,0,0
2019,Corporate_donations,NGO,TLS,Timor-Leste,0,213,57,2,15,0,0,0,1,0,1,0,3,11,1,2,6,0,1,1,0,0,0,0,0,0,0,0,0,0,0,0,0,0,0,0,0,0,0,0,0,0,0,0,0,0,0,0,0,0,10,0,0,0,0,2,37,5,51,0,0,7,0,2,22,95,3,0,0,10,74
2019,Gates Foundation,NGO,TLS,Timor-Leste,0,115,2,0,1,0,18,3,0,1,2,0,2,23,0,7,2,13,3,1,0,0,0,2,0,0,1,1,1,1,1,0,2,4,2,0,0,2,1,0,2,1,1,0,1,1,0,0,0,0,0,0,0,0,2,0,2,3,1,0,0,1,0,25,48,9,10,14,5,0,3
2019,Private_other,NGO,TLS,Timor-Leste,0,1288,162,7,50,0,71,19,23,4,16,3,76,66,32,31,47,32,8,2,0,1,1,5,0,2,5,9,5,2,2,1,2,8,1,0,0,4,1,2,4,1,1,0,3,3,2,0,0,0,13,5,13,1,32,50,107,22,125,0,0,205,0,136,284,337,37,24,14,31,220
2019,United_States,NGO,TLS,Timor-Leste,0,1644,1,0,0,0,431,265,0,135,401,0,0,0,0,102,306,0,0,0,0,0,0,0,0,1,0,0,0,0,0,0,0,0,0,0,0,0,0,0,0,0,0,0,0,0,0,0,0,0,2,0,0,0,0,0,0,0,0,0,0,1,0,1231,408,0,1,0,0,2,1
2019,Australia,UNFPA,TLS,Timor-Leste,0,14,0,0,0,0,1,1,3,6,0,0,0,0,0,0,0,0,0,0,0,0,0,0,0,1,0,0,0,0,0,0,0,0,0,0,0,0,0,0,0,0,0,0,0,0,0,0,0,0,0,0,0,0,0,0,0,0,0,0,0,0,0,13,0,0,1,0,0,0,0
2019,Austria,UNFPA,TLS,Timor-Leste,0,4,0,0,0,0,0,0,1,2,0,0,0,0,0,0,0,0,0,0,0,0,0,0,0,0,0,0,0,0,0,0,0,0,0,0,0,0,0,0,0,0,0,0,0,0,0,0,0,0,0,0,0,0,0,0,0,0,0,0,0,0,0,4,0,0,0,0,0,0,0
2019,Belgium,UNFPA,TLS,Timor-Leste,0,12,0,0,0,0,1,1,3,5,0,0,0,0,0,0,0,0,0,0,0,0,0,0,0,1,0,0,0,0,0,0,0,0,0,0,0,0,0,0,0,0,0,0,0,0,0,0,0,0,0,0,0,0,0,0,0,0,0,0,0,0,0,11,0,0,1,0,0,0,0
2019,Canada,UNFPA,TLS,Timor-Leste,0,73,0,0,0,0,7,7,17,32,2,0,0,0,0,0,0,0,0,0,0,0,0,0,0,7,0,0,0,0,0,0,0,0,0,0,0,0,0,0,0,0,0,0,0,0,0,0,0,0,0,0,0,0,0,0,0,0,0,0,0,0,0,66,0,0,7,0,0,0,0
2019,China,UNFPA,TLS,Timor-Leste,0,5,0,0,0,0,0,0,1,2,0,0,0,0,0,0,0,0,0,0,0,0,0,0,0,0,0,0,0,0,0,0,0,0,0,0,0,0,0,0,0,0,0,0,0,0,0,0,0,0,0,0,0,0,0,0,0,0,0,0,0,0,0,4,0,0,0,0,0,0,0
2019,Denmark,UNFPA,TLS,Timor-Leste,0,69,0,0,0,0,7,7,16,31,2,0,0,0,0,0,0,0,0,0,0,0,0,0,0,7,0,0,0,0,0,0,0,0,0,0,0,0,0,0,0,0,0,0,0,0,0,0,0,0,0,0,0,0,0,0,0,0,0,0,0,0,0,62,0,0,7,0,0,0,0
2019,Finland,UNFPA,TLS,Timor-Leste,0,28,0,0,0,0,3,3,7,13,1,0,0,0,0,0,0,0,0,0,0,0,0,0,0,3,0,0,0,0,0,0,0,0,0,0,0,0,0,0,0,0,0,0,0,0,0,0,0,0,0,0,0,0,0,0,0,0,0,0,0,0,0,26,0,0,3,0,0,0,0
2019,France,UNFPA,TLS,Timor-Leste,0,9,0,0,0,0,1,1,2,4,0,0,0,0,0,0,0,0,0,0,0,0,0,0,0,1,0,0,0,0,0,0,0,0,0,0,0,0,0,0,0,0,0,0,0,0,0,0,0,0,0,0,0,0,0,0,0,0,0,0,0,0,0,8,0,0,1,0,0,0,0
2019,Germany,UNFPA,TLS,Timor-Leste,0,51,0,0,0,0,5,5,12,23,1,0,0,0,0,0,0,0,0,0,0,0,0,0,0,5,0,0,0,0,0,0,0,0,0,0,0,0,0,0,0,0,0,0,0,0,0,0,0,0,0,0,0,0,0,0,0,0,0,0,0,0,0,46,0,0,5,0,0,0,0
2019,Ireland,UNFPA,TLS,Timor-Leste,0,6,0,0,0,0,1,1,1,2,0,0,0,0,0,0,0,0,0,0,0,0,0,0,0,1,0,0,0,0,0,0,0,0,0,0,0,0,0,0,0,0,0,0,0,0,0,0,0,0,0,0,0,0,0,0,0,0,0,0,0,0,0,5,0,0,1,0,0,0,0
2019,Italy,UNFPA,TLS,Timor-Leste,0,12,0,0,0,0,1,1,3,5,0,0,0,0,0,0,0,0,0,0,0,0,0,0,0,1,0,0,0,0,0,0,0,0,0,0,0,0,0,0,0,0,0,0,0,0,0,0,0,0,0,0,0,0,0,0,0,0,0,0,0,0,0,10,0,0,1,0,0,0,0
2019,Japan,UNFPA,TLS,Timor-Leste,0,30,0,0,0,0,3,3,7,13,1,0,0,0,0,0,0,0,0,0,0,0,0,0,0,3,0,0,0,0,0,0,0,0,0,0,0,0,0,0,0,0,0,0,0,0,0,0,0,0,0,0,0,0,0,0,0,0,0,0,0,0,0,27,0,0,3,0,0,0,0
2019,Korea,UNFPA,TLS,Timor-Leste,0,5,0,0,0,0,0,0,1,2,0,0,0,0,0,0,0,0,0,0,0,0,0,0,0,0,0,0,0,0,0,0,0,0,0,0,0,0,0,0,0,0,0,0,0,0,0,0,0,0,0,0,0,0,0,0,0,0,0,0,0,0,0,4,0,0,0,0,0,0,0
2019,Luxembourg,UNFPA,TLS,Timor-Leste,0,8,0,0,0,0,1,1,2,4,0,0,0,0,0,0,0,0,0,0,0,0,0,0,0,1,0,0,0,0,0,0,0,0,0,0,0,0,0,0,0,0,0,0,0,0,0,0,0,0,0,0,0,0,0,0,0,0,0,0,0,0,0,7,0,0,1,0,0,0,0
2019,Netherlands,UNFPA,TLS,Timor-Leste,0,71,0,0,0,0,7,7,17,32,2,0,0,0,0,0,0,0,0,0,0,0,0,0,0,7,0,0,0,0,0,0,0,0,0,0,0,0,0,0,0,0,0,0,0,0,0,0,0,0,0,0,0,0,0,0,0,0,0,0,0,0,0,64,0,0,7,0,0,0,0
2019,New_Zealand,UNFPA,TLS,Timor-Leste,0,6,0,0,0,0,1,1,2,3,0,0,0,0,0,0,0,0,0,0,0,0,0,0,0,1,0,0,0,0,0,0,0,0,0,0,0,0,0,0,0,0,0,0,0,0,0,0,0,0,0,0,0,0,0,0,0,0,0,0,0,0,0,6,0,0,1,0,0,0,0
2019,Non_OECD_non_DAC_countries,UNFPA,TLS,Timor-Leste,0,54,0,0,0,0,5,5,13,24,1,0,0,0,0,0,0,0,0,0,0,0,0,0,0,5,0,0,0,0,0,0,0,0,0,0,0,0,0,0,0,0,0,0,0,0,0,0,0,0,0,0,0,0,0,0,0,0,0,0,0,0,0,49,0,0,5,0,0,0,0
2019,Norway,UNFPA,TLS,Timor-Leste,0,87,0,0,0,0,8,8,21,39,2,0,0,0,0,0,0,0,0,0,0,0,0,0,0,8,0,0,0,0,0,0,0,0,0,0,0,0,0,0,0,0,0,0,0,0,0,0,0,0,0,0,0,0,0,0,0,0,0,0,0,0,0,79,0,0,8,0,0,0,0
2019,Other,UNFPA,TLS,Timor-Leste,0,406,0,0,0,0,39,39,98,181,9,0,0,0,0,0,0,0,0,0,0,0,0,0,0,39,0,0,0,0,0,0,0,0,0,0,0,0,0,0,0,0,0,0,0,0,0,0,0,0,0,0,0,0,0,0,0,0,0,0,0,0,0,367,0,0,39,0,0,0,0
2019,Other_OECD_DAC_countries,UNFPA,TLS,Timor-Leste,0,2,0,0,0,0,0,0,0,1,0,0,0,0,0,0,0,0,0,0,0,0,0,0,0,0,0,0,0,0,0,0,0,0,0,0,0,0,0,0,0,0,0,0,0,0,0,0,0,0,0,0,0,0,0,0,0,0,0,0,0,0,0,1,0,0,0,0,0,0,0
2019,Private_other,UNFPA,TLS,Timor-Leste,0,2,0,0,0,0,0,0,1,1,0,0,0,0,0,0,0,0,0,0,0,0,0,0,0,0,0,0,0,0,0,0,0,0,0,0,0,0,0,0,0,0,0,0,0,0,0,0,0,0,0,0,0,0,0,0,0,0,0,0,0,0,0,2,0,0,0,0,0,0,0
2019,Spain,UNFPA,TLS,Timor-Leste,0,4,0,0,0,0,0,0,1,2,0,0,0,0,0,0,0,0,0,0,0,0,0,0,0,0,0,0,0,0,0,0,0,0,0,0,0,0,0,0,0,0,0,0,0,0,0,0,0,0,0,0,0,0,0,0,0,0,0,0,0,0,0,4,0,0,0,0,0,0,0
2019,Sweden,UNFPA,TLS,Timor-Leste,0,97,0,0,0,0,9,9,23,43,2,0,0,0,0,0,0,0,0,0,0,0,0,0,0,9,0,0,0,0,0,0,0,0,0,0,0,0,0,0,0,0,0,0,0,0,0,0,0,0,0,0,0,0,0,0,0,0,0,0,0,0,0,88,0,0,9,0,0,0,0
2019,Switzerland,UNFPA,TLS,Timor-Leste,0,28,0,0,0,0,3,3,7,13,1,0,0,0,0,0,0,0,0,0,0,0,0,0,0,3,0,0,0,0,0,0,0,0,0,0,0,0,0,0,0,0,0,0,0,0,0,0,0,0,0,0,0,0,0,0,0,0,0,0,0,0,0,25,0,0,3,0,0,0,0
2019,Unallocable,UNFPA,TLS,Timor-Leste,0,2,0,0,0,0,0,0,0,1,0,0,0,0,0,0,0,0,0,0,0,0,0,0,0,0,0,0,0,0,0,0,0,0,0,0,0,0,0,0,0,0,0,0,0,0,0,0,0,0,0,0,0,0,0,0,0,0,0,0,0,0,0,1,0,0,0,0,0,0,0
2019,United_Kingdom,UNFPA,TLS,Timor-Leste,0,61,0,0,0,0,6,6,15,27,1,0,0,0,0,0,0,0,0,0,0,0,0,0,0,6,0,0,0,0,0,0,0,0,0,0,0,0,0,0,0,0,0,0,0,0,0,0,0,0,0,0,0,0,0,0,0,0,0,0,0,0,0,56,0,0,6,0,0,0,0
2019,United_States,UNFPA,TLS,Timor-Leste,0,4,0,0,0,0,0,0,1,2,0,0,0,0,0,0,0,0,0,0,0,0,0,0,0,0,0,0,0,0,0,0,0,0,0,0,0,0,0,0,0,0,0,0,0,0,0,0,0,0,0,0,0,0,0,0,0,0,0,0,0,0,0,4,0,0,0,0,0,0,0
2019,Australia,UNICEF,TLS,Timor-Leste,0,8,0,0,0,0,0,0,1,0,0,0,3,2,2,1,0,0,0,0,0,0,0,0,0,0,0,0,0,0,0,0,0,0,0,0,0,0,0,0,0,0,0,0,0,0,0,0,0,0,0,0,0,0,0,0,0,0,0,0,0,0,0,1,8,0,0,0,0,0,0
2019,Austria,UNICEF,TLS,Timor-Leste,0,6,0,0,0,0,0,0,0,0,0,0,2,2,1,1,0,0,0,0,0,0,0,0,0,0,0,0,0,0,0,0,0,0,0,0,0,0,0,0,0,0,0,0,0,0,0,0,0,0,0,0,0,0,0,0,0,0,0,0,0,0,0,0,5,0,0,0,0,0,0
2019,Belgium,UNICEF,TLS,Timor-Leste,0,6,0,0,0,0,0,0,0,0,0,0,2,2,1,1,0,0,0,0,0,0,0,0,0,0,0,0,0,0,0,0,0,0,0,0,0,0,0,0,0,0,0,0,0,0,0,0,0,0,0,0,0,0,0,0,0,0,0,0,0,0,0,0,5,0,0,0,0,0,0
2019,Canada,UNICEF,TLS,Timor-Leste,0,58,0,0,0,0,0,0,3,0,0,0,20,16,10,7,0,0,0,1,0,0,0,0,0,0,0,0,0,0,0,0,0,0,0,0,0,0,0,0,0,0,0,0,0,0,0,0,0,0,0,0,0,0,0,0,0,0,0,0,0,0,0,3,53,0,2,0,0,0,0
2019,China,UNICEF,TLS,Timor-Leste,0,6,0,0,0,0,0,0,0,0,0,0,2,2,1,1,0,0,0,0,0,0,0,0,0,0,0,0,0,0,0,0,0,0,0,0,0,0,0,0,0,0,0,0,0,0,0,0,0,0,0,0,0,0,0,0,0,0,0,0,0,0,0,0,6,0,0,0,0,0,0
2019,Denmark,UNICEF,TLS,Timor-Leste,0,20,0,0,0,0,0,0,1,0,0,0,7,5,4,3,0,0,0,0,0,0,0,0,0,0,0,0,0,0,0,0,0,0,0,0,0,0,0,0,0,0,0,0,0,0,0,0,0,0,0,0,0,0,0,0,0,0,0,0,0,0,0,1,18,0,1,0,0,0,0
2019,Finland,UNICEF,TLS,Timor-Leste,0,10,0,0,0,0,0,0,1,0,0,0,3,3,2,1,0,0,0,0,0,0,0,0,0,0,0,0,0,0,0,0,0,0,0,0,0,0,0,0,0,0,0,0,0,0,0,0,0,0,0,0,0,0,0,0,0,0,0,0,0,0,0,1,9,0,0,0,0,0,0
2019,France,UNICEF,TLS,Timor-Leste,0,26,0,0,0,0,0,0,2,0,0,0,9,7,5,3,0,0,0,0,0,0,0,0,0,0,0,0,0,0,0,0,0,0,0,0,0,0,0,0,0,0,0,0,0,0,0,0,0,0,0,0,0,0,0,0,0,0,0,0,0,0,0,2,23,0,1,0,0,0,0
2019,Gates Foundation,UNICEF,TLS,Timor-Leste,0,6,0,0,0,0,0,0,0,0,0,0,2,2,1,1,0,0,0,0,0,0,0,0,0,0,0,0,0,0,0,0,0,0,0,0,0,0,0,0,0,0,0,0,0,0,0,0,0,0,0,0,0,0,0,0,0,0,0,0,0,0,0,0,6,0,0,0,0,0,0
2019,Germany,UNICEF,TLS,Timor-Leste,0,169,0,0,0,0,0,0,10,0,0,0,57,45,30,21,0,0,1,3,0,0,1,0,0,0,0,0,0,0,0,0,0,0,0,0,0,0,0,0,0,0,0,0,0,0,0,0,0,0,0,0,0,0,0,0,0,0,0,0,0,0,0,10,153,0,5,0,0,0,0
2019,Greece,UNICEF,TLS,Timor-Leste,0,1,0,0,0,0,0,0,0,0,0,0,0,0,0,0,0,0,0,0,0,0,0,0,0,0,0,0,0,0,0,0,0,0,0,0,0,0,0,0,0,0,0,0,0,0,0,0,0,0,0,0,0,0,0,0,0,0,0,0,0,0,0,0,1,0,0,0,0,0,0
2019,Ireland,UNICEF,TLS,Timor-Leste,0,6,0,0,0,0,0,0,0,0,0,0,2,2,1,1,0,0,0,0,0,0,0,0,0,0,0,0,0,0,0,0,0,0,0,0,0,0,0,0,0,0,0,0,0,0,0,0,0,0,0,0,0,0,0,0,0,0,0,0,0,0,0,0,6,0,0,0,0,0,0
2019,Italy,UNICEF,TLS,Timor-Leste,0,23,0,0,0,0,0,0,1,0,0,0,8,6,4,3,0,0,0,0,0,0,0,0,0,0,0,0,0,0,0,0,0,0,0,0,0,0,0,0,0,0,0,0,0,0,0,0,0,0,0,0,0,0,0,0,0,0,0,0,0,0,0,1,21,0,1,0,0,0,0
2019,Japan,UNICEF,TLS,Timor-Leste,0,41,0,0,0,0,0,0,2,0,0,0,14,11,7,5,0,0,0,1,0,0,0,0,0,0,0,0,0,0,0,0,0,0,0,0,0,0,0,0,0,0,0,0,0,0,0,0,0,0,0,0,0,0,0,0,0,0,0,0,0,0,0,2,37,0,1,0,0,0,0
2019,Korea,UNICEF,TLS,Timor-Leste,0,13,0,0,0,0,0,0,1,0,0,0,5,4,2,2,0,0,0,0,0,0,0,0,0,0,0,0,0,0,0,0,0,0,0,0,0,0,0,0,0,0,0,0,0,0,0,0,0,0,0,0,0,0,0,0,0,0,0,0,0,0,0,1,12,0,0,0,0,0,0
2019,Luxembourg,UNICEF,TLS,Timor-Leste,0,6,0,0,0,0,0,0,0,0,0,0,2,2,1,1,0,0,0,0,0,0,0,0,0,0,0,0,0,0,0,0,0,0,0,0,0,0,0,0,0,0,0,0,0,0,0,0,0,0,0,0,0,0,0,0,0,0,0,0,0,0,0,0,6,0,0,0,0,0,0
2019,Netherlands,UNICEF,TLS,Timor-Leste,0,113,0,0,0,0,0,0,7,0,0,0,38,30,20,14,0,0,1,2,0,0,1,0,0,0,0,0,0,0,0,0,0,0,0,0,0,0,0,0,0,0,0,0,0,0,0,0,0,0,0,0,0,0,0,0,0,0,0,0,0,0,0,7,103,0,4,0,0,0,0
2019,New_Zealand,UNICEF,TLS,Timor-Leste,0,3,0,0,0,0,0,0,0,0,0,0,1,1,1,0,0,0,0,0,0,0,0,0,0,0,0,0,0,0,0,0,0,0,0,0,0,0,0,0,0,0,0,0,0,0,0,0,0,0,0,0,0,0,0,0,0,0,0,0,0,0,0,0,3,0,0,0,0,0,0
2019,Non_OECD_DAC_countries,UNICEF,TLS,Timor-Leste,0,46,0,0,0,0,0,0,3,0,0,0,16,12,8,6,0,0,0,1,0,0,0,0,0,0,0,0,0,0,0,0,0,0,0,0,0,0,0,0,0,0,0,0,0,0,0,0,0,0,0,0,0,0,0,0,0,0,0,0,0,0,0,3,42,0,1,0,0,0,0
2019,Non_OECD_non_DAC_countries,UNICEF,TLS,Timor-Leste,0,93,0,0,0,0,0,0,6,0,0,0,31,25,17,12,0,0,1,1,0,0,1,0,0,0,0,0,0,0,0,0,0,0,0,0,0,0,0,0,0,0,0,0,0,0,0,0,0,0,0,0,0,0,0,0,0,0,0,0,0,0,0,6,85,0,3,0,0,0,0
2019,Norway,UNICEF,TLS,Timor-Leste,0,41,0,0,0,0,0,0,2,0,0,0,14,11,7,5,0,0,0,1,0,0,0,0,0,0,0,0,0,0,0,0,0,0,0,0,0,0,0,0,0,0,0,0,0,0,0,0,0,0,0,0,0,0,0,0,0,0,0,0,0,0,0,2,37,0,1,0,0,0,0
2019,Other,UNICEF,TLS,Timor-Leste,0,274,0,0,0,0,0,0,16,0,0,0,91,71,48,33,0,0,2,4,0,0,2,0,0,0,0,0,0,0,0,0,0,0,0,0,0,0,0,0,0,0,0,0,0,0,0,5,0,0,0,0,0,0,0,0,0,0,0,0,0,0,0,16,244,0,9,0,0,5,0
2019,Other_OECD_DAC_countries,UNICEF,TLS,Timor-Leste,0,6,0,0,0,0,0,0,0,0,0,0,2,2,1,1,0,0,0,0,0,0,0,0,0,0,0,0,0,0,0,0,0,0,0,0,0,0,0,0,0,0,0,0,0,0,0,0,0,0,0,0,0,0,0,0,0,0,0,0,0,0,0,0,5,0,0,0,0,0,0
2019,Portugal,UNICEF,TLS,Timor-Leste,0,1,0,0,0,0,0,0,0,0,0,0,0,0,0,0,0,0,0,0,0,0,0,0,0,0,0,0,0,0,0,0,0,0,0,0,0,0,0,0,0,0,0,0,0,0,0,0,0,0,0,0,0,0,0,0,0,0,0,0,0,0,0,0,1,0,0,0,0,0,0
2019,Private_other,UNICEF,TLS,Timor-Leste,0,389,0,0,0,0,0,0,23,0,0,0,132,103,70,48,0,0,3,6,0,0,3,0,0,0,0,0,0,0,0,0,0,0,0,0,0,0,0,0,0,0,0,0,0,0,0,0,0,0,0,0,0,0,0,0,0,0,0,0,0,0,0,23,353,0,12,0,0,0,0
2019,Spain,UNICEF,TLS,Timor-Leste,0,12,0,0,0,0,0,0,1,0,0,0,4,3,2,1,0,0,0,0,0,0,0,0,0,0,0,0,0,0,0,0,0,0,0,0,0,0,0,0,0,0,0,0,0,0,0,0,0,0,0,0,0,0,0,0,0,0,0,0,0,0,0,1,11,0,0,0,0,0,0
2019,Sweden,UNICEF,TLS,Timor-Leste,0,48,0,0,0,0,0,0,3,0,0,0,16,13,9,6,0,0,0,1,0,0,0,0,0,0,0,0,0,0,0,0,0,0,0,0,0,0,0,0,0,0,0,0,0,0,0,0,0,0,0,0,0,0,0,0,0,0,0,0,0,0,0,3,44,0,2,0,0,0,0
2019,Switzerland,UNICEF,TLS,Timor-Leste,0,13,0,0,0,0,0,0,1,0,0,0,4,3,2,2,0,0,0,0,0,0,0,0,0,0,0,0,0,0,0,0,0,0,0,0,0,0,0,0,0,0,0,0,0,0,0,0,0,0,0,0,0,0,0,0,0,0,0,0,0,0,0,1,12,0,0,0,0,0,0
2019,United_Kingdom,UNICEF,TLS,Timor-Leste,0,160,0,0,0,0,0,0,8,0,0,0,47,37,25,17,0,0,1,2,0,0,1,0,0,0,0,0,0,0,0,0,0,0,0,0,0,0,0,0,0,0,0,0,0,0,0,21,0,0,0,0,0,0,0,0,0,0,0,0,0,0,0,8,127,0,4,0,0,21,0
2019,United_States,UNICEF,TLS,Timor-Leste,0,241,0,0,0,0,0,0,14,0,0,0,80,63,42,29,0,0,2,4,0,0,2,0,0,0,0,0,0,0,0,0,0,0,0,0,0,0,0,0,0,0,0,0,0,0,0,5,0,0,0,0,0,0,0,0,0,0,0,0,0,0,0,14,214,0,8,0,0,5,0
2019,Private_other,US_FOUND,TLS,Timor-Leste,0,36,0,0,0,0,1,0,5,0,3,0,0,0,1,0,0,0,0,0,0,0,0,0,0,0,0,0,0,0,0,0,0,0,0,0,0,0,0,0,0,0,0,0,0,0,0,0,0,0,0,0,0,0,21,1,0,0,0,0,0,4,0,9,1,22,1,0,0,0,0
2019,Australia,WHO,TLS,Timor-Leste,0,48,7,0,6,6,0,0,2,0,0,0,1,3,1,0,0,0,0,0,0,0,0,0,0,2,0,0,0,0,0,0,0,0,0,0,1,0,0,0,0,0,0,1,0,0,0,0,0,0,12,0,0,0,0,1,2,0,0,0,0,3,0,2,5,3,2,1,1,12,19
2019,Austria,WHO,TLS,Timor-Leste,0,13,2,0,2,2,0,0,1,0,0,0,0,1,0,0,0,0,0,0,0,0,0,0,0,0,0,0,0,0,0,0,0,0,0,0,0,0,0,0,0,0,0,0,0,0,0,0,0,0,3,0,0,0,0,0,1,0,0,0,0,1,0,1,1,1,0,0,0,3,5
2019,Belgium,WHO,TLS,Timor-Leste,0,26,4,0,3,3,0,0,1,0,0,0,0,2,1,0,0,0,0,0,0,0,0,0,0,1,0,0,0,0,0,0,0,0,0,0,1,0,0,0,0,0,0,1,0,0,0,0,0,0,7,0,0,0,0,0,1,0,0,0,0,2,0,1,3,2,1,1,1,7,10
2019,Canada,WHO,TLS,Timor-Leste,0,85,12,0,11,11,0,0,3,0,0,0,1,5,2,0,0,0,0,0,0,0,0,0,0,3,0,0,0,0,0,0,0,0,0,0,2,0,0,0,0,0,0,2,0,0,0,0,0,0,21,0,0,0,1,1,4,0,0,0,0,5,0,3,8,5,3,2,2,21,34
2019,China,WHO,TLS,Timor-Leste,0,66,9,0,9,9,0,0,3,0,0,0,1,4,2,0,0,0,0,0,0,0,0,0,0,2,0,0,0,0,0,0,0,0,0,0,2,0,0,0,0,0,0,2,0,0,0,0,0,0,16,0,0,0,0,1,3,0,0,0,0,4,0,3,7,4,2,2,2,16,26
2019,Corporate_donations,WHO,TLS,Timor-Leste,0,64,9,0,8,8,0,0,3,0,0,0,1,4,2,0,0,0,0,0,0,0,0,0,0,2,0,0,0,0,0,0,0,0,0,0,2,0,0,0,0,0,0,2,0,0,0,0,0,0,16,0,0,0,0,1,3,0,0,0,0,4,0,3,6,4,2,2,2,16,25
2019,Denmark,WHO,TLS,Timor-Leste,0,19,3,0,3,2,0,0,1,0,0,0,0,1,0,0,0,0,0,0,0,0,0,0,0,1,0,0,0,0,0,0,0,0,0,0,1,0,0,0,0,0,0,1,0,0,0,0,0,0,5,0,0,0,0,0,1,0,0,0,0,1,0,1,2,1,1,1,1,5,8
2019,Finland,WHO,TLS,Timor-Leste,0,11,1,0,1,1,0,0,0,0,0,0,0,1,0,0,0,0,0,0,0,0,0,0,0,0,0,0,0,0,0,0,0,0,0,0,0,0,0,0,0,0,0,0,0,0,0,0,0,0,3,0,0,0,0,0,0,0,0,0,0,1,0,0,1,1,0,0,0,3,4
2019,France,WHO,TLS,Timor-Leste,0,110,15,0,14,14,0,0,4,0,0,0,1,7,3,0,0,0,0,0,0,0,0,0,0,4,0,0,0,0,0,0,0,0,0,0,3,0,0,0,0,0,0,3,0,0,0,0,0,0,27,0,0,0,1,1,5,0,0,0,0,7,0,4,11,7,4,3,3,27,44
2019,Gates Foundation,WHO,TLS,Timor-Leste,0,416,56,0,54,54,0,0,17,0,0,0,4,26,10,0,0,0,0,0,0,0,0,0,0,14,0,0,0,0,0,0,0,0,0,0,11,0,0,0,0,0,0,12,0,0,0,5,0,0,102,0,0,0,3,5,18,0,0,0,0,25,0,17,41,25,14,11,12,108,163
2019,Germany,WHO,TLS,Timor-Leste,0,340,46,0,45,44,0,0,14,0,0,0,4,22,8,0,0,0,0,0,0,0,0,0,0,12,0,0,0,0,0,0,0,0,0,0,9,0,0,0,0,0,0,10,0,0,0,0,0,0,85,0,0,0,2,4,14,0,0,0,0,21,0,14,34,21,12,9,10,85,135
2019,Greece,WHO,TLS,Timor-Leste,0,6,1,0,1,1,0,0,0,0,0,0,0,0,0,0,0,0,0,0,0,0,0,0,0,0,0,0,0,0,0,0,0,0,0,0,0,0,0,0,0,0,0,0,0,0,0,0,0,0,1,0,0,0,0,0,0,0,0,0,0,0,0,0,1,0,0,0,0,1,2
2019,Ireland,WHO,TLS,Timor-Leste,0,11,1,0,1,1,0,0,0,0,0,0,0,1,0,0,0,0,0,0,0,0,0,0,0,0,0,0,0,0,0,0,0,0,0,0,0,0,0,0,0,0,0,0,0,0,0,0,0,0,3,0,0,0,0,0,0,0,0,0,0,1,0,0,1,1,0,0,0,3,4
2019,Italy,WHO,TLS,Timor-Leste,0,88,12,0,12,11,0,0,4,0,0,0,1,6,2,0,0,0,0,0,0,0,0,0,0,3,0,0,0,0,0,0,0,0,0,0,2,0,0,0,0,0,0,3,0,0,0,0,0,0,22,0,0,0,1,1,4,0,0,0,0,5,0,4,9,5,3,2,3,22,35
2019,Japan,WHO,TLS,Timor-Leste,0,160,22,0,21,21,0,0,7,0,0,0,2,10,4,0,0,0,0,0,0,0,0,0,0,5,0,0,0,0,0,0,0,0,0,0,4,0,0,0,0,0,0,5,0,0,0,0,0,0,40,0,0,0,1,2,7,0,0,0,0,10,0,7,16,10,5,4,5,40,64
2019,Korea,WHO,TLS,Timor-Leste,0,54,7,0,7,7,0,0,2,0,0,0,1,3,1,0,0,0,0,0,0,0,0,0,0,2,0,0,0,0,0,0,0,0,0,0,1,0,0,0,0,0,0,2,0,0,0,0,0,0,13,0,0,0,0,1,2,0,0,0,0,3,0,2,5,3,2,1,2,13,21
2019,Luxembourg,WHO,TLS,Timor-Leste,0,18,2,0,2,2,0,0,1,0,0,0,0,1,0,0,0,0,0,0,0,0,0,0,0,1,0,0,0,0,0,0,0,0,0,0,0,0,0,0,0,0,0,1,0,0,0,0,0,0,4,0,0,0,0,0,1,0,0,0,0,1,0,1,2,1,1,0,1,4,7
2019,Netherlands,WHO,TLS,Timor-Leste,0,68,9,0,9,9,0,0,3,0,0,0,1,4,2,0,0,0,0,0,0,0,0,0,0,2,0,0,0,0,0,0,0,0,0,0,2,0,0,0,0,0,0,2,0,0,0,0,0,0,17,0,0,0,0,1,3,0,0,0,0,4,0,3,7,4,2,2,2,17,27
2019,New_Zealand,WHO,TLS,Timor-Leste,0,6,1,0,1,1,0,0,0,0,0,0,0,0,0,0,0,0,0,0,0,0,0,0,0,0,0,0,0,0,0,0,0,0,0,0,0,0,0,0,0,0,0,0,0,0,0,0,0,0,2,0,0,0,0,0,0,0,0,0,0,0,0,0,1,0,0,0,0,2,2
2019,Non_OECD_DAC_countries,WHO,TLS,Timor-Leste,0,113,15,0,15,15,0,0,5,0,0,0,1,7,3,0,0,0,0,0,0,0,0,0,0,4,0,0,0,0,0,0,0,0,0,0,3,0,0,0,0,0,0,3,0,0,0,0,0,0,28,0,0,0,1,1,5,0,0,0,0,7,0,5,11,7,4,3,3,28,45
2019,Non_OECD_non_DAC_countries,WHO,TLS,Timor-Leste,0,325,44,0,43,42,0,0,13,0,0,0,4,21,8,0,0,0,0,0,0,0,0,0,0,11,0,0,0,0,0,0,0,0,0,0,9,0,0,0,0,0,0,9,0,0,0,0,0,0,81,0,0,0,2,4,14,0,0,0,0,20,0,13,32,20,11,9,9,81,129
2019,Norway,WHO,TLS,Timor-Leste,0,111,15,0,14,14,0,0,4,0,0,0,1,7,3,0,0,0,0,0,0,0,0,0,0,4,0,0,0,0,0,0,0,0,0,0,3,0,0,0,0,0,0,3,0,0,0,4,0,0,27,0,0,0,1,1,5,0,0,0,0,7,0,4,11,7,4,3,3,31,43
2019,Other,WHO,TLS,Timor-Leste,0,444,60,0,58,57,0,0,18,0,0,0,5,28,11,0,0,0,0,0,0,0,0,0,0,15,0,0,0,0,0,0,0,0,0,0,12,0,0,0,0,0,0,13,0,0,0,5,0,0,109,0,0,0,3,5,19,0,0,0,0,27,0,18,44,27,15,12,13,115,175
2019,Other_OECD_DAC_countries,WHO,TLS,Timor-Leste,0,16,2,0,2,2,0,0,1,0,0,0,0,1,0,0,0,0,0,0,0,0,0,0,0,1,0,0,0,0,0,0,0,0,0,0,0,0,0,0,0,0,0,0,0,0,0,0,0,0,4,0,0,0,0,0,1,0,0,0,0,1,0,1,2,1,1,0,0,4,6
2019,Portugal,WHO,TLS,Timor-Leste,0,5,1,0,1,1,0,0,0,0,0,0,0,0,0,0,0,0,0,0,0,0,0,0,0,0,0,0,0,0,0,0,0,0,0,0,0,0,0,0,0,0,0,0,0,0,0,0,0,0,1,0,0,0,0,0,0,0,0,0,0,0,0,0,1,0,0,0,0,1,2
2019,Private_other,WHO,TLS,Timor-Leste,0,366,50,0,48,48,0,0,15,0,0,0,4,23,9,0,0,0,0,0,0,0,0,0,0,12,0,0,0,0,0,0,0,0,0,0,10,0,0,0,0,0,0,11,0,0,0,1,0,0,91,0,0,0,2,4,16,0,0,0,0,22,0,15,36,22,12,10,11,92,145
2019,Spain,WHO,TLS,Timor-Leste,0,46,6,0,6,6,0,0,2,0,0,0,1,3,1,0,0,0,0,0,0,0,0,0,0,2,0,0,0,0,0,0,0,0,0,0,1,0,0,0,0,0,0,1,0,0,0,0,0,0,12,0,0,0,0,1,2,0,0,0,0,3,0,2,5,3,2,1,1,12,18
2019,Sweden,WHO,TLS,Timor-Leste,0,68,9,0,9,9,0,0,3,0,0,0,1,4,2,0,0,0,0,0,0,0,0,0,0,2,0,0,0,0,0,0,0,0,0,0,2,0,0,0,0,0,0,2,0,0,0,0,0,0,17,0,0,0,0,1,3,0,0,0,0,4,0,3,7,4,2,2,2,17,27
2019,Switzerland,WHO,TLS,Timor-Leste,0,30,4,0,4,4,0,0,1,0,0,0,0,2,1,0,0,0,0,0,0,0,0,0,0,1,0,0,0,0,0,0,0,0,0,0,1,0,0,0,0,0,0,1,0,0,0,0,0,0,7,0,0,0,0,0,1,0,0,0,0,2,0,1,3,2,1,1,1,7,12
2019,United_Kingdom,WHO,TLS,Timor-Leste,0,578,70,0,67,67,0,0,21,0,0,0,6,33,13,0,0,0,0,0,0,0,0,0,0,17,0,0,0,0,0,0,0,0,0,0,14,0,0,0,0,0,0,15,0,0,0,65,0,0,128,0,0,0,4,6,22,0,0,0,0,32,0,21,51,31,17,14,15,193,204
2019,United_States,WHO,TLS,Timor-Leste,0,636,87,0,84,83,0,0,26,0,0,0,7,41,16,0,0,0,0,0,0,0,0,0,0,22,0,0,0,0,0,0,0,0,0,0,17,0,0,0,0,0,0,19,0,0,0,0,0,0,159,0,0,0,4,7,27,0,0,0,0,39,0,26,63,38,22,17,19,159,253
2020,Australia,BIL_AUS,TLS,Timor-Leste,0,21354,141,481,985,0,0,0,0,0,0,0,0,0,0,0,0,0,0,0,0,0,0,0,0,0,0,0,0,0,0,0,0,0,0,0,0,0,0,0,0,0,0,0,0,0,0,0,0,3,0,41,1,0,0,0,0,0,0,0,13278,6423,0,0,0,0,0,1,0,13323,1607
2020,Canada,BIL_CAN,TLS,Timor-Leste,0,84,0,0,0,0,0,0,0,2,6,0,12,0,0,0,0,0,0,0,0,0,0,0,0,0,0,0,0,0,0,0,0,0,0,0,0,0,0,0,11,12,0,0,0,2,19,0,0,0,0,0,0,0,0,0,0,0,0,0,17,1,0,8,12,1,1,0,45,17,0
2020,Switzerland,BIL_CHE,TLS,Timor-Leste,0,6,6,0,0,0,0,0,0,0,0,0,0,0,0,0,0,0,0,0,0,0,0,0,0,0,0,0,0,0,0,0,0,0,0,0,0,0,0,0,0,0,0,0,0,0,0,0,0,0,0,0,0,0,0,0,0,0,0,0,0,0,0,0,0,0,0,0,0,0,6
2020,Germany,BIL_DEU,TLS,Timor-Leste,0,21,1,0,0,0,0,0,0,0,0,0,3,0,0,0,0,0,0,0,0,0,0,0,0,0,0,0,0,0,0,0,0,0,0,0,0,0,0,0,0,0,0,0,0,0,0,0,0,0,0,0,0,0,0,0,0,0,0,0,0,17,0,0,3,0,0,0,0,0,1
2020,France,BIL_FRA,TLS,Timor-Leste,0,9,0,0,0,0,0,0,0,0,0,0,0,0,0,0,0,0,0,0,0,0,0,0,0,0,0,1,0,0,0,0,0,0,0,0,0,0,4,0,0,0,0,0,0,3,0,0,0,0,0,0,0,0,0,0,0,0,0,0,0,0,0,0,0,0,1,4,3,0,0
2020,United_Kingdom,BIL_GBR,TLS,Timor-Leste,0,52,2,0,1,0,0,0,0,0,0,0,8,0,0,0,0,0,0,0,0,0,0,0,0,0,0,0,0,0,0,0,0,0,0,0,0,0,0,0,0,0,0,0,0,0,0,0,0,0,12,0,0,0,3,0,3,10,2,4,7,0,0,0,8,23,0,0,0,19,2
2020,Italy,BIL_ITA,TLS,Timor-Leste,0,2,0,0,2,0,0,0,0,0,0,0,0,0,0,0,0,0,0,0,0,0,0,0,0,0,0,0,0,0,0,0,0,0,0,0,0,0,0,0,0,0,0,0,0,0,0,0,0,0,0,0,0,0,0,0,0,0,0,0,0,0,0,0,0,0,0,0,0,0,2
2020,Japan,BIL_JPN,TLS,Timor-Leste,0,6129,0,0,217,0,0,16,0,0,0,0,0,0,0,0,0,0,0,0,0,0,0,0,0,0,0,0,0,0,0,0,0,0,0,0,0,0,0,0,0,0,0,2,0,0,0,0,0,0,0,0,0,0,0,0,0,0,0,0,5439,455,0,16,0,0,0,0,2,5439,217
2020,Korea,BIL_KOR,TLS,Timor-Leste,0,1393,42,0,24,0,0,0,0,0,0,0,0,0,0,0,0,0,0,0,0,0,0,0,0,0,0,0,0,0,0,0,0,0,0,0,0,0,0,0,93,187,0,0,0,374,374,0,0,0,0,0,8,0,0,0,0,0,0,0,275,18,0,0,0,0,0,0,1027,283,65
2020,New_Zealand,BIL_NZL,TLS,Timor-Leste,0,406,0,0,0,0,0,0,0,0,0,0,0,0,0,0,0,0,0,0,0,0,0,0,0,0,0,0,0,0,0,0,0,0,0,0,0,0,0,0,0,0,0,0,0,0,0,0,0,0,0,0,0,0,0,0,0,0,0,0,406,0,0,0,0,0,0,0,0,406,0
2020,Portugal,BIL_PRT,TLS,Timor-Leste,0,4,0,0,4,0,0,0,0,0,0,0,0,0,0,0,0,0,0,0,0,0,0,0,0,0,0,0,0,0,0,0,0,0,0,0,0,0,0,0,0,0,0,0,0,0,0,0,0,0,0,0,0,0,0,0,0,0,0,0,0,0,0,0,0,0,0,0,0,0,4
2020,United_States,BIL_USA,TLS,Timor-Leste,0,291,1,126,0,0,2,2,0,5,2,0,0,0,0,2,0,0,0,1,0,0,0,0,0,4,28,0,2,0,0,0,0,7,0,0,0,17,3,3,0,0,0,0,1,0,0,0,0,0,9,3,0,0,0,0,0,0,0,0,0,73,0,11,2,0,35,30,1,12,127
2020,Austria,EC,TLS,Timor-Leste,0,127,0,0,67,0,0,0,0,0,0,0,56,0,0,0,0,0,0,0,0,0,0,0,0,0,0,0,0,0,0,0,0,0,0,0,0,0,0,0,0,0,0,0,0,0,0,0,0,0,0,0,0,0,0,0,0,0,0,0,0,4,0,0,56,0,0,0,0,0,67
2020,Belgium,EC,TLS,Timor-Leste,0,196,0,0,104,0,0,0,0,0,0,0,86,0,0,0,0,0,0,0,0,0,0,0,0,0,0,0,0,0,0,0,0,0,0,0,0,0,0,0,0,0,0,0,0,0,0,0,0,0,0,0,0,0,0,0,0,0,0,0,0,6,0,0,86,0,0,0,0,0,104
2020,Denmark,EC,TLS,Timor-Leste,0,103,0,0,55,0,0,0,0,0,0,0,45,0,0,0,0,0,0,0,0,0,0,0,0,0,0,0,0,0,0,0,0,0,0,0,0,0,0,0,0,0,0,0,0,0,0,0,0,0,0,0,0,0,0,0,0,0,0,0,0,3,0,0,45,0,0,0,0,0,55
2020,Finland,EC,TLS,Timor-Leste,0,81,0,0,43,0,0,0,0,0,0,0,35,0,0,0,0,0,0,0,0,0,0,0,0,0,0,0,0,0,0,0,0,0,0,0,0,0,0,0,0,0,0,0,0,0,0,0,0,0,0,0,0,0,0,0,0,0,0,0,0,2,0,0,35,0,0,0,0,0,43
2020,France,EC,TLS,Timor-Leste,0,864,0,0,459,0,0,0,0,0,0,0,379,0,0,0,0,0,0,0,0,0,0,0,0,0,0,0,0,0,0,0,0,0,0,0,0,0,0,0,0,0,0,0,0,0,0,0,0,0,0,0,0,0,0,0,0,0,0,0,0,26,0,0,379,0,0,0,0,0,459
2020,Germany,EC,TLS,Timor-Leste,0,1089,0,0,578,0,0,0,0,0,0,0,477,0,0,0,0,0,0,0,0,0,0,0,0,0,0,0,0,0,0,0,0,0,0,0,0,0,0,0,0,0,0,0,0,0,0,0,0,0,0,0,0,0,0,0,0,0,0,0,1,33,0,0,477,0,0,0,0,1,578
2020,Greece,EC,TLS,Timor-Leste,0,67,0,0,36,0,0,0,0,0,0,0,29,0,0,0,0,0,0,0,0,0,0,0,0,0,0,0,0,0,0,0,0,0,0,0,0,0,0,0,0,0,0,0,0,0,0,0,0,0,0,0,0,0,0,0,0,0,0,0,0,2,0,0,29,0,0,0,0,0,36
2020,Ireland,EC,TLS,Timor-Leste,0,76,0,0,40,0,0,0,0,0,0,0,33,0,0,0,0,0,0,0,0,0,0,0,0,0,0,0,0,0,0,0,0,0,0,0,0,0,0,0,0,0,0,0,0,0,0,0,0,0,0,0,0,0,0,0,0,0,0,0,0,2,0,0,33,0,0,0,0,0,40
2020,Italy,EC,TLS,Timor-Leste,0,609,0,0,324,0,0,0,0,0,0,0,267,0,0,0,0,0,0,0,0,0,0,0,0,0,0,0,0,0,0,0,0,0,0,0,0,0,0,0,0,0,0,0,0,0,0,0,0,0,0,0,0,0,0,0,0,0,0,0,0,19,0,0,267,0,0,0,0,0,324
2020,Luxembourg,EC,TLS,Timor-Leste,0,14,0,0,8,0,0,0,0,0,0,0,6,0,0,0,0,0,0,0,0,0,0,0,0,0,0,0,0,0,0,0,0,0,0,0,0,0,0,0,0,0,0,0,0,0,0,0,0,0,0,0,0,0,0,0,0,0,0,0,0,0,0,0,6,0,0,0,0,0,8
2020,Netherlands,EC,TLS,Timor-Leste,0,192,0,0,102,0,0,0,0,0,0,0,84,0,0,0,0,0,0,0,0,0,0,0,0,0,0,0,0,0,0,0,0,0,0,0,0,0,0,0,0,0,0,0,0,0,0,0,0,0,0,0,0,0,0,0,0,0,0,0,0,6,0,0,84,0,0,0,0,0,102
2020,Other_OECD_DAC_countries,EC,TLS,Timor-Leste,0,340,0,0,182,0,0,0,0,0,0,0,150,0,0,0,0,0,0,0,0,0,0,0,0,0,0,0,0,0,0,0,0,0,0,0,0,0,0,0,0,0,0,0,0,0,0,0,0,0,0,0,0,0,0,0,0,0,0,0,0,8,0,0,150,0,0,0,0,0,182
2020,Portugal,EC,TLS,Timor-Leste,0,70,0,0,37,0,0,0,0,0,0,0,31,0,0,0,0,0,0,0,0,0,0,0,0,0,0,0,0,0,0,0,0,0,0,0,0,0,0,0,0,0,0,0,0,0,0,0,0,0,0,0,0,0,0,0,0,0,0,0,0,2,0,0,31,0,0,0,0,0,37
2020,Spain,EC,TLS,Timor-Leste,0,413,0,0,219,0,0,0,0,0,0,0,181,0,0,0,0,0,0,0,0,0,0,0,0,0,0,0,0,0,0,0,0,0,0,0,0,0,0,0,0,0,0,0,0,0,0,0,0,0,0,0,0,0,0,0,0,0,0,0,0,13,0,0,181,0,0,0,0,0,219
2020,Sweden,EC,TLS,Timor-Leste,0,147,0,0,78,0,0,0,0,0,0,0,64,0,0,0,0,0,0,0,0,0,0,0,0,0,0,0,0,0,0,0,0,0,0,0,0,0,0,0,0,0,0,0,0,0,0,0,0,0,0,0,0,0,0,0,0,0,0,0,0,4,0,0,64,0,0,0,0,0,78
2020,United_Kingdom,EC,TLS,Timor-Leste,0,590,0,0,313,0,0,0,0,0,0,0,258,0,0,0,0,0,0,0,0,0,0,0,0,0,0,0,0,0,0,0,0,0,0,0,0,0,0,0,0,0,0,0,0,0,0,0,0,0,0,0,0,0,0,0,0,0,0,0,0,18,0,0,258,0,0,0,0,0,313
2020,Gates Foundation,GATES,TLS,Timor-Leste,0,122,1,4,0,0,3,0,0,1,1,0,0,18,6,0,9,0,0,0,0,0,0,0,0,0,0,0,0,0,2,0,0,3,0,0,16,0,1,0,0,0,0,0,0,0,0,0,0,0,2,37,0,0,5,0,0,0,0,0,0,12,0,5,33,5,0,22,0,39,5
2020,Australia,GAVI,TLS,Timor-Leste,0,1,0,0,0,0,0,0,0,0,0,0,0,1,0,0,0,0,0,0,0,0,0,0,0,0,0,0,0,0,0,0,0,0,0,0,0,0,0,0,0,0,0,0,0,0,0,0,0,0,0,0,0,0,0,0,0,0,0,0,0,0,0,0,1,0,0,0,0,0,0
2020,Canada,GAVI,TLS,Timor-Leste,0,2,0,0,0,0,0,0,0,0,0,0,0,2,0,0,0,0,0,0,0,0,0,0,0,0,0,0,0,0,0,0,0,0,0,0,0,0,0,0,0,0,0,0,0,0,0,0,0,0,0,0,0,0,0,0,0,0,0,0,0,0,0,0,2,0,0,0,0,0,0
2020,France,GAVI,TLS,Timor-Leste,0,2,0,0,0,0,0,0,0,0,0,0,0,2,0,0,0,0,0,0,0,0,0,0,0,0,0,0,0,0,0,0,0,0,0,0,0,0,0,0,0,0,0,0,0,0,0,0,0,0,0,0,0,0,0,0,0,0,0,0,0,0,0,0,2,0,0,0,0,0,0
2020,Gates Foundation,GAVI,TLS,Timor-Leste,0,9,0,0,0,0,0,0,0,0,0,0,0,9,0,0,0,0,0,0,0,0,0,0,0,0,0,0,0,0,0,0,0,0,0,0,0,0,0,0,0,0,0,0,0,0,0,0,0,0,0,0,0,0,0,0,0,0,0,0,0,0,0,0,9,0,0,0,0,0,0
2020,Germany,GAVI,TLS,Timor-Leste,0,2,0,0,0,0,0,0,0,0,0,0,0,2,0,0,0,0,0,0,0,0,0,0,0,0,0,0,0,0,0,0,0,0,0,0,0,0,0,0,0,0,0,0,0,0,0,0,0,0,0,0,0,0,0,0,0,0,0,0,0,0,0,0,2,0,0,0,0,0,0
2020,Italy,GAVI,TLS,Timor-Leste,0,2,0,0,0,0,0,0,0,0,0,0,0,2,0,0,0,0,0,0,0,0,0,0,0,0,0,0,0,0,0,0,0,0,0,0,0,0,0,0,0,0,0,0,0,0,0,0,0,0,0,0,0,0,0,0,0,0,0,0,0,0,0,0,2,0,0,0,0,0,0
2020,Japan,GAVI,TLS,Timor-Leste,0,2,0,0,0,0,0,0,0,0,0,0,0,2,0,0,0,0,0,0,0,0,0,0,0,0,0,0,0,0,0,0,0,0,0,0,0,0,0,0,0,0,0,0,0,0,0,0,0,0,0,0,0,0,0,0,0,0,0,0,0,0,0,0,2,0,0,0,0,0,0
2020,Norway,GAVI,TLS,Timor-Leste,0,5,0,0,0,0,0,0,0,0,0,0,0,5,0,0,0,0,0,0,0,0,0,0,0,0,0,0,0,0,0,0,0,0,0,0,0,0,0,0,0,0,0,0,0,0,0,0,0,0,0,0,0,0,0,0,0,0,0,0,0,0,0,0,5,0,0,0,0,0,0
2020,Other,GAVI,TLS,Timor-Leste,0,4,0,0,0,0,0,0,0,0,0,0,0,4,0,0,0,0,0,0,0,0,0,0,0,0,0,0,0,0,0,0,0,0,0,0,0,0,0,0,0,0,0,0,0,0,0,0,0,0,0,0,0,0,0,0,0,0,0,0,0,0,0,0,4,0,0,0,0,0,0
2020,Sweden,GAVI,TLS,Timor-Leste,0,1,0,0,0,0,0,0,0,0,0,0,0,1,0,0,0,0,0,0,0,0,0,0,0,0,0,0,0,0,0,0,0,0,0,0,0,0,0,0,0,0,0,0,0,0,0,0,0,0,0,0,0,0,0,0,0,0,0,0,0,0,0,0,1,0,0,0,0,0,0
2020,United_Kingdom,GAVI,TLS,Timor-Leste,0,12,0,0,0,0,0,0,0,0,0,0,0,12,0,0,0,0,0,0,0,0,0,0,0,0,0,0,0,0,0,0,0,0,0,0,0,0,0,0,0,0,0,0,0,0,0,0,0,0,0,0,0,0,0,0,0,0,0,0,0,0,0,0,12,0,0,0,0,0,0
2020,United_States,GAVI,TLS,Timor-Leste,0,9,0,0,0,0,0,0,0,0,0,0,0,9,0,0,0,0,0,0,0,0,0,0,0,0,0,0,0,0,0,0,0,0,0,0,0,0,0,0,0,0,0,0,0,0,0,0,0,0,0,0,0,0,0,0,0,0,0,0,0,0,0,0,9,0,0,0,0,0,0
2020,Australia,GFATM,TLS,Timor-Leste,0,22,0,0,0,0,0,0,0,0,0,0,0,0,0,0,0,0,1,1,0,0,0,0,0,1,2,0,0,0,0,0,0,1,0,0,1,1,0,0,1,0,1,2,0,1,0,0,0,0,0,0,0,0,0,0,0,0,0,0,6,0,0,0,0,0,6,5,6,6,0
2020,Belgium,GFATM,TLS,Timor-Leste,0,25,0,0,0,0,0,0,0,0,0,0,0,0,0,0,0,0,1,2,0,0,0,1,0,1,2,0,0,0,1,0,0,1,0,0,1,1,0,0,1,0,1,3,0,1,0,0,0,0,0,0,0,0,0,0,0,0,0,0,6,0,0,0,0,0,7,6,7,6,0
2020,Canada,GFATM,TLS,Timor-Leste,0,236,0,0,0,0,0,0,0,0,0,0,0,0,0,0,0,0,14,20,1,0,2,7,0,8,24,3,1,2,7,2,2,15,2,0,15,11,6,2,14,4,13,31,6,12,3,0,0,0,0,0,0,0,0,0,0,0,0,0,6,0,0,0,0,0,82,66,82,6,0
2020,Denmark,GFATM,TLS,Timor-Leste,0,28,0,0,0,0,0,0,0,0,0,0,0,0,0,0,0,0,1,2,0,0,0,1,0,1,2,0,0,0,1,0,0,1,0,0,1,1,1,0,1,0,1,3,1,1,0,0,0,0,0,0,0,0,0,0,0,0,0,0,6,0,0,0,0,0,8,6,8,6,0
2020,France,GFATM,TLS,Timor-Leste,0,358,0,1,0,0,0,0,0,0,0,0,0,0,0,0,0,0,21,31,2,1,4,10,0,12,37,5,2,4,10,3,3,23,3,0,24,18,9,4,21,6,20,47,9,18,5,0,0,0,0,0,0,0,0,0,0,0,0,0,7,0,0,0,0,0,125,100,126,7,1
2020,Gates Foundation,GFATM,TLS,Timor-Leste,0,305,0,1,0,0,0,0,0,0,0,0,0,0,0,0,0,0,18,26,2,0,3,9,0,10,31,4,1,3,9,3,3,20,3,0,20,15,7,3,18,5,17,40,7,15,4,0,0,0,0,0,0,0,0,0,0,0,0,0,6,0,0,0,0,0,106,85,107,6,1
2020,Germany,GFATM,TLS,Timor-Leste,0,676,0,1,0,0,0,0,0,0,0,0,0,0,0,0,0,0,41,58,4,1,7,20,0,22,70,10,3,7,20,6,6,44,6,0,45,33,16,7,40,11,39,88,16,33,10,0,0,0,0,0,0,0,0,0,0,0,0,0,13,0,0,0,0,0,235,189,237,13,1
2020,Greece,GFATM,TLS,Timor-Leste,0,6,0,0,0,0,0,0,0,0,0,0,0,0,0,0,0,0,0,0,0,0,0,0,0,0,0,0,0,0,0,0,0,0,0,0,0,0,0,0,0,0,0,0,0,0,0,0,0,0,0,0,0,0,0,0,0,0,0,0,6,0,0,0,0,0,0,0,0,6,0
2020,Ireland,GFATM,TLS,Timor-Leste,0,25,0,0,0,0,0,0,0,0,0,0,0,0,0,0,0,0,1,2,0,0,0,1,0,1,2,0,0,0,1,0,0,1,0,0,1,1,0,0,1,0,1,3,0,1,0,0,0,0,0,0,0,0,0,0,0,0,0,0,6,0,0,0,0,0,7,6,7,6,0
2020,Italy,GFATM,TLS,Timor-Leste,0,75,0,0,0,0,0,0,0,0,0,0,0,0,0,0,0,0,4,6,0,0,1,2,0,2,7,1,0,1,2,1,1,5,1,0,5,3,2,1,4,1,4,9,2,3,1,0,0,0,0,0,0,0,0,0,0,0,0,0,7,0,0,0,0,0,24,20,25,7,0
2020,Japan,GFATM,TLS,Timor-Leste,0,570,0,1,0,0,0,0,0,0,0,0,0,0,0,0,0,0,34,49,4,1,6,17,0,19,59,8,2,6,17,5,5,38,5,0,38,28,14,6,34,9,33,75,14,28,8,0,0,0,0,0,0,0,0,0,0,0,0,0,6,0,0,0,0,0,200,161,202,6,1
2020,Korea,GFATM,TLS,Timor-Leste,0,16,0,0,0,0,0,0,0,0,0,0,0,0,0,0,0,0,1,1,0,0,0,0,0,0,1,0,0,0,0,0,0,1,0,0,1,1,0,0,1,0,1,1,0,1,0,0,0,0,0,0,0,0,0,0,0,0,0,0,6,0,0,0,0,0,4,3,4,6,0
2020,Luxembourg,GFATM,TLS,Timor-Leste,0,9,0,0,0,0,0,0,0,0,0,0,0,0,0,0,0,0,0,0,0,0,0,0,0,0,0,0,0,0,0,0,0,0,0,0,0,0,0,0,0,0,0,0,0,0,0,0,0,0,0,0,0,0,0,0,0,0,0,0,6,0,0,0,0,0,1,1,1,6,0
2020,Netherlands,GFATM,TLS,Timor-Leste,0,74,0,0,0,0,0,0,0,0,0,0,0,0,0,0,0,0,4,6,0,0,1,2,0,2,7,1,0,1,2,1,1,5,1,0,5,3,2,1,4,1,4,9,2,3,1,0,0,0,0,0,0,0,0,0,0,0,0,0,6,0,0,0,0,0,24,19,24,6,0
2020,New_Zealand,GFATM,TLS,Timor-Leste,0,6,0,0,0,0,0,0,0,0,0,0,0,0,0,0,0,0,0,0,0,0,0,0,0,0,0,0,0,0,0,0,0,0,0,0,0,0,0,0,0,0,0,0,0,0,0,0,0,0,0,0,0,0,0,0,0,0,0,0,6,0,0,0,0,0,0,0,0,6,0
2020,Non_OECD_DAC_countries,GFATM,TLS,Timor-Leste,0,26,0,0,0,0,0,0,0,0,0,0,0,0,0,0,0,0,1,1,0,0,0,0,0,1,2,0,0,0,0,0,0,1,0,0,1,1,0,0,1,0,1,2,0,1,0,0,0,0,0,0,0,0,0,0,0,0,0,0,12,0,0,0,0,0,5,4,5,12,0
2020,Non_OECD_non_DAC_countries,GFATM,TLS,Timor-Leste,0,114,0,0,0,0,0,0,0,0,0,0,0,0,0,0,0,0,2,3,0,0,0,1,0,1,4,1,0,0,1,0,0,3,0,0,3,2,1,0,2,1,2,5,1,2,1,0,0,0,0,0,0,0,0,0,0,0,0,0,76,0,0,0,0,0,14,11,14,76,0
2020,Norway,GFATM,TLS,Timor-Leste,0,106,0,0,0,0,0,0,0,0,0,0,0,0,0,0,0,0,6,9,1,0,1,3,0,3,10,1,0,1,3,1,1,7,1,0,7,5,2,1,6,2,6,13,2,5,1,0,0,0,0,0,0,0,0,0,0,0,0,0,6,0,0,0,0,0,35,28,36,6,0
2020,Portugal,GFATM,TLS,Timor-Leste,0,6,0,0,0,0,0,0,0,0,0,0,0,0,0,0,0,0,0,0,0,0,0,0,0,0,0,0,0,0,0,0,0,0,0,0,0,0,0,0,0,0,0,0,0,0,0,0,0,0,0,0,0,0,0,0,0,0,0,0,6,0,0,0,0,0,0,0,0,6,0
2020,Private_other,GFATM,TLS,Timor-Leste,0,139,0,0,0,0,0,0,0,0,0,0,0,0,0,0,0,0,4,6,0,0,1,2,0,2,7,1,0,1,2,1,1,4,1,0,4,3,2,1,4,1,4,8,2,3,1,0,0,0,0,0,0,0,0,0,0,0,0,0,76,0,0,0,0,0,22,18,23,76,0
2020,Spain,GFATM,TLS,Timor-Leste,0,21,0,0,0,0,0,0,0,0,0,0,0,0,0,0,0,0,1,1,0,0,0,0,0,0,2,0,0,0,0,0,0,1,0,0,1,1,0,0,1,0,1,2,0,1,0,0,0,0,0,0,0,0,0,0,0,0,0,0,6,0,0,0,0,0,5,4,5,6,0
2020,Sweden,GFATM,TLS,Timor-Leste,0,132,0,0,0,0,0,0,0,0,0,0,0,0,0,0,0,0,8,11,1,0,1,4,0,4,13,2,1,1,4,1,1,8,1,0,9,6,3,1,8,2,7,17,3,6,2,0,0,0,0,0,0,0,0,0,0,0,0,0,6,0,0,0,0,0,45,36,45,6,0
2020,Switzerland,GFATM,TLS,Timor-Leste,0,28,0,0,0,0,0,0,0,0,0,0,0,0,0,0,0,0,1,2,0,0,0,1,0,1,2,0,0,0,1,0,0,1,0,0,1,1,1,0,1,0,1,3,1,1,0,0,0,0,0,0,0,0,0,0,0,0,0,0,6,0,0,0,0,0,8,6,8,6,0
2020,United_Kingdom,GFATM,TLS,Timor-Leste,0,699,0,1,0,0,0,0,0,0,0,0,0,0,0,0,0,0,42,61,4,1,7,21,0,24,73,10,3,7,21,6,6,46,6,0,47,35,17,7,41,11,40,92,17,35,10,0,0,0,0,0,0,0,0,0,0,0,0,0,7,0,0,0,0,0,246,198,248,7,1
2020,United_States,GFATM,TLS,Timor-Leste,0,2446,0,4,0,0,0,0,0,0,0,0,0,0,0,0,0,0,149,213,15,4,26,73,1,83,256,35,10,25,73,21,21,163,21,0,164,122,60,26,146,40,142,325,61,123,37,0,0,0,0,0,0,0,0,0,0,0,0,0,6,0,0,0,0,0,866,696,874,6,4
2020,Australia,INTLNGO,TLS,Timor-Leste,0,780,0,0,0,0,0,0,0,0,0,0,0,0,0,0,0,0,0,0,0,0,0,0,0,0,0,0,0,4,0,2,0,4,0,0,0,0,0,0,0,0,0,0,0,0,0,0,0,0,0,0,0,0,0,0,0,0,0,0,769,0,0,0,0,0,0,10,0,769,0
2020,Canada,INTLNGO,TLS,Timor-Leste,0,168,0,0,0,0,5,9,0,0,1,0,121,0,0,0,0,0,0,0,0,0,0,0,0,0,0,0,0,0,0,0,0,0,0,0,0,0,0,0,0,0,0,0,0,0,0,0,0,0,0,0,0,0,0,0,0,0,0,0,32,0,0,14,121,0,0,0,0,32,0
2020,France,INTLNGO,TLS,Timor-Leste,0,26,0,0,0,0,0,0,0,0,0,0,0,0,0,0,0,0,0,0,0,0,0,0,0,0,0,0,0,0,0,0,0,0,0,0,0,0,0,0,0,0,0,0,0,0,0,0,0,0,0,0,11,15,0,0,0,0,0,0,0,0,0,0,0,0,0,0,0,26,0
2020,Germany,INTLNGO,TLS,Timor-Leste,0,60,0,0,0,0,0,0,0,0,0,0,0,0,0,0,0,0,0,0,0,0,0,0,0,0,0,0,0,0,0,0,0,0,0,0,0,0,0,0,0,0,0,0,0,0,0,0,0,0,0,0,0,0,0,0,0,0,0,0,0,60,0,0,0,0,0,0,0,0,0
2020,Japan,INTLNGO,TLS,Timor-Leste,0,801,195,0,195,0,0,0,0,0,0,0,287,0,0,0,0,0,0,0,0,0,0,0,0,0,0,0,0,0,0,0,0,0,0,0,0,0,0,0,0,0,0,0,0,0,0,0,0,0,0,0,0,0,0,0,0,0,0,0,122,0,0,0,287,0,0,0,0,122,391
2020,Korea,INTLNGO,TLS,Timor-Leste,0,101,0,0,0,0,0,0,0,0,0,0,0,0,0,0,0,0,0,0,0,0,0,0,0,0,0,0,0,0,0,0,0,0,0,0,0,0,0,0,0,0,0,0,0,0,0,0,0,0,0,0,0,0,0,0,0,0,0,0,83,18,0,0,0,0,0,0,0,83,0
2020,New_Zealand,INTLNGO,TLS,Timor-Leste,0,299,0,0,0,0,0,0,0,0,0,0,0,0,0,0,0,0,0,0,0,0,0,0,0,0,0,0,0,0,0,0,0,0,0,0,0,0,0,0,0,0,0,0,0,0,0,0,0,0,0,0,0,0,0,0,0,0,0,0,299,0,0,0,0,0,0,0,0,299,0
2020,United_States,INTLNGO,TLS,Timor-Leste,0,21,0,0,0,0,3,0,0,0,0,0,0,0,0,0,0,0,0,0,0,0,0,0,0,1,0,0,0,0,0,0,0,0,0,0,0,0,0,0,0,0,0,2,0,0,0,0,0,0,0,0,0,0,0,0,0,0,0,0,15,0,0,3,0,0,1,0,2,15,0
2020,Corporate_donations,NGO,TLS,Timor-Leste,0,138,17,0,16,0,0,0,0,1,1,0,7,1,8,2,2,0,1,0,0,0,0,0,0,0,2,0,0,0,0,0,0,0,0,0,0,0,0,0,0,0,0,0,0,0,0,0,0,0,0,0,0,0,0,1,44,3,9,0,0,21,0,3,19,56,3,1,1,0,34
2020,Gates Foundation,NGO,TLS,Timor-Leste,0,55,2,0,2,0,1,0,0,0,0,0,1,18,0,5,0,8,2,0,0,0,0,1,0,0,1,0,0,0,0,0,0,2,0,0,0,1,0,0,2,0,1,0,1,0,0,0,0,0,0,0,0,0,0,0,2,0,1,0,0,0,0,2,32,4,5,4,4,1,4
2020,Private_other,NGO,TLS,Timor-Leste,0,1028,63,2,53,5,7,10,21,6,12,5,79,61,29,23,34,31,15,2,1,2,2,5,0,2,30,6,3,1,1,0,3,7,3,0,0,9,0,2,3,0,1,0,6,1,1,0,0,0,55,7,8,2,16,13,86,14,53,6,0,222,0,61,256,188,67,27,12,72,123
2020,United_States,NGO,TLS,Timor-Leste,0,2226,0,103,0,0,572,283,0,170,505,0,0,0,0,127,381,0,0,0,0,0,0,0,0,0,0,0,0,0,0,0,0,0,0,0,0,0,0,0,0,0,0,0,0,0,0,0,0,0,2,0,0,0,0,0,0,0,0,0,84,0,0,1530,507,0,0,0,0,86,103
2020,Australia,UNFPA,TLS,Timor-Leste,0,26,0,0,0,0,2,2,4,8,0,0,0,0,0,0,0,0,0,0,0,0,0,0,0,2,0,0,0,0,0,0,0,0,0,0,0,0,0,0,0,0,0,0,0,0,0,0,0,0,0,0,0,0,0,0,0,0,0,0,8,0,0,16,0,0,2,0,0,8,0
2020,Austria,UNFPA,TLS,Timor-Leste,0,1,0,0,0,0,0,0,0,0,0,0,0,0,0,0,0,0,0,0,0,0,0,0,0,0,0,0,0,0,0,0,0,0,0,0,0,0,0,0,0,0,0,0,0,0,0,0,0,0,0,0,0,0,0,0,0,0,0,0,0,0,0,1,0,0,0,0,0,0,0
2020,Belgium,UNFPA,TLS,Timor-Leste,0,14,0,0,0,0,1,1,3,6,0,0,0,0,0,0,0,0,0,0,0,0,0,0,0,1,0,0,0,0,0,0,0,0,0,0,0,0,0,0,0,0,0,0,0,0,0,0,0,0,0,0,0,0,0,0,0,0,0,0,0,0,0,12,0,0,1,0,0,0,0
2020,Canada,UNFPA,TLS,Timor-Leste,0,44,0,0,0,0,4,4,10,18,1,0,0,0,0,0,0,0,0,0,0,0,0,0,0,4,0,0,0,0,0,0,0,0,0,0,0,0,0,0,0,0,0,0,0,0,0,0,0,0,0,0,0,0,0,0,0,0,0,0,3,0,0,37,0,0,4,0,0,3,0
2020,China,UNFPA,TLS,Timor-Leste,0,4,0,0,0,0,0,0,1,2,0,0,0,0,0,0,0,0,0,0,0,0,0,0,0,0,0,0,0,0,0,0,0,0,0,0,0,0,0,0,0,0,0,0,0,0,0,0,0,0,0,0,0,0,0,0,0,0,0,0,0,0,0,3,0,0,0,0,0,0,0
2020,Corporate_donations,UNFPA,TLS,Timor-Leste,0,1,0,0,0,0,0,0,0,0,0,0,0,0,0,0,0,0,0,0,0,0,0,0,0,0,0,0,0,0,0,0,0,0,0,0,0,0,0,0,0,0,0,0,0,0,0,0,0,0,0,0,0,0,0,0,0,0,0,0,0,0,0,1,0,0,0,0,0,0,0
2020,Denmark,UNFPA,TLS,Timor-Leste,0,46,0,0,0,0,4,4,10,18,1,0,0,0,0,0,0,0,0,0,0,0,0,0,0,4,0,0,0,0,0,0,0,0,0,0,0,0,0,0,0,0,0,0,0,0,0,0,0,0,0,0,0,0,0,0,0,0,0,0,5,0,0,38,0,0,4,0,0,5,0
2020,Finland,UNFPA,TLS,Timor-Leste,0,44,0,0,0,0,4,4,10,18,1,0,0,0,0,0,0,0,0,0,0,0,0,0,0,4,0,0,0,0,0,0,0,0,0,0,0,0,0,0,0,0,0,0,0,0,0,0,0,0,0,0,0,0,0,0,0,0,0,0,4,0,0,36,0,0,4,0,0,4,0
2020,France,UNFPA,TLS,Timor-Leste,0,17,0,0,0,0,1,1,3,6,0,0,0,0,0,0,0,0,0,0,0,0,0,0,0,1,0,0,0,0,0,0,0,0,0,0,0,0,0,0,0,0,0,0,0,0,0,0,0,0,0,0,0,0,0,0,0,0,0,0,2,0,0,13,0,0,1,0,0,2,0
2020,Germany,UNFPA,TLS,Timor-Leste,0,108,0,0,0,0,11,11,25,46,2,0,0,0,0,0,0,0,0,0,0,0,0,0,0,11,0,0,0,0,0,0,0,0,0,0,0,0,0,0,0,0,0,0,0,0,0,0,0,0,0,0,0,0,0,0,0,0,0,0,1,0,0,96,0,0,11,0,0,1,0
2020,Ireland,UNFPA,TLS,Timor-Leste,0,6,0,0,0,0,1,1,1,3,0,0,0,0,0,0,0,0,0,0,0,0,0,0,0,1,0,0,0,0,0,0,0,0,0,0,0,0,0,0,0,0,0,0,0,0,0,0,0,0,0,0,0,0,0,0,0,0,0,0,0,0,0,5,0,0,1,0,0,0,0
2020,Italy,UNFPA,TLS,Timor-Leste,0,11,0,0,0,0,1,1,2,4,0,0,0,0,0,0,0,0,0,0,0,0,0,0,0,1,0,0,0,0,0,0,0,0,0,0,0,0,0,0,0,0,0,0,0,0,0,0,0,0,0,0,0,0,0,0,0,0,0,0,2,0,0,8,0,0,1,0,0,2,0
2020,Japan,UNFPA,TLS,Timor-Leste,0,33,0,0,0,0,3,3,8,14,1,0,0,0,0,0,0,0,0,0,0,0,0,0,0,3,0,0,0,0,0,0,0,0,0,0,0,0,0,0,0,0,0,0,0,0,0,0,0,0,0,0,0,0,0,0,0,0,0,0,0,0,0,29,0,0,3,0,0,0,0
2020,Korea,UNFPA,TLS,Timor-Leste,0,21,0,0,0,0,2,2,4,8,0,0,0,0,0,0,0,0,0,0,0,0,0,0,0,2,0,0,0,0,0,0,0,0,0,0,0,0,0,0,0,0,0,0,0,0,0,0,0,0,0,0,0,0,0,0,0,0,0,0,3,0,0,17,0,0,2,0,0,3,0
2020,Luxembourg,UNFPA,TLS,Timor-Leste,0,6,0,0,0,0,1,1,1,2,0,0,0,0,0,0,0,0,0,0,0,0,0,0,0,1,0,0,0,0,0,0,0,0,0,0,0,0,0,0,0,0,0,0,0,0,0,0,0,0,0,0,0,0,0,0,0,0,0,0,0,0,0,5,0,0,1,0,0,0,0
2020,Netherlands,UNFPA,TLS,Timor-Leste,0,67,0,0,0,0,7,7,16,29,1,0,0,0,0,0,0,0,0,0,0,0,0,0,0,7,0,0,0,0,0,0,0,0,0,0,0,0,0,0,0,0,0,0,0,0,0,0,0,0,0,0,0,0,0,0,0,0,0,0,0,0,0,60,0,0,7,0,0,0,0
2020,New_Zealand,UNFPA,TLS,Timor-Leste,0,6,0,0,0,0,1,1,1,2,0,0,0,0,0,0,0,0,0,0,0,0,0,0,0,1,0,0,0,0,0,0,0,0,0,0,0,0,0,0,0,0,0,0,0,0,0,0,0,0,0,0,0,0,0,0,0,0,0,0,0,0,0,5,0,0,1,0,0,0,0
2020,Non_OECD_DAC_countries,UNFPA,TLS,Timor-Leste,0,7,0,0,0,0,1,1,2,3,0,0,0,0,0,0,0,0,0,0,0,0,0,0,0,1,0,0,0,0,0,0,0,0,0,0,0,0,0,0,0,0,0,0,0,0,0,0,0,0,0,0,0,0,0,0,0,0,0,0,0,0,0,6,0,0,1,0,0,0,0
2020,Non_OECD_non_DAC_countries,UNFPA,TLS,Timor-Leste,0,26,0,0,0,0,3,3,6,11,1,0,0,0,0,0,0,0,0,0,0,0,0,0,0,3,0,0,0,0,0,0,0,0,0,0,0,0,0,0,0,0,0,0,0,0,0,0,0,0,0,0,0,0,0,0,0,0,0,0,0,0,0,24,0,0,3,0,0,0,0
2020,Norway,UNFPA,TLS,Timor-Leste,0,75,0,0,0,0,7,7,17,31,2,0,0,0,0,0,0,0,0,0,0,0,0,0,0,7,0,0,0,0,0,0,0,0,0,0,0,0,0,0,0,0,0,0,0,0,0,0,0,0,0,0,0,0,0,0,0,0,0,0,3,0,0,65,0,0,7,0,0,3,0
2020,Other,UNFPA,TLS,Timor-Leste,0,509,0,0,0,0,49,49,116,212,11,0,0,0,0,0,0,0,0,0,0,0,0,0,0,49,0,0,0,0,0,0,0,0,0,0,0,0,0,0,0,0,0,0,0,0,0,0,0,0,0,0,0,0,0,0,0,0,0,0,22,0,0,438,0,0,49,0,0,22,0
2020,Other_OECD_DAC_countries,UNFPA,TLS,Timor-Leste,0,3,0,0,0,0,0,0,1,1,0,0,0,0,0,0,0,0,0,0,0,0,0,0,0,0,0,0,0,0,0,0,0,0,0,0,0,0,0,0,0,0,0,0,0,0,0,0,0,0,0,0,0,0,0,0,0,0,0,0,0,0,0,2,0,0,0,0,0,0,0
2020,Private_other,UNFPA,TLS,Timor-Leste,0,14,0,0,0,0,1,1,3,6,0,0,0,0,0,0,0,0,0,0,0,0,0,0,0,1,0,0,0,0,0,0,0,0,0,0,0,0,0,0,0,0,0,0,0,0,0,0,0,0,0,0,0,0,0,0,0,0,0,0,0,0,0,13,0,0,1,0,0,0,0
2020,Spain,UNFPA,TLS,Timor-Leste,0,6,0,0,0,0,1,1,1,2,0,0,0,0,0,0,0,0,0,0,0,0,0,0,0,1,0,0,0,0,0,0,0,0,0,0,0,0,0,0,0,0,0,0,0,0,0,0,0,0,0,0,0,0,0,0,0,0,0,0,0,0,0,5,0,0,1,0,0,0,0
2020,Sweden,UNFPA,TLS,Timor-Leste,0,111,0,0,0,0,11,11,25,47,2,0,0,0,0,0,0,0,0,0,0,0,0,0,0,11,0,0,0,0,0,0,0,0,0,0,0,0,0,0,0,0,0,0,0,0,0,0,0,0,0,0,0,0,0,0,0,0,0,0,4,0,0,96,0,0,11,0,0,4,0
2020,Switzerland,UNFPA,TLS,Timor-Leste,0,24,0,0,0,0,2,2,6,10,1,0,0,0,0,0,0,0,0,0,0,0,0,0,0,2,0,0,0,0,0,0,0,0,0,0,0,0,0,0,0,0,0,0,0,0,0,0,0,0,0,0,0,0,0,0,0,0,0,0,1,0,0,21,0,0,2,0,0,1,0
2020,Unallocable,UNFPA,TLS,Timor-Leste,0,7,0,0,0,0,1,1,2,3,0,0,0,0,0,0,0,0,0,0,0,0,0,0,0,1,0,0,0,0,0,0,0,0,0,0,0,0,0,0,0,0,0,0,0,0,0,0,0,0,0,0,0,0,0,0,0,0,0,0,0,0,0,6,0,0,1,0,0,0,0
2020,United_Kingdom,UNFPA,TLS,Timor-Leste,0,62,0,0,0,0,5,5,11,21,1,0,0,0,0,0,0,0,0,0,0,0,0,0,0,5,0,0,0,0,0,0,0,0,0,0,0,0,0,0,0,0,0,0,0,0,0,0,0,0,0,0,0,0,0,0,0,0,0,0,15,0,0,42,0,0,5,0,0,15,0
2020,United_States,UNFPA,TLS,Timor-Leste,0,9,0,0,0,0,1,1,2,3,0,0,0,0,0,0,0,0,0,0,0,0,0,0,0,1,0,0,0,0,0,0,0,0,0,0,0,0,0,0,0,0,0,0,0,0,0,0,0,0,0,0,0,0,0,0,0,0,0,0,1,0,0,7,0,0,1,0,0,1,0
2020,Australia,UNICEF,TLS,Timor-Leste,0,16,0,0,0,0,0,0,1,0,0,0,3,2,1,2,0,0,0,0,0,0,0,0,0,0,0,0,0,0,0,0,0,0,0,0,0,0,0,0,0,0,0,0,0,0,0,0,0,0,0,0,0,0,0,0,0,0,0,0,6,0,0,1,9,0,0,0,0,6,0
2020,Austria,UNICEF,TLS,Timor-Leste,0,7,0,0,0,0,0,0,0,0,0,0,1,1,1,1,0,0,0,0,0,0,0,0,0,0,0,0,0,0,0,0,0,0,0,0,0,0,0,0,0,0,0,0,0,0,0,0,0,0,0,0,0,0,0,0,0,0,0,0,2,0,0,0,4,0,0,0,0,2,0
2020,Belgium,UNICEF,TLS,Timor-Leste,0,9,0,0,0,0,0,0,1,0,0,0,2,2,1,1,0,0,0,0,0,0,0,0,0,0,0,0,0,0,0,0,0,0,0,0,0,0,0,0,0,0,0,0,0,0,0,0,0,0,0,0,0,0,0,0,0,0,0,0,2,0,0,1,6,0,0,0,0,2,0
2020,Canada,UNICEF,TLS,Timor-Leste,0,25,0,0,0,0,0,0,1,0,0,0,4,3,2,2,0,0,0,0,0,0,0,0,0,0,0,0,0,0,0,0,0,0,0,0,0,0,0,0,0,0,0,0,0,0,0,0,0,0,0,0,0,0,0,0,0,0,0,0,13,0,0,1,10,0,0,0,0,13,0
2020,China,UNICEF,TLS,Timor-Leste,0,5,0,0,0,0,0,0,0,0,0,0,0,0,0,0,0,0,0,0,0,0,0,0,0,0,0,0,0,0,0,0,0,0,0,0,0,0,0,0,0,0,0,0,0,0,0,0,0,0,0,0,0,0,0,0,0,0,0,0,4,0,0,0,1,0,0,0,0,4,0
2020,Denmark,UNICEF,TLS,Timor-Leste,0,24,0,0,0,0,0,0,1,0,0,0,5,4,2,3,0,0,0,0,0,0,0,0,0,0,0,0,0,0,0,0,0,0,0,0,0,0,0,0,0,0,0,0,0,0,0,0,0,0,0,0,0,0,0,0,0,0,0,0,8,0,0,1,14,0,0,0,0,8,0
2020,Finland,UNICEF,TLS,Timor-Leste,0,10,0,0,0,0,0,0,0,0,0,0,1,1,0,1,0,0,0,0,0,0,0,0,0,0,0,0,0,0,0,0,0,0,0,0,0,0,0,0,0,0,0,0,0,0,0,0,0,0,0,0,0,0,0,0,0,0,0,0,7,0,0,0,3,0,0,0,0,7,0
2020,France,UNICEF,TLS,Timor-Leste,0,63,0,0,0,0,0,0,4,0,0,0,15,12,7,10,0,0,0,1,0,0,0,0,0,0,0,0,0,0,0,0,0,0,0,0,0,0,0,0,0,0,0,0,0,0,0,0,0,0,0,0,0,0,0,0,0,0,0,0,14,0,0,4,44,0,1,0,0,14,0
2020,Gates Foundation,UNICEF,TLS,Timor-Leste,0,6,0,0,0,0,0,0,0,0,0,0,2,1,1,1,0,0,0,0,0,0,0,0,0,0,0,0,0,0,0,0,0,0,0,0,0,0,0,0,0,0,0,0,0,0,0,0,0,0,0,0,0,0,0,0,0,0,0,0,0,0,0,0,5,0,0,0,0,0,0
2020,Germany,UNICEF,TLS,Timor-Leste,0,300,0,0,0,0,0,0,19,0,0,0,77,59,36,52,0,0,2,3,0,0,2,0,0,0,0,0,0,0,0,0,0,0,0,0,0,0,0,0,0,0,0,0,0,0,0,0,0,0,0,0,0,0,0,0,0,0,0,0,51,0,0,19,224,0,6,0,0,51,0
2020,Greece,UNICEF,TLS,Timor-Leste,0,3,0,0,0,0,0,0,0,0,0,0,1,1,0,1,0,0,0,0,0,0,0,0,0,0,0,0,0,0,0,0,0,0,0,0,0,0,0,0,0,0,0,0,0,0,0,0,0,0,0,0,0,0,0,0,0,0,0,0,1,0,0,0,2,0,0,0,0,1,0
2020,Ireland,UNICEF,TLS,Timor-Leste,0,10,0,0,0,0,0,0,0,0,0,0,2,1,1,1,0,0,0,0,0,0,0,0,0,0,0,0,0,0,0,0,0,0,0,0,0,0,0,0,0,0,0,0,0,0,0,0,0,0,0,0,0,0,0,0,0,0,0,0,4,0,0,0,5,0,0,0,0,4,0
2020,Italy,UNICEF,TLS,Timor-Leste,0,39,0,0,0,0,0,0,2,0,0,0,10,8,5,7,0,0,0,0,0,0,0,0,0,0,0,0,0,0,0,0,0,0,0,0,0,0,0,0,0,0,0,0,0,0,0,0,0,0,0,0,0,0,0,0,0,0,0,0,6,0,0,2,30,0,1,0,0,6,0
2020,Japan,UNICEF,TLS,Timor-Leste,0,77,0,0,0,0,0,0,1,0,0,0,3,2,1,2,0,0,0,0,0,0,0,0,0,0,0,0,0,0,0,0,0,0,0,0,0,0,0,0,0,0,0,0,0,0,0,0,0,0,0,0,0,0,0,0,0,0,0,0,67,0,0,1,9,0,0,0,0,67,0
2020,Korea,UNICEF,TLS,Timor-Leste,0,16,0,0,0,0,0,0,1,0,0,0,5,4,2,3,0,0,0,0,0,0,0,0,0,0,0,0,0,0,0,0,0,0,0,0,0,0,0,0,0,0,0,0,0,0,0,0,0,0,0,0,0,0,0,0,0,0,0,0,1,0,0,1,13,0,0,0,0,1,0
2020,Luxembourg,UNICEF,TLS,Timor-Leste,0,4,0,0,0,0,0,0,0,0,0,0,0,0,0,0,0,0,0,0,0,0,0,0,0,0,0,0,0,0,0,0,0,0,0,0,0,0,0,0,0,0,0,0,0,0,0,0,0,0,0,0,0,0,0,0,0,0,0,0,3,0,0,0,0,0,0,0,0,3,0
2020,Netherlands,UNICEF,TLS,Timor-Leste,0,19,0,0,0,0,0,0,1,0,0,0,5,4,2,4,0,0,0,0,0,0,0,0,0,0,0,0,0,0,0,0,0,0,0,0,0,0,0,0,0,0,0,0,0,0,0,0,0,0,0,0,0,0,0,0,0,0,0,0,2,0,0,1,15,0,0,0,0,2,0
2020,New_Zealand,UNICEF,TLS,Timor-Leste,0,3,0,0,0,0,0,0,0,0,0,0,1,1,0,1,0,0,0,0,0,0,0,0,0,0,0,0,0,0,0,0,0,0,0,0,0,0,0,0,0,0,0,0,0,0,0,0,0,0,0,0,0,0,0,0,0,0,0,0,0,0,0,0,3,0,0,0,0,0,0
2020,Non_OECD_DAC_countries,UNICEF,TLS,Timor-Leste,0,17,0,0,0,0,0,0,0,0,0,0,0,0,0,0,0,0,0,0,0,0,0,0,0,0,0,0,0,0,0,0,0,0,0,0,0,0,0,0,0,0,0,0,0,0,0,0,0,0,0,0,0,0,0,0,0,0,0,0,16,0,0,0,1,0,0,0,0,16,0
2020,Non_OECD_non_DAC_countries,UNICEF,TLS,Timor-Leste,0,113,0,0,0,0,0,0,8,0,0,0,35,27,16,24,0,0,1,1,0,0,1,0,0,0,0,0,0,0,0,0,0,0,0,0,0,0,0,0,0,0,0,0,0,0,0,0,0,0,0,0,0,0,0,0,0,0,0,0,0,0,0,8,102,0,3,0,0,0,0
2020,Norway,UNICEF,TLS,Timor-Leste,0,94,0,0,0,0,0,0,7,0,0,0,28,21,13,19,0,0,1,1,0,0,1,0,0,0,0,0,0,0,0,0,0,0,0,0,0,0,0,0,0,0,0,0,0,0,0,0,0,0,0,0,0,0,0,0,0,0,0,0,3,0,0,7,81,0,2,0,0,3,0
2020,Other,UNICEF,TLS,Timor-Leste,0,438,0,0,0,0,0,0,27,0,0,0,112,86,52,76,0,0,3,4,0,0,3,0,0,0,0,0,0,0,0,0,0,0,0,0,0,0,0,0,0,0,0,0,0,0,0,0,0,0,0,0,0,0,0,0,0,0,0,0,76,0,0,27,327,0,9,0,0,76,0
2020,Other_OECD_DAC_countries,UNICEF,TLS,Timor-Leste,0,16,0,0,0,0,0,0,1,0,0,0,4,3,2,3,0,0,0,0,0,0,0,0,0,0,0,0,0,0,0,0,0,0,0,0,0,0,0,0,0,0,0,0,0,0,0,0,0,0,0,0,0,0,0,0,0,0,0,0,3,0,0,1,11,0,0,0,0,3,0
2020,Portugal,UNICEF,TLS,Timor-Leste,0,3,0,0,0,0,0,0,0,0,0,0,1,1,0,1,0,0,0,0,0,0,0,0,0,0,0,0,0,0,0,0,0,0,0,0,0,0,0,0,0,0,0,0,0,0,0,0,0,0,0,0,0,0,0,0,0,0,0,0,1,0,0,0,2,0,0,0,0,1,0
2020,Private_other,UNICEF,TLS,Timor-Leste,0,468,0,0,0,0,0,0,35,0,0,0,145,111,67,97,0,0,3,5,0,0,3,0,0,0,0,0,0,0,0,0,0,0,0,0,0,0,0,0,0,0,0,0,0,0,0,0,0,0,0,0,0,0,0,0,0,0,0,0,2,0,0,35,420,0,11,0,0,2,0
2020,Spain,UNICEF,TLS,Timor-Leste,0,22,0,0,0,0,0,0,1,0,0,0,5,4,2,4,0,0,0,0,0,0,0,0,0,0,0,0,0,0,0,0,0,0,0,0,0,0,0,0,0,0,0,0,0,0,0,0,0,0,0,0,0,0,0,0,0,0,0,0,5,0,0,1,15,0,0,0,0,5,0
2020,Sweden,UNICEF,TLS,Timor-Leste,0,49,0,0,0,0,0,0,3,0,0,0,13,10,6,9,0,0,0,0,0,0,0,0,0,0,0,0,0,0,0,0,0,0,0,0,0,0,0,0,0,0,0,0,0,0,0,0,0,0,0,0,0,0,0,0,0,0,0,0,6,0,0,3,39,0,1,0,0,6,0
2020,Switzerland,UNICEF,TLS,Timor-Leste,0,9,0,0,0,0,0,0,0,0,0,0,0,0,0,0,0,0,0,0,0,0,0,0,0,0,0,0,0,0,0,0,0,0,0,0,0,0,0,0,0,0,0,0,0,0,0,0,0,0,0,0,0,0,0,0,0,0,0,0,8,0,0,0,0,0,0,0,0,8,0
2020,United_Kingdom,UNICEF,TLS,Timor-Leste,0,152,0,0,0,0,0,0,5,0,0,0,21,16,10,14,0,0,0,1,0,0,0,0,0,0,0,0,0,0,0,0,0,0,0,0,0,0,0,0,0,0,0,0,0,0,0,7,0,0,0,0,0,0,0,0,0,0,0,0,77,0,0,5,62,0,2,0,0,84,0
2020,United_States,UNICEF,TLS,Timor-Leste,0,340,0,0,0,0,0,0,15,0,0,0,63,48,29,42,0,0,1,2,0,0,1,0,0,0,0,0,0,0,0,0,0,0,0,0,0,0,0,0,0,0,0,0,0,0,0,0,0,0,0,0,0,0,0,0,0,0,0,0,139,0,0,15,182,0,5,0,0,139,0
2020,Private_other,US_FOUND,TLS,Timor-Leste,0,9,2,0,0,0,0,0,0,0,0,0,0,0,0,0,0,0,0,0,0,0,0,0,0,0,0,0,0,0,0,0,0,0,0,0,0,0,0,0,0,0,0,0,0,0,0,0,0,0,0,0,0,0,0,0,0,0,0,0,3,5,0,0,0,0,0,0,0,3,2
2020,Australia,WHO,TLS,Timor-Leste,0,58,13,0,2,12,0,0,0,0,0,0,0,1,0,0,0,1,0,0,0,0,0,0,0,0,0,0,0,0,0,0,0,0,0,0,0,0,0,0,0,0,0,1,0,0,0,0,0,0,8,0,0,0,0,1,0,1,1,0,14,1,0,1,2,2,1,1,1,24,27
2020,Austria,WHO,TLS,Timor-Leste,0,21,4,0,0,3,0,0,0,0,0,0,0,0,0,0,0,0,0,0,0,0,0,0,0,0,0,0,0,0,0,0,0,0,0,0,0,0,0,0,0,0,0,0,0,0,0,0,0,0,2,0,0,0,0,0,0,0,0,0,8,0,0,0,1,1,0,0,0,11,8
2020,Belgium,WHO,TLS,Timor-Leste,0,33,8,0,1,8,0,0,0,0,0,0,0,0,0,0,0,0,0,0,0,0,0,0,0,0,0,0,0,0,0,0,0,0,0,0,0,0,0,0,0,0,0,0,0,0,0,0,0,0,5,0,0,0,0,0,0,0,0,0,5,1,0,0,1,1,0,0,1,11,17
2020,Canada,WHO,TLS,Timor-Leste,0,59,11,0,1,10,0,0,0,0,0,0,0,1,0,0,0,1,0,0,0,0,0,0,0,0,0,0,0,0,0,0,0,0,0,0,0,0,0,0,0,0,0,1,0,0,0,0,0,0,7,0,0,0,0,1,0,1,0,0,22,1,0,1,2,2,1,1,1,30,23
2020,China,WHO,TLS,Timor-Leste,0,120,22,0,3,20,0,0,0,1,1,0,0,1,0,0,0,1,0,0,0,0,0,0,0,1,0,0,0,0,0,0,1,0,0,0,0,0,0,0,0,0,0,1,0,0,0,0,0,0,14,0,0,0,0,1,0,1,1,0,46,1,0,1,3,4,1,1,2,62,45
2020,Corporate_donations,WHO,TLS,Timor-Leste,0,41,12,0,1,11,0,0,0,0,0,0,0,1,0,0,0,1,0,0,0,0,0,0,0,0,0,0,0,0,0,0,0,0,0,0,0,0,0,0,0,0,0,1,0,0,0,0,0,0,8,0,0,0,0,1,0,1,1,0,1,1,0,1,2,2,1,1,1,9,25
2020,Denmark,WHO,TLS,Timor-Leste,0,38,7,0,1,6,0,0,0,0,0,0,0,0,0,0,0,0,0,0,0,0,0,0,0,0,0,0,0,0,0,0,0,0,0,0,0,0,0,0,0,0,0,0,0,0,0,0,0,0,4,0,0,0,0,0,0,0,0,0,16,0,0,0,1,1,0,0,1,21,14
2020,Finland,WHO,TLS,Timor-Leste,0,17,4,0,1,4,0,0,0,0,0,0,0,0,0,0,0,0,0,0,0,0,0,0,0,0,0,0,0,0,0,0,0,0,0,0,0,0,0,0,0,0,0,0,0,0,0,0,0,0,3,0,0,0,0,0,0,0,0,0,3,0,0,0,1,1,0,0,0,6,8
2020,France,WHO,TLS,Timor-Leste,0,188,44,0,5,41,0,0,0,1,1,0,1,2,0,1,1,2,0,0,0,0,0,0,0,2,0,0,0,0,0,0,1,0,0,0,0,0,0,0,0,0,0,2,1,1,0,0,0,0,29,1,1,1,0,3,0,2,2,0,38,3,0,2,6,7,2,2,4,70,92
2020,Gates Foundation,WHO,TLS,Timor-Leste,0,440,124,1,15,115,0,0,0,3,3,0,1,6,0,3,2,6,0,0,0,0,0,0,0,4,1,0,0,0,0,0,4,1,0,0,0,1,1,0,0,0,0,7,2,2,0,0,0,1,80,1,2,2,1,7,1,6,5,0,22,8,0,7,18,21,6,7,10,109,255
2020,Germany,WHO,TLS,Timor-Leste,0,779,55,1,7,51,0,0,0,1,1,0,1,3,0,1,1,3,0,0,0,0,0,0,0,2,0,0,0,0,0,0,2,0,0,0,0,0,0,0,0,0,0,3,1,1,0,0,0,1,36,1,1,1,0,3,0,3,2,0,593,3,0,3,8,9,3,3,5,632,113
2020,Greece,WHO,TLS,Timor-Leste,0,8,2,0,0,2,0,0,0,0,0,0,0,0,0,0,0,0,0,0,0,0,0,0,0,0,0,0,0,0,0,0,0,0,0,0,0,0,0,0,0,0,0,0,0,0,0,0,0,0,1,0,0,0,0,0,0,0,0,0,2,0,0,0,0,0,0,0,0,3,4
2020,Ireland,WHO,TLS,Timor-Leste,0,18,1,0,0,1,0,0,0,0,0,0,0,0,0,0,0,0,0,0,0,0,0,0,0,0,0,0,0,0,0,0,0,0,0,0,0,0,0,0,0,0,0,0,0,0,0,0,0,0,1,0,0,0,0,0,0,0,0,0,14,0,0,0,0,0,0,0,0,15,2
2020,Italy,WHO,TLS,Timor-Leste,0,99,24,0,3,23,0,0,0,1,1,0,0,1,0,1,0,1,0,0,0,0,0,0,0,1,0,0,0,0,0,0,1,0,0,0,0,0,0,0,0,0,0,1,0,0,0,0,0,0,16,0,0,0,0,1,0,1,1,0,17,2,0,1,4,4,1,1,2,34,50
2020,Japan,WHO,TLS,Timor-Leste,0,173,32,0,4,30,0,0,0,1,1,0,0,1,0,1,1,2,0,0,0,0,0,0,0,1,0,0,0,0,0,0,1,0,0,0,0,0,0,0,0,0,0,2,0,0,0,0,0,0,21,0,0,0,0,2,0,2,1,0,64,2,0,2,5,5,2,2,3,87,66
2020,Korea,WHO,TLS,Timor-Leste,0,60,16,0,2,15,0,0,0,0,0,0,0,1,0,0,0,1,0,0,0,0,0,0,0,1,0,0,0,0,0,0,0,0,0,0,0,0,0,0,0,0,0,1,0,0,0,0,0,0,10,0,0,0,0,1,0,1,1,0,7,1,0,1,2,3,1,1,1,18,33
2020,Luxembourg,WHO,TLS,Timor-Leste,0,15,4,0,0,4,0,0,0,0,0,0,0,0,0,0,0,0,0,0,0,0,0,0,0,0,0,0,0,0,0,0,0,0,0,0,0,0,0,0,0,0,0,0,0,0,0,0,0,0,3,0,0,0,0,0,0,0,0,0,2,0,0,0,1,1,0,0,0,5,8
2020,Netherlands,WHO,TLS,Timor-Leste,0,70,19,0,2,17,0,0,0,0,0,0,0,1,0,0,0,1,0,0,0,0,0,0,0,1,0,0,0,0,0,0,1,0,0,0,0,0,0,0,0,0,0,1,0,0,0,0,0,0,12,0,0,0,0,1,0,1,1,0,7,1,0,1,3,3,1,1,2,20,39
2020,New_Zealand,WHO,TLS,Timor-Leste,0,8,1,0,0,1,0,0,0,0,0,0,0,0,0,0,0,0,0,0,0,0,0,0,0,0,0,0,0,0,0,0,0,0,0,0,0,0,0,0,0,0,0,0,0,0,0,0,0,0,1,0,0,0,0,0,0,0,0,0,4,0,0,0,0,0,0,0,0,5,2
2020,Non_OECD_DAC_countries,WHO,TLS,Timor-Leste,0,298,52,1,6,49,0,0,0,1,1,0,1,2,0,1,1,3,0,0,0,0,0,0,0,2,0,0,0,0,0,0,2,0,0,0,0,0,0,0,0,0,0,3,1,1,0,0,0,1,34,1,1,1,0,3,0,2,2,0,122,3,0,3,8,9,2,3,4,159,108
2020,Non_OECD_non_DAC_countries,WHO,TLS,Timor-Leste,0,373,91,1,11,84,0,0,0,2,2,0,1,4,0,2,2,4,0,0,0,0,0,0,0,3,1,0,0,0,0,0,3,1,0,0,0,1,1,0,0,0,0,5,1,1,0,0,0,1,59,1,1,1,1,5,0,4,4,0,66,6,0,5,13,15,4,5,8,130,187
2020,Norway,WHO,TLS,Timor-Leste,0,115,31,0,4,28,0,0,0,1,1,0,0,1,0,1,1,1,0,0,0,0,0,0,0,1,0,0,0,0,0,0,1,0,0,0,0,0,0,0,0,0,0,2,0,0,0,0,0,0,20,0,0,0,0,2,0,1,1,0,12,2,0,2,4,5,1,2,3,33,63
2020,Other,WHO,TLS,Timor-Leste,0,568,122,1,15,114,0,0,0,3,3,0,1,6,0,3,2,6,0,0,0,0,0,0,0,4,1,0,0,0,0,0,4,1,0,0,0,1,1,0,0,0,0,7,2,2,0,0,0,1,79,1,2,2,1,7,1,6,5,0,156,8,0,6,18,20,6,7,10,241,252
2020,Other_OECD_DAC_countries,WHO,TLS,Timor-Leste,0,33,7,0,1,7,0,0,0,0,0,0,0,0,0,0,0,0,0,0,0,0,0,0,0,0,0,0,0,0,0,0,0,0,0,0,0,0,0,0,0,0,0,0,0,0,0,0,0,0,5,0,0,0,0,0,0,0,0,0,8,0,0,0,1,1,0,0,1,13,15
2020,Portugal,WHO,TLS,Timor-Leste,0,8,2,0,0,2,0,0,0,0,0,0,0,0,0,0,0,0,0,0,0,0,0,0,0,0,0,0,0,0,0,0,0,0,0,0,0,0,0,0,0,0,0,0,0,0,0,0,0,0,1,0,0,0,0,0,0,0,0,0,2,0,0,0,0,0,0,0,0,3,4
2020,Private_other,WHO,TLS,Timor-Leste,0,387,88,1,11,82,0,0,0,2,2,0,1,4,0,2,2,4,0,0,0,0,0,0,0,3,1,0,0,0,0,0,3,1,0,0,0,1,1,0,0,0,0,5,1,1,0,0,0,1,57,1,1,1,1,5,0,4,4,0,89,6,0,5,13,15,4,5,7,151,182
2020,Spain,WHO,TLS,Timor-Leste,0,64,14,0,2,13,0,0,0,0,0,0,0,1,0,0,0,1,0,0,0,0,0,0,0,1,0,0,0,0,0,0,0,0,0,0,0,0,0,0,0,0,0,1,0,0,0,0,0,0,9,0,0,0,0,1,0,1,1,0,16,1,0,1,2,2,1,1,1,26,30
2020,Sweden,WHO,TLS,Timor-Leste,0,81,22,0,3,21,0,0,0,1,1,0,0,1,0,0,0,1,0,0,0,0,0,0,0,1,0,0,0,0,0,0,1,0,0,0,0,0,0,0,0,0,0,1,0,0,0,0,0,0,14,0,0,0,0,1,0,1,1,0,6,1,0,1,3,4,1,1,2,22,46
2020,Switzerland,WHO,TLS,Timor-Leste,0,30,8,0,1,7,0,0,0,0,0,0,0,0,0,0,0,0,0,0,0,0,0,0,0,0,0,0,0,0,0,0,0,0,0,0,0,0,0,0,0,0,0,0,0,0,0,0,0,0,5,0,0,0,0,0,0,0,0,0,3,1,0,0,1,1,0,0,1,9,17
2020,Unallocable,WHO,TLS,Timor-Leste,0,13,0,0,0,0,0,0,0,0,0,0,0,0,0,0,0,0,0,0,0,0,0,0,0,0,0,0,0,0,0,0,0,0,0,0,0,0,0,0,0,0,0,0,0,0,0,0,0,0,0,0,0,0,0,0,0,0,0,0,13,0,0,0,0,0,0,0,0,13,0
2020,United_Kingdom,WHO,TLS,Timor-Leste,0,596,117,1,14,109,0,0,0,3,3,0,1,5,0,2,2,6,0,0,0,0,0,0,0,4,1,0,0,0,0,0,4,1,0,0,0,1,1,0,0,0,0,6,1,1,0,13,0,1,76,1,1,2,1,7,1,5,5,0,188,7,0,6,17,19,5,6,10,283,241
2020,United_States,WHO,TLS,Timor-Leste,0,306,74,1,9,69,0,0,0,2,2,0,1,3,0,2,1,4,0,0,0,0,0,0,0,3,0,0,0,0,0,0,2,1,0,0,0,0,0,0,0,0,0,4,1,1,0,0,0,1,48,1,1,1,1,4,0,3,3,0,56,5,0,4,11,12,3,4,6,108,153
2021,Debt_repayments,AsDB,TLS,Timor-Leste,0,3,0,0,0,0,0,0,0,0,0,0,0,0,0,0,0,0,0,0,0,0,0,0,0,0,0,0,0,0,0,0,0,0,0,0,0,0,0,0,0,0,0,0,0,0,0,0,0,0,0,0,0,0,0,0,0,0,0,0,3,0,0,0,0,0,0,0,0,3,0
2021,Other,AsDB,TLS,Timor-Leste,0,2,0,0,0,0,0,0,0,0,0,0,0,0,0,0,0,0,0,0,0,0,0,0,0,0,0,0,0,0,0,0,0,0,0,0,0,0,0,0,0,0,0,0,0,0,0,0,0,0,0,0,0,0,0,0,0,0,0,0,2,0,0,0,0,0,0,0,0,2,0
2021,Australia,BIL_AUS,TLS,Timor-Leste,0,15562,0,0,0,153,0,0,0,0,0,0,0,0,0,0,0,0,0,0,0,0,0,0,0,0,0,0,0,1,0,0,1,1,0,0,0,0,1,0,0,1,0,0,0,1,0,0,0,1,0,66,110,1,0,0,0,0,0,0,3704,11520,0,0,0,0,0,4,2,3883,153
2021,Canada,BIL_CAN,TLS,Timor-Leste,0,65,0,0,0,0,2,0,0,0,1,0,1,0,0,0,0,0,0,0,0,0,0,0,0,0,0,0,0,0,0,0,0,0,0,0,0,0,0,0,0,0,0,0,0,0,0,0,0,0,0,0,0,0,0,0,0,0,0,0,57,4,0,3,1,0,0,0,0,57,0
2021,China,BIL_CHN,TLS,Timor-Leste,0,550,0,0,0,0,0,0,0,0,0,0,0,0,0,0,0,0,0,0,0,0,0,0,0,0,0,0,0,0,0,0,0,0,0,0,0,0,0,0,0,0,0,0,0,0,0,0,0,0,0,0,0,0,0,0,0,0,0,0,550,0,0,0,0,0,0,0,0,550,0
2021,Germany,BIL_DEU,TLS,Timor-Leste,0,39,1,2,0,0,0,0,0,0,0,0,3,0,0,0,0,0,0,0,0,0,0,0,0,0,0,0,0,0,0,0,0,0,0,0,0,0,0,0,0,0,0,0,0,0,0,0,0,0,0,0,0,0,0,0,0,0,0,0,0,31,0,0,3,0,0,1,0,0,4
2021,France,BIL_FRA,TLS,Timor-Leste,0,10,0,0,0,0,0,0,0,0,0,0,0,0,0,0,0,0,0,0,0,0,0,0,0,0,0,0,0,0,0,0,0,0,0,0,1,0,0,0,0,0,0,0,0,0,0,0,0,0,0,0,0,0,0,0,0,0,0,0,0,9,0,0,0,0,0,1,0,0,0
2021,United_Kingdom,BIL_GBR,TLS,Timor-Leste,0,56,0,0,1,1,0,0,0,3,1,0,5,3,0,8,2,0,0,0,0,0,0,0,0,0,0,0,0,0,0,0,0,0,0,0,0,0,0,0,0,0,0,0,0,0,0,0,0,0,0,2,0,5,4,0,3,1,11,2,2,3,0,4,18,21,0,0,0,8,2
2021,Japan,BIL_JPN,TLS,Timor-Leste,0,2157,0,0,87,0,0,21,0,0,0,0,0,0,0,0,0,0,0,0,0,0,0,0,0,8,0,0,0,0,0,0,0,0,0,0,0,0,0,0,0,0,0,6,0,0,0,0,0,0,8,0,0,0,0,0,0,0,0,0,1690,337,0,21,0,0,8,0,6,1698,87
2021,Korea,BIL_KOR,TLS,Timor-Leste,0,2524,0,0,0,0,0,0,0,0,0,0,95,0,0,190,0,0,0,0,0,0,0,0,0,0,0,0,0,0,0,0,0,0,0,0,0,0,0,0,120,120,0,0,0,361,481,0,0,0,0,0,7,0,571,0,0,571,0,0,5,0,0,0,286,1143,0,0,1083,12,0
2021,New_Zealand,BIL_NZL,TLS,Timor-Leste,0,105,0,0,0,0,0,0,0,0,0,0,0,0,0,0,0,0,0,0,0,0,0,0,0,0,0,0,0,0,0,0,0,0,0,0,0,0,0,0,0,0,0,0,0,0,0,0,0,0,0,0,0,0,0,0,0,0,0,0,105,0,0,0,0,0,0,0,0,105,0
2021,Portugal,BIL_PRT,TLS,Timor-Leste,0,1145,0,0,0,0,0,0,0,0,0,0,0,0,0,0,0,0,0,0,0,0,0,0,0,0,0,0,0,0,0,0,0,0,0,0,0,0,0,0,0,0,0,0,0,0,0,0,0,0,0,0,0,0,0,0,0,0,0,0,1145,0,0,0,0,0,0,0,0,1145,0
2021,United_States,BIL_USA,TLS,Timor-Leste,0,387,25,3,0,1,46,46,0,71,14,0,0,0,0,2,0,0,0,0,0,0,0,0,0,0,0,0,0,0,0,0,0,8,0,0,0,25,7,3,0,0,0,0,0,0,0,0,0,0,14,1,0,0,0,0,0,0,0,0,8,113,0,177,3,0,1,42,0,23,29
2021,Austria,EC,TLS,Timor-Leste,0,85,0,0,47,0,0,0,0,0,0,0,38,0,0,0,0,0,0,0,0,0,0,0,0,0,0,0,0,0,0,0,0,0,0,0,0,0,0,0,0,0,0,0,0,0,0,0,0,0,0,0,0,0,0,0,0,0,0,0,0,0,0,0,38,0,0,0,0,0,47
2021,Belgium,EC,TLS,Timor-Leste,0,143,0,0,78,0,0,0,0,0,0,0,64,0,0,0,0,0,0,0,0,0,0,0,0,0,0,0,0,0,0,0,0,0,0,0,0,0,0,0,0,0,0,0,0,0,0,0,0,0,0,0,0,0,0,0,0,0,0,0,1,0,0,0,64,0,0,0,0,1,78
2021,Denmark,EC,TLS,Timor-Leste,0,73,0,0,40,0,0,0,0,0,0,0,33,0,0,0,0,0,0,0,0,0,0,0,0,0,0,0,0,0,0,0,0,0,0,0,0,0,0,0,0,0,0,0,0,0,0,0,0,0,0,0,0,0,0,0,0,0,0,0,0,0,0,0,33,0,0,0,0,0,40
2021,Finland,EC,TLS,Timor-Leste,0,59,0,0,33,0,0,0,0,0,0,0,26,0,0,0,0,0,0,0,0,0,0,0,0,0,0,0,0,0,0,0,0,0,0,0,0,0,0,0,0,0,0,0,0,0,0,0,0,0,0,0,0,0,0,0,0,0,0,0,0,0,0,0,26,0,0,0,0,0,33
2021,France,EC,TLS,Timor-Leste,0,634,0,0,347,0,0,0,0,0,0,0,283,0,0,0,0,0,0,0,0,0,0,0,0,0,0,0,0,0,0,0,0,0,0,0,0,0,0,0,0,0,0,0,0,0,0,0,0,0,0,0,0,0,0,0,0,0,0,0,5,0,0,0,283,0,0,0,0,5,347
2021,Germany,EC,TLS,Timor-Leste,0,810,0,0,443,0,0,0,0,0,0,0,361,0,0,0,0,0,0,0,0,0,0,0,0,0,0,0,0,0,0,0,0,0,0,0,0,0,0,0,0,0,0,0,0,0,0,0,0,0,0,0,0,0,0,0,0,0,0,0,6,0,0,0,361,0,0,0,0,6,443
2021,Greece,EC,TLS,Timor-Leste,0,46,0,0,25,0,0,0,0,0,0,0,21,0,0,0,0,0,0,0,0,0,0,0,0,0,0,0,0,0,0,0,0,0,0,0,0,0,0,0,0,0,0,0,0,0,0,0,0,0,0,0,0,0,0,0,0,0,0,0,0,0,0,0,21,0,0,0,0,0,25
2021,Ireland,EC,TLS,Timor-Leste,0,62,0,0,34,0,0,0,0,0,0,0,28,0,0,0,0,0,0,0,0,0,0,0,0,0,0,0,0,0,0,0,0,0,0,0,0,0,0,0,0,0,0,0,0,0,0,0,0,0,0,0,0,0,0,0,0,0,0,0,0,0,0,0,28,0,0,0,0,0,34
2021,Italy,EC,TLS,Timor-Leste,0,450,0,0,246,0,0,0,0,0,0,0,201,0,0,0,0,0,0,0,0,0,0,0,0,0,0,0,0,0,0,0,0,0,0,0,0,0,0,0,0,0,0,0,0,0,0,0,0,0,0,0,0,0,0,0,0,0,0,0,3,0,0,0,201,0,0,0,0,3,246
2021,Luxembourg,EC,TLS,Timor-Leste,0,10,0,0,6,0,0,0,0,0,0,0,5,0,0,0,0,0,0,0,0,0,0,0,0,0,0,0,0,0,0,0,0,0,0,0,0,0,0,0,0,0,0,0,0,0,0,0,0,0,0,0,0,0,0,0,0,0,0,0,0,0,0,0,5,0,0,0,0,0,6
2021,Netherlands,EC,TLS,Timor-Leste,0,130,0,0,71,0,0,0,0,0,0,0,58,0,0,0,0,0,0,0,0,0,0,0,0,0,0,0,0,0,0,0,0,0,0,0,0,0,0,0,0,0,0,0,0,0,0,0,0,0,0,0,0,0,0,0,0,0,0,0,0,0,0,0,58,0,0,0,0,0,71
2021,Other_OECD_DAC_countries,EC,TLS,Timor-Leste,0,258,0,0,142,0,0,0,0,0,0,0,116,0,0,0,0,0,0,0,0,0,0,0,0,0,0,0,0,0,0,0,0,0,0,0,0,0,0,0,0,0,0,0,0,0,0,0,0,0,0,0,0,0,0,0,0,0,0,0,0,0,0,0,116,0,0,0,0,0,142
2021,Portugal,EC,TLS,Timor-Leste,0,53,0,0,29,0,0,0,0,0,0,0,24,0,0,0,0,0,0,0,0,0,0,0,0,0,0,0,0,0,0,0,0,0,0,0,0,0,0,0,0,0,0,0,0,0,0,0,0,0,0,0,0,0,0,0,0,0,0,0,0,0,0,0,24,0,0,0,0,0,29
2021,Spain,EC,TLS,Timor-Leste,0,307,0,0,168,0,0,0,0,0,0,0,137,0,0,0,0,0,0,0,0,0,0,0,0,0,0,0,0,0,0,0,0,0,0,0,0,0,0,0,0,0,0,0,0,0,0,0,0,0,0,0,0,0,0,0,0,0,0,0,2,0,0,0,137,0,0,0,0,2,168
2021,Sweden,EC,TLS,Timor-Leste,0,108,0,0,60,0,0,0,0,0,0,0,49,0,0,0,0,0,0,0,0,0,0,0,0,0,0,0,0,0,0,0,0,0,0,0,0,0,0,0,0,0,0,0,0,0,0,0,0,0,0,0,0,0,0,0,0,0,0,0,0,0,0,0,49,0,0,0,0,0,60
2021,United_Kingdom,EC,TLS,Timor-Leste,0,373,0,0,204,0,0,0,0,0,0,0,166,0,0,0,0,0,0,0,0,0,0,0,0,0,0,0,0,0,0,0,0,0,0,0,0,0,0,0,0,0,0,0,0,0,0,0,0,0,0,0,0,0,0,0,0,0,0,0,3,0,0,0,166,0,0,0,0,3,204
2021,Gates Foundation,GATES,TLS,Timor-Leste,0,76,2,1,0,0,1,0,0,0,1,0,2,7,0,0,2,0,0,0,0,0,0,0,0,1,0,0,0,0,2,0,0,1,0,0,35,0,1,0,0,0,0,0,0,0,0,0,0,0,3,0,0,0,0,0,0,0,0,0,0,18,0,2,11,0,1,39,0,3,3
2021,Australia,GAVI,TLS,Timor-Leste,0,30,0,0,0,0,0,0,0,0,0,0,0,7,0,0,0,0,0,0,0,0,0,0,0,0,0,0,0,0,0,0,0,0,0,0,0,0,0,0,0,0,0,0,0,0,0,0,0,0,0,0,0,0,0,0,0,0,0,0,23,0,0,0,7,0,0,0,0,23,0
2021,Austria,GAVI,TLS,Timor-Leste,0,25,0,0,0,0,0,0,0,0,0,0,0,0,0,0,0,0,0,0,0,0,0,0,0,0,0,0,0,0,0,0,0,0,0,0,0,0,0,0,0,0,0,0,0,0,0,0,0,0,0,0,0,0,0,0,0,0,0,0,25,0,0,0,0,0,0,0,0,25,0
2021,Belgium,GAVI,TLS,Timor-Leste,0,86,0,0,0,0,0,0,0,0,0,0,0,0,0,0,0,0,0,0,0,0,0,0,0,0,0,0,0,0,0,0,0,0,0,0,0,0,0,0,0,0,0,0,0,0,0,0,0,0,0,0,0,0,0,0,0,0,0,0,85,0,0,0,0,0,0,0,0,85,0
2021,Canada,GAVI,TLS,Timor-Leste,0,412,0,0,0,0,0,0,0,0,0,0,0,9,0,0,0,0,0,0,0,0,0,0,0,0,0,0,0,0,0,0,0,0,0,0,0,0,0,0,0,0,0,0,0,0,0,0,0,0,0,0,0,0,0,0,0,0,0,0,402,0,0,0,9,0,0,0,0,402,0
2021,Corporate_donations,GAVI,TLS,Timor-Leste,0,36,0,0,0,0,0,0,0,0,0,0,0,0,0,0,0,0,0,0,0,0,0,0,0,0,0,0,0,0,0,0,0,0,0,0,0,0,0,0,0,0,0,0,0,0,0,0,0,0,0,0,0,0,0,0,0,0,0,0,36,0,0,0,0,0,0,0,0,36,0
2021,Denmark,GAVI,TLS,Timor-Leste,0,65,0,0,0,0,0,0,0,0,0,0,0,0,0,0,0,0,0,0,0,0,0,0,0,0,0,0,0,0,0,0,0,0,0,0,0,0,0,0,0,0,0,0,0,0,0,0,0,0,0,0,0,0,0,0,0,0,0,0,64,0,0,0,0,0,0,0,0,64,0
2021,Finland,GAVI,TLS,Timor-Leste,0,17,0,0,0,0,0,0,0,0,0,0,0,0,0,0,0,0,0,0,0,0,0,0,0,0,0,0,0,0,0,0,0,0,0,0,0,0,0,0,0,0,0,0,0,0,0,0,0,0,0,0,0,0,0,0,0,0,0,0,17,0,0,0,0,0,0,0,0,17,0
2021,France,GAVI,TLS,Timor-Leste,0,810,0,0,0,0,0,0,0,0,0,0,0,47,0,0,0,0,0,0,0,0,0,0,0,0,0,0,0,0,0,0,0,0,0,0,0,0,0,0,0,0,0,0,0,0,0,0,0,0,0,0,0,0,0,0,0,0,0,0,763,0,0,0,47,0,0,0,0,763,0
2021,Gates Foundation,GAVI,TLS,Timor-Leste,0,186,0,0,0,0,0,0,0,0,0,0,0,27,0,0,0,0,0,0,0,0,0,0,0,0,0,0,0,0,0,0,0,0,0,0,0,0,0,0,0,0,0,0,0,0,0,0,0,0,0,0,0,0,0,0,0,0,0,0,160,0,0,0,27,0,0,0,0,160,0
2021,Germany,GAVI,TLS,Timor-Leste,0,1844,0,0,0,0,0,0,0,0,0,0,0,22,0,0,0,0,0,0,0,0,0,0,0,0,0,0,0,0,0,0,0,0,0,0,0,0,0,0,0,0,0,0,0,0,0,0,0,0,0,0,0,0,0,0,0,0,0,0,1822,0,0,0,22,0,0,0,0,1822,0
2021,Greece,GAVI,TLS,Timor-Leste,0,29,0,0,0,0,0,0,0,0,0,0,0,0,0,0,0,0,0,0,0,0,0,0,0,0,0,0,0,0,0,0,0,0,0,0,0,0,0,0,0,0,0,0,0,0,0,0,0,0,0,0,0,0,0,0,0,0,0,0,29,0,0,0,0,0,0,0,0,29,0
2021,Ireland,GAVI,TLS,Timor-Leste,0,23,0,0,0,0,0,0,0,0,0,0,0,1,0,0,0,0,0,0,0,0,0,0,0,0,0,0,0,0,0,0,0,0,0,0,0,0,0,0,0,0,0,0,0,0,0,0,0,0,0,0,0,0,0,0,0,0,0,0,22,0,0,0,1,0,0,0,0,22,0
2021,Italy,GAVI,TLS,Timor-Leste,0,699,0,0,0,0,0,0,0,0,0,0,0,19,0,0,0,0,0,0,0,0,0,0,0,0,0,0,0,0,0,0,0,0,0,0,0,0,0,0,0,0,0,0,0,0,0,0,0,0,0,0,0,0,0,0,0,0,0,0,680,0,0,0,19,0,0,0,0,680,0
2021,Japan,GAVI,TLS,Timor-Leste,0,203,0,0,0,0,0,0,0,0,0,0,0,0,0,0,0,0,0,0,0,0,0,0,0,0,0,0,0,0,0,0,0,0,0,0,0,0,0,0,0,0,0,0,0,0,0,0,0,0,0,0,0,0,0,0,0,0,0,0,203,0,0,0,0,0,0,0,0,203,0
2021,Korea,GAVI,TLS,Timor-Leste,0,74,0,0,0,0,0,0,0,0,0,0,0,0,0,0,0,0,0,0,0,0,0,0,0,0,0,0,0,0,0,0,0,0,0,0,0,0,0,0,0,0,0,0,0,0,0,0,0,0,0,0,0,0,0,0,0,0,0,0,74,0,0,0,0,0,0,0,0,74,0
2021,Luxembourg,GAVI,TLS,Timor-Leste,0,6,0,0,0,0,0,0,0,0,0,0,0,0,0,0,0,0,0,0,0,0,0,0,0,0,0,0,0,0,0,0,0,0,0,0,0,0,0,0,0,0,0,0,0,0,0,0,0,0,0,0,0,0,0,0,0,0,0,0,5,0,0,0,0,0,0,0,0,5,0
2021,Netherlands,GAVI,TLS,Timor-Leste,0,231,0,0,0,0,0,0,0,0,0,0,0,11,0,0,0,0,0,0,0,0,0,0,0,0,0,0,0,0,0,0,0,0,0,0,0,0,0,0,0,0,0,0,0,0,0,0,0,0,0,0,0,0,0,0,0,0,0,0,220,0,0,0,11,0,0,0,0,220,0
2021,New_Zealand,GAVI,TLS,Timor-Leste,0,21,0,0,0,0,0,0,0,0,0,0,0,0,0,0,0,0,0,0,0,0,0,0,0,0,0,0,0,0,0,0,0,0,0,0,0,0,0,0,0,0,0,0,0,0,0,0,0,0,0,0,0,0,0,0,0,0,0,0,21,0,0,0,0,0,0,0,0,21,0
2021,Non_OECD_DAC_countries,GAVI,TLS,Timor-Leste,0,102,0,0,0,0,0,0,0,0,0,0,0,0,0,0,0,0,0,0,0,0,0,0,0,0,0,0,0,0,0,0,0,0,0,0,0,0,0,0,0,0,0,0,0,0,0,0,0,0,0,0,0,0,0,0,0,0,0,0,101,0,0,0,0,0,0,0,0,101,0
2021,Non_OECD_non_DAC_countries,GAVI,TLS,Timor-Leste,0,59,0,0,0,0,0,0,0,0,0,0,0,1,0,0,0,0,0,0,0,0,0,0,0,0,0,0,0,0,0,0,0,0,0,0,0,0,0,0,0,0,0,0,0,0,0,0,0,0,0,0,0,0,0,0,0,0,0,0,58,0,0,0,1,0,0,0,0,58,0
2021,Norway,GAVI,TLS,Timor-Leste,0,152,0,0,0,0,0,0,0,0,0,0,0,38,0,0,0,0,0,0,0,0,0,0,0,0,0,0,0,0,0,0,0,0,0,0,0,0,0,0,0,0,0,0,0,0,0,0,0,0,0,0,0,0,0,0,0,0,0,0,114,0,0,0,38,0,0,0,0,114,0
2021,Other,GAVI,TLS,Timor-Leste,0,538,0,0,0,0,0,0,0,0,0,0,0,11,0,0,0,0,0,0,0,0,0,0,0,0,0,0,0,0,0,0,0,0,0,0,0,0,0,0,0,0,0,0,0,0,0,0,0,0,0,0,0,0,0,0,0,0,0,0,527,0,0,0,11,0,0,0,0,527,0
2021,Other_OECD_DAC_countries,GAVI,TLS,Timor-Leste,0,72,0,0,0,0,0,0,0,0,0,0,0,0,0,0,0,0,0,0,0,0,0,0,0,0,0,0,0,0,0,0,0,0,0,0,0,0,0,0,0,0,0,0,0,0,0,0,0,0,0,0,0,0,0,0,0,0,0,0,72,0,0,0,0,0,0,0,0,72,0
2021,Portugal,GAVI,TLS,Timor-Leste,0,33,0,0,0,0,0,0,0,0,0,0,0,0,0,0,0,0,0,0,0,0,0,0,0,0,0,0,0,0,0,0,0,0,0,0,0,0,0,0,0,0,0,0,0,0,0,0,0,0,0,0,0,0,0,0,0,0,0,0,33,0,0,0,0,0,0,0,0,33,0
2021,Private_other,GAVI,TLS,Timor-Leste,0,78,0,0,0,0,0,0,0,0,0,0,0,0,0,0,0,0,0,0,0,0,0,0,0,0,0,0,0,0,0,0,0,0,0,0,0,0,0,0,0,0,0,0,0,0,0,0,0,0,0,0,0,0,0,0,0,0,0,0,77,0,0,0,0,0,0,0,0,77,0
2021,Spain,GAVI,TLS,Timor-Leste,0,304,0,0,0,0,0,0,0,0,0,0,0,7,0,0,0,0,0,0,0,0,0,0,0,0,0,0,0,0,0,0,0,0,0,0,0,0,0,0,0,0,0,0,0,0,0,0,0,0,0,0,0,0,0,0,0,0,0,0,297,0,0,0,7,0,0,0,0,297,0
2021,Sweden,GAVI,TLS,Timor-Leste,0,79,0,0,0,0,0,0,0,0,0,0,0,12,0,0,0,0,0,0,0,0,0,0,0,0,0,0,0,0,0,0,0,0,0,0,0,0,0,0,0,0,0,0,0,0,0,0,0,0,0,0,0,0,0,0,0,0,0,0,67,0,0,0,12,0,0,0,0,67,0
2021,Switzerland,GAVI,TLS,Timor-Leste,0,116,0,0,0,0,0,0,0,0,0,0,0,0,0,0,0,0,0,0,0,0,0,0,0,0,0,0,0,0,0,0,0,0,0,0,0,0,0,0,0,0,0,0,0,0,0,0,0,0,0,0,0,0,0,0,0,0,0,0,116,0,0,0,0,0,0,0,0,116,0
2021,United_Kingdom,GAVI,TLS,Timor-Leste,0,302,0,0,0,0,0,0,0,0,0,0,0,112,0,0,0,0,0,0,0,0,0,0,0,0,0,0,0,0,0,0,0,0,0,0,0,0,0,0,0,0,0,0,0,0,0,0,0,0,0,0,0,0,0,0,0,0,0,0,189,0,0,0,112,0,0,0,0,189,0
2021,United_States,GAVI,TLS,Timor-Leste,0,6062,0,0,0,0,0,0,0,0,0,0,0,3,0,0,0,0,0,0,0,0,0,0,0,0,0,0,0,0,0,0,0,0,0,0,0,0,0,0,0,0,0,0,0,0,0,0,0,0,0,0,0,0,0,0,0,0,0,0,6060,0,0,0,3,0,0,0,0,6060,0
2021,Australia,GFATM,TLS,Timor-Leste,0,166,0,0,0,0,0,0,0,0,0,0,0,0,0,0,0,0,4,5,0,0,1,2,0,2,7,1,0,1,2,1,1,4,1,0,4,3,2,1,4,1,4,8,2,3,1,0,0,0,0,0,0,0,0,0,0,0,0,0,104,0,0,0,0,0,22,18,22,104,0
2021,Austria,GFATM,TLS,Timor-Leste,0,14,0,0,0,0,0,0,0,0,0,0,0,0,0,0,0,0,1,1,0,0,0,0,0,0,1,0,0,0,0,0,0,1,0,0,1,1,0,0,1,0,1,2,0,1,0,0,0,0,0,0,0,0,0,0,0,0,0,0,2,0,0,0,0,0,4,3,4,2,0
2021,Belgium,GFATM,TLS,Timor-Leste,0,146,0,0,0,0,0,0,0,0,0,0,0,0,0,0,0,0,2,3,0,0,0,1,0,1,4,1,0,0,1,0,0,3,0,0,3,2,1,0,2,1,2,5,1,2,1,0,0,0,0,0,0,0,0,0,0,0,0,0,108,0,0,0,0,0,13,11,14,108,0
2021,Canada,GFATM,TLS,Timor-Leste,0,463,0,1,0,0,0,0,0,0,0,0,0,0,0,0,0,0,22,31,2,1,4,11,0,12,38,5,2,4,11,3,3,24,3,0,24,18,9,4,22,6,21,48,9,18,5,0,0,0,0,0,0,0,0,0,0,0,0,0,104,0,0,0,0,0,128,103,129,104,1
2021,China,GFATM,TLS,Timor-Leste,0,117,0,0,0,0,0,0,0,0,0,0,0,0,0,0,0,0,1,1,0,0,0,0,0,0,1,0,0,0,0,0,0,1,0,0,1,1,0,0,1,0,1,2,0,1,0,0,0,0,0,0,0,0,0,0,0,0,0,0,104,0,0,0,0,0,5,4,5,104,0
2021,Denmark,GFATM,TLS,Timor-Leste,0,137,0,0,0,0,0,0,0,0,0,0,0,0,0,0,0,0,2,3,0,0,0,1,0,1,3,0,0,0,1,0,0,2,0,0,2,2,1,0,2,1,2,4,1,2,0,0,0,0,0,0,0,0,0,0,0,0,0,0,106,0,0,0,0,0,11,9,11,106,0
2021,Finland,GFATM,TLS,Timor-Leste,0,10,0,0,0,0,0,0,0,0,0,0,0,0,0,0,0,0,0,1,0,0,0,0,0,0,1,0,0,0,0,0,0,1,0,0,1,0,0,0,0,0,0,1,0,0,0,0,0,0,0,0,0,0,0,0,0,0,0,0,2,0,0,0,0,0,3,2,3,2,0
2021,France,GFATM,TLS,Timor-Leste,0,582,0,1,0,0,0,0,0,0,0,0,0,0,0,0,0,0,28,40,3,1,5,14,0,16,48,7,2,5,14,4,4,31,4,0,31,23,11,5,28,8,27,61,11,23,7,0,0,0,0,0,0,0,0,0,0,0,0,0,122,0,0,0,0,0,163,131,165,122,1
2021,Gates Foundation,GFATM,TLS,Timor-Leste,0,384,0,0,0,0,0,0,0,0,0,0,0,0,0,0,0,0,17,25,2,0,3,8,0,10,29,4,1,3,8,2,2,19,2,0,19,14,7,3,17,5,16,37,7,14,4,0,0,0,0,0,0,0,0,0,0,0,0,0,104,0,0,0,0,0,100,80,100,104,0
2021,Germany,GFATM,TLS,Timor-Leste,0,1208,0,1,0,0,0,0,0,0,0,0,0,0,0,0,0,0,47,67,5,1,8,23,0,26,81,11,3,8,23,7,7,51,7,0,52,39,19,8,46,13,45,103,19,39,12,0,0,0,0,0,0,0,0,0,0,0,0,0,438,0,0,0,0,0,273,220,275,438,1
2021,Greece,GFATM,TLS,Timor-Leste,0,8,0,0,0,0,0,0,0,0,0,0,0,0,0,0,0,0,0,1,0,0,0,0,0,0,1,0,0,0,0,0,0,0,0,0,0,0,0,0,0,0,0,1,0,0,0,0,0,0,0,0,0,0,0,0,0,0,0,0,1,0,0,0,0,0,2,2,2,1,0
2021,Ireland,GFATM,TLS,Timor-Leste,0,133,0,0,0,0,0,0,0,0,0,0,0,0,0,0,0,0,2,2,0,0,0,1,0,1,3,0,0,0,1,0,0,2,0,0,2,1,1,0,2,0,2,4,1,1,0,0,0,0,0,0,0,0,0,0,0,0,0,0,106,0,0,0,0,0,10,8,10,106,0
2021,Italy,GFATM,TLS,Timor-Leste,0,242,0,0,0,0,0,0,0,0,0,0,0,0,0,0,0,0,8,11,1,0,1,4,0,4,13,2,1,1,4,1,1,8,1,0,8,6,3,1,7,2,7,17,3,6,2,0,0,0,0,0,0,0,0,0,0,0,0,0,117,0,0,0,0,0,44,36,45,117,0
2021,Japan,GFATM,TLS,Timor-Leste,0,308,0,0,0,0,0,0,0,0,0,0,0,0,0,0,0,0,12,18,1,0,2,6,0,7,21,3,1,2,6,2,2,14,2,0,14,10,5,2,12,3,12,27,5,10,3,0,0,0,0,0,0,0,0,0,0,0,0,0,104,0,0,0,0,0,73,58,73,104,0
2021,Luxembourg,GFATM,TLS,Timor-Leste,0,112,0,0,0,0,0,0,0,0,0,0,0,0,0,0,0,0,0,1,0,0,0,0,0,0,1,0,0,0,0,0,0,1,0,0,1,0,0,0,0,0,0,1,0,0,0,0,0,0,0,0,0,0,0,0,0,0,0,0,104,0,0,0,0,0,3,2,3,104,0
2021,Netherlands,GFATM,TLS,Timor-Leste,0,210,0,0,0,0,0,0,0,0,0,0,0,0,0,0,0,0,6,9,1,0,1,3,0,3,11,1,0,1,3,1,1,7,1,0,7,5,3,1,6,2,6,14,3,5,2,0,0,0,0,0,0,0,0,0,0,0,0,0,108,0,0,0,0,0,36,29,37,108,0
2021,New_Zealand,GFATM,TLS,Timor-Leste,0,105,0,0,0,0,0,0,0,0,0,0,0,0,0,0,0,0,0,0,0,0,0,0,0,0,0,0,0,0,0,0,0,0,0,0,0,0,0,0,0,0,0,0,0,0,0,0,0,0,0,0,0,0,0,0,0,0,0,0,104,0,0,0,0,0,0,0,0,104,0
2021,Non_OECD_DAC_countries,GFATM,TLS,Timor-Leste,0,478,0,0,0,0,0,0,0,0,0,0,0,0,0,0,0,0,4,6,0,0,1,2,0,2,7,1,0,1,2,1,1,4,1,0,4,3,2,1,4,1,4,8,2,3,1,0,0,0,0,0,0,0,0,0,0,0,0,0,415,0,0,0,0,0,22,18,23,415,0
2021,Non_OECD_non_DAC_countries,GFATM,TLS,Timor-Leste,0,1278,0,0,0,0,0,0,0,0,0,0,0,0,0,0,0,0,2,3,0,0,0,1,0,1,3,0,0,0,1,0,0,2,0,0,2,2,1,0,2,1,2,4,1,2,0,0,0,0,0,0,0,0,0,0,0,0,0,0,1245,0,0,0,0,0,12,9,12,1245,0
2021,Norway,GFATM,TLS,Timor-Leste,0,250,0,0,0,0,0,0,0,0,0,0,0,0,0,0,0,0,9,13,1,0,2,4,0,5,15,2,1,2,4,1,1,10,1,0,10,7,4,2,9,2,9,20,4,7,2,0,0,0,0,0,0,0,0,0,0,0,0,0,104,0,0,0,0,0,52,42,52,104,0
2021,Other_OECD_DAC_countries,GFATM,TLS,Timor-Leste,0,42,0,0,0,0,0,0,0,0,0,0,0,0,0,0,0,0,2,3,0,0,0,1,0,1,4,0,0,0,1,0,0,2,0,0,2,2,1,0,2,1,2,5,1,2,1,0,0,0,0,0,0,0,0,0,0,0,0,0,7,0,0,0,0,0,12,10,12,7,0
2021,Portugal,GFATM,TLS,Timor-Leste,0,113,0,0,0,0,0,0,0,0,0,0,0,0,0,0,0,0,0,1,0,0,0,0,0,0,1,0,0,0,0,0,0,1,0,0,1,0,0,0,0,0,0,1,0,0,0,0,0,0,0,0,0,0,0,0,0,0,0,0,105,0,0,0,0,0,3,2,3,105,0
2021,Private_other,GFATM,TLS,Timor-Leste,0,1296,0,0,0,0,0,0,0,0,0,0,0,0,0,0,0,0,3,4,0,0,1,1,0,2,5,1,0,1,2,0,0,3,0,0,3,3,1,1,3,1,3,7,1,3,1,0,0,0,0,0,0,0,0,0,0,0,0,0,1245,0,0,0,0,0,18,14,18,1245,0
2021,Spain,GFATM,TLS,Timor-Leste,0,191,0,0,0,0,0,0,0,0,0,0,0,0,0,0,0,0,5,7,0,0,1,2,0,3,8,1,0,1,2,1,1,5,1,0,5,4,2,1,5,1,5,10,2,4,1,0,0,0,0,0,0,0,0,0,0,0,0,0,113,0,0,0,0,0,28,22,28,113,0
2021,Sweden,GFATM,TLS,Timor-Leste,0,230,0,0,0,0,0,0,0,0,0,0,0,0,0,0,0,0,8,11,1,0,1,4,0,4,13,2,1,1,4,1,1,8,1,0,8,6,3,1,7,2,7,16,3,6,2,0,0,0,0,0,0,0,0,0,0,0,0,0,107,0,0,0,0,0,44,35,44,107,0
2021,Switzerland,GFATM,TLS,Timor-Leste,0,186,0,0,0,0,0,0,0,0,0,0,0,0,0,0,0,0,5,7,1,0,1,2,0,3,9,1,0,1,2,1,1,5,1,0,6,4,2,1,5,1,5,11,2,4,1,0,0,0,0,0,0,0,0,0,0,0,0,0,104,0,0,0,0,0,29,23,29,104,0
2021,United_Kingdom,GFATM,TLS,Timor-Leste,0,685,0,1,0,0,0,0,0,0,0,0,0,0,0,0,0,0,35,50,4,1,6,17,0,19,60,8,2,6,17,5,5,38,5,0,38,29,14,6,34,9,33,76,14,29,9,0,0,0,0,0,0,0,0,0,0,0,0,0,115,0,0,0,0,0,203,163,204,115,1
2021,United_States,GFATM,TLS,Timor-Leste,0,2616,0,4,0,0,0,0,0,0,0,0,0,0,0,0,0,0,154,220,16,4,27,75,1,85,264,36,11,26,75,22,22,167,21,0,169,126,62,27,150,41,147,335,62,126,38,0,0,0,0,0,0,0,0,0,0,0,0,0,104,0,0,0,0,0,892,717,899,104,4
2021,Australia,INTLNGO,TLS,Timor-Leste,0,4626,203,0,0,233,286,916,0,282,426,0,210,0,158,0,0,0,0,0,0,0,0,0,0,0,0,0,0,4,0,2,0,3,0,0,0,0,0,0,0,0,0,0,0,0,0,0,0,0,0,78,156,0,0,0,0,0,0,0,346,1325,0,1910,368,0,0,9,0,579,436
2021,Canada,INTLNGO,TLS,Timor-Leste,0,168,0,0,0,0,0,13,1,0,0,0,139,0,0,0,0,0,0,0,0,0,0,0,0,0,0,0,0,0,0,0,0,0,0,0,0,0,0,0,0,0,0,0,0,0,0,0,0,0,1,0,0,0,0,0,0,0,0,0,4,9,0,14,139,0,0,0,0,5,0
2021,France,INTLNGO,TLS,Timor-Leste,0,4,0,0,0,0,0,0,0,0,0,0,0,0,0,0,0,0,0,0,0,0,0,0,0,0,0,0,0,0,0,0,0,0,0,0,0,0,0,0,0,0,0,0,0,0,0,0,0,0,0,0,2,2,0,0,0,0,0,0,0,0,0,0,0,0,0,0,0,4,0
2021,Germany,INTLNGO,TLS,Timor-Leste,0,102,1,0,1,0,0,0,0,0,0,0,0,0,0,0,0,0,0,0,0,0,0,0,0,0,0,0,0,0,0,0,0,0,0,0,0,0,0,0,0,0,0,0,0,0,0,0,0,0,0,0,0,0,0,0,0,0,0,0,0,100,0,0,0,0,1,0,0,0,2
2021,Ireland,INTLNGO,TLS,Timor-Leste,0,3,0,0,0,0,0,0,0,0,0,0,1,0,0,0,1,0,0,0,0,0,0,0,0,0,0,0,0,0,0,0,0,0,0,0,0,0,0,0,0,0,0,0,0,0,0,0,0,0,0,0,0,0,0,0,0,0,0,0,0,0,0,1,2,0,0,0,0,0,0
2021,Japan,INTLNGO,TLS,Timor-Leste,0,1239,0,0,352,0,0,0,0,0,224,0,0,0,0,0,373,0,0,0,0,0,0,0,0,0,0,0,0,0,0,0,0,0,0,0,0,0,0,0,0,0,0,0,0,0,0,0,0,0,0,0,0,0,0,0,0,0,0,0,0,290,0,224,373,0,0,0,0,0,352
2021,New_Zealand,INTLNGO,TLS,Timor-Leste,0,20,0,0,0,0,0,0,0,0,0,0,0,0,0,0,0,0,0,0,0,0,0,0,0,0,0,0,0,0,0,0,0,0,0,0,0,0,0,0,0,0,0,0,0,0,0,0,0,0,20,0,0,0,0,0,0,0,0,0,0,0,0,0,0,0,0,0,0,20,0
2021,Sweden,INTLNGO,TLS,Timor-Leste,0,1,0,0,0,0,0,0,0,0,0,0,0,0,0,0,0,0,0,0,0,0,0,0,0,0,0,0,0,0,0,0,0,0,0,0,0,0,0,0,0,0,0,0,0,0,0,0,0,0,0,0,0,0,0,0,0,0,0,0,1,0,0,0,0,0,0,0,0,1,0
2021,United_Kingdom,INTLNGO,TLS,Timor-Leste,0,10,0,0,0,0,0,0,0,0,0,0,0,0,0,0,0,0,0,0,0,0,0,0,0,0,0,0,0,0,0,0,0,0,0,0,0,0,0,0,0,0,0,0,0,0,0,0,0,0,0,0,0,0,0,0,0,0,0,0,0,10,0,0,0,0,0,0,0,0,0
2021,United_States,INTLNGO,TLS,Timor-Leste,0,13,0,0,0,0,1,2,0,1,2,0,0,0,0,0,0,0,0,0,0,0,0,0,0,0,0,0,0,0,1,0,2,0,0,0,0,1,2,0,0,0,0,0,0,0,0,0,0,0,0,0,0,0,0,0,0,0,0,0,0,0,0,6,0,0,1,5,0,0,0
2021,Corporate_donations,NGO,TLS,Timor-Leste,0,219,35,0,5,0,0,0,0,1,1,1,4,0,11,10,1,1,1,2,0,0,0,0,0,0,1,0,0,0,0,0,0,0,0,0,0,0,0,0,0,0,0,0,0,0,0,0,0,0,1,0,0,0,0,2,22,11,100,0,0,5,0,3,28,135,5,0,0,1,40
2021,Gates Foundation,NGO,TLS,Timor-Leste,0,74,2,0,2,4,0,0,1,1,1,0,1,10,0,4,0,6,1,0,0,0,0,2,0,2,2,2,0,1,0,0,2,1,1,0,1,3,4,0,5,0,2,0,1,1,0,0,0,0,0,0,0,0,0,0,1,3,4,1,0,0,0,3,21,9,11,14,9,0,8
2021,Private_other,NGO,TLS,Timor-Leste,0,862,88,1,39,5,2,8,16,3,16,3,27,44,38,36,34,19,3,3,0,1,1,2,0,18,3,3,0,1,0,0,1,1,1,0,8,2,2,0,1,0,0,0,0,0,0,0,0,0,4,1,4,1,14,17,44,24,143,1,0,176,0,48,199,243,35,16,2,9,133
2021,United_States,NGO,TLS,Timor-Leste,0,109,0,0,0,0,14,34,0,9,22,0,0,0,0,6,18,0,0,0,0,0,0,0,0,0,0,0,0,0,0,0,0,0,0,0,0,0,0,0,0,0,0,0,0,0,0,0,0,0,2,0,0,0,0,0,0,0,0,0,4,1,0,78,24,0,0,1,0,6,0
2021,Australia,UNFPA,TLS,Timor-Leste,0,39,0,0,0,0,4,4,9,13,1,0,0,0,0,0,0,0,0,0,0,0,0,0,0,4,0,0,0,0,0,0,0,0,0,0,0,0,0,0,0,0,0,0,0,0,0,0,0,0,0,0,0,0,0,0,0,0,0,0,4,0,0,31,0,0,4,0,0,4,0
2021,Austria,UNFPA,TLS,Timor-Leste,0,4,0,0,0,0,0,0,1,1,0,0,0,0,0,0,0,0,0,0,0,0,0,0,0,0,0,0,0,0,0,0,0,0,0,0,0,0,0,0,0,0,0,0,0,0,0,0,0,0,0,0,0,0,0,0,0,0,0,0,0,0,0,3,0,0,0,0,0,0,0
2021,Belgium,UNFPA,TLS,Timor-Leste,0,18,0,0,0,0,2,2,5,6,0,0,0,0,0,0,0,0,0,0,0,0,0,0,0,2,0,0,0,0,0,0,0,0,0,0,0,0,0,0,0,0,0,0,0,0,0,0,0,0,0,0,0,0,0,0,0,0,0,0,0,0,0,16,0,0,2,0,0,0,0
2021,Canada,UNFPA,TLS,Timor-Leste,0,61,0,0,0,0,7,7,16,22,2,0,0,0,0,0,0,0,0,0,0,0,0,0,0,7,0,0,0,0,0,0,0,0,0,0,0,0,0,0,0,0,0,0,0,0,0,0,0,0,0,0,0,0,0,0,0,0,0,0,0,0,0,54,0,0,7,0,0,0,0
2021,China,UNFPA,TLS,Timor-Leste,0,4,0,0,0,0,0,0,1,1,0,0,0,0,0,0,0,0,0,0,0,0,0,0,0,0,0,0,0,0,0,0,0,0,0,0,0,0,0,0,0,0,0,0,0,0,0,0,0,0,0,0,0,0,0,0,0,0,0,0,1,0,0,3,0,0,0,0,0,1,0
2021,Corporate_donations,UNFPA,TLS,Timor-Leste,0,1,0,0,0,0,0,0,0,0,0,0,0,0,0,0,0,0,0,0,0,0,0,0,0,0,0,0,0,0,0,0,0,0,0,0,0,0,0,0,0,0,0,0,0,0,0,0,0,0,0,0,0,0,0,0,0,0,0,0,0,0,0,1,0,0,0,0,0,0,0
2021,Denmark,UNFPA,TLS,Timor-Leste,0,76,0,0,0,0,9,9,20,27,2,0,0,0,0,0,0,0,0,0,0,0,0,0,0,9,0,0,0,0,0,0,0,0,0,0,0,0,0,0,0,0,0,0,0,0,0,0,0,0,0,0,0,0,0,0,0,0,0,0,0,0,0,67,0,0,9,0,0,0,0
2021,Finland,UNFPA,TLS,Timor-Leste,0,63,0,0,0,0,7,7,17,23,2,0,0,0,0,0,0,0,0,0,0,0,0,0,0,7,0,0,0,0,0,0,0,0,0,0,0,0,0,0,0,0,0,0,0,0,0,0,0,0,0,0,0,0,0,0,0,0,0,0,0,0,0,56,0,0,7,0,0,0,0
2021,France,UNFPA,TLS,Timor-Leste,0,15,0,0,0,0,2,2,4,5,0,0,0,0,0,0,0,0,0,0,0,0,0,0,0,2,0,0,0,0,0,0,0,0,0,0,0,0,0,0,0,0,0,0,0,0,0,0,0,0,0,0,0,0,0,0,0,0,0,0,1,0,0,13,0,0,2,0,0,1,0
2021,Germany,UNFPA,TLS,Timor-Leste,0,85,0,0,0,0,10,10,23,30,2,0,0,0,0,0,0,0,0,0,0,0,0,0,0,10,0,0,0,0,0,0,0,0,0,0,0,0,0,0,0,0,0,0,0,0,0,0,0,0,0,0,0,0,0,0,0,0,0,0,1,0,0,74,0,0,10,0,0,1,0
2021,Ireland,UNFPA,TLS,Timor-Leste,0,10,0,0,0,0,1,1,3,4,0,0,0,0,0,0,0,0,0,0,0,0,0,0,0,1,0,0,0,0,0,0,0,0,0,0,0,0,0,0,0,0,0,0,0,0,0,0,0,0,0,0,0,0,0,0,0,0,0,0,0,0,0,9,0,0,1,0,0,0,0
2021,Italy,UNFPA,TLS,Timor-Leste,0,22,0,0,0,0,2,2,6,8,1,0,0,0,0,0,0,0,0,0,0,0,0,0,0,2,0,0,0,0,0,0,0,0,0,0,0,0,0,0,0,0,0,0,0,0,0,0,0,0,0,0,0,0,0,0,0,0,0,0,1,0,0,19,0,0,2,0,0,1,0
2021,Japan,UNFPA,TLS,Timor-Leste,0,42,0,0,0,0,5,5,11,15,1,0,0,0,0,0,0,0,0,0,0,0,0,0,0,5,0,0,0,0,0,0,0,0,0,0,0,0,0,0,0,0,0,0,0,0,0,0,0,0,0,0,0,0,0,0,0,0,0,0,2,0,0,36,0,0,5,0,0,2,0
2021,Korea,UNFPA,TLS,Timor-Leste,0,34,0,0,0,0,4,4,9,12,1,0,0,0,0,0,0,0,0,0,0,0,0,0,0,4,0,0,0,0,0,0,0,0,0,0,0,0,0,0,0,0,0,0,0,0,0,0,0,0,0,0,0,0,0,0,0,0,0,0,0,0,0,30,0,0,4,0,0,0,0
2021,Luxembourg,UNFPA,TLS,Timor-Leste,0,6,0,0,0,0,1,1,2,2,0,0,0,0,0,0,0,0,0,0,0,0,0,0,0,1,0,0,0,0,0,0,0,0,0,0,0,0,0,0,0,0,0,0,0,0,0,0,0,0,0,0,0,0,0,0,0,0,0,0,0,0,0,5,0,0,1,0,0,0,0
2021,Netherlands,UNFPA,TLS,Timor-Leste,0,81,0,0,0,0,9,9,22,29,2,0,0,0,0,0,0,0,0,0,0,0,0,0,0,9,0,0,0,0,0,0,0,0,0,0,0,0,0,0,0,0,0,0,0,0,0,0,0,0,0,0,0,0,0,0,0,0,0,0,0,0,0,71,0,0,9,0,0,0,0
2021,New_Zealand,UNFPA,TLS,Timor-Leste,0,8,0,0,0,0,1,1,2,3,0,0,0,0,0,0,0,0,0,0,0,0,0,0,0,1,0,0,0,0,0,0,0,0,0,0,0,0,0,0,0,0,0,0,0,0,0,0,0,0,0,0,0,0,0,0,0,0,0,0,0,0,0,7,0,0,1,0,0,0,0
2021,Non_OECD_DAC_countries,UNFPA,TLS,Timor-Leste,0,2,0,0,0,0,0,0,1,1,0,0,0,0,0,0,0,0,0,0,0,0,0,0,0,0,0,0,0,0,0,0,0,0,0,0,0,0,0,0,0,0,0,0,0,0,0,0,0,0,0,0,0,0,0,0,0,0,0,0,0,0,0,2,0,0,0,0,0,0,0
2021,Non_OECD_non_DAC_countries,UNFPA,TLS,Timor-Leste,0,82,0,0,0,0,9,9,22,29,2,0,0,0,0,0,0,0,0,0,0,0,0,0,0,9,0,0,0,0,0,0,0,0,0,0,0,0,0,0,0,0,0,0,0,0,0,0,0,0,0,0,0,0,0,0,0,0,0,0,0,0,0,73,0,0,9,0,0,0,0
2021,Norway,UNFPA,TLS,Timor-Leste,0,95,0,0,0,0,10,10,24,32,2,0,0,0,0,0,0,0,0,0,0,0,0,0,0,10,0,0,0,0,0,0,0,0,0,0,0,0,0,0,0,0,0,0,0,0,0,0,0,0,0,0,0,0,0,0,0,0,0,0,5,0,0,79,0,0,10,0,0,5,0
2021,Other,UNFPA,TLS,Timor-Leste,0,505,0,0,0,0,57,57,133,178,12,0,0,0,0,0,0,0,0,0,0,0,0,0,0,57,0,0,0,0,0,0,0,0,0,0,0,0,0,0,0,0,0,0,0,0,0,0,0,0,0,0,0,0,0,0,0,0,0,0,11,0,0,437,0,0,57,0,0,11,0
2021,Other_OECD_DAC_countries,UNFPA,TLS,Timor-Leste,0,10,0,0,0,0,1,1,3,3,0,0,0,0,0,0,0,0,0,0,0,0,0,0,0,1,0,0,0,0,0,0,0,0,0,0,0,0,0,0,0,0,0,0,0,0,0,0,0,0,0,0,0,0,0,0,0,0,0,0,0,0,0,9,0,0,1,0,0,0,0
2021,Private_other,UNFPA,TLS,Timor-Leste,0,5,0,0,0,0,1,1,1,2,0,0,0,0,0,0,0,0,0,0,0,0,0,0,0,1,0,0,0,0,0,0,0,0,0,0,0,0,0,0,0,0,0,0,0,0,0,0,0,0,0,0,0,0,0,0,0,0,0,0,0,0,0,5,0,0,1,0,0,0,0
2021,Spain,UNFPA,TLS,Timor-Leste,0,7,0,0,0,0,1,1,2,2,0,0,0,0,0,0,0,0,0,0,0,0,0,0,0,1,0,0,0,0,0,0,0,0,0,0,0,0,0,0,0,0,0,0,0,0,0,0,0,0,0,0,0,0,0,0,0,0,0,0,0,0,0,6,0,0,1,0,0,0,0
2021,Sweden,UNFPA,TLS,Timor-Leste,0,152,0,0,0,0,18,18,41,55,4,0,0,0,0,0,0,0,0,0,0,0,0,0,0,18,0,0,0,0,0,0,0,0,0,0,0,0,0,0,0,0,0,0,0,0,0,0,0,0,0,0,0,0,0,0,0,0,0,0,0,0,0,134,0,0,18,0,0,0,0
2021,Switzerland,UNFPA,TLS,Timor-Leste,0,39,0,0,0,0,4,4,10,14,1,0,0,0,0,0,0,0,0,0,0,0,0,0,0,4,0,0,0,0,0,0,0,0,0,0,0,0,0,0,0,0,0,0,0,0,0,0,0,0,0,0,0,0,0,0,0,0,0,0,0,0,0,34,0,0,4,0,0,0,0
2021,Unallocable,UNFPA,TLS,Timor-Leste,0,4,0,0,0,0,1,1,1,2,0,0,0,0,0,0,0,0,0,0,0,0,0,0,0,1,0,0,0,0,0,0,0,0,0,0,0,0,0,0,0,0,0,0,0,0,0,0,0,0,0,0,0,0,0,0,0,0,0,0,0,0,0,4,0,0,1,0,0,0,0
2021,United_Kingdom,UNFPA,TLS,Timor-Leste,0,53,0,0,0,0,6,6,14,19,1,0,0,0,0,0,0,0,0,0,0,0,0,0,0,6,0,0,0,0,0,0,0,0,0,0,0,0,0,0,0,0,0,0,0,0,0,0,0,0,0,0,0,0,0,0,0,0,0,0,1,0,0,47,0,0,6,0,0,1,0
2021,United_States,UNFPA,TLS,Timor-Leste,0,103,0,0,0,0,12,12,28,37,3,0,0,0,0,0,0,0,0,0,0,0,0,0,0,12,0,0,0,0,0,0,0,0,0,0,0,0,0,0,0,0,0,0,0,0,0,0,0,0,0,0,0,0,0,0,0,0,0,0,0,0,0,91,0,0,12,0,0,0,0
2021,Australia,UNICEF,TLS,Timor-Leste,0,21,0,0,0,0,0,0,1,0,0,0,6,4,3,4,0,0,0,0,0,0,0,0,0,0,0,0,0,0,0,0,0,0,0,0,0,0,0,0,0,0,0,0,0,0,0,0,0,0,0,0,0,0,0,0,0,0,0,0,3,0,0,1,17,0,0,0,0,3,0
2021,Austria,UNICEF,TLS,Timor-Leste,0,12,0,0,0,0,0,0,1,0,0,0,4,3,2,3,0,0,0,0,0,0,0,0,0,0,0,0,0,0,0,0,0,0,0,0,0,0,0,0,0,0,0,0,0,0,0,0,0,0,0,0,0,0,0,0,0,0,0,0,0,0,0,1,11,0,0,0,0,0,0
2021,Belgium,UNICEF,TLS,Timor-Leste,0,33,0,0,0,0,0,0,2,0,0,0,10,8,5,7,0,0,0,0,0,0,0,0,0,0,0,0,0,0,0,0,0,0,0,0,0,0,0,0,0,0,0,0,0,0,0,0,0,0,0,0,0,0,0,0,0,0,0,0,0,0,0,2,30,0,1,0,0,0,0
2021,Canada,UNICEF,TLS,Timor-Leste,0,87,0,0,0,0,0,0,6,0,0,0,22,17,11,17,0,0,1,1,0,0,1,0,0,0,0,0,0,0,0,0,0,0,0,0,0,0,0,0,0,0,0,0,0,0,0,0,0,0,0,0,0,0,0,0,0,0,0,0,12,0,0,6,67,0,2,0,0,12,0
2021,China,UNICEF,TLS,Timor-Leste,0,12,0,0,0,0,0,0,1,0,0,0,3,3,2,3,0,0,0,0,0,0,0,0,0,0,0,0,0,0,0,0,0,0,0,0,0,0,0,0,0,0,0,0,0,0,0,0,0,0,0,0,0,0,0,0,0,0,0,0,0,0,0,1,10,0,0,0,0,0,0
2021,Denmark,UNICEF,TLS,Timor-Leste,0,32,0,0,0,0,0,0,2,0,0,0,9,7,4,7,0,0,0,0,0,0,0,0,0,0,0,0,0,0,0,0,0,0,0,0,0,0,0,0,0,0,0,0,0,0,0,0,0,0,0,0,0,0,0,0,0,0,0,0,2,0,0,2,28,0,1,0,0,2,0
2021,Finland,UNICEF,TLS,Timor-Leste,0,16,0,0,0,0,0,0,1,0,0,0,4,3,2,3,0,0,0,0,0,0,0,0,0,0,0,0,0,0,0,0,0,0,0,0,0,0,0,0,0,0,0,0,0,0,0,0,0,0,0,0,0,0,0,0,0,0,0,0,2,0,0,1,13,0,0,0,0,2,0
2021,France,UNICEF,TLS,Timor-Leste,0,66,0,0,0,0,0,0,5,0,0,0,20,15,9,15,0,0,0,1,0,0,0,0,0,0,0,0,0,0,0,0,0,0,0,0,0,0,0,0,0,0,0,0,0,0,0,0,0,0,0,0,0,0,0,0,0,0,0,0,1,0,0,5,59,0,2,0,0,1,0
2021,Gates Foundation,UNICEF,TLS,Timor-Leste,0,4,0,0,0,0,0,0,0,0,0,0,1,1,1,1,0,0,0,0,0,0,0,0,0,0,0,0,0,0,0,0,0,0,0,0,0,0,0,0,0,0,0,0,0,0,0,0,0,0,0,0,0,0,0,0,0,0,0,0,0,0,0,0,4,0,0,0,0,0,0
2021,Germany,UNICEF,TLS,Timor-Leste,0,398,0,0,0,0,0,0,26,0,0,0,104,80,50,78,0,0,3,3,0,0,3,0,0,0,0,0,0,0,0,0,0,0,0,0,0,0,0,0,0,0,0,0,0,0,0,0,0,0,0,0,0,0,0,0,0,0,0,0,52,0,0,26,312,0,8,0,0,52,0
2021,Greece,UNICEF,TLS,Timor-Leste,0,3,0,0,0,0,0,0,0,0,0,0,1,1,0,1,0,0,0,0,0,0,0,0,0,0,0,0,0,0,0,0,0,0,0,0,0,0,0,0,0,0,0,0,0,0,0,0,0,0,0,0,0,0,0,0,0,0,0,0,0,0,0,0,3,0,0,0,0,0,0
2021,Ireland,UNICEF,TLS,Timor-Leste,0,15,0,0,0,0,0,0,1,0,0,0,4,3,2,3,0,0,0,0,0,0,0,0,0,0,0,0,0,0,0,0,0,0,0,0,0,0,0,0,0,0,0,0,0,0,0,0,0,0,0,0,0,0,0,0,0,0,0,0,1,0,0,1,13,0,0,0,0,1,0
2021,Italy,UNICEF,TLS,Timor-Leste,0,49,0,0,0,0,0,0,4,0,0,0,15,11,7,11,0,0,0,0,0,0,0,0,0,0,0,0,0,0,0,0,0,0,0,0,0,0,0,0,0,0,0,0,0,0,0,0,0,0,0,0,0,0,0,0,0,0,0,0,1,0,0,4,44,0,1,0,0,1,0
2021,Japan,UNICEF,TLS,Timor-Leste,0,134,0,0,0,0,0,0,10,0,0,0,39,30,19,29,0,0,1,1,0,0,1,0,0,0,0,0,0,0,0,0,0,0,0,0,0,0,0,0,0,0,0,0,0,0,0,0,0,0,0,0,0,0,0,0,0,0,0,0,4,0,0,10,117,0,3,0,0,4,0
2021,Korea,UNICEF,TLS,Timor-Leste,0,20,0,0,0,0,0,0,1,0,0,0,4,3,2,3,0,0,0,0,0,0,0,0,0,0,0,0,0,0,0,0,0,0,0,0,0,0,0,0,0,0,0,0,0,0,0,0,0,0,0,0,0,0,0,0,0,0,0,0,5,0,0,1,13,0,0,0,0,5,0
2021,Luxembourg,UNICEF,TLS,Timor-Leste,0,13,0,0,0,0,0,0,1,0,0,0,4,3,2,3,0,0,0,0,0,0,0,0,0,0,0,0,0,0,0,0,0,0,0,0,0,0,0,0,0,0,0,0,0,0,0,0,0,0,0,0,0,0,0,0,0,0,0,0,0,0,0,1,12,0,0,0,0,0,0
2021,Netherlands,UNICEF,TLS,Timor-Leste,0,16,0,0,0,0,0,0,1,0,0,0,5,4,2,4,0,0,0,0,0,0,0,0,0,0,0,0,0,0,0,0,0,0,0,0,0,0,0,0,0,0,0,0,0,0,0,0,0,0,0,0,0,0,0,0,0,0,0,0,0,0,0,1,14,0,0,0,0,0,0
2021,New_Zealand,UNICEF,TLS,Timor-Leste,0,5,0,0,0,0,0,0,0,0,0,0,1,1,1,1,0,0,0,0,0,0,0,0,0,0,0,0,0,0,0,0,0,0,0,0,0,0,0,0,0,0,0,0,0,0,0,0,0,0,0,0,0,0,0,0,0,0,0,0,0,0,0,0,4,0,0,0,0,0,0
2021,Non_OECD_DAC_countries,UNICEF,TLS,Timor-Leste,0,31,0,0,0,0,0,0,2,0,0,0,9,7,4,7,0,0,0,0,0,0,0,0,0,0,0,0,0,0,0,0,0,0,0,0,0,0,0,0,0,0,0,0,0,0,0,0,0,0,0,0,0,0,0,0,0,0,0,0,1,0,0,2,27,0,1,0,0,1,0
2021,Non_OECD_non_DAC_countries,UNICEF,TLS,Timor-Leste,0,113,0,0,0,0,0,0,8,0,0,0,34,26,16,25,0,0,1,1,0,0,1,0,0,0,0,0,0,0,0,0,0,0,0,0,0,0,0,0,0,0,0,0,0,0,0,0,0,0,0,0,0,0,0,0,0,0,0,0,0,0,0,8,102,0,3,0,0,0,0
2021,Norway,UNICEF,TLS,Timor-Leste,0,55,0,0,0,0,0,0,4,0,0,0,17,13,8,12,0,0,0,1,0,0,0,0,0,0,0,0,0,0,0,0,0,0,0,0,0,0,0,0,0,0,0,0,0,0,0,0,0,0,0,0,0,0,0,0,0,0,0,0,0,0,0,4,50,0,1,0,0,0,0
2021,Other,UNICEF,TLS,Timor-Leste,0,371,0,0,0,0,0,0,22,0,0,0,90,69,43,67,0,0,2,3,0,0,2,0,0,0,0,0,0,0,0,0,0,0,0,0,0,0,0,0,0,0,0,0,0,0,0,0,0,0,0,0,0,0,0,0,0,0,0,0,72,0,0,22,270,0,7,0,0,72,0
2021,Other_OECD_DAC_countries,UNICEF,TLS,Timor-Leste,0,17,0,0,0,0,0,0,1,0,0,0,5,4,2,4,0,0,0,0,0,0,0,0,0,0,0,0,0,0,0,0,0,0,0,0,0,0,0,0,0,0,0,0,0,0,0,0,0,0,0,0,0,0,0,0,0,0,0,0,0,0,0,1,15,0,0,0,0,0,0
2021,Portugal,UNICEF,TLS,Timor-Leste,0,4,0,0,0,0,0,0,0,0,0,0,1,1,1,1,0,0,0,0,0,0,0,0,0,0,0,0,0,0,0,0,0,0,0,0,0,0,0,0,0,0,0,0,0,0,0,0,0,0,0,0,0,0,0,0,0,0,0,0,0,0,0,0,3,0,0,0,0,0,0
2021,Private_other,UNICEF,TLS,Timor-Leste,0,639,0,0,0,0,0,0,48,0,0,0,192,148,92,144,0,0,5,6,0,0,5,0,0,0,0,0,0,0,0,0,0,0,0,0,0,0,0,0,0,0,0,0,0,0,0,0,0,0,0,0,0,0,0,0,0,0,0,0,0,0,0,48,576,0,15,0,0,0,0
2021,Spain,UNICEF,TLS,Timor-Leste,0,31,0,0,0,0,0,0,2,0,0,0,9,7,4,7,0,0,0,0,0,0,0,0,0,0,0,0,0,0,0,0,0,0,0,0,0,0,0,0,0,0,0,0,0,0,0,0,0,0,0,0,0,0,0,0,0,0,0,0,0,0,0,2,27,0,1,0,0,0,0
2021,Sweden,UNICEF,TLS,Timor-Leste,0,160,0,0,0,0,0,0,12,0,0,0,47,36,22,35,0,0,1,1,0,0,1,0,0,0,0,0,0,0,0,0,0,0,0,0,0,0,0,0,0,0,0,0,0,0,0,0,0,0,0,0,0,0,0,0,0,0,0,0,4,0,0,12,141,0,4,0,0,4,0
2021,Switzerland,UNICEF,TLS,Timor-Leste,0,18,0,0,0,0,0,0,1,0,0,0,5,4,3,4,0,0,0,0,0,0,0,0,0,0,0,0,0,0,0,0,0,0,0,0,0,0,0,0,0,0,0,0,0,0,0,0,0,0,0,0,0,0,0,0,0,0,0,0,0,0,0,1,16,0,0,0,0,0,0
2021,United_Kingdom,UNICEF,TLS,Timor-Leste,0,146,0,0,0,0,0,0,11,0,0,0,44,34,21,33,0,0,1,1,0,0,1,0,0,0,0,0,0,0,0,0,0,0,0,0,0,0,0,0,0,0,0,0,0,0,0,0,0,0,0,0,0,0,0,0,0,0,0,0,1,0,0,11,131,0,4,0,0,1,0
2021,United_States,UNICEF,TLS,Timor-Leste,0,423,0,0,0,0,0,0,28,0,0,0,112,86,53,84,0,0,3,3,0,0,3,0,0,0,0,0,0,0,0,0,0,0,0,0,0,0,0,0,0,0,0,0,0,0,0,0,0,0,0,0,0,0,0,0,0,0,0,0,51,0,0,28,335,0,9,0,0,51,0
2021,Private_other,US_FOUND,TLS,Timor-Leste,0,13,0,0,0,0,0,0,0,0,0,0,0,0,0,0,0,0,0,0,0,0,0,0,0,0,0,0,0,0,0,0,0,0,0,0,0,0,0,0,0,0,0,0,0,0,0,0,0,0,0,0,0,0,0,0,0,0,0,0,2,11,0,0,0,0,0,0,0,2,0
2021,Australia,WHO,TLS,Timor-Leste,0,150,34,1,6,32,0,0,0,1,1,0,1,2,0,1,1,2,0,0,0,0,0,0,0,2,0,0,0,0,0,0,2,0,0,0,0,0,0,0,0,0,0,3,1,1,0,0,0,0,22,1,0,2,1,3,0,3,2,0,21,3,0,3,6,9,2,3,4,46,73
2021,Austria,WHO,TLS,Timor-Leste,0,40,8,0,1,7,0,0,0,0,0,0,0,0,0,0,0,0,0,0,0,0,0,0,0,0,0,0,0,0,0,0,0,0,0,0,0,0,0,0,0,0,0,1,0,0,0,0,0,0,5,0,0,0,0,1,0,1,1,0,11,1,0,1,1,2,1,1,1,16,17
2021,Belgium,WHO,TLS,Timor-Leste,0,83,14,0,3,13,0,0,0,0,1,0,0,1,0,0,0,1,0,0,0,0,0,0,0,1,0,0,0,0,0,0,1,0,0,0,0,0,0,0,0,0,0,1,0,0,0,0,0,0,9,0,0,1,0,1,0,1,1,0,30,1,0,1,2,4,1,1,2,40,30
2021,Canada,WHO,TLS,Timor-Leste,0,472,55,1,10,51,0,0,0,2,2,0,1,3,0,2,1,2,0,0,0,0,0,0,0,3,0,0,0,0,0,0,3,1,0,0,0,0,1,0,0,0,0,5,1,1,0,0,0,1,34,1,1,3,1,5,0,4,4,0,266,5,0,4,10,15,4,5,7,306,117
2021,China,WHO,TLS,Timor-Leste,0,279,74,1,14,69,0,0,1,2,3,0,1,4,0,2,2,3,0,0,0,0,0,0,0,4,1,0,0,0,0,0,4,1,0,0,0,1,1,0,0,0,0,6,1,1,0,0,0,1,47,1,1,4,1,7,1,5,5,1,1,7,0,6,13,20,5,6,9,55,158
2021,Corporate_donations,WHO,TLS,Timor-Leste,0,118,31,0,6,29,0,0,0,1,1,0,1,2,0,1,1,1,0,0,0,0,0,0,0,2,0,0,0,0,0,0,2,0,0,0,0,0,0,0,0,0,0,3,1,1,0,0,0,0,20,1,0,2,0,3,0,2,2,0,1,3,0,2,5,8,2,3,4,23,67
2021,Denmark,WHO,TLS,Timor-Leste,0,101,14,0,3,13,0,0,0,0,1,0,0,1,0,0,0,1,0,0,0,0,0,0,0,1,0,0,0,0,0,0,1,0,0,0,0,0,0,0,0,0,0,1,0,0,0,0,0,0,9,0,0,1,0,1,0,1,1,0,49,1,0,1,2,4,1,1,2,59,29
2021,Finland,WHO,TLS,Timor-Leste,0,43,10,0,2,9,0,0,0,0,0,0,0,1,0,0,0,0,0,0,0,0,0,0,0,1,0,0,0,0,0,0,0,0,0,0,0,0,0,0,0,0,0,1,0,0,0,0,0,0,6,0,0,1,0,1,0,1,1,0,7,1,0,1,2,3,1,1,1,14,20
2021,France,WHO,TLS,Timor-Leste,0,456,63,1,12,59,0,0,0,2,2,0,1,4,0,2,2,3,0,0,0,0,0,0,0,4,1,0,0,0,0,0,3,1,0,0,0,1,1,0,0,0,0,5,1,1,0,0,0,1,40,1,1,4,1,6,0,5,4,0,218,6,0,5,11,17,5,5,8,264,135
2021,Gates Foundation,WHO,TLS,Timor-Leste,0,955,245,4,46,228,0,0,2,8,9,0,5,14,0,7,6,11,0,0,0,0,0,1,0,14,2,1,0,1,0,1,12,2,0,0,0,2,2,0,1,0,0,20,5,5,0,0,0,3,154,4,3,15,4,23,2,18,16,2,34,24,0,18,43,65,18,21,31,212,523
2021,Germany,WHO,TLS,Timor-Leste,0,1914,207,3,39,193,0,0,1,6,8,0,4,12,0,6,5,9,0,0,0,0,0,1,0,12,2,1,0,1,0,1,10,2,0,0,0,2,2,0,1,0,0,17,4,4,0,0,0,2,131,3,3,12,3,20,1,15,14,2,1135,20,0,16,36,55,15,17,27,1286,442
2021,Greece,WHO,TLS,Timor-Leste,0,22,4,0,1,4,0,0,0,0,0,0,0,0,0,0,0,0,0,0,0,0,0,0,0,0,0,0,0,0,0,0,0,0,0,0,0,0,0,0,0,0,0,0,0,0,0,0,0,0,3,0,0,0,0,0,0,0,0,0,6,0,0,0,1,1,0,0,1,9,9
2021,Ireland,WHO,TLS,Timor-Leste,0,44,9,0,2,9,0,0,0,0,0,0,0,1,0,0,0,0,0,0,0,0,0,0,0,1,0,0,0,0,0,0,0,0,0,0,0,0,0,0,0,0,0,1,0,0,0,0,0,0,6,0,0,1,0,1,0,1,1,0,10,1,0,1,2,2,1,1,1,16,20
2021,Italy,WHO,TLS,Timor-Leste,0,291,54,1,10,51,0,0,0,2,2,0,1,3,0,2,1,2,0,0,0,0,0,0,0,3,0,0,0,0,0,0,3,1,0,0,0,0,1,0,0,0,0,4,1,1,0,0,0,1,34,1,1,3,1,5,0,4,4,0,87,5,0,4,9,14,4,5,7,127,116
2021,Japan,WHO,TLS,Timor-Leste,0,291,67,1,13,63,0,0,0,2,2,0,1,4,0,2,2,3,0,0,0,0,0,0,0,4,1,0,0,0,0,0,3,1,0,0,0,1,1,0,0,0,0,6,1,1,0,0,0,1,42,1,1,4,1,6,0,5,4,1,38,6,0,5,12,18,5,6,9,87,144
2021,Korea,WHO,TLS,Timor-Leste,0,99,25,0,5,23,0,0,0,1,1,0,0,1,0,1,1,1,0,0,0,0,0,0,0,1,0,0,0,0,0,0,1,0,0,0,0,0,0,0,0,0,0,2,0,0,0,0,0,0,15,0,0,1,0,2,0,2,2,0,7,2,0,2,4,6,2,2,3,25,52
2021,Luxembourg,WHO,TLS,Timor-Leste,0,34,9,0,2,8,0,0,0,0,0,0,0,0,0,0,0,0,0,0,0,0,0,0,0,0,0,0,0,0,0,0,0,0,0,0,0,0,0,0,0,0,0,1,0,0,0,0,0,0,6,0,0,1,0,1,0,1,1,0,1,1,0,1,2,2,1,1,1,8,19
2021,Netherlands,WHO,TLS,Timor-Leste,0,186,35,1,7,33,0,0,0,1,1,0,1,2,0,1,1,2,0,0,0,0,0,0,0,2,0,0,0,0,0,0,2,0,0,0,0,0,0,0,0,0,0,3,1,1,0,0,0,0,22,1,0,2,1,3,0,3,2,0,53,3,0,3,6,9,3,3,5,79,75
2021,New_Zealand,WHO,TLS,Timor-Leste,0,15,3,0,1,3,0,0,0,0,0,0,0,0,0,0,0,0,0,0,0,0,0,0,0,0,0,0,0,0,0,0,0,0,0,0,0,0,0,0,0,0,0,0,0,0,0,0,0,0,2,0,0,0,0,0,0,0,0,0,5,0,0,0,1,1,0,0,0,7,6
2021,Non_OECD_DAC_countries,WHO,TLS,Timor-Leste,0,215,33,1,6,31,0,0,0,1,1,0,1,2,0,1,1,1,0,0,0,0,0,0,0,2,0,0,0,0,0,0,2,0,0,0,0,0,0,0,0,0,0,3,1,1,0,0,0,0,21,1,0,2,0,3,0,2,2,0,92,3,0,2,6,9,2,3,4,116,70
2021,Non_OECD_non_DAC_countries,WHO,TLS,Timor-Leste,0,601,137,2,26,127,0,0,1,4,5,0,3,8,0,4,3,6,0,0,0,0,0,0,0,8,1,0,0,0,0,0,7,1,0,0,0,1,1,0,1,0,0,11,3,3,0,0,0,1,86,2,2,8,2,13,1,10,9,1,88,13,0,10,24,36,10,12,18,187,292
2021,Norway,WHO,TLS,Timor-Leste,0,252,56,1,10,52,0,0,0,2,2,0,1,3,0,2,1,2,0,0,0,0,0,0,0,3,1,0,0,0,0,0,3,1,0,0,0,0,1,0,0,0,0,5,1,1,0,2,0,1,35,1,1,3,1,5,0,4,4,0,41,5,0,4,10,15,4,5,7,83,119
2021,Other,WHO,TLS,Timor-Leste,0,803,174,3,33,162,0,0,1,5,6,0,3,10,0,5,4,8,0,0,0,0,0,1,0,10,2,1,0,1,0,0,8,2,0,0,0,1,2,0,1,0,0,14,3,3,0,0,0,2,109,3,2,10,3,17,1,13,12,1,151,17,0,13,30,46,13,15,22,277,370
2021,Other_OECD_DAC_countries,WHO,TLS,Timor-Leste,0,101,19,0,4,18,0,0,0,1,1,0,0,1,0,1,0,1,0,0,0,0,0,0,0,1,0,0,0,0,0,0,1,0,0,0,0,0,0,0,0,0,0,2,0,0,0,0,0,0,12,0,0,1,0,2,0,1,1,0,29,2,0,1,3,5,1,2,2,43,41
2021,Portugal,WHO,TLS,Timor-Leste,0,23,4,0,1,4,0,0,0,0,0,0,0,0,0,0,0,0,0,0,0,0,0,0,0,0,0,0,0,0,0,0,0,0,0,0,0,0,0,0,0,0,0,0,0,0,0,0,0,0,3,0,0,0,0,0,0,0,0,0,6,0,0,0,1,1,0,0,1,10,9
2021,Private_other,WHO,TLS,Timor-Leste,0,521,125,2,23,116,0,0,1,4,5,0,2,7,0,4,3,5,0,0,0,0,0,0,0,7,1,0,0,0,0,0,6,1,0,0,0,1,1,0,1,0,0,10,2,2,0,0,0,1,79,2,2,7,2,12,1,9,8,1,51,12,0,9,22,33,9,11,16,142,266
2021,Spain,WHO,TLS,Timor-Leste,0,177,37,1,7,34,0,0,0,1,1,0,1,2,0,1,1,2,0,0,0,0,0,0,0,2,0,0,0,0,0,0,2,0,0,0,0,0,0,0,0,0,0,3,1,1,0,0,0,0,23,1,0,2,1,3,0,3,2,0,40,4,0,3,6,10,3,3,5,66,78
2021,Sweden,WHO,TLS,Timor-Leste,0,166,39,1,7,37,0,0,0,1,1,0,1,2,0,1,1,2,0,0,0,0,0,0,0,2,0,0,0,0,0,0,2,0,0,0,0,0,0,0,0,0,0,3,1,1,0,0,0,0,25,1,0,2,1,4,0,3,3,0,18,4,0,3,7,10,3,3,5,47,84
2021,Switzerland,WHO,TLS,Timor-Leste,0,93,23,0,4,21,0,0,0,1,1,0,0,1,0,1,1,1,0,0,0,0,0,0,0,1,0,0,0,0,0,0,1,0,0,0,0,0,0,0,0,0,0,2,0,0,0,0,0,0,14,0,0,1,0,2,0,2,2,0,7,2,0,2,4,6,2,2,3,24,49
2021,Unallocable,WHO,TLS,Timor-Leste,0,198,0,0,0,0,0,0,0,0,0,0,0,0,0,0,0,0,0,0,0,0,0,0,0,0,0,0,0,0,0,0,0,0,0,0,0,0,0,0,0,0,0,0,0,0,0,0,0,0,0,0,0,0,0,0,0,0,0,0,197,0,0,0,0,0,0,0,0,197,1
2021,United_Kingdom,WHO,TLS,Timor-Leste,0,713,172,3,32,160,0,0,1,5,6,0,3,10,0,5,4,8,0,0,0,0,0,1,0,10,2,1,0,1,0,0,8,2,0,0,0,1,2,0,1,0,0,14,3,3,0,0,0,2,108,3,2,10,3,16,1,13,11,1,66,17,0,13,30,46,12,14,22,192,367
2021,United_States,WHO,TLS,Timor-Leste,0,1390,292,5,55,271,0,0,2,9,11,0,6,16,0,9,7,13,0,0,0,0,0,1,0,16,3,1,0,1,0,1,14,3,0,0,0,2,3,0,1,0,1,24,6,6,0,0,0,3,183,5,4,17,4,28,2,21,19,2,295,28,0,22,51,77,21,25,37,508,622
2022,Australia,BIL_AUS,TLS,Timor-Leste,0,8329,0,0,0,125,0,0,0,0,0,0,0,0,0,0,0,0,0,0,0,0,0,0,0,0,0,0,0,1,0,0,0,1,0,0,0,0,0,0,0,0,0,0,0,0,0,0,0,0,1,42,96,3,0,0,0,0,0,0,4319,3741,0,0,0,0,0,1,1,4460,125
2022,Canada,BIL_CAN,TLS,Timor-Leste,0,188,0,3,126,0,0,0,0,0,1,0,5,0,0,0,0,0,0,0,0,0,0,0,0,0,0,0,0,0,0,0,0,0,0,0,0,0,0,0,6,7,0,0,0,1,11,0,0,0,0,0,0,0,0,0,0,0,0,0,25,0,0,1,6,0,0,0,27,25,129
2022,Germany,BIL_DEU,TLS,Timor-Leste,0,61,1,3,0,0,0,0,0,0,0,0,3,0,0,0,0,0,0,0,0,0,0,0,0,0,0,0,0,0,0,0,0,0,0,0,0,0,0,0,0,0,0,0,0,0,0,0,0,0,0,0,0,0,0,0,0,0,0,0,0,53,0,0,3,0,0,0,0,0,4
2022,France,BIL_FRA,TLS,Timor-Leste,0,29,0,0,0,0,0,0,0,0,0,0,0,0,0,0,0,0,0,0,0,0,0,0,0,0,0,0,0,0,0,0,0,0,0,0,0,0,0,0,0,0,0,0,0,0,0,0,0,0,0,0,0,0,0,0,0,0,0,0,0,29,0,0,0,0,0,0,0,0,0
2022,United_Kingdom,BIL_GBR,TLS,Timor-Leste,0,165,4,0,0,1,0,0,0,0,0,0,9,3,0,0,2,0,0,0,0,0,0,0,0,0,0,0,0,0,0,0,0,0,0,0,0,0,0,0,0,0,0,0,0,0,0,0,0,0,0,0,0,4,0,1,3,33,13,10,3,79,0,0,14,60,0,0,0,7,5
2022,Japan,BIL_JPN,TLS,Timor-Leste,0,1052,0,0,158,0,0,8,0,0,0,0,0,0,0,0,0,0,0,0,0,0,0,0,0,0,0,0,0,0,0,0,0,0,0,0,0,0,0,0,0,0,0,0,0,0,0,0,0,0,11,0,0,0,0,0,0,0,0,0,800,75,0,8,0,0,0,0,0,811,158
2022,Korea,BIL_KOR,TLS,Timor-Leste,0,2816,0,0,0,0,0,0,0,0,0,0,91,0,0,182,0,0,0,0,0,0,0,0,0,0,0,0,0,0,0,0,0,0,0,0,0,0,0,0,124,248,0,0,0,497,497,0,0,0,47,0,0,0,547,0,0,547,0,0,0,35,0,0,274,1094,0,0,1366,47,0
2022,Sweden,BIL_SWE,TLS,Timor-Leste,0,1,0,0,0,0,0,0,0,0,0,0,0,0,0,0,0,0,0,0,0,0,0,0,0,0,0,0,0,0,0,0,0,0,0,0,0,0,0,0,0,0,0,0,0,0,0,0,0,0,0,0,0,0,0,0,0,0,0,0,0,1,0,0,0,0,0,0,0,0,0
2022,United_States,BIL_USA,TLS,Timor-Leste,0,1679,0,0,0,0,194,176,0,266,54,0,0,0,0,1,0,0,0,0,0,0,0,0,0,0,0,0,0,0,0,0,0,4,0,0,0,10,3,2,0,0,0,0,0,1,0,0,0,0,8,0,0,0,0,0,0,0,0,0,850,108,0,691,1,0,1,19,1,858,0
2022,Austria,EC,TLS,Timor-Leste,0,13,0,0,0,0,0,0,0,0,0,0,11,0,0,0,0,0,0,0,0,0,0,0,0,0,0,0,0,0,0,0,0,0,0,0,0,0,0,0,0,0,0,0,0,0,0,0,0,0,0,0,0,0,0,0,0,0,0,0,0,1,0,0,11,0,0,0,0,0,0
2022,Belgium,EC,TLS,Timor-Leste,0,24,0,0,0,0,0,0,0,0,0,0,21,0,0,0,0,0,0,0,0,0,0,0,0,0,0,0,0,0,0,0,0,0,0,0,0,0,0,0,0,0,0,0,0,0,0,0,0,0,0,0,0,0,0,0,0,0,0,0,0,2,0,0,21,0,0,0,0,0,0
2022,Denmark,EC,TLS,Timor-Leste,0,11,0,0,0,0,0,0,0,0,0,0,10,0,0,0,0,0,0,0,0,0,0,0,0,0,0,0,0,0,0,0,0,0,0,0,0,0,0,0,0,0,0,0,0,0,0,0,0,0,0,0,0,0,0,0,0,0,0,0,0,1,0,0,10,0,0,0,0,0,0
2022,Finland,EC,TLS,Timor-Leste,0,8,0,0,0,0,0,0,0,0,0,0,8,0,0,0,0,0,0,0,0,0,0,0,0,0,0,0,0,0,0,0,0,0,0,0,0,0,0,0,0,0,0,0,0,0,0,0,0,0,0,0,0,0,0,0,0,0,0,0,0,0,0,0,8,0,0,0,0,0,0
2022,France,EC,TLS,Timor-Leste,0,95,0,0,0,0,0,0,0,0,0,0,86,0,0,0,0,0,0,0,0,0,0,0,0,0,0,0,0,0,0,0,0,0,0,0,0,0,0,0,0,0,0,0,0,0,0,0,0,0,0,0,0,0,0,0,0,0,0,0,0,9,0,0,86,0,0,0,0,0,0
2022,Germany,EC,TLS,Timor-Leste,0,125,0,0,0,0,0,0,0,0,0,0,113,0,0,0,0,0,0,0,0,0,0,0,0,0,0,0,0,0,0,0,0,0,0,0,0,0,0,0,0,0,0,0,0,0,0,0,0,0,0,0,0,0,0,0,0,0,0,0,0,12,0,0,113,0,0,0,0,0,0
2022,Greece,EC,TLS,Timor-Leste,0,7,0,0,0,0,0,0,0,0,0,0,7,0,0,0,0,0,0,0,0,0,0,0,0,0,0,0,0,0,0,0,0,0,0,0,0,0,0,0,0,0,0,0,0,0,0,0,0,0,0,0,0,0,0,0,0,0,0,0,0,0,0,0,7,0,0,0,0,0,0
2022,Ireland,EC,TLS,Timor-Leste,0,11,0,0,0,0,0,0,0,0,0,0,10,0,0,0,0,0,0,0,0,0,0,0,0,0,0,0,0,0,0,0,0,0,0,0,0,0,0,0,0,0,0,0,0,0,0,0,0,0,0,0,0,0,0,0,0,0,0,0,0,1,0,0,10,0,0,0,0,0,0
2022,Italy,EC,TLS,Timor-Leste,0,70,0,0,0,0,0,0,0,0,0,0,63,0,0,0,0,0,0,0,0,0,0,0,0,0,0,0,0,0,0,0,0,0,0,0,0,0,0,0,0,0,0,0,0,0,0,0,0,0,0,0,0,0,0,0,0,0,0,0,0,7,0,0,63,0,0,0,0,0,0
2022,Luxembourg,EC,TLS,Timor-Leste,0,2,0,0,0,0,0,0,0,0,0,0,2,0,0,0,0,0,0,0,0,0,0,0,0,0,0,0,0,0,0,0,0,0,0,0,0,0,0,0,0,0,0,0,0,0,0,0,0,0,0,0,0,0,0,0,0,0,0,0,0,0,0,0,2,0,0,0,0,0,0
2022,Netherlands,EC,TLS,Timor-Leste,0,32,0,0,0,0,0,0,0,0,0,0,29,0,0,0,0,0,0,0,0,0,0,0,0,0,0,0,0,0,0,0,0,0,0,0,0,0,0,0,0,0,0,0,0,0,0,0,0,0,0,0,0,0,0,0,0,0,0,0,0,3,0,0,29,0,0,0,0,0,0
2022,Other_OECD_DAC_countries,EC,TLS,Timor-Leste,0,40,0,0,0,0,0,0,0,0,0,0,38,0,0,0,0,0,0,0,0,0,0,0,0,0,0,0,0,0,0,0,0,0,0,0,0,0,0,0,0,0,0,0,0,0,0,0,0,0,0,0,0,0,0,0,0,0,0,0,0,2,0,0,38,0,0,0,0,0,0
2022,Portugal,EC,TLS,Timor-Leste,0,7,0,0,0,0,0,0,0,0,0,0,7,0,0,0,0,0,0,0,0,0,0,0,0,0,0,0,0,0,0,0,0,0,0,0,0,0,0,0,0,0,0,0,0,0,0,0,0,0,0,0,0,0,0,0,0,0,0,0,0,0,0,0,7,0,0,0,0,0,0
2022,Spain,EC,TLS,Timor-Leste,0,46,0,0,0,0,0,0,0,0,0,0,42,0,0,0,0,0,0,0,0,0,0,0,0,0,0,0,0,0,0,0,0,0,0,0,0,0,0,0,0,0,0,0,0,0,0,0,0,0,0,0,0,0,0,0,0,0,0,0,0,4,0,0,42,0,0,0,0,0,0
2022,Sweden,EC,TLS,Timor-Leste,0,16,0,0,0,0,0,0,0,0,0,0,14,0,0,0,0,0,0,0,0,0,0,0,0,0,0,0,0,0,0,0,0,0,0,0,0,0,0,0,0,0,0,0,0,0,0,0,0,0,0,0,0,0,0,0,0,0,0,0,0,1,0,0,14,0,0,0,0,0,0
2022,United_Kingdom,EC,TLS,Timor-Leste,0,31,0,0,0,0,0,0,0,0,0,0,28,0,0,0,0,0,0,0,0,0,0,0,0,0,0,0,0,0,0,0,0,0,0,0,0,0,0,0,0,0,0,0,0,0,0,0,0,0,0,0,0,0,0,0,0,0,0,0,0,3,0,0,28,0,0,0,0,0,0
2022,Gates Foundation,GATES,TLS,Timor-Leste,0,91,11,6,0,0,3,0,0,0,0,0,13,4,0,0,0,0,0,0,0,0,0,0,0,0,0,0,0,0,0,0,0,5,0,0,18,0,0,0,0,0,0,1,0,0,0,0,0,0,14,0,0,1,0,0,0,0,0,0,0,14,0,3,17,0,0,23,1,15,18
2022,Australia,GAVI,TLS,Timor-Leste,0,2,0,0,0,0,0,0,0,0,0,0,0,2,0,0,0,0,0,0,0,0,0,0,0,0,0,0,0,0,0,0,0,0,0,0,0,0,0,0,0,0,0,0,0,0,0,0,0,0,0,0,0,0,0,0,0,0,0,0,0,0,0,0,2,0,0,0,0,0,0
2022,Austria,GAVI,TLS,Timor-Leste,0,7,0,0,0,0,0,0,0,0,0,0,0,0,0,0,0,0,0,0,0,0,0,0,0,0,0,0,0,0,0,0,0,0,0,0,0,0,0,0,0,0,0,0,0,0,0,0,0,0,0,0,0,0,0,0,0,0,0,0,7,0,0,0,0,0,0,0,0,7,0
2022,Belgium,GAVI,TLS,Timor-Leste,0,4,0,0,0,0,0,0,0,0,0,0,0,0,0,0,0,0,0,0,0,0,0,0,0,0,0,0,0,0,0,0,0,0,0,0,0,0,0,0,0,0,0,0,0,0,0,0,0,0,0,0,0,0,0,0,0,0,0,0,4,0,0,0,0,0,0,0,0,4,0
2022,Canada,GAVI,TLS,Timor-Leste,0,42,0,0,0,0,0,0,0,0,0,0,0,11,0,0,0,0,0,0,0,0,0,0,0,0,0,0,0,0,0,0,0,0,0,0,0,0,0,0,0,0,0,0,0,0,0,0,0,0,0,0,0,0,0,0,0,0,0,0,31,0,0,0,11,0,0,0,0,31,0
2022,Corporate_donations,GAVI,TLS,Timor-Leste,0,2,0,0,0,0,0,0,0,0,0,0,0,2,0,0,0,0,0,0,0,0,0,0,0,0,0,0,0,0,0,0,0,0,0,0,0,0,0,0,0,0,0,0,0,0,0,0,0,0,0,0,0,0,0,0,0,0,0,0,0,0,0,0,2,0,0,0,0,0,0
2022,Denmark,GAVI,TLS,Timor-Leste,0,7,0,0,0,0,0,0,0,0,0,0,0,0,0,0,0,0,0,0,0,0,0,0,0,0,0,0,0,0,0,0,0,0,0,0,0,0,0,0,0,0,0,0,0,0,0,0,0,0,0,0,0,0,0,0,0,0,0,0,7,0,0,0,0,0,0,0,0,7,0
2022,Finland,GAVI,TLS,Timor-Leste,0,4,0,0,0,0,0,0,0,0,0,0,0,0,0,0,0,0,0,0,0,0,0,0,0,0,0,0,0,0,0,0,0,0,0,0,0,0,0,0,0,0,0,0,0,0,0,0,0,0,0,0,0,0,0,0,0,0,0,0,4,0,0,0,0,0,0,0,0,4,0
2022,France,GAVI,TLS,Timor-Leste,0,61,0,0,0,0,0,0,0,0,0,0,0,25,0,0,0,0,0,0,0,0,0,0,0,0,0,0,0,0,0,0,0,0,0,0,0,0,0,0,0,0,0,0,0,0,0,0,0,0,0,0,0,0,0,0,0,0,0,0,37,0,0,0,25,0,0,0,0,37,0
2022,Gates Foundation,GAVI,TLS,Timor-Leste,0,52,0,0,0,0,0,0,0,0,0,0,0,52,0,0,0,0,0,0,0,0,0,0,0,0,0,0,0,0,0,0,0,0,0,0,0,0,0,0,0,0,0,0,0,0,0,0,0,0,0,0,0,0,0,0,0,0,0,0,0,0,0,0,52,0,0,0,0,0,0
2022,Germany,GAVI,TLS,Timor-Leste,0,77,0,0,0,0,0,0,0,0,0,0,0,21,0,0,0,0,0,0,0,0,0,0,0,0,0,0,0,0,0,0,0,0,0,0,0,0,0,0,0,0,0,0,0,0,0,0,0,0,0,0,0,0,0,0,0,0,0,0,56,0,0,0,21,0,0,0,0,56,0
2022,Greece,GAVI,TLS,Timor-Leste,0,4,0,0,0,0,0,0,0,0,0,0,0,0,0,0,0,0,0,0,0,0,0,0,0,0,0,0,0,0,0,0,0,0,0,0,0,0,0,0,0,0,0,0,0,0,0,0,0,0,0,0,0,0,0,0,0,0,0,0,4,0,0,0,0,0,0,0,0,4,0
2022,Ireland,GAVI,TLS,Timor-Leste,0,6,0,0,0,0,0,0,0,0,0,0,0,0,0,0,0,0,0,0,0,0,0,0,0,0,0,0,0,0,0,0,0,0,0,0,0,0,0,0,0,0,0,0,0,0,0,0,0,0,0,0,0,0,0,0,0,0,0,0,6,0,0,0,0,0,0,0,0,6,0
2022,Italy,GAVI,TLS,Timor-Leste,0,56,0,0,0,0,0,0,0,0,0,0,0,11,0,0,0,0,0,0,0,0,0,0,0,0,0,0,0,0,0,0,0,0,0,0,0,0,0,0,0,0,0,0,0,0,0,0,0,0,0,0,0,0,0,0,0,0,0,0,46,0,0,0,11,0,0,0,0,46,0
2022,Japan,GAVI,TLS,Timor-Leste,0,9,0,0,0,0,0,0,0,0,0,0,0,5,0,0,0,0,0,0,0,0,0,0,0,0,0,0,0,0,0,0,0,0,0,0,0,0,0,0,0,0,0,0,0,0,0,0,0,0,0,0,0,0,0,0,0,0,0,0,5,0,0,0,5,0,0,0,0,5,0
2022,Korea,GAVI,TLS,Timor-Leste,0,2,0,0,0,0,0,0,0,0,0,0,0,2,0,0,0,0,0,0,0,0,0,0,0,0,0,0,0,0,0,0,0,0,0,0,0,0,0,0,0,0,0,0,0,0,0,0,0,0,0,0,0,0,0,0,0,0,0,0,0,0,0,0,2,0,0,0,0,0,0
2022,Luxembourg,GAVI,TLS,Timor-Leste,0,1,0,0,0,0,0,0,0,0,0,0,0,0,0,0,0,0,0,0,0,0,0,0,0,0,0,0,0,0,0,0,0,0,0,0,0,0,0,0,0,0,0,0,0,0,0,0,0,0,0,0,0,0,0,0,0,0,0,0,1,0,0,0,0,0,0,0,0,1,0
2022,Netherlands,GAVI,TLS,Timor-Leste,0,8,0,0,0,0,0,0,0,0,0,0,0,5,0,0,0,0,0,0,0,0,0,0,0,0,0,0,0,0,0,0,0,0,0,0,0,0,0,0,0,0,0,0,0,0,0,0,0,0,0,0,0,0,0,0,0,0,0,0,3,0,0,0,5,0,0,0,0,3,0
2022,New_Zealand,GAVI,TLS,Timor-Leste,0,4,0,0,0,0,0,0,0,0,0,0,0,0,0,0,0,0,0,0,0,0,0,0,0,0,0,0,0,0,0,0,0,0,0,0,0,0,0,0,0,0,0,0,0,0,0,0,0,0,0,0,0,0,0,0,0,0,0,0,4,0,0,0,0,0,0,0,0,4,0
2022,Norway,GAVI,TLS,Timor-Leste,0,27,0,0,0,0,0,0,0,0,0,0,0,27,0,0,0,0,0,0,0,0,0,0,0,0,0,0,0,0,0,0,0,0,0,0,0,0,0,0,0,0,0,0,0,0,0,0,0,0,0,0,0,0,0,0,0,0,0,0,1,0,0,0,27,0,0,0,0,1,0
2022,Other_OECD_DAC_countries,GAVI,TLS,Timor-Leste,0,4,0,0,0,0,0,0,0,0,0,0,0,0,0,0,0,0,0,0,0,0,0,0,0,0,0,0,0,0,0,0,0,0,0,0,0,0,0,0,0,0,0,0,0,0,0,0,0,0,0,0,0,0,0,0,0,0,0,0,4,0,0,0,0,0,0,0,0,4,0
2022,Portugal,GAVI,TLS,Timor-Leste,0,5,0,0,0,0,0,0,0,0,0,0,0,0,0,0,0,0,0,0,0,0,0,0,0,0,0,0,0,0,0,0,0,0,0,0,0,0,0,0,0,0,0,0,0,0,0,0,0,0,0,0,0,0,0,0,0,0,0,0,5,0,0,0,0,0,0,0,0,5,0
2022,Spain,GAVI,TLS,Timor-Leste,0,26,0,0,0,0,0,0,0,0,0,0,0,3,0,0,0,0,0,0,0,0,0,0,0,0,0,0,0,0,0,0,0,0,0,0,0,0,0,0,0,0,0,0,0,0,0,0,0,0,0,0,0,0,0,0,0,0,0,0,24,0,0,0,3,0,0,0,0,24,0
2022,Sweden,GAVI,TLS,Timor-Leste,0,18,0,0,0,0,0,0,0,0,0,0,0,8,0,0,0,0,0,0,0,0,0,0,0,0,0,0,0,0,0,0,0,0,0,0,0,0,0,0,0,0,0,0,0,0,0,0,0,0,0,0,0,0,0,0,0,0,0,0,10,0,0,0,8,0,0,0,0,10,0
2022,Switzerland,GAVI,TLS,Timor-Leste,0,3,0,0,0,0,0,0,0,0,0,0,0,0,0,0,0,0,0,0,0,0,0,0,0,0,0,0,0,0,0,0,0,0,0,0,0,0,0,0,0,0,0,0,0,0,0,0,0,0,0,0,0,0,0,0,0,0,0,0,3,0,0,0,0,0,0,0,0,3,0
2022,United_Kingdom,GAVI,TLS,Timor-Leste,0,81,0,0,0,0,0,0,0,0,0,0,0,33,0,0,0,0,0,0,0,0,0,0,0,0,0,0,0,0,0,0,0,0,0,0,0,0,0,0,0,0,0,0,0,0,0,0,0,0,0,0,0,0,0,0,0,0,0,0,48,0,0,0,33,0,0,0,0,48,0
2022,United_States,GAVI,TLS,Timor-Leste,0,247,0,0,0,0,0,0,0,0,0,0,0,89,0,0,0,0,0,0,0,0,0,0,0,0,0,0,0,0,0,0,0,0,0,0,0,0,0,0,0,0,0,0,0,0,0,0,0,0,0,0,0,0,0,0,0,0,0,0,158,0,0,0,89,0,0,0,0,158,0
2022,Australia,GFATM,TLS,Timor-Leste,0,77,0,0,0,0,0,0,0,0,0,0,0,0,0,0,0,0,4,6,0,0,1,2,0,2,7,1,0,1,2,1,1,4,1,0,5,3,2,1,4,1,4,9,2,3,1,0,0,0,0,0,0,0,0,0,0,0,0,0,10,0,0,0,0,0,24,19,24,10,0
2022,Austria,GFATM,TLS,Timor-Leste,0,16,0,0,0,0,0,0,0,0,0,0,0,0,0,0,0,0,1,1,0,0,0,0,0,1,2,0,0,0,0,0,0,1,0,0,1,1,0,0,1,0,1,2,0,1,0,0,0,0,0,0,0,0,0,0,0,0,0,0,0,0,0,0,0,0,6,5,6,0,0
2022,Belgium,GFATM,TLS,Timor-Leste,0,54,0,0,0,0,0,0,0,0,0,0,0,0,0,0,0,0,3,4,0,0,0,1,0,1,5,1,0,0,1,0,0,3,0,0,3,2,1,0,3,1,3,6,1,2,1,0,0,0,0,0,0,0,0,0,0,0,0,0,10,0,0,0,0,0,16,12,16,10,0
2022,Canada,GFATM,TLS,Timor-Leste,0,247,0,0,0,0,0,0,0,0,0,0,0,0,0,0,0,0,15,21,1,0,3,7,0,8,25,3,1,2,7,2,2,16,2,0,16,12,6,3,14,4,14,32,6,12,4,0,0,0,0,0,0,0,0,0,0,0,0,0,10,0,0,0,0,0,84,68,85,10,0
2022,China,GFATM,TLS,Timor-Leste,0,15,0,0,0,0,0,0,0,0,0,0,0,0,0,0,0,0,0,0,0,0,0,0,0,0,1,0,0,0,0,0,0,0,0,0,0,0,0,0,0,0,0,1,0,0,0,0,0,0,0,0,0,0,0,0,0,0,0,0,10,0,0,0,0,0,2,1,2,10,0
2022,Denmark,GFATM,TLS,Timor-Leste,0,40,0,0,0,0,0,0,0,0,0,0,0,0,0,0,0,0,2,3,0,0,0,1,0,1,3,0,0,0,1,0,0,2,0,0,2,1,1,0,2,0,2,4,1,1,0,0,0,0,0,0,0,0,0,0,0,0,0,0,10,0,0,0,0,0,11,9,11,10,0
2022,Finland,GFATM,TLS,Timor-Leste,0,11,0,0,0,0,0,0,0,0,0,0,0,0,0,0,0,0,1,1,0,0,0,0,0,0,1,0,0,0,0,0,0,1,0,0,1,1,0,0,1,0,1,1,0,1,0,0,0,0,0,0,0,0,0,0,0,0,0,0,0,0,0,0,0,0,4,3,4,0,0
2022,France,GFATM,TLS,Timor-Leste,0,640,0,1,0,0,0,0,0,0,0,0,0,0,0,0,0,0,38,55,4,1,7,19,0,21,66,9,3,7,19,6,6,42,5,0,42,31,15,7,38,10,37,84,16,32,9,0,0,0,0,0,0,0,0,0,0,0,0,0,11,0,0,0,0,0,223,179,225,11,1
2022,Gates Foundation,GFATM,TLS,Timor-Leste,0,229,0,0,0,0,0,0,0,0,0,0,0,0,0,0,0,0,13,19,1,0,2,7,0,7,23,3,1,2,7,2,2,15,2,0,15,11,5,2,13,4,13,29,5,11,3,0,0,0,0,0,0,0,0,0,0,0,0,0,10,0,0,0,0,0,78,63,79,10,0
2022,Germany,GFATM,TLS,Timor-Leste,0,646,0,1,0,0,0,0,0,0,0,0,0,0,0,0,0,0,38,55,4,1,7,19,0,21,66,9,3,6,19,5,5,42,5,0,42,31,15,7,37,10,36,83,15,31,9,0,0,0,0,0,0,0,0,0,0,0,0,0,21,0,0,0,0,0,222,178,224,21,1
2022,Greece,GFATM,TLS,Timor-Leste,0,9,0,0,0,0,0,0,0,0,0,0,0,0,0,0,0,0,1,1,0,0,0,0,0,0,1,0,0,0,0,0,0,1,0,0,1,0,0,0,1,0,1,1,0,0,0,0,0,0,0,0,0,0,0,0,0,0,0,0,0,0,0,0,0,0,3,3,3,0,0
2022,Ireland,GFATM,TLS,Timor-Leste,0,40,0,0,0,0,0,0,0,0,0,0,0,0,0,0,0,0,2,3,0,0,0,1,0,1,3,0,0,0,1,0,0,2,0,0,2,2,1,0,2,1,2,4,1,2,0,0,0,0,0,0,0,0,0,0,0,0,0,0,10,0,0,0,0,0,11,9,11,10,0
2022,Italy,GFATM,TLS,Timor-Leste,0,146,0,0,0,0,0,0,0,0,0,0,0,0,0,0,0,0,8,12,1,0,1,4,0,5,14,2,1,1,4,1,1,9,1,0,9,7,3,1,8,2,8,18,3,7,2,0,0,0,0,0,0,0,0,0,0,0,0,0,11,0,0,0,0,0,48,39,49,11,0
2022,Japan,GFATM,TLS,Timor-Leste,0,163,0,0,0,0,0,0,0,0,0,0,0,0,0,0,0,0,9,13,1,0,2,5,0,5,16,2,1,2,5,1,1,10,1,0,10,8,4,2,9,3,9,21,4,8,2,0,0,0,0,0,0,0,0,0,0,0,0,0,10,0,0,0,0,0,55,44,55,10,0
2022,Korea,GFATM,TLS,Timor-Leste,0,17,0,0,0,0,0,0,0,0,0,0,0,0,0,0,0,0,0,1,0,0,0,0,0,0,1,0,0,0,0,0,0,0,0,0,0,0,0,0,0,0,0,1,0,0,0,0,0,0,0,0,0,0,0,0,0,0,0,0,10,0,0,0,0,0,3,2,3,10,0
2022,Luxembourg,GFATM,TLS,Timor-Leste,0,15,0,0,0,0,0,0,0,0,0,0,0,0,0,0,0,0,0,0,0,0,0,0,0,0,1,0,0,0,0,0,0,0,0,0,0,0,0,0,0,0,0,1,0,0,0,0,0,0,0,0,0,0,0,0,0,0,0,0,10,0,0,0,0,0,2,2,2,10,0
2022,Netherlands,GFATM,TLS,Timor-Leste,0,108,0,0,0,0,0,0,0,0,0,0,0,0,0,0,0,0,6,9,1,0,1,3,0,3,10,1,0,1,3,1,1,7,1,0,7,5,2,1,6,2,6,13,2,5,1,0,0,0,0,0,0,0,0,0,0,0,0,0,10,0,0,0,0,0,35,28,35,10,0
2022,New_Zealand,GFATM,TLS,Timor-Leste,0,14,0,0,0,0,0,0,0,0,0,0,0,0,0,0,0,0,0,0,0,0,0,0,0,0,0,0,0,0,0,0,0,0,0,0,0,0,0,0,0,0,0,1,0,0,0,0,0,0,0,0,0,0,0,0,0,0,0,0,10,0,0,0,0,0,2,1,2,10,0
2022,Non_OECD_DAC_countries,GFATM,TLS,Timor-Leste,0,100,0,0,0,0,0,0,0,0,0,0,0,0,0,0,0,0,4,5,0,0,1,2,0,2,7,1,0,1,2,1,1,4,1,0,4,3,2,1,4,1,4,8,2,3,1,0,0,0,0,0,0,0,0,0,0,0,0,0,38,0,0,0,0,0,22,18,22,38,0
2022,Non_OECD_non_DAC_countries,GFATM,TLS,Timor-Leste,0,301,0,0,0,0,0,0,0,0,0,0,0,0,0,0,0,0,1,2,0,0,0,1,0,1,2,0,0,0,1,0,0,2,0,0,2,1,1,0,1,0,1,3,1,1,0,0,0,0,0,0,0,0,0,0,0,0,0,0,277,0,0,0,0,0,8,7,8,277,0
2022,Norway,GFATM,TLS,Timor-Leste,0,85,0,0,0,0,0,0,0,0,0,0,0,0,0,0,0,0,5,7,0,0,1,2,0,3,8,1,0,1,2,1,1,5,1,0,5,4,2,1,5,1,4,10,2,4,1,0,0,0,0,0,0,0,0,0,0,0,0,0,10,0,0,0,0,0,27,21,27,10,0
2022,Other_OECD_DAC_countries,GFATM,TLS,Timor-Leste,0,53,0,0,0,0,0,0,0,0,0,0,0,0,0,0,0,0,3,5,0,0,1,2,0,2,5,1,0,1,2,0,0,3,0,0,3,3,1,1,3,1,3,7,1,3,1,0,0,0,0,0,0,0,0,0,0,0,0,0,1,0,0,0,0,0,18,15,19,1,0
2022,Portugal,GFATM,TLS,Timor-Leste,0,20,0,0,0,0,0,0,0,0,0,0,0,0,0,0,0,0,1,1,0,0,0,0,0,0,1,0,0,0,0,0,0,1,0,0,1,1,0,0,1,0,1,1,0,1,0,0,0,0,0,0,0,0,0,0,0,0,0,0,10,0,0,0,0,0,4,3,4,10,0
2022,Private_other,GFATM,TLS,Timor-Leste,0,325,0,0,0,0,0,0,0,0,0,0,0,0,0,0,0,0,3,5,0,0,1,2,0,2,6,1,0,1,2,1,1,4,0,0,4,3,1,1,3,1,3,8,1,3,1,0,0,0,0,0,0,0,0,0,0,0,0,0,268,0,0,0,0,0,20,16,20,268,0
2022,Spain,GFATM,TLS,Timor-Leste,0,116,0,0,0,0,0,0,0,0,0,0,0,0,0,0,0,0,6,9,1,0,1,3,0,4,11,2,0,1,3,1,1,7,1,0,7,5,3,1,6,2,6,14,3,5,2,0,0,0,0,0,0,0,0,0,0,0,0,0,10,0,0,0,0,0,37,30,38,10,0
2022,Sweden,GFATM,TLS,Timor-Leste,0,86,0,0,0,0,0,0,0,0,0,0,0,0,0,0,0,0,5,7,0,0,1,2,0,3,8,1,0,1,2,1,1,5,1,0,5,4,2,1,5,1,4,10,2,4,1,0,0,0,0,0,0,0,0,0,0,0,0,0,10,0,0,0,0,0,27,22,27,10,0
2022,Switzerland,GFATM,TLS,Timor-Leste,0,29,0,0,0,0,0,0,0,0,0,0,0,0,0,0,0,0,1,2,0,0,0,1,0,1,2,0,0,0,1,0,0,1,0,0,1,1,0,0,1,0,1,3,0,1,0,0,0,0,0,0,0,0,0,0,0,0,0,0,10,0,0,0,0,0,7,6,7,10,0
2022,United_Kingdom,GFATM,TLS,Timor-Leste,0,505,0,1,0,0,0,0,0,0,0,0,0,0,0,0,0,0,30,43,3,1,5,15,0,17,52,7,2,5,15,4,4,33,4,0,33,25,12,5,30,8,29,66,12,25,7,0,0,0,0,0,0,0,0,0,0,0,0,0,10,0,0,0,0,0,176,141,177,10,1
2022,United_States,GFATM,TLS,Timor-Leste,0,2859,0,5,0,0,0,0,0,0,0,0,0,0,0,0,0,0,174,249,18,4,31,85,1,97,299,41,12,30,85,25,25,190,24,0,192,143,70,30,171,47,166,380,71,143,43,0,0,0,0,0,0,0,0,0,0,0,0,0,10,0,0,0,0,0,1011,813,1020,10,5
2022,Australia,INTLNGO,TLS,Timor-Leste,0,2133,221,0,0,116,3,4,23,0,0,0,705,0,11,0,0,0,0,0,0,0,0,0,0,23,0,0,0,1,0,0,0,1,0,0,0,0,0,0,0,0,0,0,0,0,0,0,0,0,0,39,78,0,0,0,6,0,0,0,392,512,0,30,716,6,23,1,0,508,337
2022,Canada,INTLNGO,TLS,Timor-Leste,0,118,0,0,0,0,0,9,0,0,0,0,109,0,0,0,0,0,0,0,0,0,0,0,0,0,0,0,0,0,0,0,0,0,0,0,0,0,0,0,0,0,0,0,0,0,0,0,0,0,0,0,0,0,0,0,0,0,0,0,0,0,0,9,109,0,0,0,0,0,0
2022,Germany,INTLNGO,TLS,Timor-Leste,0,113,1,0,1,0,0,0,0,0,0,0,0,0,0,0,0,0,0,0,0,0,0,0,0,0,0,0,0,0,0,0,0,0,0,0,0,0,0,0,0,0,0,0,0,0,0,0,0,0,0,0,0,0,0,0,0,0,0,0,0,111,0,0,0,0,0,0,0,0,2
2022,Ireland,INTLNGO,TLS,Timor-Leste,0,5,0,0,0,0,0,0,0,0,0,0,3,0,0,0,1,1,0,0,0,0,0,0,0,0,0,0,0,0,0,0,0,0,0,0,0,0,0,0,0,0,0,0,0,0,0,0,0,0,0,0,0,0,0,0,0,0,0,0,0,0,0,0,5,0,0,0,0,0,0
2022,Japan,INTLNGO,TLS,Timor-Leste,0,664,0,0,0,0,0,0,0,193,97,0,0,0,0,193,162,0,0,0,0,0,0,0,0,0,0,0,0,0,0,0,0,0,0,0,0,0,0,0,0,0,0,0,0,0,0,0,0,0,0,0,0,0,0,0,0,0,0,0,0,19,0,290,355,0,0,0,0,0,0
2022,Korea,INTLNGO,TLS,Timor-Leste,0,70,0,0,0,0,0,0,0,0,0,0,54,0,0,7,7,0,0,0,0,0,0,0,0,0,0,0,0,0,0,0,0,0,0,0,0,0,0,0,0,0,0,0,0,0,0,0,0,0,0,0,0,0,0,0,0,0,0,0,0,2,0,0,68,0,0,0,0,0,0
2022,New_Zealand,INTLNGO,TLS,Timor-Leste,0,170,0,0,0,0,0,0,0,0,0,0,0,0,0,0,0,0,0,0,0,0,0,0,0,0,0,0,0,0,0,0,0,0,0,0,0,0,0,0,0,0,0,0,0,0,0,0,0,0,170,0,0,0,0,0,0,0,0,0,0,0,0,0,0,0,0,0,0,170,0
2022,Sweden,INTLNGO,TLS,Timor-Leste,0,4,0,0,0,0,0,0,0,0,0,0,0,0,0,0,0,0,2,1,0,0,0,0,0,0,0,0,0,0,0,0,0,0,0,0,0,0,0,0,0,0,0,0,0,0,0,0,0,0,0,0,0,0,0,0,0,0,0,0,1,0,0,0,0,0,3,0,0,1,0
2022,United_Kingdom,INTLNGO,TLS,Timor-Leste,0,3,0,0,0,0,0,0,0,0,0,0,0,0,0,0,0,0,0,0,0,0,0,0,0,0,0,0,0,0,0,0,0,0,0,0,0,0,0,0,0,0,0,0,0,0,0,0,0,0,0,0,0,0,0,0,0,0,0,0,0,3,0,0,0,0,0,0,0,0,0
2022,United_States,INTLNGO,TLS,Timor-Leste,0,15,0,0,0,0,0,1,0,1,1,0,0,0,0,0,0,0,4,1,0,0,0,0,0,0,5,0,0,0,0,0,1,0,0,0,0,0,1,0,0,0,0,0,0,0,0,0,0,0,0,0,0,0,0,0,0,0,0,0,0,0,0,3,0,0,10,3,0,0,0
2022,Corporate_donations,NGO,TLS,Timor-Leste,0,237,6,0,10,0,0,1,1,2,1,1,5,0,14,2,1,1,1,0,0,0,0,0,0,0,2,0,0,0,0,0,0,0,0,0,0,0,0,0,0,0,0,0,0,0,0,0,0,0,5,0,0,0,0,0,17,3,160,0,0,4,0,5,23,181,3,1,0,5,16
2022,Gates Foundation,NGO,TLS,Timor-Leste,0,65,3,0,2,3,1,1,1,0,1,0,2,9,0,3,1,5,1,0,0,0,0,2,0,2,2,1,0,1,0,0,1,1,1,0,1,2,3,0,2,1,0,0,2,1,0,0,0,0,0,0,0,0,0,0,2,2,3,0,0,0,0,4,19,7,10,11,6,0,8
2022,Private_other,NGO,TLS,Timor-Leste,0,935,82,2,42,3,5,6,22,5,14,5,48,25,38,27,29,16,12,1,1,1,1,3,0,10,28,3,0,1,0,0,1,1,2,0,5,6,2,0,7,2,2,0,7,1,0,0,0,0,7,10,2,1,12,16,44,8,211,2,0,160,0,56,183,292,60,18,18,19,129
2022,United_States,NGO,TLS,Timor-Leste,0,7,0,0,0,0,3,1,0,2,0,0,0,0,0,0,0,0,0,0,0,0,0,0,0,0,0,0,0,0,0,0,0,0,0,0,0,0,0,0,0,0,0,0,0,0,0,0,0,0,1,0,0,0,0,0,0,0,0,0,0,0,0,5,0,0,0,0,0,1,0
2022,Australia,UNFPA,TLS,Timor-Leste,0,37,0,0,0,0,12,8,9,6,2,0,0,0,0,0,0,0,0,0,0,0,0,0,0,1,0,0,0,0,0,0,0,0,0,0,0,0,0,0,0,0,0,0,0,0,0,0,0,0,0,0,0,0,0,0,0,0,0,0,0,0,0,36,0,0,1,0,0,0,0
2022,Austria,UNFPA,TLS,Timor-Leste,0,4,0,0,0,0,1,1,1,1,0,0,0,0,0,0,0,0,0,0,0,0,0,0,0,0,0,0,0,0,0,0,0,0,0,0,0,0,0,0,0,0,0,0,0,0,0,0,0,0,0,0,0,0,0,0,0,0,0,0,0,0,0,4,0,0,0,0,0,0,0
2022,Belgium,UNFPA,TLS,Timor-Leste,0,21,0,0,0,0,7,4,5,3,1,0,0,0,0,0,0,0,0,0,0,0,0,0,0,1,0,0,0,0,0,0,0,0,0,0,0,0,0,0,0,0,0,0,0,0,0,0,0,0,0,0,0,0,0,0,0,0,0,0,0,0,0,21,0,0,1,0,0,0,0
2022,Canada,UNFPA,TLS,Timor-Leste,0,84,0,0,0,0,26,17,20,13,5,0,0,0,0,0,0,0,0,0,0,0,0,0,0,3,0,0,0,0,0,0,0,0,0,0,0,0,0,0,0,0,0,0,0,0,0,0,0,0,0,0,0,0,0,0,0,0,0,0,0,0,0,81,0,0,3,0,0,0,0
2022,China,UNFPA,TLS,Timor-Leste,0,3,0,0,0,0,1,1,1,0,0,0,0,0,0,0,0,0,0,0,0,0,0,0,0,0,0,0,0,0,0,0,0,0,0,0,0,0,0,0,0,0,0,0,0,0,0,0,0,0,0,0,0,0,0,0,0,0,0,0,0,0,0,3,0,0,0,0,0,0,0
2022,Corporate_donations,UNFPA,TLS,Timor-Leste,0,9,0,0,0,0,3,2,2,1,1,0,0,0,0,0,0,0,0,0,0,0,0,0,0,0,0,0,0,0,0,0,0,0,0,0,0,0,0,0,0,0,0,0,0,0,0,0,0,0,0,0,0,0,0,0,0,0,0,0,0,0,0,9,0,0,0,0,0,0,0
2022,Denmark,UNFPA,TLS,Timor-Leste,0,76,0,0,0,0,24,16,18,12,4,0,0,0,0,0,0,0,0,0,0,0,0,0,0,3,0,0,0,0,0,0,0,0,0,0,0,0,0,0,0,0,0,0,0,0,0,0,0,0,0,0,0,0,0,0,0,0,0,0,0,0,0,73,0,0,3,0,0,0,0
2022,Finland,UNFPA,TLS,Timor-Leste,0,61,0,0,0,0,19,12,14,9,3,0,0,0,0,0,0,0,0,0,0,0,0,0,0,2,0,0,0,0,0,0,0,0,0,0,0,0,0,0,0,0,0,0,0,0,0,0,0,0,0,0,0,0,0,0,0,0,0,0,0,0,0,59,0,0,2,0,0,0,0
2022,France,UNFPA,TLS,Timor-Leste,0,17,0,0,0,0,5,4,4,3,1,0,0,0,0,0,0,0,0,0,0,0,0,0,0,1,0,0,0,0,0,0,0,0,0,0,0,0,0,0,0,0,0,0,0,0,0,0,0,0,0,0,0,0,0,0,0,0,0,0,0,0,0,17,0,0,1,0,0,0,0
2022,Gates Foundation,UNFPA,TLS,Timor-Leste,0,18,0,0,0,0,6,4,4,3,1,0,0,0,0,0,0,0,0,0,0,0,0,0,0,1,0,0,0,0,0,0,0,0,0,0,0,0,0,0,0,0,0,0,0,0,0,0,0,0,0,0,0,0,0,0,0,0,0,0,0,0,0,17,0,0,1,0,0,0,0
2022,Germany,UNFPA,TLS,Timor-Leste,0,117,0,0,0,0,36,24,28,18,7,0,0,0,0,0,0,0,0,0,0,0,0,0,0,5,0,0,0,0,0,0,0,0,0,0,0,0,0,0,0,0,0,0,0,0,0,0,0,0,0,0,0,0,0,0,0,0,0,0,0,0,0,112,0,0,5,0,0,0,0
2022,Ireland,UNFPA,TLS,Timor-Leste,0,10,0,0,0,0,3,2,2,2,1,0,0,0,0,0,0,0,0,0,0,0,0,0,0,0,0,0,0,0,0,0,0,0,0,0,0,0,0,0,0,0,0,0,0,0,0,0,0,0,0,0,0,0,0,0,0,0,0,0,0,0,0,10,0,0,0,0,0,0,0
2022,Italy,UNFPA,TLS,Timor-Leste,0,29,0,0,0,0,9,6,7,4,2,0,0,0,0,0,0,0,0,0,0,0,0,0,0,1,0,0,0,0,0,0,0,0,0,0,0,0,0,0,0,0,0,0,0,0,0,0,0,0,0,0,0,0,0,0,0,0,0,0,0,0,0,28,0,0,1,0,0,0,0
2022,Japan,UNFPA,TLS,Timor-Leste,0,65,0,0,0,0,20,13,15,10,4,0,0,0,0,0,0,0,0,0,0,0,0,0,0,3,0,0,0,0,0,0,0,0,0,0,0,0,0,0,0,0,0,0,0,0,0,0,0,0,0,0,0,0,0,0,0,0,0,0,0,0,0,63,0,0,3,0,0,0,0
2022,Korea,UNFPA,TLS,Timor-Leste,0,16,0,0,0,0,5,3,4,3,1,0,0,0,0,0,0,0,0,0,0,0,0,0,0,1,0,0,0,0,0,0,0,0,0,0,0,0,0,0,0,0,0,0,0,0,0,0,0,0,0,0,0,0,0,0,0,0,0,0,0,0,0,16,0,0,1,0,0,0,0
2022,Luxembourg,UNFPA,TLS,Timor-Leste,0,31,0,0,0,0,9,6,7,5,2,0,0,0,0,0,0,0,0,0,0,0,0,0,0,1,0,0,0,0,0,0,0,0,0,0,0,0,0,0,0,0,0,0,0,0,0,0,0,0,0,0,0,0,0,0,0,0,0,0,0,0,0,29,0,0,1,0,0,0,0
2022,Netherlands,UNFPA,TLS,Timor-Leste,0,76,0,0,0,0,24,16,18,12,4,0,0,0,0,0,0,0,0,0,0,0,0,0,0,3,0,0,0,0,0,0,0,0,0,0,0,0,0,0,0,0,0,0,0,0,0,0,0,0,0,0,0,0,0,0,0,0,0,0,0,0,0,73,0,0,3,0,0,0,0
2022,New_Zealand,UNFPA,TLS,Timor-Leste,0,7,0,0,0,0,2,1,2,1,0,0,0,0,0,0,0,0,0,0,0,0,0,0,0,0,0,0,0,0,0,0,0,0,0,0,0,0,0,0,0,0,0,0,0,0,0,0,0,0,0,0,0,0,0,0,0,0,0,0,0,0,0,7,0,0,0,0,0,0,0
2022,Non_OECD_DAC_countries,UNFPA,TLS,Timor-Leste,0,5,0,0,0,0,1,1,1,1,0,0,0,0,0,0,0,0,0,0,0,0,0,0,0,0,0,0,0,0,0,0,0,0,0,0,0,0,0,0,0,0,0,0,0,0,0,0,0,0,0,0,0,0,0,0,0,0,0,0,0,0,0,5,0,0,0,0,0,0,0
2022,Non_OECD_non_DAC_countries,UNFPA,TLS,Timor-Leste,0,50,0,0,0,0,15,10,12,8,3,0,0,0,0,0,0,0,0,0,0,0,0,0,0,2,0,0,0,0,0,0,0,0,0,0,0,0,0,0,0,0,0,0,0,0,0,0,0,0,0,0,0,0,0,0,0,0,0,0,0,0,0,48,0,0,2,0,0,0,0
2022,Norway,UNFPA,TLS,Timor-Leste,0,153,0,0,0,0,47,31,36,24,9,0,0,0,0,0,0,0,0,0,0,0,0,0,0,6,0,0,0,0,0,0,0,0,0,0,0,0,0,0,0,0,0,0,0,0,0,0,0,0,0,0,0,0,0,0,0,0,0,0,0,0,0,147,0,0,6,0,0,0,0
2022,Other,UNFPA,TLS,Timor-Leste,0,634,0,0,0,0,196,129,150,97,36,0,0,0,0,0,0,0,0,0,0,0,0,0,0,25,0,0,0,0,0,0,0,0,0,0,0,0,0,0,0,0,0,0,0,0,0,0,0,0,0,0,0,0,0,0,0,0,0,0,0,0,0,609,0,0,25,0,0,0,0
2022,Other_OECD_DAC_countries,UNFPA,TLS,Timor-Leste,0,4,0,0,0,0,1,1,1,1,0,0,0,0,0,0,0,0,0,0,0,0,0,0,0,0,0,0,0,0,0,0,0,0,0,0,0,0,0,0,0,0,0,0,0,0,0,0,0,0,0,0,0,0,0,0,0,0,0,0,0,0,0,4,0,0,0,0,0,0,0
2022,Private_other,UNFPA,TLS,Timor-Leste,0,9,0,0,0,0,3,2,2,1,1,0,0,0,0,0,0,0,0,0,0,0,0,0,0,0,0,0,0,0,0,0,0,0,0,0,0,0,0,0,0,0,0,0,0,0,0,0,0,0,0,0,0,0,0,0,0,0,0,0,0,0,0,9,0,0,0,0,0,0,0
2022,Spain,UNFPA,TLS,Timor-Leste,0,11,0,0,0,0,3,2,3,2,1,0,0,0,0,0,0,0,0,0,0,0,0,0,0,0,0,0,0,0,0,0,0,0,0,0,0,0,0,0,0,0,0,0,0,0,0,0,0,0,0,0,0,0,0,0,0,0,0,0,0,0,0,11,0,0,0,0,0,0,0
2022,Sweden,UNFPA,TLS,Timor-Leste,0,137,0,0,0,0,42,28,33,21,8,0,0,0,0,0,0,0,0,0,0,0,0,0,0,5,0,0,0,0,0,0,0,0,0,0,0,0,0,0,0,0,0,0,0,0,0,0,0,0,0,0,0,0,0,0,0,0,0,0,0,0,0,132,0,0,5,0,0,0,0
2022,Switzerland,UNFPA,TLS,Timor-Leste,0,33,0,0,0,0,10,7,8,5,2,0,0,0,0,0,0,0,0,0,0,0,0,0,0,1,0,0,0,0,0,0,0,0,0,0,0,0,0,0,0,0,0,0,0,0,0,0,0,0,0,0,0,0,0,0,0,0,0,0,0,0,0,31,0,0,1,0,0,0,0
2022,Unallocable,UNFPA,TLS,Timor-Leste,0,7,0,0,0,0,2,1,2,1,0,0,0,0,0,0,0,0,0,0,0,0,0,0,0,0,0,0,0,0,0,0,0,0,0,0,0,0,0,0,0,0,0,0,0,0,0,0,0,0,0,0,0,0,0,0,0,0,0,0,0,0,0,6,0,0,0,0,0,0,0
2022,United_Kingdom,UNFPA,TLS,Timor-Leste,0,55,0,0,0,0,17,11,13,8,3,0,0,0,0,0,0,0,0,0,0,0,0,0,0,2,0,0,0,0,0,0,0,0,0,0,0,0,0,0,0,0,0,0,0,0,0,0,0,0,0,0,0,0,0,0,0,0,0,0,0,0,0,52,0,0,2,0,0,0,0
2022,United_States,UNFPA,TLS,Timor-Leste,0,230,0,0,0,0,71,47,54,35,13,0,0,0,0,0,0,0,0,0,0,0,0,0,0,9,0,0,0,0,0,0,0,0,0,0,0,0,0,0,0,0,0,0,0,0,0,0,0,0,0,0,0,0,0,0,0,0,0,0,0,0,0,221,0,0,9,0,0,0,0
2022,Australia,UNICEF,TLS,Timor-Leste,0,18,0,0,0,0,0,0,1,0,0,0,4,4,3,3,0,0,0,0,0,0,0,0,0,0,0,0,0,0,0,0,0,0,0,0,0,0,0,0,0,0,0,0,0,0,0,0,0,0,0,0,0,0,0,0,0,0,0,0,2,0,0,1,14,0,0,0,0,2,0
2022,Austria,UNICEF,TLS,Timor-Leste,0,11,0,0,0,0,0,0,1,0,0,0,3,3,2,3,0,0,0,0,0,0,0,0,0,0,0,0,0,0,0,0,0,0,0,0,0,0,0,0,0,0,0,0,0,0,0,0,0,0,0,0,0,0,0,0,0,0,0,0,0,0,0,1,10,0,0,0,0,0,0
2022,Belgium,UNICEF,TLS,Timor-Leste,0,26,0,0,0,0,0,0,2,0,0,0,6,7,4,6,0,0,0,0,0,0,0,0,0,0,0,0,0,0,0,0,0,0,0,0,0,0,0,0,0,0,0,0,0,0,0,0,0,0,0,0,0,0,0,0,0,0,0,0,0,0,0,2,23,0,0,0,0,0,0
2022,Canada,UNICEF,TLS,Timor-Leste,0,129,0,0,0,0,0,0,10,0,0,0,32,34,21,29,0,0,1,1,0,0,1,0,0,0,0,0,0,0,0,0,0,0,0,0,0,0,0,0,0,0,0,0,0,0,0,0,0,0,0,0,0,0,0,0,0,0,0,0,0,0,0,10,117,0,2,0,0,0,0
2022,China,UNICEF,TLS,Timor-Leste,0,6,0,0,0,0,0,0,0,0,0,0,2,2,1,1,0,0,0,0,0,0,0,0,0,0,0,0,0,0,0,0,0,0,0,0,0,0,0,0,0,0,0,0,0,0,0,0,0,0,0,0,0,0,0,0,0,0,0,0,0,0,0,0,6,0,0,0,0,0,0
2022,Denmark,UNICEF,TLS,Timor-Leste,0,27,0,0,0,0,0,0,2,0,0,0,7,7,4,6,0,0,0,0,0,0,0,0,0,0,0,0,0,0,0,0,0,0,0,0,0,0,0,0,0,0,0,0,0,0,0,0,0,0,0,0,0,0,0,0,0,0,0,0,0,0,0,2,25,0,0,0,0,0,0
2022,Finland,UNICEF,TLS,Timor-Leste,0,14,0,0,0,0,0,0,1,0,0,0,4,4,2,3,0,0,0,0,0,0,0,0,0,0,0,0,0,0,0,0,0,0,0,0,0,0,0,0,0,0,0,0,0,0,0,0,0,0,0,0,0,0,0,0,0,0,0,0,0,0,0,1,13,0,0,0,0,0,0
2022,France,UNICEF,TLS,Timor-Leste,0,90,0,0,0,0,0,0,7,0,0,0,23,24,15,20,0,0,0,1,0,0,0,0,0,0,0,0,0,0,0,0,0,0,0,0,0,0,0,0,0,0,0,0,0,0,0,0,0,0,0,0,0,0,0,0,0,0,0,0,0,0,0,7,81,0,2,0,0,0,0
2022,Gates Foundation,UNICEF,TLS,Timor-Leste,0,10,0,0,0,0,0,0,1,0,0,0,3,3,2,2,0,0,0,0,0,0,0,0,0,0,0,0,0,0,0,0,0,0,0,0,0,0,0,0,0,0,0,0,0,0,0,0,0,0,0,0,0,0,0,0,0,0,0,0,0,0,0,1,9,0,0,0,0,0,0
2022,Germany,UNICEF,TLS,Timor-Leste,0,504,0,0,0,0,0,0,32,0,0,0,102,107,67,90,0,0,2,3,0,0,2,0,0,0,0,0,0,0,0,0,0,0,0,0,0,0,0,0,0,0,0,0,0,0,0,0,0,0,0,0,0,0,0,0,0,0,0,0,98,0,0,32,366,0,7,0,0,98,0
2022,Greece,UNICEF,TLS,Timor-Leste,0,3,0,0,0,0,0,0,0,0,0,0,1,1,1,1,0,0,0,0,0,0,0,0,0,0,0,0,0,0,0,0,0,0,0,0,0,0,0,0,0,0,0,0,0,0,0,0,0,0,0,0,0,0,0,0,0,0,0,0,0,0,0,0,3,0,0,0,0,0,0
2022,Ireland,UNICEF,TLS,Timor-Leste,0,13,0,0,0,0,0,0,1,0,0,0,3,4,2,3,0,0,0,0,0,0,0,0,0,0,0,0,0,0,0,0,0,0,0,0,0,0,0,0,0,0,0,0,0,0,0,0,0,0,0,0,0,0,0,0,0,0,0,0,0,0,0,1,12,0,0,0,0,0,0
2022,Italy,UNICEF,TLS,Timor-Leste,0,60,0,0,0,0,0,0,5,0,0,0,15,16,10,13,0,0,0,0,0,0,0,0,0,0,0,0,0,0,0,0,0,0,0,0,0,0,0,0,0,0,0,0,0,0,0,0,0,0,0,0,0,0,0,0,0,0,0,0,1,0,0,5,53,0,1,0,0,1,0
2022,Japan,UNICEF,TLS,Timor-Leste,0,102,0,0,0,0,0,0,4,0,0,0,12,13,8,11,0,0,0,0,0,0,0,0,0,0,0,0,0,0,0,0,0,0,0,0,0,0,0,0,0,0,0,0,0,0,0,0,0,0,0,0,0,0,0,0,0,0,0,0,52,0,0,4,45,0,1,0,0,52,0
2022,Korea,UNICEF,TLS,Timor-Leste,0,26,0,0,0,0,0,0,2,0,0,0,7,7,4,6,0,0,0,0,0,0,0,0,0,0,0,0,0,0,0,0,0,0,0,0,0,0,0,0,0,0,0,0,0,0,0,0,0,0,0,0,0,0,0,0,0,0,0,0,0,0,0,2,24,0,0,0,0,0,0
2022,Luxembourg,UNICEF,TLS,Timor-Leste,0,4,0,0,0,0,0,0,0,0,0,0,1,1,1,1,0,0,0,0,0,0,0,0,0,0,0,0,0,0,0,0,0,0,0,0,0,0,0,0,0,0,0,0,0,0,0,0,0,0,0,0,0,0,0,0,0,0,0,0,0,0,0,0,4,0,0,0,0,0,0
2022,Netherlands,UNICEF,TLS,Timor-Leste,0,87,0,0,0,0,0,0,7,0,0,0,22,23,14,19,0,0,0,1,0,0,0,0,0,0,0,0,0,0,0,0,0,0,0,0,0,0,0,0,0,0,0,0,0,0,0,0,0,0,0,0,0,0,0,0,0,0,0,0,0,0,0,7,78,0,2,0,0,0,0
2022,New_Zealand,UNICEF,TLS,Timor-Leste,0,3,0,0,0,0,0,0,0,0,0,0,1,1,1,1,0,0,0,0,0,0,0,0,0,0,0,0,0,0,0,0,0,0,0,0,0,0,0,0,0,0,0,0,0,0,0,0,0,0,0,0,0,0,0,0,0,0,0,0,0,0,0,0,3,0,0,0,0,0,0
2022,Non_OECD_DAC_countries,UNICEF,TLS,Timor-Leste,0,14,0,0,0,0,0,0,1,0,0,0,4,4,2,3,0,0,0,0,0,0,0,0,0,0,0,0,0,0,0,0,0,0,0,0,0,0,0,0,0,0,0,0,0,0,0,0,0,0,0,0,0,0,0,0,0,0,0,0,0,0,0,1,13,0,0,0,0,0,0
2022,Non_OECD_non_DAC_countries,UNICEF,TLS,Timor-Leste,0,101,0,0,0,0,0,0,8,0,0,0,25,27,17,23,0,0,1,1,0,0,1,0,0,0,0,0,0,0,0,0,0,0,0,0,0,0,0,0,0,0,0,0,0,0,0,0,0,0,0,0,0,0,0,0,0,0,0,0,0,0,0,8,91,0,2,0,0,0,0
2022,Norway,UNICEF,TLS,Timor-Leste,0,54,0,0,0,0,0,0,4,0,0,0,14,14,9,12,0,0,0,0,0,0,0,0,0,0,0,0,0,0,0,0,0,0,0,0,0,0,0,0,0,0,0,0,0,0,0,0,0,0,0,0,0,0,0,0,0,0,0,0,0,0,0,4,49,0,1,0,0,0,0
2022,Other,UNICEF,TLS,Timor-Leste,0,434,0,0,0,0,0,0,35,0,0,0,109,115,72,97,0,0,2,3,0,0,2,0,0,0,0,0,0,0,0,0,0,0,0,0,0,0,0,0,0,0,0,0,0,0,0,0,0,0,0,0,0,0,0,0,0,0,0,0,0,0,0,35,392,0,8,0,0,0,0
2022,Other_OECD_DAC_countries,UNICEF,TLS,Timor-Leste,0,20,0,0,0,0,0,0,2,0,0,0,5,5,3,4,0,0,0,0,0,0,0,0,0,0,0,0,0,0,0,0,0,0,0,0,0,0,0,0,0,0,0,0,0,0,0,0,0,0,0,0,0,0,0,0,0,0,0,0,0,0,0,2,18,0,0,0,0,0,0
2022,Portugal,UNICEF,TLS,Timor-Leste,0,3,0,0,0,0,0,0,0,0,0,0,1,1,1,1,0,0,0,0,0,0,0,0,0,0,0,0,0,0,0,0,0,0,0,0,0,0,0,0,0,0,0,0,0,0,0,0,0,0,0,0,0,0,0,0,0,0,0,0,0,0,0,0,3,0,0,0,0,0,0
2022,Private_other,UNICEF,TLS,Timor-Leste,0,989,0,0,0,0,0,0,79,0,0,0,248,261,163,220,0,0,5,8,0,0,5,0,0,0,0,0,0,0,0,0,0,0,0,0,0,0,0,0,0,0,0,0,0,0,0,0,0,0,0,0,0,0,0,0,0,0,0,0,0,0,0,79,892,0,18,0,0,0,0
2022,Spain,UNICEF,TLS,Timor-Leste,0,28,0,0,0,0,0,0,2,0,0,0,7,7,5,6,0,0,0,0,0,0,0,0,0,0,0,0,0,0,0,0,0,0,0,0,0,0,0,0,0,0,0,0,0,0,0,0,0,0,0,0,0,0,0,0,0,0,0,0,0,0,0,2,25,0,1,0,0,0,0
2022,Sweden,UNICEF,TLS,Timor-Leste,0,97,0,0,0,0,0,0,8,0,0,0,24,26,16,22,0,0,1,1,0,0,1,0,0,0,0,0,0,0,0,0,0,0,0,0,0,0,0,0,0,0,0,0,0,0,0,0,0,0,0,0,0,0,0,0,0,0,0,0,0,0,0,8,88,0,2,0,0,0,0
2022,Switzerland,UNICEF,TLS,Timor-Leste,0,18,0,0,0,0,0,0,1,0,0,0,5,5,3,4,0,0,0,0,0,0,0,0,0,0,0,0,0,0,0,0,0,0,0,0,0,0,0,0,0,0,0,0,0,0,0,0,0,0,0,0,0,0,0,0,0,0,0,0,0,0,0,1,16,0,0,0,0,0,0
2022,United_Kingdom,UNICEF,TLS,Timor-Leste,0,120,0,0,0,0,0,0,10,0,0,0,30,32,20,27,0,0,1,1,0,0,1,0,0,0,0,0,0,0,0,0,0,0,0,0,0,0,0,0,0,0,0,0,0,0,0,0,0,0,0,0,0,0,0,0,0,0,0,0,0,0,0,10,109,0,2,0,0,0,0
2022,United_States,UNICEF,TLS,Timor-Leste,0,597,0,0,0,0,0,0,47,0,0,0,147,155,97,130,0,0,3,5,0,0,3,0,0,0,0,0,0,0,0,0,0,0,0,0,0,0,0,0,0,0,0,0,0,0,0,0,0,0,0,0,0,0,0,0,0,0,0,0,10,0,0,47,529,0,11,0,0,10,0
2022,Private_other,US_FOUND,TLS,Timor-Leste,0,8,0,0,0,0,0,0,0,0,0,0,0,0,0,0,0,0,0,0,0,0,0,0,0,0,0,0,0,0,0,0,0,0,0,0,0,0,0,0,0,0,0,0,0,0,0,0,0,0,0,0,0,0,0,0,0,0,0,0,0,7,0,0,0,0,0,0,0,0,0
2022,Australia,WHO,TLS,Timor-Leste,0,56,7,0,4,3,0,0,0,1,1,1,0,1,0,2,3,2,0,0,0,0,0,0,0,0,0,0,0,0,0,0,1,0,0,0,0,0,0,0,0,0,0,1,0,0,0,0,0,0,8,0,0,0,0,2,0,2,3,2,9,0,0,4,8,9,1,1,1,17,15
2022,Austria,WHO,TLS,Timor-Leste,0,23,3,0,2,1,0,0,0,1,1,1,0,1,0,1,1,1,0,0,0,0,0,0,0,0,0,0,0,0,0,0,0,0,0,0,0,0,0,0,0,0,0,0,0,0,0,0,0,0,4,0,0,0,0,1,0,1,1,1,1,0,0,2,4,4,0,0,0,5,7
2022,Belgium,WHO,TLS,Timor-Leste,0,56,8,0,5,4,0,0,0,2,2,1,0,1,0,2,3,3,0,0,0,0,0,0,0,0,0,0,0,0,0,0,1,0,0,0,0,0,0,0,0,0,0,1,0,0,0,0,0,0,9,0,0,0,0,2,0,2,3,2,1,1,0,5,10,10,1,1,1,11,17
2022,Canada,WHO,TLS,Timor-Leste,0,260,39,2,22,16,0,1,0,7,7,6,0,6,0,10,15,13,0,0,0,0,0,0,0,2,0,0,0,0,0,0,3,0,0,0,0,1,1,1,0,0,0,3,0,0,0,0,0,0,42,1,0,1,0,8,0,11,16,11,10,2,0,23,44,47,3,5,4,53,79
2022,China,WHO,TLS,Timor-Leste,0,168,22,1,12,9,0,1,0,4,4,4,0,3,0,6,8,7,0,0,0,0,0,0,0,1,0,0,0,0,0,0,2,0,0,0,0,0,0,0,0,0,0,2,0,0,0,0,0,0,23,1,0,0,0,5,0,6,9,6,28,1,0,13,25,26,2,3,2,53,44
2022,Corporate_donations,WHO,TLS,Timor-Leste,0,81,13,1,7,5,0,0,0,2,2,2,0,2,0,3,5,4,0,0,0,0,0,0,0,1,0,0,0,0,0,0,1,0,0,0,0,0,0,0,0,0,0,1,0,0,0,0,0,0,13,0,0,0,0,3,0,3,5,4,0,1,0,7,14,15,1,2,1,14,26
2022,Denmark,WHO,TLS,Timor-Leste,0,52,8,0,4,3,0,0,0,1,1,1,0,1,0,2,3,3,0,0,0,0,0,0,0,0,0,0,0,0,0,0,1,0,0,0,0,0,0,0,0,0,0,1,0,0,0,0,0,0,8,0,0,0,0,2,0,2,3,2,1,0,0,5,9,9,1,1,1,10,16
2022,Finland,WHO,TLS,Timor-Leste,0,18,3,0,2,1,0,0,0,0,1,0,0,0,0,1,1,1,0,0,0,0,0,0,0,0,0,0,0,0,0,0,0,0,0,0,0,0,0,0,0,0,0,0,0,0,0,0,0,0,3,0,0,0,0,1,0,1,1,1,1,0,0,2,3,3,0,0,0,4,5
2022,France,WHO,TLS,Timor-Leste,0,370,35,2,20,15,0,1,0,6,7,6,0,5,0,9,14,12,0,0,0,0,0,0,0,2,0,0,0,0,0,0,3,0,0,0,0,1,0,0,0,0,0,3,0,0,0,0,0,0,38,1,0,1,0,8,0,10,14,10,143,2,0,21,40,42,3,4,3,182,72
2022,Gates Foundation,WHO,TLS,Timor-Leste,0,871,134,6,77,57,0,5,1,25,25,22,0,20,0,35,52,45,0,0,0,0,0,0,0,8,1,0,1,0,0,0,10,1,0,0,0,3,2,2,0,0,0,12,1,0,0,0,0,0,143,3,0,3,1,29,0,37,55,38,9,8,0,78,152,160,10,17,13,159,273
2022,Germany,WHO,TLS,Timor-Leste,0,1526,109,5,63,46,0,4,1,20,21,18,0,16,0,29,42,36,0,0,0,0,0,0,0,6,0,0,1,0,0,0,8,1,0,0,0,2,2,1,0,0,0,10,1,0,0,0,0,0,117,3,0,2,1,24,0,30,44,31,824,7,0,64,124,131,8,14,11,946,223
2022,Greece,WHO,TLS,Timor-Leste,0,15,2,0,1,1,0,0,0,0,0,0,0,0,0,1,1,1,0,0,0,0,0,0,0,0,0,0,0,0,0,0,0,0,0,0,0,0,0,0,0,0,0,0,0,0,0,0,0,0,2,0,0,0,0,1,0,1,1,1,0,0,0,1,3,3,0,0,0,3,5
2022,Ireland,WHO,TLS,Timor-Leste,0,33,4,0,2,1,0,0,0,1,1,1,0,1,0,1,1,1,0,0,0,0,0,0,0,0,0,0,0,0,0,0,0,0,0,0,0,0,0,0,0,0,0,0,0,0,0,0,0,0,4,0,0,0,0,1,0,1,1,1,10,0,0,2,4,4,0,0,0,14,7
2022,Italy,WHO,TLS,Timor-Leste,0,181,26,1,15,11,0,1,0,5,5,4,0,4,0,7,10,9,0,0,0,0,0,0,0,1,0,0,0,0,0,0,2,0,0,0,0,1,0,0,0,0,0,2,0,0,0,0,0,0,27,1,0,1,0,6,0,7,10,7,16,2,0,15,29,31,2,3,3,45,52
2022,Japan,WHO,TLS,Timor-Leste,0,200,29,1,16,12,0,1,0,5,5,5,0,4,0,7,11,9,0,0,0,0,0,0,0,2,0,0,0,0,0,0,2,0,0,0,0,1,0,0,0,0,0,3,0,0,0,0,0,0,31,1,0,1,0,6,0,8,12,8,17,2,0,17,32,34,2,4,3,49,58
2022,Korea,WHO,TLS,Timor-Leste,0,78,12,1,7,5,0,0,0,2,2,2,0,2,0,3,4,4,0,0,0,0,0,0,0,1,0,0,0,0,0,0,1,0,0,0,0,0,0,0,0,0,0,1,0,0,0,0,0,0,12,0,0,0,0,3,0,3,5,3,3,1,0,7,13,14,1,1,1,16,24
2022,Luxembourg,WHO,TLS,Timor-Leste,0,27,4,0,2,2,0,0,0,1,1,1,0,1,0,1,2,1,0,0,0,0,0,0,0,0,0,0,0,0,0,0,0,0,0,0,0,0,0,0,0,0,0,0,0,0,0,0,0,0,4,0,0,0,0,1,0,1,2,1,0,0,0,2,5,5,0,1,0,5,8
2022,Netherlands,WHO,TLS,Timor-Leste,0,230,24,1,14,10,0,1,0,4,5,4,0,4,0,6,9,8,0,0,0,0,0,0,0,1,0,0,0,0,0,0,2,0,0,0,0,0,0,0,0,0,0,2,0,0,0,0,0,0,26,1,0,1,0,5,0,7,10,7,73,2,0,14,28,29,2,3,2,100,50
2022,New_Zealand,WHO,TLS,Timor-Leste,0,10,1,0,1,1,0,0,0,0,0,0,0,0,0,0,0,0,0,0,0,0,0,0,0,0,0,0,0,0,0,0,0,0,0,0,0,0,0,0,0,0,0,0,0,0,0,0,0,0,1,0,0,0,0,0,0,0,1,0,2,0,0,1,1,2,0,0,0,3,3
2022,Non_OECD_DAC_countries,WHO,TLS,Timor-Leste,0,203,30,1,17,13,0,1,0,6,6,5,0,5,0,8,12,10,0,0,0,0,0,0,0,2,0,0,0,0,0,0,2,0,0,0,0,1,0,0,0,0,0,3,0,0,0,0,0,0,32,1,0,1,0,7,0,8,12,9,9,2,0,18,34,36,2,4,3,43,62
2022,Non_OECD_non_DAC_countries,WHO,TLS,Timor-Leste,0,726,112,5,64,47,0,4,1,21,21,19,0,17,0,29,43,37,0,0,0,0,0,0,0,6,0,0,1,0,0,0,8,1,0,0,0,2,2,1,0,0,0,10,1,0,0,0,0,0,120,3,0,2,1,24,0,31,46,32,5,7,0,65,127,134,8,14,11,131,228
2022,Norway,WHO,TLS,Timor-Leste,0,138,18,1,10,8,0,1,0,3,3,3,0,3,0,5,7,6,0,0,0,0,0,0,0,1,0,0,0,0,0,0,1,0,0,0,0,0,0,0,0,0,0,2,0,0,0,0,0,0,19,0,0,0,0,4,0,5,7,5,22,1,0,11,20,22,1,2,2,42,37
2022,Other,WHO,TLS,Timor-Leste,0,534,79,4,45,34,0,3,1,15,15,13,0,12,0,21,31,26,0,0,0,0,0,0,0,4,0,0,0,0,0,0,6,1,0,0,0,2,1,1,0,0,0,7,0,0,0,0,0,0,85,2,0,2,1,17,0,22,32,23,24,5,0,46,90,95,6,10,8,113,162
2022,Other_OECD_DAC_countries,WHO,TLS,Timor-Leste,0,50,8,0,4,3,0,0,0,1,1,1,0,1,0,2,3,3,0,0,0,0,0,0,0,0,0,0,0,0,0,0,1,0,0,0,0,0,0,0,0,0,0,1,0,0,0,0,0,0,8,0,0,0,0,2,0,2,3,2,1,0,0,4,9,9,1,1,1,9,16
2022,Portugal,WHO,TLS,Timor-Leste,0,13,2,0,1,1,0,0,0,0,0,0,0,0,0,0,1,1,0,0,0,0,0,0,0,0,0,0,0,0,0,0,0,0,0,0,0,0,0,0,0,0,0,0,0,0,0,0,0,0,2,0,0,0,0,0,0,0,1,1,1,0,0,1,2,2,0,0,0,3,4
2022,Private_other,WHO,TLS,Timor-Leste,0,384,57,3,33,24,0,2,0,11,11,10,0,9,0,15,22,19,0,0,0,0,0,0,0,3,0,0,0,0,0,0,4,0,0,0,0,1,1,1,0,0,0,5,0,0,0,0,0,0,61,1,0,1,0,13,0,16,23,16,16,4,0,33,65,69,4,7,6,80,117
2022,Spain,WHO,TLS,Timor-Leste,0,95,14,1,8,6,0,1,0,3,3,2,0,2,0,4,5,5,0,0,0,0,0,0,0,1,0,0,0,0,0,0,1,0,0,0,0,0,0,0,0,0,0,1,0,0,0,0,0,0,15,0,0,0,0,3,0,4,6,4,4,1,0,8,16,17,1,2,1,19,29
2022,Sweden,WHO,TLS,Timor-Leste,0,120,18,1,10,8,0,1,0,3,3,3,0,3,0,5,7,6,0,0,0,0,0,0,0,1,0,0,0,0,0,0,1,0,0,0,0,0,0,0,0,0,0,2,0,0,0,0,0,0,19,0,0,0,0,4,0,5,7,5,3,1,0,11,21,22,1,2,2,24,37
2022,Switzerland,WHO,TLS,Timor-Leste,0,46,3,0,2,1,0,0,0,1,1,1,0,0,0,1,1,1,0,0,0,0,0,0,0,0,0,0,0,0,0,0,0,0,0,0,0,0,0,0,0,0,0,0,0,0,0,0,0,0,3,0,0,0,0,1,0,1,1,1,25,0,0,2,4,4,0,0,0,29,7
2022,Unallocable,WHO,TLS,Timor-Leste,0,6,0,0,0,0,0,0,0,0,0,0,0,0,0,0,0,0,0,0,0,0,0,0,0,0,0,0,0,0,0,0,0,0,0,0,0,0,0,0,0,0,0,0,0,0,0,0,0,0,0,0,0,0,0,0,0,0,0,0,6,0,0,0,0,0,0,0,0,6,0
2022,United_Kingdom,WHO,TLS,Timor-Leste,0,490,74,3,42,31,0,3,1,14,14,12,0,11,0,19,29,25,0,0,0,0,0,0,0,4,0,0,0,0,0,0,5,0,0,0,0,1,1,1,0,0,0,7,0,0,0,0,0,0,79,2,0,2,1,16,0,21,30,21,14,5,0,43,84,89,5,9,7,97,151
2022,United_States,WHO,TLS,Timor-Leste,0,2681,317,14,182,134,0,11,2,58,60,53,1,48,0,83,122,105,1,0,0,0,1,0,0,18,1,0,2,0,0,0,23,2,0,0,0,6,4,4,0,0,0,28,2,0,1,0,0,0,339,8,1,7,2,69,0,88,129,91,641,20,0,185,359,380,23,40,31,996,647
2023,Australia,BIL_AUS,TLS,Timor-Leste,0,1811,0,0,0,0,0,0,0,0,0,0,3,0,0,0,0,0,0,0,0,0,0,0,0,0,0,0,0,0,0,0,1,0,0,0,0,0,2,0,0,0,0,0,0,1,0,0,0,1,2,0,3,1,0,0,0,0,0,0,675,1121,0,0,3,0,1,2,1,682,0
2023,Canada,BIL_CAN,TLS,Timor-Leste,0,20,0,3,0,0,0,0,0,0,1,0,1,0,0,0,0,0,0,0,0,0,0,0,0,0,0,0,0,0,0,0,0,1,0,0,0,0,0,0,9,0,0,0,1,0,0,0,0,0,0,0,0,0,0,0,0,0,0,0,2,0,0,1,1,0,1,1,10,2,3
2023,Germany,BIL_DEU,TLS,Timor-Leste,0,10,1,3,0,0,0,0,0,0,0,0,0,0,0,0,0,0,0,0,0,0,0,0,0,0,0,0,0,0,0,0,0,0,0,0,0,0,0,0,0,0,0,0,0,0,0,0,0,0,0,0,0,0,0,0,0,0,0,0,1,5,0,0,0,0,0,0,0,1,3
2023,Spain,BIL_ESP,TLS,Timor-Leste,0,3,0,0,0,0,0,0,0,0,0,0,0,0,0,0,0,0,0,0,0,0,0,0,0,0,0,0,0,0,0,0,0,0,0,0,0,0,0,0,0,0,0,0,0,0,0,0,0,0,0,0,0,0,0,0,0,0,0,0,0,3,0,0,0,0,0,0,0,0,0
2023,United_Kingdom,BIL_GBR,TLS,Timor-Leste,0,36,8,0,0,0,0,0,0,0,0,0,0,3,0,0,3,1,0,0,0,0,0,0,0,0,0,0,0,0,0,0,0,0,0,0,0,0,0,0,0,0,0,0,0,0,0,0,0,0,0,0,0,0,0,0,0,0,18,2,1,0,0,0,6,20,0,0,0,1,8
2023,Japan,BIL_JPN,TLS,Timor-Leste,0,408,0,0,0,0,0,20,0,0,0,0,0,0,0,0,0,0,0,0,0,0,0,0,0,8,0,0,0,0,0,0,0,0,0,0,0,0,0,0,0,0,0,0,0,0,0,0,0,0,5,0,0,0,0,0,0,0,0,0,4,370,0,20,0,0,8,0,0,9,0
2023,Korea,BIL_KOR,TLS,Timor-Leste,0,2820,5,0,0,0,0,0,0,0,0,0,128,0,0,256,0,0,0,0,0,0,0,0,0,0,0,0,0,0,0,0,0,0,0,0,0,0,0,0,66,224,0,0,0,286,264,0,0,0,13,0,7,7,769,0,0,769,0,0,0,25,0,0,385,1539,0,0,840,26,5
2023,Portugal,BIL_PRT,TLS,Timor-Leste,0,3,3,0,0,0,0,0,0,0,0,0,0,0,0,0,0,0,0,0,0,0,0,0,0,0,0,0,0,0,0,0,0,0,0,0,0,0,0,0,0,0,0,0,0,0,0,0,0,0,0,0,0,0,0,0,0,0,0,0,0,0,0,0,0,0,0,0,0,0,3
2023,United_States,BIL_USA,TLS,Timor-Leste,0,2406,1,0,0,1,343,679,0,733,148,1,0,0,0,1,0,0,0,0,0,0,0,0,0,0,1,1,0,0,0,0,0,7,0,0,3,16,4,3,0,0,0,0,0,1,1,0,0,0,24,0,0,0,0,0,0,0,0,0,300,139,0,1903,1,0,2,33,2,324,2
2023,Austria,EC,TLS,Timor-Leste,0,65,0,0,57,0,0,0,0,0,0,0,8,0,0,0,0,0,0,0,0,0,0,0,0,0,0,0,0,0,0,0,0,0,0,0,0,0,0,0,0,0,0,0,0,0,0,0,0,0,0,0,0,0,0,0,0,0,0,0,0,0,0,0,8,0,0,0,0,0,57
2023,Belgium,EC,TLS,Timor-Leste,0,117,0,0,103,0,0,0,0,0,0,0,14,0,0,0,0,0,0,0,0,0,0,0,0,0,0,0,0,0,0,0,0,0,0,0,0,0,0,0,0,0,0,0,0,0,0,0,0,0,0,0,0,0,0,0,0,0,0,0,0,0,0,0,14,0,0,0,0,0,103
2023,Denmark,EC,TLS,Timor-Leste,0,55,0,0,49,0,0,0,0,0,0,0,7,0,0,0,0,0,0,0,0,0,0,0,0,0,0,0,0,0,0,0,0,0,0,0,0,0,0,0,0,0,0,0,0,0,0,0,0,0,0,0,0,0,0,0,0,0,0,0,0,0,0,0,7,0,0,0,0,0,49
2023,Finland,EC,TLS,Timor-Leste,0,43,0,0,38,0,0,0,0,0,0,0,5,0,0,0,0,0,0,0,0,0,0,0,0,0,0,0,0,0,0,0,0,0,0,0,0,0,0,0,0,0,0,0,0,0,0,0,0,0,0,0,0,0,0,0,0,0,0,0,0,0,0,0,5,0,0,0,0,0,38
2023,France,EC,TLS,Timor-Leste,0,479,0,0,420,0,0,0,0,0,0,0,57,0,0,0,0,0,0,0,0,0,0,0,0,0,0,0,0,0,0,0,0,0,0,0,0,0,0,0,0,0,0,0,0,0,0,0,0,0,0,0,0,0,0,0,0,0,0,0,1,0,0,0,57,0,0,0,0,1,420
2023,Germany,EC,TLS,Timor-Leste,0,751,0,0,659,0,0,0,0,0,0,0,90,0,0,0,0,0,0,0,0,0,0,0,0,0,0,0,0,0,0,0,0,0,0,0,0,0,0,0,0,0,0,0,0,0,0,0,0,0,0,0,0,0,0,0,0,0,0,0,2,0,0,0,90,0,0,0,0,2,659
2023,Greece,EC,TLS,Timor-Leste,0,39,0,0,34,0,0,0,0,0,0,0,5,0,0,0,0,0,0,0,0,0,0,0,0,0,0,0,0,0,0,0,0,0,0,0,0,0,0,0,0,0,0,0,0,0,0,0,0,0,0,0,0,0,0,0,0,0,0,0,0,0,0,0,5,0,0,0,0,0,34
2023,Ireland,EC,TLS,Timor-Leste,0,61,0,0,53,0,0,0,0,0,0,0,7,0,0,0,0,0,0,0,0,0,0,0,0,0,0,0,0,0,0,0,0,0,0,0,0,0,0,0,0,0,0,0,0,0,0,0,0,0,0,0,0,0,0,0,0,0,0,0,0,0,0,0,7,0,0,0,0,0,53
2023,Italy,EC,TLS,Timor-Leste,0,349,0,0,307,0,0,0,0,0,0,0,42,0,0,0,0,0,0,0,0,0,0,0,0,0,0,0,0,0,0,0,0,0,0,0,0,0,0,0,0,0,0,0,0,0,0,0,0,0,0,0,0,0,0,0,0,0,0,0,0,0,0,0,42,0,0,0,0,0,307
2023,Luxembourg,EC,TLS,Timor-Leste,0,8,0,0,7,0,0,0,0,0,0,0,1,0,0,0,0,0,0,0,0,0,0,0,0,0,0,0,0,0,0,0,0,0,0,0,0,0,0,0,0,0,0,0,0,0,0,0,0,0,0,0,0,0,0,0,0,0,0,0,0,0,0,0,1,0,0,0,0,0,7
2023,Netherlands,EC,TLS,Timor-Leste,0,161,0,0,141,0,0,0,0,0,0,0,19,0,0,0,0,0,0,0,0,0,0,0,0,0,0,0,0,0,0,0,0,0,0,0,0,0,0,0,0,0,0,0,0,0,0,0,0,0,0,0,0,0,0,0,0,0,0,0,0,0,0,0,19,0,0,0,0,0,141
2023,Other_OECD_DAC_countries,EC,TLS,Timor-Leste,0,219,0,0,193,0,0,0,0,0,0,0,26,0,0,0,0,0,0,0,0,0,0,0,0,0,0,0,0,0,0,0,0,0,0,0,0,0,0,0,0,0,0,0,0,0,0,0,0,0,0,0,0,0,0,0,0,0,0,0,0,0,0,0,26,0,0,0,0,0,193
2023,Portugal,EC,TLS,Timor-Leste,0,43,0,0,38,0,0,0,0,0,0,0,5,0,0,0,0,0,0,0,0,0,0,0,0,0,0,0,0,0,0,0,0,0,0,0,0,0,0,0,0,0,0,0,0,0,0,0,0,0,0,0,0,0,0,0,0,0,0,0,0,0,0,0,5,0,0,0,0,0,38
2023,Spain,EC,TLS,Timor-Leste,0,247,0,0,217,0,0,0,0,0,0,0,30,0,0,0,0,0,0,0,0,0,0,0,0,0,0,0,0,0,0,0,0,0,0,0,0,0,0,0,0,0,0,0,0,0,0,0,0,0,0,0,0,0,0,0,0,0,0,0,0,0,0,0,30,0,0,0,0,0,217
2023,Sweden,EC,TLS,Timor-Leste,0,70,0,0,61,0,0,0,0,0,0,0,8,0,0,0,0,0,0,0,0,0,0,0,0,0,0,0,0,0,0,0,0,0,0,0,0,0,0,0,0,0,0,0,0,0,0,0,0,0,0,0,0,0,0,0,0,0,0,0,0,0,0,0,8,0,0,0,0,0,61
2023,United_Kingdom,EC,TLS,Timor-Leste,0,102,0,0,90,0,0,0,0,0,0,0,12,0,0,0,0,0,0,0,0,0,0,0,0,0,0,0,0,0,0,0,0,0,0,0,0,0,0,0,0,0,0,0,0,0,0,0,0,0,0,0,0,0,0,0,0,0,0,0,0,0,0,0,12,0,0,0,0,0,90
2023,Gates Foundation,GATES,TLS,Timor-Leste,0,240,2,108,0,0,0,0,1,0,0,0,16,5,0,0,0,0,2,1,0,0,0,0,0,0,0,0,1,0,1,0,0,3,0,0,5,0,1,0,0,0,0,3,1,0,0,0,0,0,2,0,0,0,29,0,0,0,0,0,0,59,0,1,22,29,3,10,4,2,110
2023,Australia,GAVI,TLS,Timor-Leste,0,16,0,0,0,0,0,0,0,0,0,0,0,3,0,0,0,0,0,0,0,0,0,0,0,0,0,0,0,0,0,0,0,0,0,0,0,0,0,0,0,0,0,0,0,0,0,0,0,0,0,0,0,0,0,0,0,0,0,0,13,0,0,0,3,0,0,0,0,13,0
2023,Austria,GAVI,TLS,Timor-Leste,0,14,0,0,0,0,0,0,0,0,0,0,0,0,0,0,0,0,0,0,0,0,0,0,0,0,0,0,0,0,0,0,0,0,0,0,0,0,0,0,0,0,0,0,0,0,0,0,0,0,0,0,0,0,0,0,0,0,0,0,14,0,0,0,0,0,0,0,0,14,0
2023,Belgium,GAVI,TLS,Timor-Leste,0,28,0,0,0,0,0,0,0,0,0,0,0,0,0,0,0,0,0,0,0,0,0,0,0,0,0,0,0,0,0,0,0,0,0,0,0,0,0,0,0,0,0,0,0,0,0,0,0,0,0,0,0,0,0,0,0,0,0,0,28,0,0,0,0,0,0,0,0,28,0
2023,Canada,GAVI,TLS,Timor-Leste,0,88,0,0,0,0,0,0,0,0,0,0,0,3,0,0,0,0,0,0,0,0,0,0,0,0,0,0,0,0,0,0,0,0,0,0,0,0,0,0,0,0,0,0,0,0,0,0,0,0,0,0,0,0,0,0,0,0,0,0,86,0,0,0,3,0,0,0,0,86,0
2023,China,GAVI,TLS,Timor-Leste,0,14,0,0,0,0,0,0,0,0,0,0,0,0,0,0,0,0,0,0,0,0,0,0,0,0,0,0,0,0,0,0,0,0,0,0,0,0,0,0,0,0,0,0,0,0,0,0,0,0,0,0,0,0,0,0,0,0,0,0,14,0,0,0,0,0,0,0,0,14,0
2023,Corporate_donations,GAVI,TLS,Timor-Leste,0,6,0,0,0,0,0,0,0,0,0,0,0,0,0,0,0,0,0,0,0,0,0,0,0,0,0,0,0,0,0,0,0,0,0,0,0,0,0,0,0,0,0,0,0,0,0,0,0,0,0,0,0,0,0,0,0,0,0,0,6,0,0,0,0,0,0,0,0,6,0
2023,Denmark,GAVI,TLS,Timor-Leste,0,7,0,0,0,0,0,0,0,0,0,0,0,0,0,0,0,0,0,0,0,0,0,0,0,0,0,0,0,0,0,0,0,0,0,0,0,0,0,0,0,0,0,0,0,0,0,0,0,0,0,0,0,0,0,0,0,0,0,0,7,0,0,0,0,0,0,0,0,7,0
2023,Finland,GAVI,TLS,Timor-Leste,0,8,0,0,0,0,0,0,0,0,0,0,0,0,0,0,0,0,0,0,0,0,0,0,0,0,0,0,0,0,0,0,0,0,0,0,0,0,0,0,0,0,0,0,0,0,0,0,0,0,0,0,0,0,0,0,0,0,0,0,8,0,0,0,0,0,0,0,0,8,0
2023,France,GAVI,TLS,Timor-Leste,0,102,0,0,0,0,0,0,0,0,0,0,0,6,0,0,0,0,0,0,0,0,0,0,0,0,0,0,0,0,0,0,0,0,0,0,0,0,0,0,0,0,0,0,0,0,0,0,0,0,0,0,0,0,0,0,0,0,0,0,95,0,0,0,6,0,0,0,0,95,0
2023,Gates Foundation,GAVI,TLS,Timor-Leste,0,46,0,0,0,0,0,0,0,0,0,0,0,13,0,0,0,0,0,0,0,0,0,0,0,0,0,0,0,0,0,0,0,0,0,0,0,0,0,0,0,0,0,0,0,0,0,0,0,0,0,0,0,0,0,0,0,0,0,0,32,0,0,0,13,0,0,0,0,32,0
2023,Germany,GAVI,TLS,Timor-Leste,0,304,0,0,0,0,0,0,0,0,0,0,0,7,0,0,0,0,0,0,0,0,0,0,0,0,0,0,0,0,0,0,0,0,0,0,0,0,0,0,0,0,0,0,0,0,0,0,0,0,0,0,0,0,0,0,0,0,0,0,298,0,0,0,7,0,0,0,0,298,0
2023,Greece,GAVI,TLS,Timor-Leste,0,8,0,0,0,0,0,0,0,0,0,0,0,0,0,0,0,0,0,0,0,0,0,0,0,0,0,0,0,0,0,0,0,0,0,0,0,0,0,0,0,0,0,0,0,0,0,0,0,0,0,0,0,0,0,0,0,0,0,0,8,0,0,0,0,0,0,0,0,8,0
2023,Ireland,GAVI,TLS,Timor-Leste,0,5,0,0,0,0,0,0,0,0,0,0,0,0,0,0,0,0,0,0,0,0,0,0,0,0,0,0,0,0,0,0,0,0,0,0,0,0,0,0,0,0,0,0,0,0,0,0,0,0,0,0,0,0,0,0,0,0,0,0,5,0,0,0,0,0,0,0,0,5,0
2023,Italy,GAVI,TLS,Timor-Leste,0,167,0,0,0,0,0,0,0,0,0,0,0,3,0,0,0,0,0,0,0,0,0,0,0,0,0,0,0,0,0,0,0,0,0,0,0,0,0,0,0,0,0,0,0,0,0,0,0,0,0,0,0,0,0,0,0,0,0,0,164,0,0,0,3,0,0,0,0,164,0
2023,Japan,GAVI,TLS,Timor-Leste,0,179,0,0,0,0,0,0,0,0,0,0,0,1,0,0,0,0,0,0,0,0,0,0,0,0,0,0,0,0,0,0,0,0,0,0,0,0,0,0,0,0,0,0,0,0,0,0,0,0,0,0,0,0,0,0,0,0,0,0,178,0,0,0,1,0,0,0,0,178,0
2023,Korea,GAVI,TLS,Timor-Leste,0,39,0,0,0,0,0,0,0,0,0,0,0,0,0,0,0,0,0,0,0,0,0,0,0,0,0,0,0,0,0,0,0,0,0,0,0,0,0,0,0,0,0,0,0,0,0,0,0,0,0,0,0,0,0,0,0,0,0,0,38,0,0,0,0,0,0,0,0,38,0
2023,Luxembourg,GAVI,TLS,Timor-Leste,0,1,0,0,0,0,0,0,0,0,0,0,0,0,0,0,0,0,0,0,0,0,0,0,0,0,0,0,0,0,0,0,0,0,0,0,0,0,0,0,0,0,0,0,0,0,0,0,0,0,0,0,0,0,0,0,0,0,0,0,1,0,0,0,0,0,0,0,0,1,0
2023,Netherlands,GAVI,TLS,Timor-Leste,0,44,0,0,0,0,0,0,0,0,0,0,0,1,0,0,0,0,0,0,0,0,0,0,0,0,0,0,0,0,0,0,0,0,0,0,0,0,0,0,0,0,0,0,0,0,0,0,0,0,0,0,0,0,0,0,0,0,0,0,44,0,0,0,1,0,0,0,0,44,0
2023,New_Zealand,GAVI,TLS,Timor-Leste,0,4,0,0,0,0,0,0,0,0,0,0,0,0,0,0,0,0,0,0,0,0,0,0,0,0,0,0,0,0,0,0,0,0,0,0,0,0,0,0,0,0,0,0,0,0,0,0,0,0,0,0,0,0,0,0,0,0,0,0,4,0,0,0,0,0,0,0,0,4,0
2023,Non_OECD_DAC_countries,GAVI,TLS,Timor-Leste,0,35,0,0,0,0,0,0,0,0,0,0,0,0,0,0,0,0,0,0,0,0,0,0,0,0,0,0,0,0,0,0,0,0,0,0,0,0,0,0,0,0,0,0,0,0,0,0,0,0,0,0,0,0,0,0,0,0,0,0,34,0,0,0,0,0,0,0,0,34,0
2023,Non_OECD_non_DAC_countries,GAVI,TLS,Timor-Leste,0,28,0,0,0,0,0,0,0,0,0,0,0,0,0,0,0,0,0,0,0,0,0,0,0,0,0,0,0,0,0,0,0,0,0,0,0,0,0,0,0,0,0,0,0,0,0,0,0,0,0,0,0,0,0,0,0,0,0,0,28,0,0,0,0,0,0,0,0,28,0
2023,Norway,GAVI,TLS,Timor-Leste,0,18,0,0,0,0,0,0,0,0,0,0,0,6,0,0,0,0,0,0,0,0,0,0,0,0,0,0,0,0,0,0,0,0,0,0,0,0,0,0,0,0,0,0,0,0,0,0,0,0,0,0,0,0,0,0,0,0,0,0,12,0,0,0,6,0,0,0,0,12,0
2023,Other,GAVI,TLS,Timor-Leste,0,156,0,0,0,0,0,0,0,0,0,0,0,21,0,0,0,0,0,0,0,0,0,0,0,0,0,0,0,0,0,0,0,0,0,0,0,0,0,0,0,0,0,0,0,0,0,0,0,0,0,0,0,0,0,0,0,0,0,0,135,0,0,0,21,0,0,0,0,135,0
2023,Other_OECD_DAC_countries,GAVI,TLS,Timor-Leste,0,38,0,0,0,0,0,0,0,0,0,0,0,0,0,0,0,0,0,0,0,0,0,0,0,0,0,0,0,0,0,0,0,0,0,0,0,0,0,0,0,0,0,0,0,0,0,0,0,0,0,0,0,0,0,0,0,0,0,0,38,0,0,0,0,0,0,0,0,38,0
2023,Portugal,GAVI,TLS,Timor-Leste,0,5,0,0,0,0,0,0,0,0,0,0,0,0,0,0,0,0,0,0,0,0,0,0,0,0,0,0,0,0,0,0,0,0,0,0,0,0,0,0,0,0,0,0,0,0,0,0,0,0,0,0,0,0,0,0,0,0,0,0,5,0,0,0,0,0,0,0,0,5,0
2023,Private_other,GAVI,TLS,Timor-Leste,0,26,0,0,0,0,0,0,0,0,0,0,0,0,0,0,0,0,0,0,0,0,0,0,0,0,0,0,0,0,0,0,0,0,0,0,0,0,0,0,0,0,0,0,0,0,0,0,0,0,0,0,0,0,0,0,0,0,0,0,26,0,0,0,0,0,0,0,0,26,0
2023,Spain,GAVI,TLS,Timor-Leste,0,127,0,0,0,0,0,0,0,0,0,0,0,1,0,0,0,0,0,0,0,0,0,0,0,0,0,0,0,0,0,0,0,0,0,0,0,0,0,0,0,0,0,0,0,0,0,0,0,0,0,0,0,0,0,0,0,0,0,0,127,0,0,0,1,0,0,0,0,127,0
2023,Sweden,GAVI,TLS,Timor-Leste,0,42,0,0,0,0,0,0,0,0,0,0,0,1,0,0,0,0,0,0,0,0,0,0,0,0,0,0,0,0,0,0,0,0,0,0,0,0,0,0,0,0,0,0,0,0,0,0,0,0,0,0,0,0,0,0,0,0,0,0,40,0,0,0,1,0,0,0,0,40,0
2023,Switzerland,GAVI,TLS,Timor-Leste,0,74,0,0,0,0,0,0,0,0,0,0,0,0,0,0,0,0,0,0,0,0,0,0,0,0,0,0,0,0,0,0,0,0,0,0,0,0,0,0,0,0,0,0,0,0,0,0,0,0,0,0,0,0,0,0,0,0,0,0,74,0,0,0,0,0,0,0,0,74,0
2023,United_Kingdom,GAVI,TLS,Timor-Leste,0,140,0,0,0,0,0,0,0,0,0,0,0,19,0,0,0,0,0,0,0,0,0,0,0,0,0,0,0,0,0,0,0,0,0,0,0,0,0,0,0,0,0,0,0,0,0,0,0,0,0,0,0,0,0,0,0,0,0,0,121,0,0,0,19,0,0,0,0,121,0
2023,United_States,GAVI,TLS,Timor-Leste,0,668,0,0,0,0,0,0,0,0,0,0,0,11,0,0,0,0,0,0,0,0,0,0,0,0,0,0,0,0,0,0,0,0,0,0,0,0,0,0,0,0,0,0,0,0,0,0,0,0,0,0,0,0,0,0,0,0,0,0,657,0,0,0,11,0,0,0,0,657,0
2023,Austria,GFATM,TLS,Timor-Leste,0,2,0,0,0,0,0,0,0,0,0,0,0,0,0,0,0,0,0,0,0,0,0,0,0,0,0,0,0,0,0,0,0,0,0,0,0,0,0,0,0,0,0,0,0,0,0,0,0,0,0,0,0,0,0,0,0,0,0,0,0,0,0,0,0,0,1,1,1,0,0
2023,Belgium,GFATM,TLS,Timor-Leste,0,26,0,0,0,0,0,0,0,0,0,0,0,0,0,0,0,0,2,2,0,0,0,1,0,1,3,0,0,0,1,0,0,2,0,0,2,1,1,0,2,0,2,3,1,1,0,0,0,0,0,0,0,0,0,0,0,0,0,0,0,0,0,0,0,0,9,7,9,0,0
2023,Canada,GFATM,TLS,Timor-Leste,0,571,0,1,0,0,0,0,0,0,0,0,0,0,0,0,0,0,35,50,4,1,6,17,0,19,60,8,2,6,17,5,5,38,5,0,38,29,14,6,34,9,33,76,14,29,9,0,0,0,0,0,0,0,0,0,0,0,0,0,0,0,0,0,0,0,203,163,204,0,1
2023,Denmark,GFATM,TLS,Timor-Leste,0,2,0,0,0,0,0,0,0,0,0,0,0,0,0,0,0,0,0,0,0,0,0,0,0,0,0,0,0,0,0,0,0,0,0,0,0,0,0,0,0,0,0,0,0,0,0,0,0,0,0,0,0,0,0,0,0,0,0,0,0,0,0,0,0,0,1,0,1,0,0
2023,Finland,GFATM,TLS,Timor-Leste,0,1,0,0,0,0,0,0,0,0,0,0,0,0,0,0,0,0,0,0,0,0,0,0,0,0,0,0,0,0,0,0,0,0,0,0,0,0,0,0,0,0,0,0,0,0,0,0,0,0,0,0,0,0,0,0,0,0,0,0,0,0,0,0,0,0,0,0,0,0,0
2023,France,GFATM,TLS,Timor-Leste,0,769,0,1,0,0,0,0,0,0,0,0,0,0,0,0,0,0,47,67,5,1,8,23,0,26,81,11,3,8,23,7,7,51,7,0,52,38,19,8,46,13,45,103,19,39,12,0,0,0,0,0,0,0,0,0,0,0,0,0,0,0,0,0,0,0,273,220,275,0,1
2023,Gates Foundation,GFATM,TLS,Timor-Leste,0,464,0,1,0,0,0,0,0,0,0,0,0,0,0,0,0,0,28,41,3,1,5,14,0,16,49,7,2,5,14,4,4,31,4,0,31,23,11,5,28,8,27,62,12,23,7,0,0,0,0,0,0,0,0,0,0,0,0,0,0,0,0,0,0,0,165,132,166,0,1
2023,Germany,GFATM,TLS,Timor-Leste,0,647,0,1,0,0,0,0,0,0,0,0,0,0,0,0,0,0,40,57,4,1,7,19,0,22,68,9,3,7,19,6,6,43,6,0,44,32,16,7,39,11,38,86,16,32,10,0,0,0,0,0,0,0,0,0,0,0,0,0,0,0,0,0,0,0,230,185,232,0,1
2023,Greece,GFATM,TLS,Timor-Leste,0,1,0,0,0,0,0,0,0,0,0,0,0,0,0,0,0,0,0,0,0,0,0,0,0,0,0,0,0,0,0,0,0,0,0,0,0,0,0,0,0,0,0,0,0,0,0,0,0,0,0,0,0,0,0,0,0,0,0,0,0,0,0,0,0,0,0,0,0,0,0
2023,Ireland,GFATM,TLS,Timor-Leste,0,35,0,0,0,0,0,0,0,0,0,0,0,0,0,0,0,0,2,3,0,0,0,1,0,1,4,0,0,0,1,0,0,2,0,0,2,2,1,0,2,1,2,5,1,2,1,0,0,0,0,0,0,0,0,0,0,0,0,0,0,0,0,0,0,0,12,10,12,0,0
2023,Italy,GFATM,TLS,Timor-Leste,0,98,0,0,0,0,0,0,0,0,0,0,0,0,0,0,0,0,6,9,1,0,1,3,0,3,10,1,0,1,3,1,1,7,1,0,7,5,2,1,6,2,6,13,2,5,1,0,0,0,0,0,0,0,0,0,0,0,0,0,0,0,0,0,0,0,35,28,35,0,0
2023,Japan,GFATM,TLS,Timor-Leste,0,479,0,1,0,0,0,0,0,0,0,0,0,0,0,0,0,0,29,42,3,1,5,14,0,16,50,7,2,5,14,4,4,32,4,0,32,24,12,5,29,8,28,64,12,24,7,0,0,0,0,0,0,0,0,0,0,0,0,0,0,0,0,0,0,0,170,137,171,0,1
2023,Korea,GFATM,TLS,Timor-Leste,0,88,0,0,0,0,0,0,0,0,0,0,0,0,0,0,0,0,5,8,1,0,1,3,0,3,9,1,0,1,3,1,1,6,1,0,6,4,2,1,5,1,5,12,2,4,1,0,0,0,0,0,0,0,0,0,0,0,0,0,0,0,0,0,0,0,31,25,31,0,0
2023,Luxembourg,GFATM,TLS,Timor-Leste,0,10,0,0,0,0,0,0,0,0,0,0,0,0,0,0,0,0,1,1,0,0,0,0,0,0,1,0,0,0,0,0,0,1,0,0,1,0,0,0,1,0,1,1,0,0,0,0,0,0,0,0,0,0,0,0,0,0,0,0,0,0,0,0,0,0,4,3,4,0,0
2023,Netherlands,GFATM,TLS,Timor-Leste,0,95,0,0,0,0,0,0,0,0,0,0,0,0,0,0,0,0,6,8,1,0,1,3,0,3,10,1,0,1,3,1,1,6,1,0,6,5,2,1,6,2,6,13,2,5,1,0,0,0,0,0,0,0,0,0,0,0,0,0,0,0,0,0,0,0,34,27,34,0,0
2023,Non_OECD_DAC_countries,GFATM,TLS,Timor-Leste,0,35,0,0,0,0,0,0,0,0,0,0,0,0,0,0,0,0,2,3,0,0,0,1,0,1,4,1,0,0,1,0,0,2,0,0,2,2,1,0,2,1,2,5,1,2,1,0,0,0,0,0,0,0,0,0,0,0,0,0,0,0,0,0,0,0,12,10,12,0,0
2023,Non_OECD_non_DAC_countries,GFATM,TLS,Timor-Leste,0,32,0,0,0,0,0,0,0,0,0,0,0,0,0,0,0,0,2,3,0,0,0,1,0,1,3,0,0,0,1,0,0,2,0,0,2,2,1,0,2,1,2,4,1,2,0,0,0,0,0,0,0,0,0,0,0,0,0,0,0,0,0,0,0,0,11,9,11,0,0
2023,Norway,GFATM,TLS,Timor-Leste,0,62,0,0,0,0,0,0,0,0,0,0,0,0,0,0,0,0,4,5,0,0,1,2,0,2,7,1,0,1,2,1,1,4,1,0,4,3,2,1,4,1,4,8,2,3,1,0,0,0,0,0,0,0,0,0,0,0,0,0,0,0,0,0,0,0,22,18,22,0,0
2023,Other_OECD_DAC_countries,GFATM,TLS,Timor-Leste,0,5,0,0,0,0,0,0,0,0,0,0,0,0,0,0,0,0,0,0,0,0,0,0,0,0,1,0,0,0,0,0,0,0,0,0,0,0,0,0,0,0,0,1,0,0,0,0,0,0,0,0,0,0,0,0,0,0,0,0,0,0,0,0,0,0,2,1,2,0,0
2023,Portugal,GFATM,TLS,Timor-Leste,0,2,0,0,0,0,0,0,0,0,0,0,0,0,0,0,0,0,0,0,0,0,0,0,0,0,0,0,0,0,0,0,0,0,0,0,0,0,0,0,0,0,0,0,0,0,0,0,0,0,0,0,0,0,0,0,0,0,0,0,0,0,0,0,0,0,1,1,1,0,0
2023,Private_other,GFATM,TLS,Timor-Leste,0,100,0,0,0,0,0,0,0,0,0,0,0,0,0,0,0,0,6,9,1,0,1,3,0,3,11,1,0,1,3,1,1,7,1,0,7,5,2,1,6,2,6,13,2,5,2,0,0,0,0,0,0,0,0,0,0,0,0,0,0,0,0,0,0,0,36,29,36,0,0
2023,Spain,GFATM,TLS,Timor-Leste,0,92,0,0,0,0,0,0,0,0,0,0,0,0,0,0,0,0,6,8,1,0,1,3,0,3,10,1,0,1,3,1,1,6,1,0,6,5,2,1,5,2,5,12,2,5,1,0,0,0,0,0,0,0,0,0,0,0,0,0,0,0,0,0,0,0,32,26,33,0,0
2023,Sweden,GFATM,TLS,Timor-Leste,0,120,0,0,0,0,0,0,0,0,0,0,0,0,0,0,0,0,7,10,1,0,1,4,0,4,13,2,1,1,4,1,1,8,1,0,8,6,3,1,7,2,7,16,3,6,2,0,0,0,0,0,0,0,0,0,0,0,0,0,0,0,0,0,0,0,43,34,43,0,0
2023,Switzerland,GFATM,TLS,Timor-Leste,0,33,0,0,0,0,0,0,0,0,0,0,0,0,0,0,0,0,2,3,0,0,0,1,0,1,3,0,0,0,1,0,0,2,0,0,2,2,1,0,2,1,2,4,1,2,0,0,0,0,0,0,0,0,0,0,0,0,0,0,0,0,0,0,0,0,12,9,12,0,0
2023,United_Kingdom,GFATM,TLS,Timor-Leste,0,1724,0,3,0,0,0,0,0,0,0,0,0,0,0,0,0,0,105,151,11,3,19,51,1,58,181,25,7,18,51,15,15,115,15,0,116,86,42,18,103,28,101,230,43,87,26,0,0,0,0,0,0,0,0,0,0,0,0,0,0,0,0,0,0,0,612,492,617,0,3
2023,United_States,GFATM,TLS,Timor-Leste,0,1230,0,2,0,0,0,0,0,0,0,0,0,0,0,0,0,0,75,108,8,2,13,37,0,42,129,18,5,13,37,11,11,82,11,0,83,62,30,13,74,20,72,164,31,62,18,0,0,0,0,0,0,0,0,0,0,0,0,0,0,0,0,0,0,0,437,351,440,0,2
2023,Australia,INTLNGO,TLS,Timor-Leste,0,2875,535,0,0,0,1,4,0,2,56,0,767,0,0,0,54,0,0,0,0,0,0,0,0,0,0,53,0,0,0,0,0,0,5,0,0,10,0,0,0,0,0,0,0,0,0,0,0,0,201,0,0,0,0,0,36,0,0,0,567,585,0,62,821,36,53,15,0,768,535
2023,Canada,INTLNGO,TLS,Timor-Leste,0,117,0,0,0,0,0,10,1,7,17,0,78,0,0,0,0,0,0,0,0,0,0,0,0,0,0,0,0,0,0,0,0,0,0,0,0,0,0,0,0,0,0,0,0,0,0,0,0,0,0,0,0,0,0,0,0,0,0,0,3,0,0,36,78,0,0,0,0,3,0
2023,France,INTLNGO,TLS,Timor-Leste,0,18,0,0,0,0,0,0,0,0,0,0,0,0,0,0,0,0,0,0,0,0,0,0,0,11,0,0,0,0,0,0,0,0,0,0,0,0,0,0,0,0,0,0,0,0,0,0,0,0,0,0,0,0,0,0,0,0,0,0,0,7,0,0,0,0,11,0,0,0,0
2023,Germany,INTLNGO,TLS,Timor-Leste,0,71,1,0,0,0,0,0,0,0,0,0,0,0,0,0,0,0,0,0,0,0,0,0,0,0,0,0,0,0,0,0,0,0,0,0,0,0,0,0,0,0,0,0,0,0,0,0,0,0,0,0,0,0,0,0,0,0,0,0,1,70,0,0,0,0,0,0,0,1,1
2023,Ireland,INTLNGO,TLS,Timor-Leste,0,5,0,0,0,0,0,0,0,0,0,0,3,0,0,0,1,1,0,0,0,0,0,0,0,0,0,0,0,0,0,0,0,0,0,0,0,0,0,0,0,0,0,0,0,0,0,0,0,0,0,0,0,0,0,0,0,0,0,0,0,0,0,0,5,0,0,0,0,0,0
2023,Japan,INTLNGO,TLS,Timor-Leste,0,650,0,0,0,0,0,29,0,206,104,0,39,0,0,79,156,0,0,0,0,0,0,0,0,0,0,0,0,0,0,0,0,0,0,0,0,0,0,0,0,0,0,0,0,0,0,0,0,0,0,0,0,0,0,0,0,0,0,0,0,37,0,340,274,0,0,0,0,0,0
2023,Korea,INTLNGO,TLS,Timor-Leste,0,414,0,0,0,0,0,0,0,0,0,0,374,0,0,6,6,0,0,0,0,0,0,0,0,0,0,0,0,0,0,0,0,0,0,0,0,0,0,0,0,0,0,0,0,0,0,0,0,0,0,0,0,0,0,0,0,0,0,0,0,27,0,0,387,0,0,0,0,0,0
2023,New_Zealand,INTLNGO,TLS,Timor-Leste,0,106,0,0,0,0,0,0,0,0,0,0,0,0,0,0,0,0,0,0,0,0,0,0,0,0,0,0,0,0,0,0,0,0,0,0,0,0,0,0,0,0,0,0,0,0,0,0,0,0,106,0,0,0,0,0,0,0,0,0,0,0,0,0,0,0,0,0,0,106,0
2023,Sweden,INTLNGO,TLS,Timor-Leste,0,1,0,0,0,0,0,1,0,0,0,0,0,0,0,0,0,0,0,0,0,0,0,0,0,0,0,0,0,0,0,0,0,0,0,0,0,0,0,0,0,0,0,0,0,0,0,0,0,0,0,0,0,0,0,0,0,0,0,0,0,0,0,1,0,0,0,0,0,0,0
2023,United_States,INTLNGO,TLS,Timor-Leste,0,17,0,0,0,0,0,0,0,0,0,0,0,0,0,0,0,0,5,2,0,0,0,0,0,0,6,0,0,0,0,0,0,0,0,0,0,0,0,0,0,0,0,0,0,0,0,0,0,0,0,0,0,0,0,0,0,0,0,0,2,0,0,1,0,0,13,1,0,2,0
2023,Corporate_donations,NGO,TLS,Timor-Leste,0,268,55,0,10,0,0,1,0,1,1,1,4,0,24,3,1,1,2,2,0,0,0,0,0,0,2,0,0,0,0,0,0,0,0,0,0,0,0,0,0,0,0,0,0,0,0,0,0,0,0,0,0,0,0,0,12,12,131,0,0,4,0,4,33,155,7,0,0,0,64
2023,Gates Foundation,NGO,TLS,Timor-Leste,0,45,2,0,2,1,0,0,1,0,0,0,1,9,0,4,1,5,1,0,0,0,0,1,0,1,2,1,0,1,0,0,0,0,0,0,1,1,1,0,0,1,0,0,1,1,0,0,0,0,0,0,0,0,0,0,2,0,1,0,0,0,0,2,20,3,7,5,2,0,4
2023,Private_other,NGO,TLS,Timor-Leste,0,775,103,0,26,1,1,3,14,6,12,4,39,27,53,27,30,14,10,4,1,1,2,2,0,11,17,3,0,1,0,0,0,1,1,0,4,3,0,0,4,0,1,0,3,1,0,0,0,0,24,14,2,0,7,12,40,21,164,3,0,56,0,40,191,246,50,10,9,41,130
2023,United_States,NGO,TLS,Timor-Leste,0,16,0,0,0,0,2,6,0,4,2,0,0,0,0,0,0,0,0,0,0,0,0,0,0,0,0,0,0,0,0,0,0,0,0,0,0,1,0,0,0,0,0,0,0,0,0,0,0,0,0,0,0,0,0,0,0,0,0,0,0,1,0,13,0,0,0,1,0,0,0
2023,Australia,UNFPA,TLS,Timor-Leste,0,97,0,0,0,0,26,15,38,10,5,0,0,0,0,0,0,0,0,0,0,0,0,0,0,3,0,0,0,0,0,0,0,0,0,0,0,0,0,0,0,0,0,0,0,0,0,0,0,0,0,0,0,0,0,0,0,0,0,0,0,0,0,94,0,0,3,0,0,0,0
2023,Austria,UNFPA,TLS,Timor-Leste,0,8,0,0,0,0,2,1,3,1,0,0,0,0,0,0,0,0,0,0,0,0,0,0,0,0,0,0,0,0,0,0,0,0,0,0,0,0,0,0,0,0,0,0,0,0,0,0,0,0,0,0,0,0,0,0,0,0,0,0,0,0,0,7,0,0,0,0,0,0,0
2023,Belgium,UNFPA,TLS,Timor-Leste,0,30,0,0,0,0,8,5,12,3,2,0,0,0,0,0,0,0,0,0,0,0,0,0,0,1,0,0,0,0,0,0,0,0,0,0,0,0,0,0,0,0,0,0,0,0,0,0,0,0,0,0,0,0,0,0,0,0,0,0,0,0,0,29,0,0,1,0,0,0,0
2023,Canada,UNFPA,TLS,Timor-Leste,0,58,0,0,0,0,16,9,23,6,3,0,0,0,0,0,0,0,0,0,0,0,0,0,0,2,0,0,0,0,0,0,0,0,0,0,0,0,0,0,0,0,0,0,0,0,0,0,0,0,0,0,0,0,0,0,0,0,0,0,0,0,0,56,0,0,2,0,0,0,0
2023,China,UNFPA,TLS,Timor-Leste,0,4,0,0,0,0,1,1,2,0,0,0,0,0,0,0,0,0,0,0,0,0,0,0,0,0,0,0,0,0,0,0,0,0,0,0,0,0,0,0,0,0,0,0,0,0,0,0,0,0,0,0,0,0,0,0,0,0,0,0,0,0,0,4,0,0,0,0,0,0,0
2023,Corporate_donations,UNFPA,TLS,Timor-Leste,0,6,0,0,0,0,2,1,2,1,0,0,0,0,0,0,0,0,0,0,0,0,0,0,0,0,0,0,0,0,0,0,0,0,0,0,0,0,0,0,0,0,0,0,0,0,0,0,0,0,0,0,0,0,0,0,0,0,0,0,0,0,0,6,0,0,0,0,0,0,0
2023,Denmark,UNFPA,TLS,Timor-Leste,0,99,0,0,0,0,27,15,39,10,5,0,0,0,0,0,0,0,0,0,0,0,0,0,0,3,0,0,0,0,0,0,0,0,0,0,0,0,0,0,0,0,0,0,0,0,0,0,0,0,0,0,0,0,0,0,0,0,0,0,0,0,0,96,0,0,3,0,0,0,0
2023,Finland,UNFPA,TLS,Timor-Leste,0,82,0,0,0,0,22,12,32,8,4,0,0,0,0,0,0,0,0,0,0,0,0,0,0,3,0,0,0,0,0,0,0,0,0,0,0,0,0,0,0,0,0,0,0,0,0,0,0,0,0,0,0,0,0,0,0,0,0,0,0,0,0,79,0,0,3,0,0,0,0
2023,France,UNFPA,TLS,Timor-Leste,0,20,0,0,0,0,5,3,8,2,1,0,0,0,0,0,0,0,0,0,0,0,0,0,0,1,0,0,0,0,0,0,0,0,0,0,0,0,0,0,0,0,0,0,0,0,0,0,0,0,0,0,0,0,0,0,0,0,0,0,0,0,0,19,0,0,1,0,0,0,0
2023,Gates Foundation,UNFPA,TLS,Timor-Leste,0,10,0,0,0,0,3,2,4,1,1,0,0,0,0,0,0,0,0,0,0,0,0,0,0,0,0,0,0,0,0,0,0,0,0,0,0,0,0,0,0,0,0,0,0,0,0,0,0,0,0,0,0,0,0,0,0,0,0,0,0,0,0,10,0,0,0,0,0,0,0
2023,Germany,UNFPA,TLS,Timor-Leste,0,144,0,0,0,0,39,22,56,14,8,0,0,0,0,0,0,0,0,0,0,0,0,0,0,5,0,0,0,0,0,0,0,0,0,0,0,0,0,0,0,0,0,0,0,0,0,0,0,0,0,0,0,0,0,0,0,0,0,0,0,0,0,139,0,0,5,0,0,0,0
2023,Ireland,UNFPA,TLS,Timor-Leste,0,15,0,0,0,0,4,2,6,2,1,0,0,0,0,0,0,0,0,0,0,0,0,0,0,0,0,0,0,0,0,0,0,0,0,0,0,0,0,0,0,0,0,0,0,0,0,0,0,0,0,0,0,0,0,0,0,0,0,0,0,0,0,15,0,0,0,0,0,0,0
2023,Italy,UNFPA,TLS,Timor-Leste,0,29,0,0,0,0,8,4,11,3,2,0,0,0,0,0,0,0,0,0,0,0,0,0,0,1,0,0,0,0,0,0,0,0,0,0,0,0,0,0,0,0,0,0,0,0,0,0,0,0,0,0,0,0,0,0,0,0,0,0,0,0,0,28,0,0,1,0,0,0,0
2023,Japan,UNFPA,TLS,Timor-Leste,0,69,0,0,0,0,19,11,27,7,4,0,0,0,0,0,0,0,0,0,0,0,0,0,0,2,0,0,0,0,0,0,0,0,0,0,0,0,0,0,0,0,0,0,0,0,0,0,0,0,0,0,0,0,0,0,0,0,0,0,0,0,0,67,0,0,2,0,0,0,0
2023,Korea,UNFPA,TLS,Timor-Leste,0,22,0,0,0,0,6,3,9,2,1,0,0,0,0,0,0,0,0,0,0,0,0,0,0,1,0,0,0,0,0,0,0,0,0,0,0,0,0,0,0,0,0,0,0,0,0,0,0,0,0,0,0,0,0,0,0,0,0,0,0,0,0,21,0,0,1,0,0,0,0
2023,Luxembourg,UNFPA,TLS,Timor-Leste,0,28,0,0,0,0,8,4,11,3,2,0,0,0,0,0,0,0,0,0,0,0,0,0,0,1,0,0,0,0,0,0,0,0,0,0,0,0,0,0,0,0,0,0,0,0,0,0,0,0,0,0,0,0,0,0,0,0,0,0,0,0,0,27,0,0,1,0,0,0,0
2023,Netherlands,UNFPA,TLS,Timor-Leste,0,138,0,0,0,0,37,21,54,14,8,0,0,0,0,0,0,0,0,0,0,0,0,0,0,4,0,0,0,0,0,0,0,0,0,0,0,0,0,0,0,0,0,0,0,0,0,0,0,0,0,0,0,0,0,0,0,0,0,0,0,0,0,134,0,0,4,0,0,0,0
2023,New_Zealand,UNFPA,TLS,Timor-Leste,0,12,0,0,0,0,3,2,5,1,1,0,0,0,0,0,0,0,0,0,0,0,0,0,0,0,0,0,0,0,0,0,0,0,0,0,0,0,0,0,0,0,0,0,0,0,0,0,0,0,0,0,0,0,0,0,0,0,0,0,0,0,0,12,0,0,0,0,0,0,0
2023,Non_OECD_DAC_countries,UNFPA,TLS,Timor-Leste,0,5,0,0,0,0,1,1,2,0,0,0,0,0,0,0,0,0,0,0,0,0,0,0,0,0,0,0,0,0,0,0,0,0,0,0,0,0,0,0,0,0,0,0,0,0,0,0,0,0,0,0,0,0,0,0,0,0,0,0,0,0,0,5,0,0,0,0,0,0,0
2023,Non_OECD_non_DAC_countries,UNFPA,TLS,Timor-Leste,0,72,0,0,0,0,20,11,28,7,4,0,0,0,0,0,0,0,0,0,0,0,0,0,0,2,0,0,0,0,0,0,0,0,0,0,0,0,0,0,0,0,0,0,0,0,0,0,0,0,0,0,0,0,0,0,0,0,0,0,0,0,0,70,0,0,2,0,0,0,0
2023,Norway,UNFPA,TLS,Timor-Leste,0,173,0,0,0,0,47,26,68,17,9,0,0,0,0,0,0,0,0,0,0,0,0,0,0,6,0,0,0,0,0,0,0,0,0,0,0,0,0,0,0,0,0,0,0,0,0,0,0,0,0,0,0,0,0,0,0,0,0,0,0,0,0,168,0,0,6,0,0,0,0
2023,Other,UNFPA,TLS,Timor-Leste,0,832,0,0,0,0,226,127,325,83,45,0,0,0,0,0,0,0,0,0,0,0,0,0,0,26,0,0,0,0,0,0,0,0,0,0,0,0,0,0,0,0,0,0,0,0,0,0,0,0,0,0,0,0,0,0,0,0,0,0,0,0,0,806,0,0,26,0,0,0,0
2023,Other_OECD_DAC_countries,UNFPA,TLS,Timor-Leste,0,16,0,0,0,0,4,2,6,2,1,0,0,0,0,0,0,0,0,0,0,0,0,0,0,1,0,0,0,0,0,0,0,0,0,0,0,0,0,0,0,0,0,0,0,0,0,0,0,0,0,0,0,0,0,0,0,0,0,0,0,0,0,16,0,0,1,0,0,0,0
2023,Portugal,UNFPA,TLS,Timor-Leste,0,1,0,0,0,0,0,0,0,0,0,0,0,0,0,0,0,0,0,0,0,0,0,0,0,0,0,0,0,0,0,0,0,0,0,0,0,0,0,0,0,0,0,0,0,0,0,0,0,0,0,0,0,0,0,0,0,0,0,0,0,0,0,1,0,0,0,0,0,0,0
2023,Private_other,UNFPA,TLS,Timor-Leste,0,24,0,0,0,0,7,4,10,2,1,0,0,0,0,0,0,0,0,0,0,0,0,0,0,1,0,0,0,0,0,0,0,0,0,0,0,0,0,0,0,0,0,0,0,0,0,0,0,0,0,0,0,0,0,0,0,0,0,0,0,0,0,24,0,0,1,0,0,0,0
2023,Spain,UNFPA,TLS,Timor-Leste,0,25,0,0,0,0,7,4,10,2,1,0,0,0,0,0,0,0,0,0,0,0,0,0,0,1,0,0,0,0,0,0,0,0,0,0,0,0,0,0,0,0,0,0,0,0,0,0,0,0,0,0,0,0,0,0,0,0,0,0,0,0,0,24,0,0,1,0,0,0,0
2023,Sweden,UNFPA,TLS,Timor-Leste,0,114,0,0,0,0,31,17,44,11,6,0,0,0,0,0,0,0,0,0,0,0,0,0,0,4,0,0,0,0,0,0,0,0,0,0,0,0,0,0,0,0,0,0,0,0,0,0,0,0,0,0,0,0,0,0,0,0,0,0,0,0,0,110,0,0,4,0,0,0,0
2023,Switzerland,UNFPA,TLS,Timor-Leste,0,53,0,0,0,0,14,8,21,5,3,0,0,0,0,0,0,0,0,0,0,0,0,0,0,2,0,0,0,0,0,0,0,0,0,0,0,0,0,0,0,0,0,0,0,0,0,0,0,0,0,0,0,0,0,0,0,0,0,0,0,0,0,51,0,0,2,0,0,0,0
2023,Unallocable,UNFPA,TLS,Timor-Leste,0,7,0,0,0,0,2,1,3,1,0,0,0,0,0,0,0,0,0,0,0,0,0,0,0,0,0,0,0,0,0,0,0,0,0,0,0,0,0,0,0,0,0,0,0,0,0,0,0,0,0,0,0,0,0,0,0,0,0,0,0,0,0,7,0,0,0,0,0,0,0
2023,United_Kingdom,UNFPA,TLS,Timor-Leste,0,83,0,0,0,0,22,13,32,8,5,0,0,0,0,0,0,0,0,0,0,0,0,0,0,3,0,0,0,0,0,0,0,0,0,0,0,0,0,0,0,0,0,0,0,0,0,0,0,0,0,0,0,0,0,0,0,0,0,0,0,0,0,80,0,0,3,0,0,0,0
2023,United_States,UNFPA,TLS,Timor-Leste,0,294,0,0,0,0,80,45,115,29,16,0,0,0,0,0,0,0,0,0,0,0,0,0,0,9,0,0,0,0,0,0,0,0,0,0,0,0,0,0,0,0,0,0,0,0,0,0,0,0,0,0,0,0,0,0,0,0,0,0,0,0,0,285,0,0,9,0,0,0,0
2023,Australia,UNICEF,TLS,Timor-Leste,0,33,0,0,0,0,0,0,2,0,0,0,9,8,4,9,0,0,0,0,0,0,0,0,0,0,0,0,0,0,0,0,0,0,0,0,0,0,0,0,0,0,0,0,0,0,0,0,0,0,0,0,0,0,0,0,0,0,0,0,0,0,0,2,30,0,1,0,0,0,0
2023,Austria,UNICEF,TLS,Timor-Leste,0,16,0,0,0,0,0,0,1,0,0,0,4,4,2,4,0,0,0,0,0,0,0,0,0,0,0,0,0,0,0,0,0,0,0,0,0,0,0,0,0,0,0,0,0,0,0,0,0,0,0,0,0,0,0,0,0,0,0,0,0,0,0,1,15,0,0,0,0,0,0
2023,Belgium,UNICEF,TLS,Timor-Leste,0,26,0,0,0,0,0,0,1,0,0,0,7,7,4,7,0,0,0,0,0,0,0,0,0,0,0,0,0,0,0,0,0,0,0,0,0,0,0,0,0,0,0,0,0,0,0,0,0,0,0,0,0,0,0,0,0,0,0,0,0,0,0,1,24,0,1,0,0,0,0
2023,Canada,UNICEF,TLS,Timor-Leste,0,108,0,0,0,0,0,0,6,0,0,0,29,27,14,29,0,0,1,1,0,0,1,0,0,0,0,0,0,0,0,0,0,0,0,0,0,0,0,0,0,0,0,0,0,0,0,0,0,0,0,0,0,0,0,0,0,0,0,0,0,0,0,6,100,0,2,0,0,0,0
2023,China,UNICEF,TLS,Timor-Leste,0,5,0,0,0,0,0,0,0,0,0,0,1,1,1,1,0,0,0,0,0,0,0,0,0,0,0,0,0,0,0,0,0,0,0,0,0,0,0,0,0,0,0,0,0,0,0,0,0,0,0,0,0,0,0,0,0,0,0,0,0,0,0,0,5,0,0,0,0,0,0
2023,Denmark,UNICEF,TLS,Timor-Leste,0,43,0,0,0,0,0,0,2,0,0,0,12,11,6,12,0,0,0,0,0,0,0,0,0,0,0,0,0,0,0,0,0,0,0,0,0,0,0,0,0,0,0,0,0,0,0,0,0,0,0,0,0,0,0,0,0,0,0,0,0,0,0,2,40,0,1,0,0,0,0
2023,Finland,UNICEF,TLS,Timor-Leste,0,17,0,0,0,0,0,0,1,0,0,0,5,4,2,5,0,0,0,0,0,0,0,0,0,0,0,0,0,0,0,0,0,0,0,0,0,0,0,0,0,0,0,0,0,0,0,0,0,0,0,0,0,0,0,0,0,0,0,0,0,0,0,1,16,0,0,0,0,0,0
2023,France,UNICEF,TLS,Timor-Leste,0,78,0,0,0,0,0,0,4,0,0,0,21,19,10,21,0,0,1,1,0,0,1,0,0,0,0,0,0,0,0,0,0,0,0,0,0,0,0,0,0,0,0,0,0,0,0,0,0,0,0,0,0,0,0,0,0,0,0,0,0,0,0,4,72,0,2,0,0,0,0
2023,Gates Foundation,UNICEF,TLS,Timor-Leste,0,9,0,0,0,0,0,0,0,0,0,0,2,2,1,2,0,0,0,0,0,0,0,0,0,0,0,0,0,0,0,0,0,0,0,0,0,0,0,0,0,0,0,0,0,0,0,0,0,0,0,0,0,0,0,0,0,0,0,0,0,0,0,0,8,0,0,0,0,0,0
2023,Germany,UNICEF,TLS,Timor-Leste,0,399,0,0,0,0,0,0,22,0,0,0,107,99,53,108,0,0,3,4,0,0,3,0,0,0,0,0,0,0,0,0,0,0,0,0,0,0,0,0,0,0,0,0,0,0,0,0,0,0,0,0,0,0,0,1,0,0,0,0,0,0,0,22,367,1,9,0,0,0,0
2023,Greece,UNICEF,TLS,Timor-Leste,0,14,0,0,0,0,0,0,1,0,0,0,4,3,2,4,0,0,0,0,0,0,0,0,0,0,0,0,0,0,0,0,0,0,0,0,0,0,0,0,0,0,0,0,0,0,0,0,0,0,0,0,0,0,0,0,0,0,0,0,0,0,0,1,13,0,0,0,0,0,0
2023,Ireland,UNICEF,TLS,Timor-Leste,0,18,0,0,0,0,0,0,1,0,0,0,5,4,2,5,0,0,0,0,0,0,0,0,0,0,0,0,0,0,0,0,0,0,0,0,0,0,0,0,0,0,0,0,0,0,0,0,0,0,0,0,0,0,0,0,0,0,0,0,0,0,0,1,16,0,0,0,0,0,0
2023,Italy,UNICEF,TLS,Timor-Leste,0,44,0,0,0,0,0,0,2,0,0,0,12,11,6,12,0,0,0,0,0,0,0,0,0,0,0,0,0,0,0,0,0,0,0,0,0,0,0,0,0,0,0,0,0,0,0,0,0,0,0,0,0,0,0,0,0,0,0,0,0,0,0,2,41,0,1,0,0,0,0
2023,Japan,UNICEF,TLS,Timor-Leste,0,111,0,0,0,0,0,0,6,0,0,0,30,27,15,30,0,0,1,1,0,0,1,0,0,0,0,0,0,0,0,0,0,0,0,0,0,0,0,0,0,0,0,0,0,0,0,0,0,0,0,0,0,0,0,0,0,0,0,0,0,0,0,6,102,0,3,0,0,0,0
2023,Korea,UNICEF,TLS,Timor-Leste,0,29,0,0,0,0,0,0,2,0,0,0,8,7,4,8,0,0,0,0,0,0,0,0,0,0,0,0,0,0,0,0,0,0,0,0,0,0,0,0,0,0,0,0,0,0,0,0,0,0,0,0,0,0,0,0,0,0,0,0,0,0,0,2,27,0,1,0,0,0,0
2023,Luxembourg,UNICEF,TLS,Timor-Leste,0,6,0,0,0,0,0,0,0,0,0,0,2,2,1,2,0,0,0,0,0,0,0,0,0,0,0,0,0,0,0,0,0,0,0,0,0,0,0,0,0,0,0,0,0,0,0,0,0,0,0,0,0,0,0,0,0,0,0,0,0,0,0,0,6,0,0,0,0,0,0
2023,Netherlands,UNICEF,TLS,Timor-Leste,0,77,0,0,0,0,0,0,4,0,0,0,21,19,10,21,0,0,1,1,0,0,1,0,0,0,0,0,0,0,0,0,0,0,0,0,0,0,0,0,0,0,0,0,0,0,0,0,0,0,0,0,0,0,0,0,0,0,0,0,0,0,0,4,71,0,2,0,0,0,0
2023,New_Zealand,UNICEF,TLS,Timor-Leste,0,4,0,0,0,0,0,0,0,0,0,0,1,1,1,1,0,0,0,0,0,0,0,0,0,0,0,0,0,0,0,0,0,0,0,0,0,0,0,0,0,0,0,0,0,0,0,0,0,0,0,0,0,0,0,0,0,0,0,0,0,0,0,0,4,0,0,0,0,0,0
2023,Non_OECD_DAC_countries,UNICEF,TLS,Timor-Leste,0,18,0,0,0,0,0,0,1,0,0,0,5,4,2,5,0,0,0,0,0,0,0,0,0,0,0,0,0,0,0,0,0,0,0,0,0,0,0,0,0,0,0,0,0,0,0,0,0,0,0,0,0,0,0,0,0,0,0,0,0,0,0,1,16,0,0,0,0,0,0
2023,Non_OECD_non_DAC_countries,UNICEF,TLS,Timor-Leste,0,169,0,0,0,0,0,0,9,0,0,0,45,42,23,46,0,0,1,2,0,0,1,0,0,0,0,0,0,0,0,0,0,0,0,0,0,0,0,0,0,0,0,0,0,0,0,0,0,0,0,0,0,0,0,0,0,0,0,0,0,0,0,9,155,0,4,0,0,0,0
2023,Norway,UNICEF,TLS,Timor-Leste,0,62,0,0,0,0,0,0,3,0,0,0,17,15,8,17,0,0,0,1,0,0,0,0,0,0,0,0,0,0,0,0,0,0,0,0,0,0,0,0,0,0,0,0,0,0,0,0,0,0,0,0,0,0,0,0,0,0,0,0,0,0,0,3,57,0,1,0,0,0,0
2023,Other,UNICEF,TLS,Timor-Leste,0,416,0,0,0,0,0,0,22,0,0,0,112,103,56,112,0,0,3,4,0,0,3,0,0,0,0,0,0,0,0,0,0,0,0,0,0,0,0,0,0,0,0,0,0,0,0,0,0,0,0,0,0,0,0,1,0,0,0,0,0,0,0,22,383,1,10,0,0,0,0
2023,Other_OECD_DAC_countries,UNICEF,TLS,Timor-Leste,0,21,0,0,0,0,0,0,1,0,0,0,6,5,3,6,0,0,0,0,0,0,0,0,0,0,0,0,0,0,0,0,0,0,0,0,0,0,0,0,0,0,0,0,0,0,0,0,0,0,0,0,0,0,0,0,0,0,0,0,0,0,0,1,20,0,0,0,0,0,0
2023,Portugal,UNICEF,TLS,Timor-Leste,0,4,0,0,0,0,0,0,0,0,0,0,1,1,0,1,0,0,0,0,0,0,0,0,0,0,0,0,0,0,0,0,0,0,0,0,0,0,0,0,0,0,0,0,0,0,0,0,0,0,0,0,0,0,0,0,0,0,0,0,0,0,0,0,3,0,0,0,0,0,0
2023,Private_other,UNICEF,TLS,Timor-Leste,0,785,0,0,0,0,0,0,42,0,0,0,211,195,105,212,0,0,5,7,0,0,5,0,0,0,0,0,0,0,0,0,0,0,0,0,0,0,0,0,0,0,0,0,0,0,0,0,0,0,0,0,0,0,0,2,0,0,0,0,0,0,0,42,723,2,18,0,0,0,0
2023,Spain,UNICEF,TLS,Timor-Leste,0,40,0,0,0,0,0,0,2,0,0,0,11,10,5,11,0,0,0,0,0,0,0,0,0,0,0,0,0,0,0,0,0,0,0,0,0,0,0,0,0,0,0,0,0,0,0,0,0,0,0,0,0,0,0,0,0,0,0,0,0,0,0,2,37,0,1,0,0,0,0
2023,Sweden,UNICEF,TLS,Timor-Leste,0,94,0,0,0,0,0,0,5,0,0,0,25,23,13,25,0,0,1,1,0,0,1,0,0,0,0,0,0,0,0,0,0,0,0,0,0,0,0,0,0,0,0,0,0,0,0,0,0,0,0,0,0,0,0,0,0,0,0,0,0,0,0,5,87,0,2,0,0,0,0
2023,Switzerland,UNICEF,TLS,Timor-Leste,0,27,0,0,0,0,0,0,1,0,0,0,7,7,4,7,0,0,0,0,0,0,0,0,0,0,0,0,0,0,0,0,0,0,0,0,0,0,0,0,0,0,0,0,0,0,0,0,0,0,0,0,0,0,0,0,0,0,0,0,0,0,0,1,25,0,1,0,0,0,0
2023,United_Kingdom,UNICEF,TLS,Timor-Leste,0,145,0,0,0,0,0,0,8,0,0,0,39,36,19,39,0,0,1,1,0,0,1,0,0,0,0,0,0,0,0,0,0,0,0,0,0,0,0,0,0,0,0,0,0,0,0,0,0,0,0,0,0,0,0,0,0,0,0,0,0,0,0,8,134,0,3,0,0,0,0
2023,United_States,UNICEF,TLS,Timor-Leste,0,619,0,0,0,0,0,0,33,0,0,0,166,153,83,167,0,0,4,6,0,0,4,0,0,0,0,0,0,0,0,0,0,0,0,0,0,0,0,0,0,0,0,0,0,0,0,0,0,0,0,0,0,0,0,2,0,0,0,0,0,0,0,33,569,2,14,0,0,0,0
2023,Australia,WHO,TLS,Timor-Leste,0,101,15,1,9,7,0,1,0,3,3,2,0,4,0,4,6,5,0,0,0,0,0,0,0,1,0,0,0,0,0,0,1,0,0,0,0,0,0,0,0,0,0,2,0,0,0,0,0,0,17,0,0,0,0,3,0,4,6,3,3,1,0,8,18,17,1,2,2,20,32
2023,Austria,WHO,TLS,Timor-Leste,0,19,3,0,2,1,0,0,0,0,0,0,0,1,0,1,1,1,0,0,0,0,0,0,0,0,0,0,0,0,0,0,0,0,0,0,0,0,0,0,0,0,0,0,0,0,0,0,0,0,3,0,0,0,0,1,0,1,1,1,0,0,0,1,3,3,0,0,0,4,6
2023,Belgium,WHO,TLS,Timor-Leste,0,45,7,0,4,3,0,0,0,1,1,1,0,2,0,2,3,2,0,0,0,0,0,0,0,0,0,0,0,0,0,0,1,0,0,0,0,0,0,0,0,0,0,1,0,0,0,0,0,0,8,0,0,0,0,1,0,2,3,2,1,1,0,4,8,8,1,1,1,9,14
2023,Canada,WHO,TLS,Timor-Leste,0,179,18,1,10,8,0,1,0,3,3,2,0,4,0,5,7,5,0,0,0,0,0,0,0,1,0,0,0,0,0,0,1,0,0,0,0,0,0,0,0,0,0,2,0,0,0,0,0,0,20,1,0,1,0,4,0,5,7,4,63,1,0,9,21,20,1,2,2,84,37
2023,China,WHO,TLS,Timor-Leste,0,103,16,1,9,7,0,1,0,3,3,2,0,4,0,4,6,5,0,0,0,0,0,0,0,1,0,0,0,0,0,0,1,0,0,0,0,0,0,0,0,0,0,2,0,0,0,0,0,0,18,0,0,0,0,3,0,4,6,4,0,1,0,8,19,18,1,2,2,19,33
2023,Corporate_donations,WHO,TLS,Timor-Leste,0,115,18,1,10,8,0,1,0,3,3,2,0,4,0,5,7,5,0,0,0,0,0,0,0,1,0,0,0,0,0,0,1,0,0,0,0,0,0,0,0,0,0,2,0,0,0,0,0,0,20,1,0,0,0,4,0,5,7,4,0,1,0,9,21,20,1,2,2,21,37
2023,Denmark,WHO,TLS,Timor-Leste,0,35,5,0,3,3,0,0,0,1,1,1,0,1,0,1,2,2,0,0,0,0,0,0,0,0,0,0,0,0,0,0,0,0,0,0,0,0,0,0,0,0,0,1,0,0,0,0,0,0,6,0,0,0,0,1,0,2,2,1,0,0,0,3,6,6,0,1,1,7,11
2023,Finland,WHO,TLS,Timor-Leste,0,12,2,0,1,1,0,0,0,0,0,0,0,0,0,0,1,1,0,0,0,0,0,0,0,0,0,0,0,0,0,0,0,0,0,0,0,0,0,0,0,0,0,0,0,0,0,0,0,0,2,0,0,0,0,0,0,0,1,0,0,0,0,1,2,2,0,0,0,2,4
2023,France,WHO,TLS,Timor-Leste,0,225,34,2,19,16,0,1,0,6,6,5,0,8,0,9,13,10,0,0,0,0,0,0,0,2,0,0,0,0,0,0,3,0,0,0,0,1,0,0,0,0,0,3,0,0,0,0,0,0,37,1,0,1,0,7,0,9,13,8,6,3,0,17,40,38,3,4,4,45,71
2023,Gates Foundation,WHO,TLS,Timor-Leste,0,754,115,6,66,54,0,4,0,20,19,16,1,27,0,31,43,35,0,0,0,0,0,0,0,7,1,0,1,0,0,0,9,1,0,0,0,2,2,1,0,0,0,12,1,0,0,0,0,0,127,3,1,3,1,24,0,32,46,26,9,9,0,59,136,129,10,15,13,144,240
2023,Germany,WHO,TLS,Timor-Leste,0,642,97,5,56,45,0,3,0,17,16,14,0,23,0,26,37,29,0,0,0,0,0,0,0,6,0,0,1,0,0,0,8,1,0,0,0,2,1,1,0,0,0,10,1,0,0,0,0,0,108,3,0,3,1,20,0,27,39,22,10,7,0,50,116,109,8,13,11,124,204
2023,Greece,WHO,TLS,Timor-Leste,0,16,3,0,1,1,0,0,0,0,0,0,0,1,0,1,1,1,0,0,0,0,0,0,0,0,0,0,0,0,0,0,0,0,0,0,0,0,0,0,0,0,0,0,0,0,0,0,0,0,3,0,0,0,0,1,0,1,1,1,0,0,0,1,3,3,0,0,0,3,5
2023,Ireland,WHO,TLS,Timor-Leste,0,34,5,0,3,2,0,0,0,1,1,1,0,1,0,1,2,2,0,0,0,0,0,0,0,0,0,0,0,0,0,0,0,0,0,0,0,0,0,0,0,0,0,1,0,0,0,0,0,0,6,0,0,0,0,1,0,1,2,1,0,0,0,3,6,6,0,1,1,6,11
2023,Italy,WHO,TLS,Timor-Leste,0,106,16,1,9,7,0,1,0,3,3,2,0,4,0,4,6,5,0,0,0,0,0,0,0,1,0,0,0,0,0,0,1,0,0,0,0,0,0,0,0,0,0,2,0,0,0,0,0,0,17,0,0,0,0,3,0,4,6,4,5,1,0,8,19,18,1,2,2,23,33
2023,Japan,WHO,TLS,Timor-Leste,0,129,19,1,11,9,0,1,0,3,3,3,0,5,0,5,7,6,0,0,0,0,0,0,0,1,0,0,0,0,0,0,2,0,0,0,0,0,0,0,0,0,0,2,0,0,0,0,0,0,21,1,0,1,0,4,0,5,8,4,4,1,0,10,23,22,2,3,2,26,40
2023,Korea,WHO,TLS,Timor-Leste,0,66,10,1,6,5,0,0,0,2,2,1,0,2,0,3,4,3,0,0,0,0,0,0,0,1,0,0,0,0,0,0,1,0,0,0,0,0,0,0,0,0,0,1,0,0,0,0,0,0,11,0,0,0,0,2,0,3,4,2,1,1,0,5,12,11,1,1,1,12,21
2023,Luxembourg,WHO,TLS,Timor-Leste,0,31,5,0,3,2,0,0,0,1,1,1,0,1,0,1,2,1,0,0,0,0,0,0,0,0,0,0,0,0,0,0,0,0,0,0,0,0,0,0,0,0,0,0,0,0,0,0,0,0,5,0,0,0,0,1,0,1,2,1,0,0,0,2,6,5,0,1,1,6,10
2023,Netherlands,WHO,TLS,Timor-Leste,0,130,20,1,11,9,0,1,0,3,3,3,0,5,0,5,7,6,0,0,0,0,0,0,0,1,0,0,0,0,0,0,2,0,0,0,0,0,0,0,0,0,0,2,0,0,0,0,0,0,22,1,0,1,0,4,0,6,8,5,2,2,0,10,24,22,2,3,2,25,41
2023,New_Zealand,WHO,TLS,Timor-Leste,0,6,1,0,0,0,0,0,0,0,0,0,0,0,0,0,0,0,0,0,0,0,0,0,0,0,0,0,0,0,0,0,0,0,0,0,0,0,0,0,0,0,0,0,0,0,0,0,0,0,1,0,0,0,0,0,0,0,0,0,0,0,0,0,1,1,0,0,0,1,2
2023,Non_OECD_DAC_countries,WHO,TLS,Timor-Leste,0,121,19,1,11,9,0,1,0,3,3,3,0,4,0,5,7,6,0,0,0,0,0,0,0,1,0,0,0,0,0,0,2,0,0,0,0,0,0,0,0,0,0,2,0,0,0,0,0,0,21,1,0,1,0,4,0,5,7,4,0,1,0,10,22,21,2,2,2,22,39
2023,Non_OECD_non_DAC_countries,WHO,TLS,Timor-Leste,0,366,56,3,32,26,0,2,0,10,9,8,0,13,0,15,21,17,0,0,0,0,0,0,0,4,0,0,0,0,0,0,5,0,0,0,0,1,1,1,0,0,0,6,0,0,0,0,0,0,62,2,0,2,1,12,0,16,22,13,2,4,0,29,67,63,5,7,6,67,117
2023,Norway,WHO,TLS,Timor-Leste,0,166,25,1,14,12,0,1,0,4,4,3,0,6,0,7,9,7,0,0,0,0,0,0,0,2,0,0,0,0,0,0,2,0,0,0,0,0,0,0,0,0,0,3,0,0,0,0,0,0,28,1,0,1,0,5,0,7,10,6,4,2,0,13,30,28,2,3,3,33,52
2023,Other,WHO,TLS,Timor-Leste,0,466,68,3,40,32,0,2,0,12,12,10,0,16,0,18,26,21,0,0,0,0,0,0,0,4,0,0,0,0,0,0,6,0,0,0,0,1,1,1,0,0,0,7,0,0,0,0,0,0,76,2,0,2,1,14,0,19,27,16,21,5,0,35,82,77,6,9,8,101,143
2023,Other_OECD_DAC_countries,WHO,TLS,Timor-Leste,0,45,7,0,4,3,0,0,0,1,1,1,0,2,0,2,3,2,0,0,0,0,0,0,0,0,0,0,0,0,0,0,1,0,0,0,0,0,0,0,0,0,0,1,0,0,0,0,0,0,7,0,0,0,0,1,0,2,3,2,1,1,0,3,8,8,1,1,1,9,14
2023,Portugal,WHO,TLS,Timor-Leste,0,8,1,0,1,1,0,0,0,0,0,0,0,0,0,0,0,0,0,0,0,0,0,0,0,0,0,0,0,0,0,0,0,0,0,0,0,0,0,0,0,0,0,0,0,0,0,0,0,0,1,0,0,0,0,0,0,0,1,0,0,0,0,1,2,1,0,0,0,2,3
2023,Private_other,WHO,TLS,Timor-Leste,0,425,65,3,38,30,0,2,0,11,11,9,0,16,0,17,25,20,0,0,0,0,0,0,0,4,0,0,0,0,0,0,5,0,0,0,0,1,1,1,0,0,0,7,0,0,0,0,0,0,72,2,0,2,1,13,0,18,26,15,2,5,0,33,77,73,5,9,7,78,136
2023,Spain,WHO,TLS,Timor-Leste,0,94,14,1,8,6,0,0,0,2,2,2,0,3,0,4,5,4,0,0,0,0,0,0,0,1,0,0,0,0,0,0,1,0,0,0,0,0,0,0,0,0,0,1,0,0,0,0,0,0,15,0,0,0,0,3,0,4,6,3,4,1,0,7,17,16,1,2,2,20,29
2023,Sweden,WHO,TLS,Timor-Leste,0,87,13,1,8,6,0,0,0,2,2,2,0,3,0,3,5,4,0,0,0,0,0,0,0,1,0,0,0,0,0,0,1,0,0,0,0,0,0,0,0,0,0,1,0,0,0,0,0,0,14,0,0,0,0,3,0,4,5,3,2,1,0,7,15,15,1,2,1,17,27
2023,Switzerland,WHO,TLS,Timor-Leste,0,74,11,1,7,5,0,0,0,2,2,2,0,3,0,3,4,3,0,0,0,0,0,0,0,1,0,0,0,0,0,0,1,0,0,0,0,0,0,0,0,0,0,1,0,0,0,0,0,0,12,0,0,0,0,2,0,3,4,3,1,1,0,6,13,13,1,1,1,14,24
2023,United_Kingdom,WHO,TLS,Timor-Leste,0,535,80,4,46,37,0,3,0,14,13,11,0,19,0,21,30,24,0,0,0,0,0,0,0,5,0,0,0,0,0,0,7,0,0,0,0,2,1,1,0,0,0,8,0,0,0,0,0,0,89,2,0,2,1,16,0,22,32,18,16,6,0,41,95,90,7,11,9,109,167
2023,United_States,WHO,TLS,Timor-Leste,0,980,145,7,84,68,0,5,0,25,24,20,1,35,0,39,55,44,1,0,0,0,0,0,0,9,1,0,1,0,0,0,12,1,0,0,0,3,2,2,0,0,0,15,1,0,0,0,0,0,161,4,1,4,2,30,0,41,58,33,35,11,0,75,173,163,12,19,17,205,304
